[{"url": " https://opac.kbr.be/LIBRARY/doc/SYRACUSE/16595318", "metadata": {"og:locale": "nl_BE", "og:type": "article", "og:title": "A la Reine Elisabeth", "og:url": "https://opac.kbr.be/Library/doc/SYRACUSE/16595318/a-la-reine-elisabeth", "og:image": "https://opac.kbr.be/Ils/digitalCollection/DigitalCollectionThumbnailHandler.ashx?documentId=22123677&size=LARGE&fallback=https%3a%2f%2fopac.kbr.be%2fui%2fskins%2fBRDBNEW%2fportal%2ffront%2fimages%2fGeneral%2fDocType%2fIMAG_LARGE.png"}, "text": "\n\n\n\n\n\n\n\nTitel\nA la Reine Elisabeth\r\n [Postcard]\t\r\n   \t\t             \n\n\n\n\n\n\n\n\n\nType document\nPostcard\n\n\n\n\n\n\n\n\nBibliografisch adres\nAmsterdam : Edit. S. L. van Looy\n\n\n\n\n\n\n\n\nTaal\nFrans\n\n\n\nLand\nBelgium\n\n\n\n\n\n\n\n\n\n\n\n\n\n\n\n\n\n\n\n\n\n\n\n\n\n\n\n\n\n\n\n\n\n\n\n\n\n\n\nAnnotatie\nName mentioned on recto: \"Ren\u00e9 de Clercq\"\nName mentioned on recto: \"H\u00e9l\u00e8ne Swarth\"\nInscribed on recto: \"Aujourd'hui que l'am\u00e8re ... de nos maux !\"\nInscribed on verso: \"Union Postale Universelle. Tous droits r\u00e9serv\u00e9s. 1915.\"\nInscribed on album cover: \"Ce qui se vendait \u00e0 Lausanne et \u00e0 Territet , relatif \u00e0 la Belgique, en Juillet 1915 et 1916.\"\n\n\n\n\n\n\n\n\n\n\n\n\n\n\n\n\n\n\n\n\n\n\n\n\n\n\n\n\n\n\n\n\n\n\n\n\n\n\n\n\n\n\n\nExemplaar (annotatie)\nS.IV 10110\n\n\nBand (annotatie)\nDonated by Charles Lef\u00e9bure, Brussels, in June 1933\n\n\n\n\n\n\n\n\n\n\n\n\n\n\n\n\n\n\n\n\n\n\n\n\n\nDigitale versie\n\nhttps://uurl.kbr.be/1020840\n\nhttps://uurl.kbr.be/2133652\n\n\n\n\n\n\n\n\n\n\n\n\n\n\n\n\n\n\nISBD\nBekijk de ISBD weergave\n\n\n\n\n\n\n\n\n\n\n\r\n    \t\t                                                \t\t\t\t    \t\t\t\r\n    \t\tA la Reine Elisabeth\r\n [Postcard]. - Amsterdam : Edit. S. L. van Looy. - Name mentioned on recto: \"Ren\u00e9 de Clercq\". Name mentioned on recto: \"H\u00e9l\u00e8ne Swarth\". Inscribed on recto: \"Aujourd'hui que l'am\u00e8re. de nos maux !\". Inscribed on verso: \"Union Postale Universelle. Tous droits r\u00e9serv\u00e9s. 1915.\". Inscribed on album cover: \"Ce qui se vendait \u00e0 Lausanne et \u00e0 Territet , relatif \u00e0 la Belgique, en Juillet 1915 et 1916.\". - S.IV 10110. - Donated by Charles Lef\u00e9bure, Brussels, in June 1933.\r\n\t    \t\n\n\n\n\n\n\n\n\nBeschikbaarheid\n\nDigitalisatie\n\n\n\nCopyright\nFout of probleem melden? \n\n\n\n\n\nDigitalisatie\n\n\n\nCopyright\n\nFout of probleem melden?\n\n\n\n \n\nPermalink\n\n\nhttps://opac.kbr.be/LIBRARY/doc/SYRACUSE/16595318\n\n\nKopi\u00ebren\nGekopieerd!\n\r\n        \u00a0\u00a0\u00a0\r\n        \n\n\n\n\n\n"}]