[{"url": "https://commons.wikimedia.org/wiki/File:King_Umberto_II_behind_of_the_Flag_of_Kingdom_of_Italy.jpg", "metadata": {"og:image": "https://upload.wikimedia.org/wikipedia/commons/thumb/a/ab/King_Umberto_II_behind_of_the_Flag_of_Kingdom_of_Italy.jpg/640px-King_Umberto_II_behind_of_the_Flag_of_Kingdom_of_Italy.jpg", "og:image:width": "640", "og:image:height": "613", "og:title": "File:King Umberto II behind of the Flag of Kingdom of Italy.jpg - Wikimedia Commons", "og:type": "website"}, "text": "\n\n\nDescriptionKing Umberto II behind of the Flag of Kingdom of Italy.jpg\n\nEnglish:  King Umberto II behind of Flag of Kingdom of Italy\n\n\nDate\n\n1 August 2019, 16:37:53\n\n\nSource\n\nLibrary of Kingdom of Italy\n\n\nAuthor\n\nLibrary of Kingdom of Italy\n\n\n"}, {"url": "https://commons.wikimedia.org/wiki/File:Marie-Jose_of_Belgium,_Queen_of_Italy.jpg", "metadata": {"og:image": "https://upload.wikimedia.org/wikipedia/commons/thumb/f/f1/Marie-Jose_of_Belgium%2C_Queen_of_Italy.jpg/640px-Marie-Jose_of_Belgium%2C_Queen_of_Italy.jpg", "og:image:width": "640", "og:image:height": "880", "og:title": "File:Marie-Jose of Belgium, Queen of Italy.jpg - Wikimedia Commons", "og:type": "website"}, "text": "\n\n\nDescriptionMarie-Jose of Belgium, Queen of Italy.jpg\n\nEnglish:  Marie-Jose of Belgium, Queen of Italy\n\n\nDate\n\n1946\n\n\nSource\n\nrevistavanityfair.es\n\n\nAuthor\n\n\n\n\n\nGhitta Carell\n\u00a0(1899\u20131972)\u00a0\u00a0 \u00a0\n\n\nAlternative names\n\nBirth name: Klein Gitta; pseudonym: Ghitta Carell; Ghitta Klein, Ghitta Carell Klein\n\nDescription\nHungarian-Italian photographer\n\nDate of birth/death\n\n20 September 1899\u00a0\n12 February 1972\u00a0\n\nLocation of birth/death\n\nSzatm\u00e1r County\nHaifa\n\nWork period\n1924\u00a0\u2013\n\nAuthority file\n\n: Q3761789\nVIAF:\u200950481924\nISNI:\u20090000000066877658\nLCCN:\u2009n78040644\nOpen Library:\u2009OL1729903A\nGND:\u2009138856664\nWorldCat\n\n\n\ncreator QS:P170,Q3761789\n\n\nOther versions\n\n\n\n\nFile:Marie-Jos\u00e9 of Belgium - Queen of Italy.jpg\n\n\n\n\n\n"}, {"url": "https://commons.wikimedia.org/wiki/File:Marie-Jos%C3%A9_of_Belgium_-_Queen_of_Italy.jpg", "metadata": {"og:image": "https://upload.wikimedia.org/wikipedia/commons/thumb/9/99/Marie-Jos%C3%A9_of_Belgium_-_Queen_of_Italy.jpg/640px-Marie-Jos%C3%A9_of_Belgium_-_Queen_of_Italy.jpg", "og:image:width": "640", "og:image:height": "888", "og:title": "File:Marie-Jos\u00e9 of Belgium - Queen of Italy.jpg - Wikimedia Commons", "og:type": "website"}, "text": "\n\n\nDescriptionMarie-Jos\u00e9 of Belgium - Queen of Italy.jpg\n\nEnglish:  Marie-Jos\u00e9 of Belgium - Queen of Italy\n\n\nDate\n\n1946\n\n\nSource\n\ngettyimages.com\n\n\nAuthor\n\n\n\n\n\nGhitta Carell\n\u00a0(1899\u20131972)\u00a0\u00a0 \u00a0\n\n\nAlternative names\n\nBirth name: Klein Gitta; pseudonym: Ghitta Carell; Ghitta Klein, Ghitta Carell Klein\n\nDescription\nHungarian-Italian photographer\n\nDate of birth/death\n\n20 September 1899\u00a0\n12 February 1972\u00a0\n\nLocation of birth/death\n\nSzatm\u00e1r County\nHaifa\n\nWork period\n1924\u00a0\u2013\n\nAuthority file\n\n: Q3761789\nVIAF:\u200950481924\nISNI:\u20090000000066877658\nLCCN:\u2009n78040644\nOpen Library:\u2009OL1729903A\nGND:\u2009138856664\nWorldCat\n\n\n\ncreator QS:P170,Q3761789\n\n\n"}, {"url": "https://commons.wikimedia.org/wiki/File:Marie-Jos%C3%A9_of_Belgium2.jpg", "metadata": {"og:image": "https://upload.wikimedia.org/wikipedia/commons/c/ca/Marie-Jos%C3%A9_of_Belgium2.jpg", "og:image:width": "640", "og:image:height": "878", "og:title": "File:Marie-Jos\u00e9 of Belgium2.jpg - Wikimedia Commons", "og:type": "website"}, "text": "\n\n\nDescriptionMarie-Jos\u00e9 of Belgium2.jpg\n\nEnglish:  Queen of Italy Maria Jos\u00e9 of Belgium\n\n\nDate\n\n1946\n\n\nSource\n\nrai.it\n\n\nAuthor\n\n\n\n\n\nGhitta Carell\n\u00a0(1899\u20131972)\u00a0\u00a0 \u00a0\n\n\nAlternative names\n\nBirth name: Klein Gitta; pseudonym: Ghitta Carell; Ghitta Klein, Ghitta Carell Klein\n\nDescription\nHungarian-Italian photographer\n\nDate of birth/death\n\n20 September 1899\u00a0\n12 February 1972\u00a0\n\nLocation of birth/death\n\nSzatm\u00e1r County\nHaifa\n\nWork period\n1924\u00a0\u2013\n\nAuthority file\n\n: Q3761789\nVIAF:\u200950481924\nISNI:\u20090000000066877658\nLCCN:\u2009n78040644\nOpen Library:\u2009OL1729903A\nGND:\u2009138856664\nWorldCat\n\n\n\ncreator QS:P170,Q3761789\n\n\n"}, {"url": "https://commons.wikimedia.org/wiki/File:Marie-Jos%C3%A9_of_Belgium3.jpg", "metadata": {"og:image": "https://upload.wikimedia.org/wikipedia/commons/thumb/a/ad/Marie-Jos%C3%A9_of_Belgium3.jpg/640px-Marie-Jos%C3%A9_of_Belgium3.jpg", "og:image:width": "640", "og:image:height": "1120", "og:title": "File:Marie-Jos\u00e9 of Belgium3.jpg - Wikimedia Commons", "og:type": "website"}, "text": "\n\n\nDescriptionMarie-Jos\u00e9 of Belgium3.jpg\n\nEnglish:  Maria Jos\u00e9 of Belgium\n\n\nDate\n\n1946\n\n\nSource\n\nNewspaper\n\n\nAuthor\n\n\n\n\n\nGhitta Carell\n\u00a0(1899\u20131972)\u00a0\u00a0 \u00a0\n\n\nAlternative names\n\nBirth name: Klein Gitta; pseudonym: Ghitta Carell; Ghitta Klein, Ghitta Carell Klein\n\nDescription\nHungarian-Italian photographer\n\nDate of birth/death\n\n20 September 1899\u00a0\n12 February 1972\u00a0\n\nLocation of birth/death\n\nSzatm\u00e1r County\nHaifa\n\nWork period\n1924\u00a0\u2013\n\nAuthority file\n\n: Q3761789\nVIAF:\u200950481924\nISNI:\u20090000000066877658\nLCCN:\u2009n78040644\nOpen Library:\u2009OL1729903A\nGND:\u2009138856664\nWorldCat\n\n\n\ncreator QS:P170,Q3761789\n\n\n"}]