[{"url": "https://commons.wikimedia.org/wiki/File:After_George_Dawe_(1781-1829)_-_Leopold_I,_King_of_the_Belgians_(1790-1865)_-_RCIN_406440_-_Royal_Collection.jpg", "metadata": {"og:image": "https://upload.wikimedia.org/wikipedia/commons/thumb/d/d2/After_George_Dawe_%281781-1829%29_-_Leopold_I%2C_King_of_the_Belgians_%281790-1865%29_-_RCIN_406440_-_Royal_Collection.jpg/640px-After_George_Dawe_%281781-1829%29_-_Leopold_I%2C_King_of_the_Belgians_%281790-1865%29_-_RCIN_406440_-_Royal_Collection.jpg", "og:image:width": "640", "og:image:height": "1018", "og:title": "File:After George Dawe (1781-1829) - Leopold I, King of the Belgians (1790-1865) - RCIN 406440 - Royal Collection.jpg - Wikimedia Commons", "og:type": "website"}, "text": "\n\n\n\nanonymous: Leopold I, King of the Belgians (1790-1865)\n\u00a0\u00a0\n\n\nArtist\n\n\nanonymous\u00a0\n\n\nTitle\n\n\nLeopold I, King of the Belgians (1790-1865)\u00a0title QS:P1476,en:\"Leopold I, King of the Belgians (1790-1865)\u00a0\"\nlabel QS:Len,\"Leopold I, King of the Belgians (1790-1865)\u00a0\"\n\n\nObject type\n\npainting\u00a0\n\n\nGenre\n\nportrait\u00a0\n\n\nDate\n\nbetween circa 1816 and circa 1817date QS:P,+1816-00-00T00:00:00Z/8,P1319,+1816-00-00T00:00:00Z/9,P1326,+1817-00-00T00:00:00Z/9,P1480,Q5727902\u00a0\n\n\nDimensions\n\nheight: 71 cm (27.9 in)\u00a0; width: 45.6 cm (17.9 in)\u00a0dimensions QS:P2048,+71.0U174728dimensions QS:P2049,+45.6U174728\n\n\nCollection\n\n\n\n\nRoyal Collection\n\u00a0\u00a0\n\n\n\n\n\nNative name\nRoyal Collection of the United Kingdom\n\nLocation\nUnited Kingdom\n\nEstablished\nafter 1491date QS:P,+1491-00-00T00:00:00Z/7,P1319,+1491-00-00T00:00:00Z/9\n\nWebsite\nhttps://www.rct.uk\n\nAuthority file\n\n: Q1459037\n\n\n\ninstitution QS:P195,Q1459037\n\n\n\nAccession number\n\n\nRCIN 406440 (Royal Collection)\u00a0\n\n\nReferences\n\nRoyal Collection (UK) ID:  406440\u00a0\n\n\nSource\n\nRoyal Collection\u00a0\n\n\n"}, {"url": "https://commons.wikimedia.org/wiki/File:After_George_Dawe_(1781-1829)_-_Leopold_I,_King_of_the_Belgians_(1790-1865)_-_RCIN_407376_-_Royal_Collection.jpg", "metadata": {"og:image": "https://upload.wikimedia.org/wikipedia/commons/thumb/a/a0/After_George_Dawe_%281781-1829%29_-_Leopold_I%2C_King_of_the_Belgians_%281790-1865%29_-_RCIN_407376_-_Royal_Collection.jpg/640px-After_George_Dawe_%281781-1829%29_-_Leopold_I%2C_King_of_the_Belgians_%281790-1865%29_-_RCIN_407376_-_Royal_Collection.jpg", "og:image:width": "640", "og:image:height": "1033", "og:title": "File:After George Dawe (1781-1829) - Leopold I, King of the Belgians (1790-1865) - RCIN 407376 - Royal Collection.jpg - Wikimedia Commons", "og:type": "website"}, "text": "\n\n\n\nanonymous: Leopold I, King of the Belgians (1790-1865)\n\u00a0\u00a0\n\n\nArtist\n\n\nanonymous\u00a0\n\n\nTitle\n\n\nLeopold I, King of the Belgians (1790-1865)\u00a0title QS:P1476,en:\"Leopold I, King of the Belgians (1790-1865)\u00a0\"\nlabel QS:Len,\"Leopold I, King of the Belgians (1790-1865)\u00a0\"\nlabel QS:Lfr,\"L\u00e9opold Ier, roi des Belges\"\n\n\nObject type\n\npainting\u00a0\n\n\nGenre\n\nportrait\u00a0\n\n\nDepicted people\n\nLeopold I of Belgium\u00a0\n\n\nDate\n\nfrom 1818 until 1850date QS:P,+1850-00-00T00:00:00Z/7,P580,+1818-00-00T00:00:00Z/9,P582,+1850-00-00T00:00:00Z/9\u00a0\n\n\nMedium\n\noil  on  canvas\u00a0\n\n\nDimensions\n\nheight: 235.5 cm (92.7 in)\u00a0; width: 143.9 cm (56.6 in)\u00a0; thickness: 3 cm (1.1 in)\u00a0dimensions QS:P2048,+235.5U174728dimensions QS:P2049,+143.9U174728dimensions QS:P2610,+3.0U174728\n\n\nCollection\n\n\n\n\nRoyal Collection\n\u00a0\u00a0\n\n\n\n\n\nNative name\nRoyal Collection of the United Kingdom\n\nLocation\nUnited Kingdom\n\nEstablished\nafter 1491date QS:P,+1491-00-00T00:00:00Z/7,P1319,+1491-00-00T00:00:00Z/9\n\nWebsite\nhttps://www.rct.uk\n\nAuthority file\n\n: Q1459037\n\n\n\ninstitution QS:P195,Q1459037\n\n\n\nAccession number\n\n\nRCIN 407376 (Royal Collection)\u00a0\n\n\nReferences\n\nRoyal Collection (UK) ID:  407376\u00a0\n\n\nSource\n\nRoyal Collection\u00a0\n\n\nOther versions\n\nRemastered color\n\n\n"}, {"url": "https://commons.wikimedia.org/wiki/File:After_George_Dawe_(1781-1829)_-_Leopold_I,_King_of_the_Belgians_(1790-1865)_-_RCIN_407376_-_Royal_CollectionFXD.jpg", "metadata": {"og:image": "https://upload.wikimedia.org/wikipedia/commons/thumb/7/70/After_George_Dawe_%281781-1829%29_-_Leopold_I%2C_King_of_the_Belgians_%281790-1865%29_-_RCIN_407376_-_Royal_CollectionFXD.jpg/640px-After_George_Dawe_%281781-1829%29_-_Leopold_I%2C_King_of_the_Belgians_%281790-1865%29_-_RCIN_407376_-_Royal_CollectionFXD.jpg", "og:image:width": "640", "og:image:height": "1033", "og:title": "File:After George Dawe (1781-1829) - Leopold I, King of the Belgians (1790-1865) - RCIN 407376 - Royal CollectionFXD.jpg - Wikimedia Commons", "og:type": "website"}, "text": "\n\n\n\nAuthor\n\n\nAnonymousUnknown author\n\n\nDescription\n\n\nEnglish:  remastered color\n\n\nDate\n\nfrom 1818 until 1850date QS:P571,+1850-00-00T00:00:00Z/7,P580,+1818-00-00T00:00:00Z/9,P582,+1850-00-00T00:00:00Z/9\n\n\nSource/Photographer\n\nThis file was derived from: After George Dawe (1781-1829) - Leopold I, King of the Belgians (1790-1865) - RCIN 407376 - Royal Collection.jpg:\u00a0\n\n\n"}, {"url": "https://commons.wikimedia.org/wiki/File:Attributed_to_William_Corden_the_Younger_(1819-1900)_-_Leopold_I_(1790-1865),_King_of_the_Belgians_-_RCIN_405133_-_Royal_Collection.jpg", "metadata": {"og:image": "https://upload.wikimedia.org/wikipedia/commons/thumb/2/27/Attributed_to_William_Corden_the_Younger_%281819-1900%29_-_Leopold_I_%281790-1865%29%2C_King_of_the_Belgians_-_RCIN_405133_-_Royal_Collection.jpg/640px-Attributed_to_William_Corden_the_Younger_%281819-1900%29_-_Leopold_I_%281790-1865%29%2C_King_of_the_Belgians_-_RCIN_405133_-_Royal_Collection.jpg", "og:image:width": "640", "og:image:height": "801", "og:title": "File:Attributed to William Corden the Younger (1819-1900) - Leopold I (1790-1865), King of the Belgians - RCIN 405133 - Royal Collection.jpg - Wikimedia Commons", "og:type": "website"}, "text": "\n\n\n\nanonymous: Leopold I (1790-1865), King of the Belgians\n\u00a0\u00a0\n\n\nArtist\n\n\nanonymous\u00a0\n\n\nTitle\n\n\nLeopold I (1790-1865), King of the Belgians\u00a0title QS:P1476,en:\"Leopold I (1790-1865), King of the Belgians\u00a0\"\nlabel QS:Len,\"Leopold I (1790-1865), King of the Belgians\u00a0\"\n\n\nObject type\n\npainting\u00a0\n\n\nDepicted people\n\nLeopold I of Belgium\u00a0\n\n\nDate\n\nbetween circa 1840 and circa 1844date QS:P,+1840-00-00T00:00:00Z/8,P1319,+1840-00-00T00:00:00Z/9,P1326,+1844-00-00T00:00:00Z/9,P1480,Q5727902\u00a0\n\n\nMedium\n\noil  on  canvas\u00a0\n\n\nDimensions\n\nheight: 156.5 cm (61.6 in)\u00a0; width: 129.5 cm (50.9 in)\u00a0dimensions QS:P2048,+156.5U174728dimensions QS:P2049,+129.5U174728\n\n\nCollection\n\n\n\n\nRoyal Collection\n\u00a0\u00a0\n\n\n\n\n\nNative name\nRoyal Collection of the United Kingdom\n\nLocation\nUnited Kingdom\n\nEstablished\nafter 1491date QS:P,+1491-00-00T00:00:00Z/7,P1319,+1491-00-00T00:00:00Z/9\n\nWebsite\nhttps://www.rct.uk\n\nAuthority file\n\n: Q1459037\n\n\n\ninstitution QS:P195,Q1459037\n\n\n\nAccession number\n\n\nRCIN 405133 (Royal Collection)\u00a0\n\n\nReferences\n\nRoyal Collection (UK) ID:  405133\u00a0\n\n\nSource\n\nRoyal Collection\u00a0\n\n\n"}, {"url": "https://commons.wikimedia.org/wiki/File:Auguste-Alexis_Canzi_(1813-66)_-_Leopold_I,_King_of_the_Belgians_(1790-1865)_-_RCIN_404119_-_Royal_Collection.jpg", "metadata": {"og:image": "https://upload.wikimedia.org/wikipedia/commons/thumb/a/ac/Auguste-Alexis_Canzi_%281813-66%29_-_Leopold_I%2C_King_of_the_Belgians_%281790-1865%29_-_RCIN_404119_-_Royal_Collection.jpg/640px-Auguste-Alexis_Canzi_%281813-66%29_-_Leopold_I%2C_King_of_the_Belgians_%281790-1865%29_-_RCIN_404119_-_Royal_Collection.jpg", "og:image:width": "640", "og:image:height": "790", "og:title": "File:Auguste-Alexis Canzi (1813-66) - Leopold I, King of the Belgians (1790-1865) - RCIN 404119 - Royal Collection.jpg - Wikimedia Commons", "og:type": "website"}, "text": "\n\n\n\nAuguste Alexis Canzi: Leopold I, King of the Belgians (1790-1865)\n\u00a0\u00a0\n\n\nArtist\n\n\n\n\n\n\nAuguste Alexis Canzi\n\u00a0(1808\u20131866)\u00a0\u00a0 \u00a0\n\n\nAlternative names\n\nAugust Alexius Canzi\u00a0; born: Marin Kanz\n\nDescription\nAustro-Hungarian painter and photographer\n\nDate of birth/death\n\n2 February 1808 / 22 February 1808\u00a0\n13 September 1866 / 19 April 1866 / 13 April 1866\u00a0\n\nLocation of birth/death\n\nBaden\nPest\n\nWork location\n\nVienna, Pest\n\nAuthority file\n\n: Q18508753\nVIAF:\u200976521130\nISNI:\u20090000000066590198\nULAN:\u2009500111016\nGND:\u2009129156981\nBNF:\u200914084915v\n\n\n\ncreator QS:P170,Q18508753\u00a0\n\n\nTitle\n\n\nLeopold I, King of the Belgians (1790-1865)\u00a0title QS:P1476,en:\"Leopold I, King of the Belgians (1790-1865)\u00a0\"\nlabel QS:Len,\"Leopold I, King of the Belgians (1790-1865)\u00a0\"\n\n\nObject type\n\npainting\u00a0\n\n\nGenre\n\nportrait\u00a0\n\n\nDate\n\nbetween circa 1846 and circa 1860date QS:P,+1850-00-00T00:00:00Z/7,P1319,+1846-00-00T00:00:00Z/9,P1326,+1860-00-00T00:00:00Z/9,P1480,Q5727902\u00a0\n\n\nMedium\n\noil  on  canvas\u00a0\n\n\nDimensions\n\nheight: 75.3 cm (29.6 in)\u00a0; width: 61.5 cm (24.2 in)\u00a0dimensions QS:P2048,+75.3U174728dimensions QS:P2049,+61.5U174728\n\n\nCollection\n\n\n\n\nRoyal Collection\n\u00a0\u00a0\n\n\n\n\n\nNative name\nRoyal Collection of the United Kingdom\n\nLocation\nUnited Kingdom\n\nEstablished\nafter 1491date QS:P,+1491-00-00T00:00:00Z/7,P1319,+1491-00-00T00:00:00Z/9\n\nWebsite\nhttps://www.rct.uk\n\nAuthority file\n\n: Q1459037\n\n\n\ninstitution QS:P195,Q1459037\n\n\n\nAccession number\n\n\nRCIN 404119 (Royal Collection)\u00a0\n\n\nReferences\n\nRoyal Collection (UK) ID:  404119\u00a0\n\n\nSource\n\nRoyal Collection\u00a0\n\n\n"}, {"url": "https://commons.wikimedia.org/wiki/File:Franz_Xaver_Winterhalter_(1805-73)_-_Leopold_I,_King_of_the_Belgians_(1790-1865)_-_RCIN_404525_-_Royal_Collection.jpg", "metadata": {"og:image": "https://upload.wikimedia.org/wikipedia/commons/thumb/1/1a/Franz_Xaver_Winterhalter_%281805-73%29_-_Leopold_I%2C_King_of_the_Belgians_%281790-1865%29_-_RCIN_404525_-_Royal_Collection.jpg/640px-Franz_Xaver_Winterhalter_%281805-73%29_-_Leopold_I%2C_King_of_the_Belgians_%281790-1865%29_-_RCIN_404525_-_Royal_Collection.jpg", "og:image:width": "640", "og:image:height": "796", "og:title": "File:Franz Xaver Winterhalter (1805-73) - Leopold I, King of the Belgians (1790-1865) - RCIN 404525 - Royal Collection.jpg - Wikimedia Commons", "og:type": "website"}, "text": "\n\n\n\nFranz Xaver Winterhalter: Leopold I, King of the Belgians (1790-1865)\n\u00a0\u00a0\n\n\nArtist\n\n\n\n\n\n\nFranz Xaver Winterhalter\n\u00a0(1805\u20131873)\u00a0\u00a0 \u00a0\n\n\n\n\n\nDescription\nGerman- painter, lithographer, drawer, portrait painter and visual artist\n\nDate of birth/death\n\n20 April 1805\u00a0\n8 July 1873\u00a0\n\nLocation of birth/death\n\nMenzenschwand\nFrankfurt\n\nWork period\n1863\u00a0\n\nWork location\n\nParis; Belgium; Freiburg im Breisgau; Karlsruhe; Munich; Kingdom of Italy; Russia; Spain; United Kingdom of Great Britain and Ireland\u00a0\n\nAuthority file\n\n: Q168659\nVIAF:\u200936949805\nISNI:\u20090000000116211257\nULAN:\u2009500007953\nLCCN:\u2009nr88006766\nWGA:\u2009w/winterhx\nWorldCat\n\n\n\ncreator QS:P170,Q168659\u00a0\n\n\nTitle\n\n\nLeopold I, King of the Belgians (1790-1865)\u00a0title QS:P1476,en:\"Leopold I, King of the Belgians (1790-1865)\u00a0\"\nlabel QS:Len,\"Leopold I, King of the Belgians (1790-1865)\u00a0\"\n\n\nObject type\n\npainting\u00a0\n\n\nGenre\n\nportrait\u00a0\n\n\nDate\n\n1841\u00a0\n\n\nMedium\n\noil  on  canvas\u00a0\n\n\nDimensions\n\nheight: 122 cm (48 in)\u00a0; width: 98.4 cm (38.7 in)\u00a0dimensions QS:P2048,+122.0U174728dimensions QS:P2049,+98.4U174728\n\n\nCollection\n\n\n\n\nRoyal Collection\n\u00a0\u00a0\n\n\n\n\n\nNative name\nRoyal Collection of the United Kingdom\n\nLocation\nUnited Kingdom\n\nEstablished\nafter 1491date QS:P,+1491-00-00T00:00:00Z/7,P1319,+1491-00-00T00:00:00Z/9\n\nWebsite\nhttps://www.rct.uk\n\nAuthority file\n\n: Q1459037\n\n\n\ninstitution QS:P195,Q1459037\n\n\n\nAccession number\n\n\nRCIN 404525 (Royal Collection)\u00a0\n\n\nReferences\n\nRoyal Collection (UK) ID:  404525\u00a0\n\n\nSource\n\nRoyal Collection\u00a0\n\n\n"}, {"url": "https://commons.wikimedia.org/wiki/File:Franz_Xaver_Winterhalter_(1805-73)_-_Leopold_I,_King_of_the_Belgians_(1790-1865)_-_RCIN_407284_-_Royal_Collection.jpg", "metadata": {"og:image": "https://upload.wikimedia.org/wikipedia/commons/thumb/d/d0/Franz_Xaver_Winterhalter_%281805-73%29_-_Leopold_I%2C_King_of_the_Belgians_%281790-1865%29_-_RCIN_407284_-_Royal_Collection.jpg/640px-Franz_Xaver_Winterhalter_%281805-73%29_-_Leopold_I%2C_King_of_the_Belgians_%281790-1865%29_-_RCIN_407284_-_Royal_Collection.jpg", "og:image:width": "640", "og:image:height": "1026", "og:title": "File:Franz Xaver Winterhalter (1805-73) - Leopold I, King of the Belgians (1790-1865) - RCIN 407284 - Royal Collection.jpg - Wikimedia Commons", "og:type": "website"}, "text": "\n\n\n\nFranz Xaver Winterhalter: Leopold I, King of the Belgians (1790-1865)\n\u00a0\u00a0\n\n\nArtist\n\n\n\n\n\n\nFranz Xaver Winterhalter\n\u00a0(1805\u20131873)\u00a0\u00a0 \u00a0\n\n\n\n\n\nDescription\nGerman- painter, lithographer, drawer, portrait painter and visual artist\n\nDate of birth/death\n\n20 April 1805\u00a0\n8 July 1873\u00a0\n\nLocation of birth/death\n\nMenzenschwand\nFrankfurt\n\nWork period\n1863\u00a0\n\nWork location\n\nParis; Belgium; Freiburg im Breisgau; Karlsruhe; Munich; Kingdom of Italy; Russia; Spain; United Kingdom of Great Britain and Ireland\u00a0\n\nAuthority file\n\n: Q168659\nVIAF:\u200936949805\nISNI:\u20090000000116211257\nULAN:\u2009500007953\nLCCN:\u2009nr88006766\nWGA:\u2009w/winterhx\nWorldCat\n\n\n\ncreator QS:P170,Q168659\u00a0\n\n\nTitle\n\n\nLeopold I, King of the Belgians (1790-1865)\u00a0title QS:P1476,en:\"Leopold I, King of the Belgians (1790-1865)\u00a0\"\nlabel QS:Len,\"Leopold I, King of the Belgians (1790-1865)\u00a0\"\nlabel QS:Lnl,\"Leopold I van Belgi\u00eb (1790-1865)\"\n\n\nObject type\n\npainting\u00a0\n\n\nGenre\n\nportrait\u00a0\n\n\nDepicted people\n\nLeopold I of Belgium\u00a0\n\n\nDate\n\n1846\u00a0\n\n\nMedium\n\noil  on  canvas\u00a0\n\n\nDimensions\n\nheight: 245.7 cm (96.7 in)\u00a0; width: 154.2 cm (60.7 in)\u00a0dimensions QS:P2048,+245.70U174728dimensions QS:P2049,+154.2U174728\n\n\nCollection\n\n\n\n\nRoyal Collection\n\u00a0\u00a0\n\n\n\n\n\nNative name\nRoyal Collection of the United Kingdom\n\nLocation\nUnited Kingdom\n\nEstablished\nafter 1491date QS:P,+1491-00-00T00:00:00Z/7,P1319,+1491-00-00T00:00:00Z/9\n\nWebsite\nhttps://www.rct.uk\n\nAuthority file\n\n: Q1459037\n\n\n\ninstitution QS:P195,Q1459037\n\n\n\nAccession number\n\n\nRCIN 407284 (Royal Collection)\u00a0\n\n\nReferences\n\nRoyal Collection (UK) ID:  407284\u00a0\n\n\nSource\n\nRoyal Collection\u00a0\n\n\n"}, {"url": "https://commons.wikimedia.org/wiki/File:Franz_Xaver_Winterhalter_(1805-73)_-_Louis-Philippe_taking_leave_of_Queen_Victoria_on_board_the_royal_yacht_-_RCIN_920029_-_Royal_Collection.jpg", "metadata": {"og:image": "https://upload.wikimedia.org/wikipedia/commons/thumb/5/55/Franz_Xaver_Winterhalter_%281805-73%29_-_Louis-Philippe_taking_leave_of_Queen_Victoria_on_board_the_royal_yacht_-_RCIN_920029_-_Royal_Collection.jpg/640px-Franz_Xaver_Winterhalter_%281805-73%29_-_Louis-Philippe_taking_leave_of_Queen_Victoria_on_board_the_royal_yacht_-_RCIN_920029_-_Royal_Collection.jpg", "og:image:width": "640", "og:image:height": "297", "og:title": "File:Franz Xaver Winterhalter (1805-73) - Louis-Philippe taking leave of Queen Victoria on board the royal yacht - RCIN 920029 - Royal Collection.jpg - Wikimedia Commons", "og:type": "website"}, "text": "\n\n\n\nFranz Xaver Winterhalter: Louis-Philippe taking leave of Queen Victoria on board the royal yacht\n\u00a0\u00a0\n\n\nArtist\n\n\n\n\n\n\nFranz Xaver Winterhalter\n\u00a0(1805\u20131873)\u00a0\u00a0 \u00a0\n\n\n\n\n\nDescription\nGerman- painter, lithographer, drawer, portrait painter and visual artist\n\nDate of birth/death\n\n20 April 1805\u00a0\n8 July 1873\u00a0\n\nLocation of birth/death\n\nMenzenschwand\nFrankfurt\n\nWork period\n1863\u00a0\n\nWork location\n\nParis; Belgium; Freiburg im Breisgau; Karlsruhe; Munich; Kingdom of Italy; Russia; Spain; United Kingdom of Great Britain and Ireland\u00a0\n\nAuthority file\n\n: Q168659\nVIAF:\u200936949805\nISNI:\u20090000000116211257\nULAN:\u2009500007953\nLCCN:\u2009nr88006766\nWGA:\u2009w/winterhx\nWorldCat\n\n\n\ncreator QS:P170,Q168659\u00a0\n\n\nTitle\n\n\nLouis-Philippe taking leave of Queen Victoria on board the royal yacht\u00a0title QS:P1476,en:\"Louis-Philippe taking leave of Queen Victoria on board the royal yacht\u00a0\"\nlabel QS:Len,\"Louis-Philippe taking leave of Queen Victoria on board the royal yacht\u00a0\"\n\n\nObject type\n\npainting\u00a0\n\n\nGenre\n\nportrait\u00a0\n\n\nDepicted people\n\nVictoria\u00a0\nPrince Albert of Saxe-Coburg and Gotha\nLouis-Philippe I\nMaria Amalia of Naples and Sicily\nPrince August, 3rd Prince of Koh\u00e1ry\nPrince Fran\u00e7ois, Prince of Joinville\nLeopold I of Belgium\nLouise of Orl\u00e9ans\n\n\nDate\n\nbetween circa 1843 and circa 1844date QS:P,+1843-00-00T00:00:00Z/8,P1319,+1843-00-00T00:00:00Z/9,P1326,+1844-00-00T00:00:00Z/9,P1480,Q5727902\u00a0\n\n\nMedium\n\npencil, watercolor paint, gouache paint and gum arabic solution\u00a0\n\n\nDimensions\n\nheight: 19.4 cm (7.6 in)\u00a0; width: 44 cm (17.3 in)\u00a0dimensions QS:P2048,+19.4U174728dimensions QS:P2049,+44.0U174728\n\n\nCollection\n\n\n\n\nRoyal Collection\n\u00a0\u00a0\n\n\n\n\n\nNative name\nRoyal Collection of the United Kingdom\n\nLocation\nUnited Kingdom\n\nEstablished\nafter 1491date QS:P,+1491-00-00T00:00:00Z/7,P1319,+1491-00-00T00:00:00Z/9\n\nWebsite\nhttps://www.rct.uk\n\nAuthority file\n\n: Q1459037\n\n\n\ninstitution QS:P195,Q1459037\n\n\n\nAccession number\n\n\nRCIN 920029 (Royal Collection)\u00a0\n\n\nPlace of creation\n\nFrance\u00a0\n\n\nInscriptions\n\nSignature bottom right:  \nFx Winterhalter\u00a0\n\n\n\nReferences\n\nRoyal Collection (UK) ID:  920029\u00a0\n\n\nSource\n\nRoyal Collection\u00a0\n\n\n"}, {"url": "https://commons.wikimedia.org/wiki/File:George_Dawe_(1781-1829)_-_Leopold,_Prince_of_Saxe-Coburg-Saalfeld,_later_Leopold_I,_King_of_the_Belgians_(1790-1865)_-_RCIN_406340_-_Royal_Collection.jpg", "metadata": {"og:image": "https://upload.wikimedia.org/wikipedia/commons/thumb/6/64/George_Dawe_%281781-1829%29_-_Leopold%2C_Prince_of_Saxe-Coburg-Saalfeld%2C_later_Leopold_I%2C_King_of_the_Belgians_%281790-1865%29_-_RCIN_406340_-_Royal_Collection.jpg/640px-George_Dawe_%281781-1829%29_-_Leopold%2C_Prince_of_Saxe-Coburg-Saalfeld%2C_later_Leopold_I%2C_King_of_the_Belgians_%281790-1865%29_-_RCIN_406340_-_Royal_Collection.jpg", "og:image:width": "640", "og:image:height": "763", "og:title": "File:George Dawe (1781-1829) - Leopold, Prince of Saxe-Coburg-Saalfeld, later Leopold I, King of the Belgians (1790-1865) - RCIN 406340 - Royal Collection.jpg - Wikimedia Commons", "og:type": "website"}, "text": "\n\n\n\nGeorge Dawe: Leopold, Prince of Saxe-Coburg-Saalfeld, later Leopold I, King of the Belgians (1790-1865)\n\u00a0\u00a0\n\n\nArtist\n\n\n\n\n\n\nGeorge Dawe\n\u00a0(1781\u20131829)\u00a0\u00a0 \u00a0\n\n\n\n\n\nAlternative names\n\nG. Daoe; D. Doj; Dawe; [Dawe]\n\nDescription\nEnglish portrait painter\n\nDate of birth/death\n\n8 February 1781 / 6 February 1781\u00a0\n15 October 1829\u00a0\n\nLocation of birth/death\n\nSt James's, Westminster\nKentish Town\n\nWork location\n\nSaint Petersburg (1818\u20131828)\u00a0\n\nAuthority file\n\n: Q1507231\nVIAF:\u200922413721\nISNI:\u20090000000066609928\nULAN:\u2009500021368\nLCCN:\u2009n83227323\nWGA:\u2009d/dawe\nWorldCat\n\n\n\ncreator QS:P170,Q1507231\u00a0\n\n\nTitle\n\n\nLeopold, Prince of Saxe-Coburg-Saalfeld, later Leopold I, King of the Belgians (1790-1865)\u00a0title QS:P1476,en:\"Leopold, Prince of Saxe-Coburg-Saalfeld, later Leopold I, King of the Belgians (1790-1865)\u00a0\"\nlabel QS:Len,\"Leopold, Prince of Saxe-Coburg-Saalfeld, later Leopold I, King of the Belgians (1790-1865)\u00a0\"\n\n\nObject type\n\npainting\u00a0\n\n\nDate\n\n1816\u00a0\n\n\nMedium\n\noil  on  canvas\u00a0\n\n\nDimensions\n\nheight: 21.4 cm (8.4 in)\u00a0; width: 18.2 cm (7.1 in)\u00a0dimensions QS:P2048,+21.4U174728dimensions QS:P2049,+18.2U174728\n\n\nCollection\n\n\n\n\nRoyal Collection\n\u00a0\u00a0\n\n\n\n\n\nNative name\nRoyal Collection of the United Kingdom\n\nLocation\nUnited Kingdom\n\nEstablished\nafter 1491date QS:P,+1491-00-00T00:00:00Z/7,P1319,+1491-00-00T00:00:00Z/9\n\nWebsite\nhttps://www.rct.uk\n\nAuthority file\n\n: Q1459037\n\n\n\ninstitution QS:P195,Q1459037\n\n\n\nAccession number\n\n\nRCIN 406340 (Royal Collection)\u00a0\n\n\nReferences\n\nRoyal Collection (UK) ID:  406340\u00a0\n\n\nSource\n\nRoyal Collection\u00a0\n\n\n"}, {"url": "https://commons.wikimedia.org/wiki/File:Herbert_Luther_Smith_(1809-69)_-_Prince_Leopold_of_Saxe-Coburg-Saalfeld,_later_Leopold_I,_King_of_the_Belgians_(1790-1865)_-_RCIN_406217_-_Royal_Collection.jpg", "metadata": {"og:image": "https://upload.wikimedia.org/wikipedia/commons/thumb/b/b4/Herbert_Luther_Smith_%281809-69%29_-_Prince_Leopold_of_Saxe-Coburg-Saalfeld%2C_later_Leopold_I%2C_King_of_the_Belgians_%281790-1865%29_-_RCIN_406217_-_Royal_Collection.jpg/640px-Herbert_Luther_Smith_%281809-69%29_-_Prince_Leopold_of_Saxe-Coburg-Saalfeld%2C_later_Leopold_I%2C_King_of_the_Belgians_%281790-1865%29_-_RCIN_406217_-_Royal_Collection.jpg", "og:image:width": "640", "og:image:height": "794", "og:title": "File:Herbert Luther Smith (1809-69) - Prince Leopold of Saxe-Coburg-Saalfeld, later Leopold I, King of the Belgians (1790-1865) - RCIN 406217 - Royal Collection.jpg - Wikimedia Commons", "og:type": "website"}, "text": "\n\n\n\nHerbert Smith: Prince Leopold of Saxe-Coburg-Saalfeld, later Leopold I, King of the Belgians (1790-1865)\n\u00a0\u00a0\n\n\nArtist\n\n\n\n\n\n\nHerbert Smith\n\u00a0(1811\u20131870)\u00a0\u00a0 \u00a0\n\n\nAlternative names\n\nHerbert Luther Smith\n\nDescription\nBritish painter\n\nDate of birth/death\n\n1811\u00a0\n1870\u00a0\n\nAuthority file\n\n: Q18819480\nVIAF:\u200995841892\nULAN:\u2009500025970\nOxford Dict.:\u200925814\nRKD:\u200973431\n\n\n\ncreator QS:P170,Q18819480\u00a0\n\n\nTitle\n\n\nPrince Leopold of Saxe-Coburg-Saalfeld, later Leopold I, King of the Belgians (1790-1865)\u00a0title QS:P1476,en:\"Prince Leopold of Saxe-Coburg-Saalfeld, later Leopold I, King of the Belgians (1790-1865)\u00a0\"\nlabel QS:Len,\"Prince Leopold of Saxe-Coburg-Saalfeld, later Leopold I, King of the Belgians (1790-1865)\u00a0\"\n\n\nObject type\n\npainting\u00a0\n\n\nDate\n\n1844\u00a0\n\n\nDimensions\n\nheight: 34.7 cm (13.6 in)\u00a0; width: 29 cm (11.4 in)\u00a0dimensions QS:P2048,+34.7U174728dimensions QS:P2049,+29.0U174728\n\n\nCollection\n\n\n\n\nRoyal Collection\n\u00a0\u00a0\n\n\n\n\n\nNative name\nRoyal Collection of the United Kingdom\n\nLocation\nUnited Kingdom\n\nEstablished\nafter 1491date QS:P,+1491-00-00T00:00:00Z/7,P1319,+1491-00-00T00:00:00Z/9\n\nWebsite\nhttps://www.rct.uk\n\nAuthority file\n\n: Q1459037\n\n\n\ninstitution QS:P195,Q1459037\n\n\n\nAccession number\n\n\nRCIN 406217 (Royal Collection)\u00a0\n\n\nReferences\n\nRoyal Collection (UK) ID:  406217\u00a0\n\n\nSource\n\nRoyal Collection\u00a0\n\n\n"}, {"url": "https://commons.wikimedia.org/wiki/File:Herbert_Luther_Smith_(1809-69)_-_Prince_Leopold_of_Saxe-Coburg-Saalfeld,_later_Leopold_I,_King_of_the_Belgians_(1790-1865)_-_RCIN_406410_-_Royal_Collection.jpg", "metadata": {"og:image": "https://upload.wikimedia.org/wikipedia/commons/thumb/6/69/Herbert_Luther_Smith_%281809-69%29_-_Prince_Leopold_of_Saxe-Coburg-Saalfeld%2C_later_Leopold_I%2C_King_of_the_Belgians_%281790-1865%29_-_RCIN_406410_-_Royal_Collection.jpg/640px-Herbert_Luther_Smith_%281809-69%29_-_Prince_Leopold_of_Saxe-Coburg-Saalfeld%2C_later_Leopold_I%2C_King_of_the_Belgians_%281790-1865%29_-_RCIN_406410_-_Royal_Collection.jpg", "og:image:width": "640", "og:image:height": "854", "og:title": "File:Herbert Luther Smith (1809-69) - Prince Leopold of Saxe-Coburg-Saalfeld, later Leopold I, King of the Belgians (1790-1865) - RCIN 406410 - Royal Collection.jpg - Wikimedia Commons", "og:type": "website"}, "text": "\n\n\n\nHerbert Smith: Prince Leopold of Saxe-Coburg-Saalfeld, later Leopold I, King of the Belgians (1790-1865)\n\u00a0\u00a0\n\n\nArtist\n\n\n\n\n\n\nHerbert Smith\n\u00a0(1811\u20131870)\u00a0\u00a0 \u00a0\n\n\nAlternative names\n\nHerbert Luther Smith\n\nDescription\nBritish painter\n\nDate of birth/death\n\n1811\u00a0\n1870\u00a0\n\nAuthority file\n\n: Q18819480\nVIAF:\u200995841892\nULAN:\u2009500025970\nOxford Dict.:\u200925814\nRKD:\u200973431\n\n\n\ncreator QS:P170,Q18819480\u00a0\n\n\nTitle\n\n\nPrince Leopold of Saxe-Coburg-Saalfeld, later Leopold I, King of the Belgians (1790-1865)\u00a0title QS:P1476,en:\"Prince Leopold of Saxe-Coburg-Saalfeld, later Leopold I, King of the Belgians (1790-1865)\u00a0\"\nlabel QS:Len,\"Prince Leopold of Saxe-Coburg-Saalfeld, later Leopold I, King of the Belgians (1790-1865)\u00a0\"\n\n\nObject type\n\npainting\u00a0\n\n\nMedium\n\noil  on  canvas\u00a0\n\n\nDimensions\n\nheight: 91.8 cm (36.1 in)\u00a0; width: 71.8 cm (28.2 in)\u00a0dimensions QS:P2048,+91.8U174728dimensions QS:P2049,+71.8U174728\n\n\nCollection\n\n\n\n\nRoyal Collection\n\u00a0\u00a0\n\n\n\n\n\nNative name\nRoyal Collection of the United Kingdom\n\nLocation\nUnited Kingdom\n\nEstablished\nafter 1491date QS:P,+1491-00-00T00:00:00Z/7,P1319,+1491-00-00T00:00:00Z/9\n\nWebsite\nhttps://www.rct.uk\n\nAuthority file\n\n: Q1459037\n\n\n\ninstitution QS:P195,Q1459037\n\n\n\nAccession number\n\n\nRCIN 406410 (Royal Collection)\u00a0\n\n\nReferences\n\nRoyal Collection (UK) ID:  406410\u00a0\n\n\nSource\n\nRoyal Collection\u00a0\n\n\n"}, {"url": "https://commons.wikimedia.org/wiki/File:Leopold_I_King_of_the_Belgians_407284.jpg", "metadata": {"og:image": "https://upload.wikimedia.org/wikipedia/commons/thumb/7/71/Leopold_I_King_of_the_Belgians_407284.jpg/640px-Leopold_I_King_of_the_Belgians_407284.jpg", "og:image:width": "640", "og:image:height": "1026", "og:title": "File:Leopold I King of the Belgians 407284.jpg - Wikimedia Commons", "og:type": "website"}, "text": "\n\n\n\nFranz Xaver Winterhalter: Leopold I, King of the Belgians (1790-1865)\n\u00a0\u00a0\n\n\nArtist\n\n\n\n\n\n\nFranz Xaver Winterhalter\n\u00a0(1805\u20131873)\u00a0\u00a0 \u00a0\n\n\n\n\n\nDescription\nGerman- painter, lithographer, drawer, portrait painter and visual artist\n\nDate of birth/death\n\n20 April 1805\u00a0\n8 July 1873\u00a0\n\nLocation of birth/death\n\nMenzenschwand\nFrankfurt\n\nWork period\n1863\u00a0\n\nWork location\n\nParis; Belgium; Freiburg im Breisgau; Karlsruhe; Munich; Kingdom of Italy; Russia; Spain; United Kingdom of Great Britain and Ireland\u00a0\n\nAuthority file\n\n: Q168659\nVIAF:\u200936949805\nISNI:\u20090000000116211257\nULAN:\u2009500007953\nLCCN:\u2009nr88006766\nWGA:\u2009w/winterhx\nWorldCat\n\n\n\nartist QS:P170,Q168659\n\n\nTitle\n\n\nEnglish:  Portrait of Leopold I of Belgium (1790-1865)Nederlands:  Leopold I van Belgi\u00eb (1790-1865)\n\n\nObject type\n\npainting\u00a0\n\n\nGenre\n\nportrait\u00a0\n\n\nDepicted people\n\nLeopold I of Belgium\u00a0\n\n\nDate\n\n1846date QS:P571,+1846-00-00T00:00:00Z/9\n\n\nMedium\n\noil  on  canvas\u00a0\n\n\nDimensions\n\nheight: 245.7 cm (96.7 in)\u00a0; width: 154.2 cm (60.7 in)\u00a0dimensions QS:P2048,+245.70U174728dimensions QS:P2049,+154.2U174728\n\n\nCollection\n\n\n\n\nRoyal Collection\n\u00a0\u00a0\n\n\n\n\n\nNative name\nRoyal Collection of the United Kingdom\n\nLocation\nUnited Kingdom\n\nEstablished\nafter 1491date QS:P,+1491-00-00T00:00:00Z/7,P1319,+1491-00-00T00:00:00Z/9\n\nWebsite\nhttps://www.rct.uk\n\nAuthority file\n\n: Q1459037\n\n\n\ninstitution QS:P195,Q1459037\n\n\nAccession number\n\n\nRCIN 407284\n\n\nReferences\n\nRoyal Collection (UK) ID:  407284\u00a0\n\n\nSource/Photographer\n\nRoyal Collection object 407284\n\n\nPermission(Reusing this file)\n\nThis image is in the public domain due to its age.\n\n\nOther versions\n\n\n\n\nRoyal Collection, Brussels\n\n\n\n\n"}, {"url": "https://commons.wikimedia.org/wiki/File:Leopold_I,_King_of_the_Belgians_1818-50.jpg", "metadata": {"og:image": "https://upload.wikimedia.org/wikipedia/commons/thumb/3/30/Leopold_I%2C_King_of_the_Belgians_1818-50.jpg/640px-Leopold_I%2C_King_of_the_Belgians_1818-50.jpg", "og:image:width": "640", "og:image:height": "1053", "og:title": "File:Leopold I, King of the Belgians 1818-50.jpg - Wikimedia Commons", "og:type": "website"}, "text": "\n\n\n\nanonymous: Leopold I, King of the Belgians (1790-1865)\n\u00a0\u00a0\n\n\nArtist\n\n\n\n\n\n\nAfter George Dawe\n\u00a0(1781\u20131829)\u00a0\u00a0 \u00a0\n\n\n\n\n\nAlternative names\n\nG. Daoe; D. Doj; Dawe; [Dawe]\n\nDescription\nEnglish portrait painter\n\nDate of birth/death\n\n8 February 1781 / 6 February 1781\u00a0\n15 October 1829\u00a0\n\nLocation of birth/death\n\nSt James's, Westminster\nKentish Town\n\nWork location\n\nSaint Petersburg (1818\u20131828)\u00a0\n\nAuthority file\n\n: Q1507231\nVIAF:\u200922413721\nISNI:\u20090000000066609928\nULAN:\u2009500021368\nLCCN:\u2009n83227323\nWGA:\u2009d/dawe\nWorldCat\n\n\n\nartist QS:P170,Q4233718,P1877,Q1507231\n\n\nTitle\n\n\nLeopold I, King of the Belgians (1790-1865)\u00a0title QS:P1476,en:\"Leopold I, King of the Belgians (1790-1865)\u00a0\"\nlabel QS:Len,\"Leopold I, King of the Belgians (1790-1865)\u00a0\"\nlabel QS:Lfr,\"L\u00e9opold Ier, roi des Belges\"\n\n\nObject type\n\npainting\u00a0\n\n\nGenre\n\nportrait\u00a0\n\n\nDescription\n\n\nEnglish:  Portrait of Leopold I, King of the Belgians\n\n\nDepicted people\n\nLeopold I of Belgium\u00a0\n\n\nDate\n\nfrom 1818 until 1850date QS:P571,+1850-00-00T00:00:00Z/7,P580,+1818-00-00T00:00:00Z/9,P582,+1850-00-00T00:00:00Z/9\n\n\nMedium\n\noil on canvasmedium QS:P186,Q296955;P186,Q12321255,P518,Q861259\n\n\nDimensions\n\nheight: 235.5 cm (92.7 in); width: 143.9 cm (56.6 in)dimensions QS:P2048,235.5U174728dimensions QS:P2049,143.9U174728\n\n\nCollection\n\n\n\n\nRoyal Collection\n\u00a0\u00a0\n\n\n\n\n\nNative name\nRoyal Collection of the United Kingdom\n\nLocation\nUnited Kingdom\n\nEstablished\nafter 1491date QS:P,+1491-00-00T00:00:00Z/7,P1319,+1491-00-00T00:00:00Z/9\n\nWebsite\nhttps://www.rct.uk\n\nAuthority file\n\n: Q1459037\n\n\n\ninstitution QS:P195,Q1459037\n\n\nAccession number\n\n\nRCIN 407376\n\n\nReferences\n\nRoyal Collection (UK) ID:  407376\u00a0\n\n\nSource/Photographer\n\nThe Royal Collection\n\n\nOther versions\n\n\n\n\n\n\n\n\n\n\n\n\n\n"}, {"url": "https://commons.wikimedia.org/wiki/File:Sir_George_Hayter_(1792-1871)_-_Leopold_I,_King_of_the_Belgians_(1790-1865)_-_RCIN_404881_-_Royal_Collection.jpg", "metadata": {"og:image": "https://upload.wikimedia.org/wikipedia/commons/thumb/3/32/Sir_George_Hayter_%281792-1871%29_-_Leopold_I%2C_King_of_the_Belgians_%281790-1865%29_-_RCIN_404881_-_Royal_Collection.jpg/640px-Sir_George_Hayter_%281792-1871%29_-_Leopold_I%2C_King_of_the_Belgians_%281790-1865%29_-_RCIN_404881_-_Royal_Collection.jpg", "og:image:width": "640", "og:image:height": "738", "og:title": "File:Sir George Hayter (1792-1871) - Leopold I, King of the Belgians (1790-1865) - RCIN 404881 - Royal Collection.jpg - Wikimedia Commons", "og:type": "website"}, "text": "\n\n\n\nGeorge Hayter: Leopold I, King of the Belgians (1790-1865)\n\u00a0\u00a0\n\n\nArtist\n\n\n\n\n\n\nGeorge Hayter\n\u00a0(1792\u20131871)\u00a0\u00a0 \u00a0\n\n\n\n\n\nDescription\nBritish painter and printmaker\n\nDate of birth/death\n\n17 December 1792\u00a0\n18 January 1871\u00a0\n\nLocation of birth/death\n\nLondon\nLondon\n\nWork location\n\nLondon\u00a0\n\nAuthority file\n\n: Q3760522\nVIAF:\u200956885183\nISNI:\u20090000000083850342\nULAN:\u2009500115765\nLCCN:\u2009n86048723\nNLA:\u200936219263\nWorldCat\n\n\n\ncreator QS:P170,Q3760522\u00a0\n\n\nTitle\n\n\nLeopold I, King of the Belgians (1790-1865)\u00a0title QS:P1476,en:\"Leopold I, King of the Belgians (1790-1865)\u00a0\"\nlabel QS:Len,\"Leopold I, King of the Belgians (1790-1865)\u00a0\"\n\n\nObject type\n\npainting\u00a0\n\n\nGenre\n\nportrait\u00a0\n\n\nDepicted people\n\nLeopold I of Belgium\u00a0\n\n\nDate\n\n1837\u00a0\n\n\nMedium\n\noil  on  canvas board\u00a0\n\n\nDimensions\n\nheight: 35.3 cm (13.8 in)\u00a0; width: 30.1 cm (11.8 in)\u00a0dimensions QS:P2048,+35.3U174728dimensions QS:P2049,+30.1U174728\n\n\nCollection\n\n\n\n\nRoyal Collection\n\u00a0\u00a0\n\n\n\n\n\nNative name\nRoyal Collection of the United Kingdom\n\nLocation\nUnited Kingdom\n\nEstablished\nafter 1491date QS:P,+1491-00-00T00:00:00Z/7,P1319,+1491-00-00T00:00:00Z/9\n\nWebsite\nhttps://www.rct.uk\n\nAuthority file\n\n: Q1459037\n\n\n\ninstitution QS:P195,Q1459037\n\n\n\nAccession number\n\n\nRCIN 404881 (Royal Collection)\u00a0\n\n\nPlace of creation\n\nWindsor Castle\u00a0\n\n\nInscriptions\n\nSignature, location and date verso:  \nGeorge Hayter / pinxit Windsor Castle 1837\u00a0\n\n\nReferences\n\nRoyal Collection (UK) ID:  404881\u00a0\n\n\nSource\n\nRoyal Collection\u00a0\n\n\n"}, {"url": "https://commons.wikimedia.org/wiki/File:Sir_Thomas_Lawrence_(1769-1830)_-_Prince_Leopold_of_Saxe-Coburg,_later_Leopold_I,_King_of_the_Belgians_(1790-1865)_-_RCIN_405144_-_Royal_Collection.jpg", "metadata": {"og:image": "https://upload.wikimedia.org/wikipedia/commons/0/0c/Sir_Thomas_Lawrence_%281769-1830%29_-_Prince_Leopold_of_Saxe-Coburg%2C_later_Leopold_I%2C_King_of_the_Belgians_%281790-1865%29_-_RCIN_405144_-_Royal_Collection.jpg", "og:image:width": "640", "og:image:height": "943", "og:title": "File:Sir Thomas Lawrence (1769-1830) - Prince Leopold of Saxe-Coburg, later Leopold I, King of the Belgians (1790-1865) - RCIN 405144 - Royal Collection.jpg - Wikimedia Commons", "og:type": "website"}, "text": "\n\n\n\nThomas Lawrence: Prince Leopold of Saxe-Coburg, later Leopold I, King of the Belgians (1790-1865)\n\u00a0\u00a0\n\n\nArtist\n\n\n\n\n\n\nThomas Lawrence\n\u00a0(1769\u20131830)\u00a0\u00a0\u00a0 \u00a0\n\n\n\n\n\nDescription\nBritish painter and portraitist\n\nDate of birth/death\n\n13 April 1769\u00a0\n7 January 1830\u00a0\n\nLocation of birth/death\n\nBristol\nLondon\n\nWork period\n1780\u00a0\u20131830\u00a0\n\nAuthority file\n\n: Q312096\nVIAF:\u200959122598\nISNI:\u20090000000114732825\nULAN:\u2009500022619\nLCCN:\u2009n81008170\nNLA:\u200935281740\nWorldCat\n\n\n\ncreator QS:P170,Q312096\u00a0\n\n\nTitle\n\n\nPrince Leopold of Saxe-Coburg, later Leopold I, King of the Belgians (1790-1865)\u00a0title QS:P1476,en:\"Prince Leopold of Saxe-Coburg, later Leopold I, King of the Belgians (1790-1865)\u00a0\"\nlabel QS:Len,\"Prince Leopold of Saxe-Coburg, later Leopold I, King of the Belgians (1790-1865)\u00a0\"\n\n\nObject type\n\npainting\u00a0\n\n\nGenre\n\nportrait\u00a0\n\n\nDate\n\nbetween 1821 and 1830date QS:P,+1850-00-00T00:00:00Z/7,P1319,+1821-00-00T00:00:00Z/9,P1326,+1830-00-00T00:00:00Z/9\u00a0\n\n\nMedium\n\noil  on  canvas\u00a0\n\n\nDimensions\n\nheight: 271 cm (106.6 in)\u00a0; width: 183.9 cm (72.4 in)\u00a0; thickness: 4.1 cm (1.6 in)\u00a0dimensions QS:P2048,+271.0U174728dimensions QS:P2049,+183.9U174728dimensions QS:P2610,+4.1U174728\n\n\nCollection\n\n\n\n\nRoyal Collection\n\u00a0\u00a0\n\n\n\n\n\nNative name\nRoyal Collection of the United Kingdom\n\nLocation\nUnited Kingdom\n\nEstablished\nafter 1491date QS:P,+1491-00-00T00:00:00Z/7,P1319,+1491-00-00T00:00:00Z/9\n\nWebsite\nhttps://www.rct.uk\n\nAuthority file\n\n: Q1459037\n\n\n\ninstitution QS:P195,Q1459037\n\n\n\nCurrent location\n\n\nRoyal Collection\n\n\nAccession number\n\n\nRCIN 405144 (Royal Collection)\u00a0\n\n\nReferences\n\nRoyal Collection (UK) ID:  405144\u00a0\n\n\nSource\n\nRoyal Collection\u00a0\n\n\n"}, {"url": "https://commons.wikimedia.org/wiki/File:William_Corden_the_Younger_(1819-1900)_-_Leopold_I,_King_of_the_Belgians_(1790-1865)_-_RCIN_405424_-_Royal_Collection.jpg", "metadata": {"og:image": "https://upload.wikimedia.org/wikipedia/commons/thumb/a/a6/William_Corden_the_Younger_%281819-1900%29_-_Leopold_I%2C_King_of_the_Belgians_%281790-1865%29_-_RCIN_405424_-_Royal_Collection.jpg/640px-William_Corden_the_Younger_%281819-1900%29_-_Leopold_I%2C_King_of_the_Belgians_%281790-1865%29_-_RCIN_405424_-_Royal_Collection.jpg", "og:image:width": "640", "og:image:height": "1137", "og:title": "File:William Corden the Younger (1819-1900) - Leopold I, King of the Belgians (1790-1865) - RCIN 405424 - Royal Collection.jpg - Wikimedia Commons", "og:type": "website"}, "text": "\n\n\n\nWilliam Corden: Leopold I, King of the Belgians (1790-1865)\n\u00a0\u00a0\n\n\nArtist\n\n\n\n\n\n\nWilliam Corden\n\u00a0(1819\u20131900)\u00a0\u00a0 \u00a0\n\n\nAlternative names\n\nWilliam Corden the younger; William, le jeune Corden; William Corden II; William, II Corden; William II Corden; William Corden the Younger\n\nDescription\npainter\n\nDate of birth/death\n\n1819\u00a0\n1900\u00a0\n\nAuthority file\n\n: Q18546913\nVIAF:\u200996432984\nULAN:\u2009500101412\nOxford Dict.:\u200975182\n\n\n\ncreator QS:P170,Q18546913\u00a0\n\n\nTitle\n\n\nLeopold I, King of the Belgians (1790-1865)\u00a0title QS:P1476,en:\"Leopold I, King of the Belgians (1790-1865)\u00a0\"\nlabel QS:Len,\"Leopold I, King of the Belgians (1790-1865)\u00a0\"\n\n\nObject type\n\npainting\u00a0\n\n\nGenre\n\nportrait\u00a0\n\n\nMedium\n\noil  on  canvas\u00a0\n\n\nDimensions\n\nheight: 252.1 cm (99.2 in)\u00a0; width: 140.3 cm (55.2 in)\u00a0dimensions QS:P2048,+252.1U174728dimensions QS:P2049,+140.3U174728\n\n\nCollection\n\n\n\n\nRoyal Collection\n\u00a0\u00a0\n\n\n\n\n\nNative name\nRoyal Collection of the United Kingdom\n\nLocation\nUnited Kingdom\n\nEstablished\nafter 1491date QS:P,+1491-00-00T00:00:00Z/7,P1319,+1491-00-00T00:00:00Z/9\n\nWebsite\nhttps://www.rct.uk\n\nAuthority file\n\n: Q1459037\n\n\n\ninstitution QS:P195,Q1459037\n\n\n\nAccession number\n\n\nRCIN 405424 (Royal Collection)\u00a0\n\n\nReferences\n\nRoyal Collection (UK) ID:  405424\u00a0\n\n\nSource\n\nRoyal Collection\u00a0\n\n\n"}]