[{"url": "https://commons.wikimedia.org/wiki/File:Prince_Philipp_of_Saxe-Coburg_and_Gotha_with_his_family.jpg", "metadata": {"og:image": "https://upload.wikimedia.org/wikipedia/commons/thumb/d/d1/Prince_Philipp_of_Saxe-Coburg_and_Gotha_with_his_family.jpg/640px-Prince_Philipp_of_Saxe-Coburg_and_Gotha_with_his_family.jpg", "og:image:width": "640", "og:image:height": "827", "og:title": "File:Prince Philipp of Saxe-Coburg and Gotha with his family.jpg - Wikimedia Commons", "og:type": "website"}, "text": "\n\n\nDescriptionPrince Philipp of Saxe-Coburg and Gotha with his family.jpg\n\nEnglish:  Prince Philipp of Saxe-Coburg and Gotha with his wife and their son\n\n\nDate\n\n1878\n\n\nSource\n\nhttps://www.rct.uk/collection/2908841/prince-and-princess-philipp-of-saxe-coburg-gotha-and-baby-1878-album-photographs\n\n\nAuthor\n\nJOSEF GUTKAISS (B. 1834)\n\n\n"}]