[{"url": "https://commons.wikimedia.org/wiki/File:Baptism_of_Umberto_Galli_Zugaro.png", "metadata": {"og:image": "https://upload.wikimedia.org/wikipedia/commons/thumb/2/2b/Baptism_of_Umberto_Galli_Zugaro.png/640px-Baptism_of_Umberto_Galli_Zugaro.png", "og:image:width": "640", "og:image:height": "348", "og:title": "File:Baptism of Umberto Galli Zugaro.png - Wikimedia Commons", "og:type": "website"}, "text": "\n\n\nDescriptionBaptism of Umberto Galli Zugaro.png\n\nEnglish:  The baptism of Umberto Galli Zugaro, son of Baron Enzo Galli Zugaro and Fabiola Massimo. First from the right: Prince Fabrizio Massimo, second from the right: King Umberto II of Italy, first woman from the left: Queen of Italy Maria Jose of Belgium.\n\n\nDate\n\n1945\n\n\nSource\n\nOwn work\n\n\nAuthor\n\nRandomwikimaster\n\n\n"}, {"url": "https://commons.wikimedia.org/wiki/File:Marie-Jos%C3%A9_of_Belgium,_the_last_Queen_of_Italy.jpg", "metadata": {"og:image": "https://upload.wikimedia.org/wikipedia/commons/1/1d/Marie-Jos%C3%A9_of_Belgium%2C_the_last_Queen_of_Italy.jpg", "og:image:width": "640", "og:image:height": "923", "og:title": "File:Marie-Jos\u00e9 of Belgium, the last Queen of Italy.jpg - Wikimedia Commons", "og:type": "website"}, "text": "\n\n\nDescriptionMarie-Jos\u00e9 of Belgium, the last Queen of Italy.jpg\n\nEnglish:  Marie-Jos\u00e9 of Belgium, the last Queen of Italy\n\n\nDate\n\n1945\n\n\nSource\n\nhttps://crossoflaeken.blogspot.com/2011/09/marie-jose-and-mussolini-lovers.html\n\n\nAuthor\n\n\n\n\n\nGhitta Carell\n\u00a0(1899\u20131972)\u00a0\u00a0 \u00a0\n\n\nAlternative names\n\nBirth name: Klein Gitta; pseudonym: Ghitta Carell; Ghitta Klein, Ghitta Carell Klein\n\nDescription\nHungarian-Italian photographer\n\nDate of birth/death\n\n20 September 1899\u00a0\n12 February 1972\u00a0\n\nLocation of birth/death\n\nSzatm\u00e1r County\nHaifa\n\nWork period\n1924\u00a0\u2013\n\nAuthority file\n\n: Q3761789\nVIAF:\u200950481924\nISNI:\u20090000000066877658\nLCCN:\u2009n78040644\nOpen Library:\u2009OL1729903A\nGND:\u2009138856664\nWorldCat\n\n\n\ncreator QS:P170,Q3761789\n\n\n"}, {"url": "https://commons.wikimedia.org/wiki/File:Savoia-01.jpg", "metadata": {"og:image": "https://upload.wikimedia.org/wikipedia/commons/thumb/d/d5/Savoia-01.jpg/640px-Savoia-01.jpg", "og:image:width": "640", "og:image:height": "913", "og:title": "File:Savoia-01.jpg - Wikimedia Commons", "og:type": "website"}, "text": "\n\n\nDescriptionSavoia-01.jpg\n\nItaliano:  al Qurinale - La famiglia di Umberto di Savoia\n\n\nDate\n\n1945\n\n\nSource\n\ncollezione cartoline Albertomos\n\n\nAuthor\n\nUnknown authorUnknown author\n\n\n"}]