[{"url": "https://commons.wikimedia.org/wiki/File:Jan_Verhas_(1834-1896)_Optocht_van_de_scholen_in_1878_-_Old_Masters_Museum_Brussel_30-4-2017_11-18-20.JPG", "metadata": {"og:image": "https://upload.wikimedia.org/wikipedia/commons/thumb/5/5a/Jan_Verhas_%281834-1896%29_Optocht_van_de_scholen_in_1878_-_Old_Masters_Museum_Brussel_30-4-2017_11-18-20.JPG/640px-Jan_Verhas_%281834-1896%29_Optocht_van_de_scholen_in_1878_-_Old_Masters_Museum_Brussel_30-4-2017_11-18-20.JPG", "og:image:width": "640", "og:image:height": "361", "og:title": "File:Jan Verhas (1834-1896) Optocht van de scholen in 1878 - Old Masters Museum Brussel 30-4-2017 11-18-20.JPG - Wikimedia Commons", "og:type": "website"}, "text": "\n\n\n\nJan Verhas: The procession of the schools in 1878\n\u00a0\u00a0\n\n\nArtist\n\n\n\n\n\n\nJan Verhas\n\u00a0(1834\u20131896)\u00a0\u00a0 \u00a0\n\n\n\n\n\nDescription\nBelgian painter and genre painter\n\nDate of birth/death\n\n9 January 1834\u00a0\n31 October 1896\u00a0\n\nLocation of birth/death\n\nDendermonde\nCity of Brussels\n\nWork period\nbetween circa 1850 and circa 1896date QS:P,+1850-00-00T00:00:00Z/7,P1319,+1850-00-00T00:00:00Z/9,P1326,+1896-00-00T00:00:00Z/9,P1480,Q5727902\n\nWork location\n\nBelgium; City of Brussels\u00a0\n\nAuthority file\n\n: Q2036536\nVIAF:\u200996423039\nULAN:\u2009500100214\nRKD:\u200980281\n\n\n\ncreator QS:P170,Q2036536\u00a0\n\n\nTitle\n\n\nFrench:  La revue des \u00e9coles en 1878\u00a0The procession of the schools in 1878title QS:P1476,fr:\"La revue des \u00e9coles en 1878\u00a0\"\nlabel QS:Lfr,\"La revue des \u00e9coles en 1878\u00a0\"\nlabel QS:Len,\"The procession of the schools in 1878\"\nlabel QS:Lnl,\"De optocht van de scholen in 1878\"\n\n\nObject type\n\npainting\u00a0\n\n\nDescription\n\n\nNederlands:  Jan Verhas (1834-1896) Optocht van de scholen in 1878 - Old Masters Museum Brussel 30-4-2017\nFran\u00e7ais\u00a0:  Revue des \u00e9coles communales de la ville de Bruxelles qui eut lieu le 23 (ou 24) ao\u00fbt 1878, Place des Palais, devant le Palais royal de Bruxelles, \u00e0 l\u2019occasion des noces d\u2019argent du roi L\u00e9opold II et de la reine Marie-Henriette. On voit l\u2019archiduc Charles-Louis d\u2019Autriche (uniforme blanc), fr\u00e8re de l\u2019empereur Fran\u00e7ois-Joseph d\u2019Autriche, aux c\u00f4t\u00e9s du roi L\u00e9opold II, et \u00e0 leur droite, Philippe, comte de Flandre[1]. Louise Ponselet, huiti\u00e8me du premier rang, \u00e0 partir de la gauche, fille de Victor et de Florence Pourbaix\u00a0: ni\u00e8ce de Verhas. -- Tableau sign\u00e9 et dat\u00e9 \u00e0 mi-hauteur, vers la gauche (sur le socle d'un lion de pierre)\u00a0: Jan Verhas. -- La revue des \u00e9coles communales de l'agglom\u00e9ration bruxelloise fut pass\u00e9e le 23 ao\u00fbt 1878, devant le Palais de Bruxelles, \u00e0 l'occasion des noces d'argent de LL. MM. le Roi et la Reine des Belges. -- L'auteur a introduit dans sa composition de nombreux portraits\u00a0: sur l'estrade, LL.MM. le Roi et la Reine, S.A.R. le comte de Flandre et S.A.I. l'archiduc Charles-Louis d'Autriche\u00a0; derri\u00e8re eux, M. Jules Van Praet, ministre de la Maison du Roi, le grand mar\u00e9chal de la Cour, comte van der Straeten-Ponthoz, les ministres \u00e0 portefeuille\u00a0: Fr\u00e8re-Orban, Bara, Van Humbcek, Graux, Rolin-Jacquemyns, Sainctelette\u00a0; plus loin, le g\u00e9n\u00e9ral baron Goffinet, le comte John d'Oultremont, etc. \u2014 Au pied de l'estrade, de part et d'autre, deux groupes de personnalit\u00e9s artistiques et politiques\u00a0: dans le premier, \u00e0 gauche\u00a0: Gevaert, Gallait, Balat, De Winne, Paul De Vigne, Balthazar-Florence, Paul Janson et Franz Verhas, fr\u00e8re du peintre; dans le second, \u00e0 droite\u00a0: Verw\u00e9e, Emile Wauters, Beyaert, Slingeneyer, Arthur Stevens, etc. \u2014 Dans le cort\u00e8ge qui d\u00e9file, en t\u00eate des \u00e9l\u00e8ves de l'Ecole Mod\u00e8le de Bruxelles, conduite par son directeur M. Sluys, on remarque le Comit\u00e9 de la Ligue de l'Enseignement, compos\u00e9 de MM. le comte E. Goblet d'Alviella, Ch. Buis, P. Tempels, G. Jottrand, E. Reisse. Enfin, \u00e0 droite du tableau le groupe des bourgmestres et \u00e9chevins parmi lesquels\u00a0: MM. Vanderstraeten et de l'Eau d'Andrimont, \u00e9chevins de Bruxelles\u00a0; le docteur F. Jottrandi, bourgmestre de Saint-Josse-ten-Noode\u00a0; Macau d'Ixelles\u00a0; Collignon, de Schaerbeek\u00a0; Fonsny, de Saint-Gilles\u00a0; Bockstael, de Laeken, etc. M. Jules Anspach, bourgmestre de Bruxelles, se tient sur les premi\u00e8res marches de l'estrade.\n\n\nDepicted people\n\nLeopold II of Belgium\u00a0\nMarie Henriette of Austria\n\n\nDate\n\n1880\u00a0\n\n\nMedium\n\noil  on  canvas\u00a0\n\n\nDimensions\n\nheight: 241 cm (94.8 in)\u00a0; width: 423 cm (13.8 ft)\u00a0dimensions QS:P2048,+241U174728dimensions QS:P2049,+423U174728\n\n\nCollection\n\n\n\n\nRoyal Museums of Fine Arts of Belgium\n\u00a0\u00a0\n\n\n\n\n\nNative name\nKoninklijke Musea voor Schone Kunsten van Belgi\u00ebMus\u00e9es Royaux des Beaux Arts de Belgique\n\nLocation\nCity of Brussels\n\nCoordinates\n50\u00b0\u00a050\u2032\u00a030.05\u2033\u00a0N, 4\u00b0\u00a021\u2032\u00a029.66\u2033\u00a0E  \u00a0\n\nEstablished\n1801\n\nWebsite\nwww.fine-arts-museum.be\n\nAuthority file\n\n: Q377500\nVIAF:\u2009125290757\nISNI:\u20090000000406110534\nLCCN:\u2009n83200296\nNLA:\u200935023174\nGND:\u200937656-5\nWorldCat\n\n\n\ninstitution QS:P195,Q377500\n\n\n\nCurrent location\n\n\nRoyal Museums of Fine Arts of Belgium\n\n\nAccession number\n\n\n2821 (Royal Museums of Fine Arts of Belgium)\u00a0\n\n\nReferences\n\nBALaT object ID:  130731\u00a0\n\n\nSource/Photographer\n\npicture taken and uploaded by Paul Hermans\n\n\n"}, {"url": "https://commons.wikimedia.org/wiki/File:Jan_Verhas_-_De_optocht_der_scholen.JPG", "metadata": {"og:image": "https://upload.wikimedia.org/wikipedia/commons/thumb/b/b5/Jan_Verhas_-_De_optocht_der_scholen.JPG/640px-Jan_Verhas_-_De_optocht_der_scholen.JPG", "og:image:width": "640", "og:image:height": "362", "og:title": "File:Jan Verhas - De optocht der scholen.JPG - Wikimedia Commons", "og:type": "website"}, "text": "\n\n\nDescriptionJan Verhas - De optocht der scholen.JPG\n\nNederlands:  \"De optocht der scholen\" in 1878 door de Belgische schilder Jan Verhas (1880)\n\n\nDate\n\n1880\n\n\nSource\n\nSelf-photographed\n\n\nAuthor\n\n\n\n\n\nJan Verhas\n\u00a0(1834\u20131896)\u00a0\u00a0 \u00a0\n\n\n\n\n\nDescription\nBelgian painter and genre painter\n\nDate of birth/death\n\n9 January 1834\u00a0\n31 October 1896\u00a0\n\nLocation of birth/death\n\nDendermonde\nCity of Brussels\n\nWork period\nbetween circa 1850 and circa 1896date QS:P,+1850-00-00T00:00:00Z/7,P1319,+1850-00-00T00:00:00Z/9,P1326,+1896-00-00T00:00:00Z/9,P1480,Q5727902\n\nWork location\n\nBelgium; City of Brussels\u00a0\n\nAuthority file\n\n: Q2036536\nVIAF:\u200996423039\nULAN:\u2009500100214\nRKD:\u200980281\n\n\n\ncreator QS:P170,Q2036536\n\n\n"}, {"url": "https://commons.wikimedia.org/wiki/File:Jan_Verhas_-_La_revue_des_%C3%A9coles_en_1878.jpg", "metadata": {"og:image": "https://upload.wikimedia.org/wikipedia/commons/thumb/6/65/Jan_Verhas_-_La_revue_des_%C3%A9coles_en_1878.jpg/640px-Jan_Verhas_-_La_revue_des_%C3%A9coles_en_1878.jpg", "og:image:width": "640", "og:image:height": "365", "og:title": "File:Jan Verhas - La revue des \u00e9coles en 1878.jpg - Wikimedia Commons", "og:type": "website"}, "text": "\n\n\n\nJan Verhas: The procession of the schools in 1878\n\u00a0\u00a0\n\n\nArtist\n\n\n\n\n\n\nJan Verhas\n\u00a0(1834\u20131896)\u00a0\u00a0 \u00a0\n\n\n\n\n\nDescription\nBelgian painter and genre painter\n\nDate of birth/death\n\n9 January 1834\u00a0\n31 October 1896\u00a0\n\nLocation of birth/death\n\nDendermonde\nCity of Brussels\n\nWork period\nbetween circa 1850 and circa 1896date QS:P,+1850-00-00T00:00:00Z/7,P1319,+1850-00-00T00:00:00Z/9,P1326,+1896-00-00T00:00:00Z/9,P1480,Q5727902\n\nWork location\n\nBelgium; City of Brussels\u00a0\n\nAuthority file\n\n: Q2036536\nVIAF:\u200996423039\nULAN:\u2009500100214\nRKD:\u200980281\n\n\n\nartist QS:P170,Q2036536\n\n\nTitle\n\n\nFrench:  La revue des \u00e9coles en 1878The procession of the schools in 1878title QS:P1476,fr:\"La revue des \u00e9coles en 1878\"\nlabel QS:Lfr,\"La revue des \u00e9coles en 1878\"\nlabel QS:Lnl,\"De optocht van de scholen in 1878\"\n\n\nObject type\n\npaintingobject_type QS:P31,Q3305213\n\n\nDescription\n\n\nFran\u00e7ais\u00a0:  Revue des \u00e9coles communales de la ville de Bruxelles qui eut lieu le 23 (ou 24) ao\u00fbt 1878, Place des Palais, devant le Palais royal de Bruxelles, \u00e0 l\u2019occasion des noces d\u2019argent du roi L\u00e9opold II et de la reine Marie Henriette. On voit l\u2019archiduc Charles-Louis d\u2019Autriche (uniforme blanc), fr\u00e8re de l\u2019empereur Fran\u00e7ois-Joseph d\u2019Autriche, aux c\u00f4t\u00e9s du roi L\u00e9opold II, et \u00e0 leur droite, Philippe, comte de Flandre\n[1]. Louise Ponselet, huiti\u00e8me du premier rang, \u00e0 partir de la gauche, fille de Victor et de Florence Pourbaix\u00a0: ni\u00e8ce de Verhas.\n\n\nDepicted people\n\nLeopold II of Belgium\u00a0\nMarie Henriette of Austria\n\n\nDate\n\n1880\u00a0\n\n\nMedium\n\noil  on  canvas\u00a0\n\n\nDimensions\n\n241 cm x 423 cm\n\n\nCollection\n\n\n\n\nRoyal Museums of Fine Arts of Belgium\n\u00a0\u00a0\n\n\n\n\n\nNative name\nKoninklijke Musea voor Schone Kunsten van Belgi\u00ebMus\u00e9es Royaux des Beaux Arts de Belgique\n\nLocation\nCity of Brussels\n\nCoordinates\n50\u00b0\u00a050\u2032\u00a030.05\u2033\u00a0N, 4\u00b0\u00a021\u2032\u00a029.66\u2033\u00a0E  \u00a0\n\nEstablished\n1801\n\nWebsite\nwww.fine-arts-museum.be\n\nAuthority file\n\n: Q377500\nVIAF:\u2009125290757\nISNI:\u20090000000406110534\nLCCN:\u2009n83200296\nNLA:\u200935023174\nGND:\u200937656-5\nWorldCat\n\n\n\ninstitution QS:P195,Q377500\n\n\nCurrent location\n\n\nRoyal Museums of Fine Arts of Belgium\n\n\nAccession number\n\n\nInv. 2821\n\n\nInscriptions\n\nSignature et date \u00e0 mi-hauteur vers la gauche sur le socle d'un lion de pierre\u00a0: Jan Verhas 1880.\n\n\nNotes\n\nFran\u00e7ais\u00a0:  Acquis de l'artiste, Bruxelles 1881Nederlands:  Gekocht van de Kunstenaar, Brussel 1881\n\n\nReferences\n\nBALaT object ID:  130731\u00a0\n\n\nSource/Photographer\n\n\n\n\n\nThis illustration was made by Antoine Motte dit Falisse alias M0tty but it is in the public domain because it is a faithful photographic reproduction of an original two-dimensional work of art and the work of art itself is in the public domain.\n\nEnglish\u00a0|\nfran\u00e7ais\u00a0| \n+/\u2212\n\n\n\n\n\nPermission(Reusing this file)\n\n\n\n\nThis is a faithful photographic reproduction of a two-dimensional, public domain work of art. The work of art itself is in the public domain for the following reason:\n\n\n\nPublic domainPublic domainfalsefalse\n\n\n\n\n\n\nThis work is in the public domain in its country of origin and other countries and areas where the copyright term is the author's life plus 100 years or fewer.\n\n\nThis work is in the public domain in the United States because it was published (or registered with the U.S. Copyright Office) before January 1, 1929.\n\n\n\nThis file has been identified as being free of known restrictions under copyright law, including all related and neighboring rights.\nhttps://creativecommons.org/publicdomain/mark/1.0/PDMCreative Commons Public Domain Mark 1.0falsefalse\nThe official position taken by the Wikimedia Foundation is that \"faithful reproductions of two-dimensional public domain works of art are public domain\".This photographic reproduction is therefore also considered to be in the public domain in the United States. In other jurisdictions, re-use of this content may be restricted; see Reuse of PD-Art photographs for details.\n\n\n\n"}, {"url": "https://commons.wikimedia.org/wiki/File:Jan_Verhas_-_The_parade_of_the_schools_of_1878_in_the_presence_of_King_Leopold_II.jpeg", "metadata": {"og:image": "https://upload.wikimedia.org/wikipedia/commons/thumb/3/31/Jan_Verhas_-_The_parade_of_the_schools_of_1878_in_the_presence_of_King_Leopold_II.jpeg/640px-Jan_Verhas_-_The_parade_of_the_schools_of_1878_in_the_presence_of_King_Leopold_II.jpeg", "og:image:width": "640", "og:image:height": "379", "og:title": "File:Jan Verhas - The parade of the schools of 1878 in the presence of King Leopold II.jpeg - Wikimedia Commons", "og:type": "website"}, "text": "\n\n\n\nJan Verhas: The procession of the schools in 1878\n\u00a0\u00a0\n\n\nArtist\n\n\n\n\n\n\nJan Verhas\n\u00a0(1834\u20131896)\u00a0\u00a0 \u00a0\n\n\n\n\n\nDescription\nBelgian painter and genre painter\n\nDate of birth/death\n\n9 January 1834\u00a0\n31 October 1896\u00a0\n\nLocation of birth/death\n\nDendermonde\nCity of Brussels\n\nWork period\nbetween circa 1850 and circa 1896date QS:P,+1850-00-00T00:00:00Z/7,P1319,+1850-00-00T00:00:00Z/9,P1326,+1896-00-00T00:00:00Z/9,P1480,Q5727902\n\nWork location\n\nBelgium; City of Brussels\u00a0\n\nAuthority file\n\n: Q2036536\nVIAF:\u200996423039\nULAN:\u2009500100214\nRKD:\u200980281\n\n\n\nartist QS:P170,Q2036536\n\n\nTitle\n\n\nFrench:  La revue des \u00e9coles en 1878The parade of schools of 1878title QS:P1476,fr:\"La revue des \u00e9coles en 1878\"\nlabel QS:Lfr,\"La revue des \u00e9coles en 1878\"\nlabel QS:Len,\"The parade of schools of 1878\"\nlabel QS:Lnl,\"De optocht van de scholen in 1878\"\nAlternative title(s): \n\nThe Review of the Schools[1]\n\n\nObject type\n\npaintingobject_type QS:P31,Q3305213\n\n\nDepicted people\n\nThe royal couple: Leopold II of Belgium and Marie Henriette of Austria on the podium at the left\n\n\nDate\n\n1880\u00a0\n\n\nMedium\n\noil on canvasmedium QS:P186,Q296955;P186,Q12321255,P518,Q861259\n\n\nDimensions\n\nheight: 241 cm (94.8 in); width: 423 cm (13.8 ft)dimensions QS:P2048,241U174728dimensions QS:P2049,423U174728\n\n\nCollection\n\n\n\n\nRoyal Museums of Fine Arts of Belgium\n\u00a0\u00a0\n\n\n\n\n\nNative name\nKoninklijke Musea voor Schone Kunsten van Belgi\u00ebMus\u00e9es Royaux des Beaux Arts de Belgique\n\nLocation\nCity of Brussels\n\nCoordinates\n50\u00b0\u00a050\u2032\u00a030.05\u2033\u00a0N, 4\u00b0\u00a021\u2032\u00a029.66\u2033\u00a0E  \u00a0\n\nEstablished\n1801\n\nWebsite\nwww.fine-arts-museum.be\n\nAuthority file\n\n: Q377500\nVIAF:\u2009125290757\nISNI:\u20090000000406110534\nLCCN:\u2009n83200296\nNLA:\u200935023174\nGND:\u200937656-5\nWorldCat\n\n\n\ninstitution QS:P195,Q377500\n\n\nCurrent location\n\n\nRoyal Museums of Fine Arts of Belgium\n\n\nAccession number\n\n\nInv. 2821\n\n\nCredit line\n\nPurchased from the artist, Brussels, 1881\n\n\nInscriptions\n\nSignature and date center left:  \n\nJan Verhas 1880\non the base of the stone lion\n\n\nNotes\n\nFran\u00e7ais\u00a0:  Mus\u00e9es royaux des Beaux-Arts de Belgique La collection\nNederlands:  Koninklijke Musea voor Schone Kunsten van Belgi\u00eb De collectie\n\n\nReferences\n\nBALaT object ID:  130731\u00a0\n\n\nSource/Photographer\n\nRoyal Museums of Fine Arts of Belgium\n\n\n"}, {"url": "https://commons.wikimedia.org/wiki/File:Jan_verhas,_la_rassegna_delle_scuole_nel_1878,_1880.jpg", "metadata": {"og:image": "https://upload.wikimedia.org/wikipedia/commons/thumb/5/5e/Jan_verhas%2C_la_rassegna_delle_scuole_nel_1878%2C_1880.jpg/640px-Jan_verhas%2C_la_rassegna_delle_scuole_nel_1878%2C_1880.jpg", "og:image:width": "640", "og:image:height": "421", "og:title": "File:Jan verhas, la rassegna delle scuole nel 1878, 1880.jpg - Wikimedia Commons", "og:type": "website"}, "text": "\n\n\n\nJan Verhas: The procession of the schools in 1878\n\u00a0\u00a0\n\n\nArtist\n\n\n\n\n\n\nJan Verhas\n\u00a0(1834\u20131896)\u00a0\u00a0 \u00a0\n\n\n\n\n\nDescription\nBelgian painter and genre painter\n\nDate of birth/death\n\n9 January 1834\u00a0\n31 October 1896\u00a0\n\nLocation of birth/death\n\nDendermonde\nCity of Brussels\n\nWork period\nbetween circa 1850 and circa 1896date QS:P,+1850-00-00T00:00:00Z/7,P1319,+1850-00-00T00:00:00Z/9,P1326,+1896-00-00T00:00:00Z/9,P1480,Q5727902\n\nWork location\n\nBelgium; City of Brussels\u00a0\n\nAuthority file\n\n: Q2036536\nVIAF:\u200996423039\nULAN:\u2009500100214\nRKD:\u200980281\n\n\n\nartist QS:P170,Q2036536\n\n\nTitle\n\n\nFrench:  La revue des \u00e9coles en 1878\u00a0The procession of the schools in 1878title QS:P1476,fr:\"La revue des \u00e9coles en 1878\u00a0\"\nlabel QS:Lfr,\"La revue des \u00e9coles en 1878\u00a0\"\nlabel QS:Len,\"The procession of the schools in 1878\"\nlabel QS:Lnl,\"De optocht van de scholen in 1878\"\n\n\nObject type\n\npaintingobject_type QS:P31,Q3305213\n\n\nDescription\n\n\nEnglish:  paintings in the Royal Museums of Fine Arts of Belgium\n\n\nDepicted people\n\nLeopold II of Belgium\u00a0\nMarie Henriette of Austria\n\n\nDate\n\n1880date QS:P571,+1880-00-00T00:00:00Z/9\n\n\nMedium\n\noil  on  canvas\u00a0\n\n\nDimensions\n\nheight: 241 cm (94.8 in)\u00a0; width: 423 cm (13.8 ft)\u00a0dimensions QS:P2048,+241U174728dimensions QS:P2049,+423U174728\n\n\nCollection\n\n\n\n\nRoyal Museums of Fine Arts of Belgium\n\u00a0\u00a0\n\n\n\n\n\nNative name\nKoninklijke Musea voor Schone Kunsten van Belgi\u00ebMus\u00e9es Royaux des Beaux Arts de Belgique\n\nLocation\nCity of Brussels\n\nCoordinates\n50\u00b0\u00a050\u2032\u00a030.05\u2033\u00a0N, 4\u00b0\u00a021\u2032\u00a029.66\u2033\u00a0E  \u00a0\n\nEstablished\n1801\n\nWebsite\nwww.fine-arts-museum.be\n\nAuthority file\n\n: Q377500\nVIAF:\u2009125290757\nISNI:\u20090000000406110534\nLCCN:\u2009n83200296\nNLA:\u200935023174\nGND:\u200937656-5\nWorldCat\n\n\n\ninstitution QS:P195,Q377500\n\n\n\nCurrent location\n\n\nRoyal Museums of Fine Arts of Belgium\n\n\nAccession number\n\n\n2821 (Royal Museums of Fine Arts of Belgium)\u00a0\n\n\nReferences\n\nBALaT object ID:  130731\u00a0\n\n\nPermission(Reusing this file)\n\n\n\nPublic domainPublic domainfalsefalse\n\n\n\n\n\n\nThis work is in the public domain in its country of origin and other countries and areas where the copyright term is the author's life plus 100 years or fewer.\n\n You must also include a United States public domain tag to indicate why this work is in the public domain in the United States.\n\n\nThis file has been identified as being free of known restrictions under copyright law, including all related and neighboring rights.\nhttps://creativecommons.org/publicdomain/mark/1.0/PDMCreative Commons Public Domain Mark 1.0falsefalse\n\n\n\n\n\nDate\n\n1880\n\n\nSource\n\nOwn work\n\n\nAuthor\n\nSailko\n\n\nPermission(Reusing this file)\n\nI, the copyright holder of this work, hereby publish it under the following license:\n\nThis file is licensed under the Creative Commons Attribution 3.0 Unported license.\nYou are free:\nto share \u2013 to copy, distribute and transmit the work\nto remix \u2013 to adapt the work\nUnder the following conditions:\nattribution \u2013 You must give appropriate credit, provide a link to the license, and indicate if changes were made. You may do so in any reasonable manner, but not in any way that suggests the licensor endorses you or your use.\nhttps://creativecommons.org/licenses/by/3.0CC BY 3.0 Creative Commons Attribution 3.0 truetrue\n\n\n"}, {"url": "https://commons.wikimedia.org/wiki/File:Jan_Verhas,_la_revue_des_%C3%A9coles_en_1878.jpg", "metadata": {"og:image": "https://upload.wikimedia.org/wikipedia/commons/thumb/6/64/Jan_Verhas%2C_la_revue_des_%C3%A9coles_en_1878.jpg/640px-Jan_Verhas%2C_la_revue_des_%C3%A9coles_en_1878.jpg", "og:image:width": "640", "og:image:height": "424", "og:title": "File:Jan Verhas, la revue des \u00e9coles en 1878.jpg - Wikimedia Commons", "og:type": "website"}, "text": "\n\n\nDescriptionJan Verhas, la revue des \u00e9coles en 1878.jpg\n\nFran\u00e7ais\u00a0:  Bruxelles, le Palais des Beaux Arts - Jan Verhas - la revue des \u00e9coles en 1878 - sky60038@gmail.com - DSC 1045\n\n\nDate\n\n1880\n\n\nSource\n\nOwn work\n\n\nAuthor\n\n\n\n\n\nJan Verhas\n\u00a0(1834\u20131896)\u00a0\u00a0 \u00a0\n\n\n\n\n\nDescription\nBelgian painter and genre painter\n\nDate of birth/death\n\n9 January 1834\u00a0\n31 October 1896\u00a0\n\nLocation of birth/death\n\nDendermonde\nCity of Brussels\n\nWork period\nbetween circa 1850 and circa 1896date QS:P,+1850-00-00T00:00:00Z/7,P1319,+1850-00-00T00:00:00Z/9,P1326,+1896-00-00T00:00:00Z/9,P1480,Q5727902\n\nWork location\n\nBelgium; City of Brussels\u00a0\n\nAuthority file\n\n: Q2036536\nVIAF:\u200996423039\nULAN:\u2009500100214\nRKD:\u200980281\n\n\n\ncreator QS:P170,Q2036536\n\n\n"}, {"url": "https://commons.wikimedia.org/wiki/File:Koninklijke_Musea_voor_Schone_Kunsten_van_Belgi%C3%AB_02.jpg", "metadata": {"og:image": "https://upload.wikimedia.org/wikipedia/commons/thumb/f/fc/Koninklijke_Musea_voor_Schone_Kunsten_van_Belgi%C3%AB_02.jpg/640px-Koninklijke_Musea_voor_Schone_Kunsten_van_Belgi%C3%AB_02.jpg", "og:image:width": "640", "og:image:height": "427", "og:title": "File:Koninklijke Musea voor Schone Kunsten van Belgi\u00eb 02.jpg - Wikimedia Commons", "og:type": "website"}, "text": "\n\n\nDescriptionKoninklijke Musea voor Schone Kunsten van Belgi\u00eb 02.jpg\n\nNederlands:  Koninklijke Musea voor Schone Kunsten van Belgi\u00eb\n\n\nDate\n\n1880\n\n\nSource\n\nOwn work\n\n\nAuthor\n\n\n\n\n\nJan Verhas\n\u00a0(1834\u20131896)\u00a0\u00a0 \u00a0\n\n\n\n\n\nDescription\nBelgian painter and genre painter\n\nDate of birth/death\n\n9 January 1834\u00a0\n31 October 1896\u00a0\n\nLocation of birth/death\n\nDendermonde\nCity of Brussels\n\nWork period\nbetween circa 1850 and circa 1896date QS:P,+1850-00-00T00:00:00Z/7,P1319,+1850-00-00T00:00:00Z/9,P1326,+1896-00-00T00:00:00Z/9,P1480,Q5727902\n\nWork location\n\nBelgium; City of Brussels\u00a0\n\nAuthority file\n\n: Q2036536\nVIAF:\u200996423039\nULAN:\u2009500100214\nRKD:\u200980281\n\n\n\ncreator QS:P170,Q2036536\n\n\n"}]