[{"url": "https://commons.wikimedia.org/wiki/File:Acte_de_naissance_de_la_Princesse_Marie-Jos%C3%A9_de_Belgique.png", "metadata": {"og:image": "https://upload.wikimedia.org/wikipedia/commons/thumb/b/b6/Acte_de_naissance_de_la_Princesse_Marie-Jos%C3%A9_de_Belgique.png/640px-Acte_de_naissance_de_la_Princesse_Marie-Jos%C3%A9_de_Belgique.png", "og:image:width": "640", "og:image:height": "477", "og:title": "File:Acte de naissance de la Princesse Marie-Jos\u00e9 de Belgique.png - Wikimedia Commons", "og:type": "website"}, "text": "\n\n\nDescriptionActe de naissance de la Princesse Marie-Jos\u00e9 de Belgique.png\n\nFran\u00e7ais\u00a0:  Acte de naissance de la Prince Marie-Jos\u00e9 de Belgique (4 ao\u00fbt 1906) dress\u00e9 sous l'autorit\u00e9 du Bourgmestre Alphonse Pieters, Officier d'\u00c9tat civil d'Ostende.\nEnglish:  Birth act of Princess Marie-Jos\u00e9 of Belgum (4th August 1906) laid under the authority of Burgomaster Alphonse Pieters, Civil Record Officer of Ostende\n\n\nDate\n\n4 August 1906\n\n\nSource\n\n\u00c9tat civil d'Ostende, actes de naissance de 1906, 4 aout 1906 (open a \"familysearch.org\" account to read the link).\n\n\nAuthor\n\nAlphonse Pieters, Bourgmestre d'Ostende\n\n\n"}]