[{"url": "https://commons.wikimedia.org/wiki/File:Acte_de_naissance_de_la_Princesse_Louise_de_Belgique.png", "metadata": {"og:image": "https://upload.wikimedia.org/wikipedia/commons/thumb/7/78/Acte_de_naissance_de_la_Princesse_Louise_de_Belgique.png/640px-Acte_de_naissance_de_la_Princesse_Louise_de_Belgique.png", "og:image:width": "640", "og:image:height": "571", "og:title": "File:Acte de naissance de la Princesse Louise de Belgique.png - Wikimedia Commons", "og:type": "website"}, "text": "\n\n\nDescriptionActe de naissance de la Princesse Louise de Belgique.png\n\nFran\u00e7ais\u00a0:  Acte de naissance de la Princesse Louise de Belgique (18 f\u00e9vrier 1858) dress\u00e9 sous l'autorit\u00e9 du Bourgmestre Charles de Brouck\u00e8re, Officier d'\u00c9tat civil de Bruxelles\nEnglish:  Wedding act of Princess Louise of Belgium (18th february 1858) laid under the authority of Burgomaster Charles de Brouck\u00e8re, Civil Record Officer of Brussels\n\n\nDate\n\n18 February 1858\n\n\nSource\n\n\u00c9tat civil de Bruxelles, actes de naissance, 18 f\u00e9vrier 1858 (open a \"familysearch.org\" account to read the link).\n\n\nAuthor\n\nCharles de Brouck\u00e8re, Bourgmestre et Officier d'\u00c9tat civil de Bruxelles\n\n\n"}]