[{"url": "https://commons.wikimedia.org/wiki/File:I_Principi_di_Piemonte_ospiti_dei_Marchesi_Pallavicino.png", "metadata": {"og:image": "https://upload.wikimedia.org/wikipedia/commons/thumb/b/b4/I_Principi_di_Piemonte_ospiti_dei_Marchesi_Pallavicino.png/640px-I_Principi_di_Piemonte_ospiti_dei_Marchesi_Pallavicino.png", "og:image:width": "640", "og:image:height": "401", "og:title": "File:I Principi di Piemonte ospiti dei Marchesi Pallavicino.png - Wikimedia Commons", "og:type": "website"}, "text": "\n\n\nDescriptionI Principi di Piemonte ospiti dei Marchesi Pallavicino.png\n\nItaliano:  I Principi di Piemonte ospiti dei Marchesi Pallavicino\n\n\nDate\n\n14 February 1931\n\n\nSource\n\nimmagine scannerizzata da \"Ritratti sabaudi. Vizi e virt\u00f9 di casa Savoia\" 1950\n\n\nAuthor\n\nUnknown authorUnknown author\n\n\nPermission(Reusing this file)\n\n\n\n\nThis is a faithful photographic reproduction of a two-dimensional, public domain work of art. The work of art itself is in the public domain for the following reason:\n\n\n\nPublic domainPublic domainfalsefalse\n\n\n\n\n\n\nThis work is in the public domain in its country of origin and other countries and areas where the copyright term is the author's life plus 100 years or fewer.\n\n You must also include a United States public domain tag to indicate why this work is in the public domain in the United States.\n\n\nThis file has been identified as being free of known restrictions under copyright law, including all related and neighboring rights.\nhttps://creativecommons.org/publicdomain/mark/1.0/PDMCreative Commons Public Domain Mark 1.0falsefalse\n\nThe official position taken by the Wikimedia Foundation is that \"faithful reproductions of two-dimensional public domain works of art are public domain\".This photographic reproduction is therefore also considered to be in the public domain in the United States. In other jurisdictions, re-use of this content may be restricted; see Reuse of PD-Art photographs for details.\n\n\n\n"}, {"url": "https://commons.wikimedia.org/wiki/File:Vittorio_Corcos_Principessa_Maria_Jos%C3%A9.jpg", "metadata": {"og:image": "https://upload.wikimedia.org/wikipedia/commons/thumb/a/a8/Vittorio_Corcos_Principessa_Maria_Jos%C3%A9.jpg/640px-Vittorio_Corcos_Principessa_Maria_Jos%C3%A9.jpg", "og:image:width": "640", "og:image:height": "755", "og:title": "File:Vittorio Corcos Principessa Maria Jos\u00e9.jpg - Wikimedia Commons", "og:type": "website"}, "text": "\n\n\n\nVittorio Matteo Corcos: English:  Portrait of Maria Jos\u00e9, princess of Piedmont Italiano:  Ritratto di Maria Jos\u00e9, principessa di Piemonte\n\u00a0\u00a0(  \u00a0)\n\n\nArtist\n\n\n\n\n\n\nVittorio Matteo Corcos\n\u00a0(1859\u20131933)\u00a0\u00a0 \u00a0\n\n\n\n\n\nAlternative names\n\nVittorio-Matteo Corcos; Corcos; Vittorio Corcos; V. C.; Matteo Corcos\n\nDescription\nItalian painter\n\nDate of birth/death\n\n4 October 1859\u00a0\n8 November 1933\u00a0\n\nLocation of birth/death\n\nLivorno\nFlorence\n\nWork location\n\nFlorence (1886\u20131933); Great Britain (1884\u20131886); Paris (1880\u20131884); Naples (1878\u20131879); Florence; Paris (1886)\u00a0\n\nAuthority file\n\n: Q1384941\nVIAF:\u200969202320\nISNI:\u20090000000066638008\nULAN:\u2009500046324\nLCCN:\u2009nr97034077\nOpen Library:\u2009OL200073A\nWorldCat\n\n\n\nartist QS:P170,Q1384941\n\n\nTitle\n\n\nEnglish:  Portrait of Maria Jos\u00e9, princess of Piedmont Italiano:  Ritratto di Maria Jos\u00e9, principessa di Piemonte\n\n\nObject type\n\npaintingobject_type QS:P31,Q3305213\n\n\nDescription\n\n\nPortrait of Maria Jos\u00e9, princess of Piedmont (1931), by Vittorio Matteo Corcos\n\n\nDate\n\n1931date QS:P571,+1931-00-00T00:00:00Z/9\n\n\nMedium\n\noil on canvasmedium QS:P186,Q296955;P186,Q12321255,P518,Q861259\n\n\nCollection\n\nPrivate collectioninstitution QS:P195,Q768717\n\n\nSource/Photographer\n\nhttps://www.artribune.com/wp-content/uploads/2014/09/Vittorio-Corcos-Maria-Jos%C3%A9-S.A.R.-principessa-di-Piemonte-1931-Collezione-privata.jpg\n\n\n"}]