[{"url": "https://commons.wikimedia.org/wiki/File:Staatsbezoek_van_Groothertog_en_Groothertogin_van_Luxemburg_aan_ons_land._Balkon,_Bestanddeelnr_920-6933_CROP_Jos%C3%A9pine_Charlotte.jpg", "metadata": {"og:image": "https://upload.wikimedia.org/wikipedia/commons/9/9c/Staatsbezoek_van_Groothertog_en_Groothertogin_van_Luxemburg_aan_ons_land._Balkon%2C_Bestanddeelnr_920-6933_CROP_Jos%C3%A9pine_Charlotte.jpg", "og:image:width": "640", "og:image:height": "996", "og:title": "File:Staatsbezoek van Groothertog en Groothertogin van Luxemburg aan ons land. Balkon, Bestanddeelnr 920-6933 CROP Jos\u00e9pine Charlotte.jpg - Wikimedia Commons", "og:type": "website"}, "text": "\n\n\nDescriptionStaatsbezoek van Groothertog en Groothertogin van Luxemburg aan ons land. Balkon, Bestanddeelnr 920-6933 CROP Jos\u00e9pine Charlotte.jpg\n\nEnglish:  Jos\u00e9phine Charlotte of Belgium. Grand-Duchess of Luxembourg in 1967 (on a state visit to the Netherlands, Staatsbezoek van Groothertog en Groothertogin van Luxemburg aan ons land. Balkon en inspectie erewacht Datum\u00a0: 12 september 1967\n\n\nDate\n\n12 September 1967\n\n\nSource\n\n\n\n\nThis file has been extracted from another file: Staatsbezoek van Groothertog en Groothertogin van Luxemburg aan ons land. Balkon, Bestanddeelnr 920-6933.jpg\n\n\n\n\n\n\nAuthor\n\nRon Kroon / Anefo\n\n\n\n\n\nThis is an image from the Nationaal Archief, the Dutch National Archives, donated in the context of a partnership program. This tag does not indicate the copyright status of the attached work. A normal copyright tag is still required. See Commons:Licensing.\n\n\u0627\u0644\u0639\u0631\u0628\u064a\u0629\u00a0\u2219 Deutsch\u00a0\u2219 English\u00a0\u2219 fran\u00e7ais\u00a0\u2219 galego\u00a0\u2219 Bahasa Indonesia\u00a0\u2219 italiano\u00a0\u2219 \u65e5\u672c\u8a9e\u00a0\u2219 \u043c\u0430\u043a\u0435\u0434\u043e\u043d\u0441\u043a\u0438\u00a0\u2219 Nederlands\u00a0\u2219 portugu\u00eas\u00a0\u2219 \u0440\u0443\u0441\u0441\u043a\u0438\u0439\u00a0\u2219 \u0443\u043a\u0440\u0430\u0457\u043d\u0441\u044c\u043a\u0430\u00a0\u2219 \u7b80\u4f53\u4e2d\u6587\u00a0\u2219 \u7e41\u9ad4\u4e2d\u6587\u00a0\u2219 \u6b63\u9ad4\u4e2d\u6587\uff08\u81fa\u7063\uff09\u00a0\u2219 +/\u2212\n\n\n\n\n"}, {"url": "https://commons.wikimedia.org/wiki/File:Dual_Cypher_of_Grand_Duke_Jean_and_Grand_Duchess_Josephine_Charlotte_of_Luxembourg.svg", "metadata": {"og:image": "https://upload.wikimedia.org/wikipedia/commons/thumb/3/38/Dual_Cypher_of_Grand_Duke_Jean_and_Grand_Duchess_Josephine_Charlotte_of_Luxembourg.svg/640px-Dual_Cypher_of_Grand_Duke_Jean_and_Grand_Duchess_Josephine_Charlotte_of_Luxembourg.svg.png", "og:image:width": "640", "og:image:height": "942", "og:title": "File:Dual Cypher of Grand Duke Jean and Grand Duchess Josephine Charlotte of Luxembourg.svg - Wikimedia Commons", "og:type": "website"}, "text": "\n\n\nDescriptionDual Cypher of Grand Duke Jean and Grand Duchess Josephine Charlotte of Luxembourg.svg\n\nEnglish:  Dual Cypher of Grand Duke Jean and Grand Duchess Josephine Charlotte of Luxembourg\n\n\nDate\n\n22 February 2011, 06:01 (UTC)\n\n\nSource\n\nLesser coat of arms of the Grand Duke of Luxembourg (2000).svg\nwww.medal-medaille.com\n\n\nAuthor\n\n\u00a0This vector image includes elements that have been taken or adapted from this file:\u2009Lesser CoA luxembourg.svg (by\u00a0Katepanomegas).\nderivative work: Glasshouse\n\n\n"}, {"url": "https://commons.wikimedia.org/wiki/File:Coat_of_arms_of_Josephine_Charlotte_of_Luxembourg_(Order_of_Seraphim).svg", "metadata": {"og:image": "https://upload.wikimedia.org/wikipedia/commons/thumb/0/08/Coat_of_arms_of_Josephine_Charlotte_of_Luxembourg_%28Order_of_Seraphim%29.svg/640px-Coat_of_arms_of_Josephine_Charlotte_of_Luxembourg_%28Order_of_Seraphim%29.svg.png", "og:image:width": "640", "og:image:height": "1081", "og:title": "File:Coat of arms of Josephine Charlotte of Luxembourg (Order of Seraphim).svg - Wikimedia Commons", "og:type": "website"}, "text": "\n\n\nDescriptionCoat of arms of Josephine Charlotte of Luxembourg (Order of Seraphim).svg\n\nEnglish:  Coat of arms of Jos\u00e9phine Charlotte, Grand Duchess consort of Luxembourg as dame Grand Cross of the Order of the Seraphim (Sweden)\nSvenska:  Serafimerorden Josephine Charlotte av Belgien, storhertiginna av Luxemburg vapen\n\n\nDate\n\n27 October 2017\n\n\nSource\n\n[1]\n\n\nAuthor\n\nHeralder, elements by Sodacan\n\n\u00a0This vector image includes elements that have been taken or adapted from this file:\u2009Madeleinearms.svg (by\u00a0Leonid 2).\n\n\nPermission(Reusing this file)\n\nOwn work\n\n\n"}, {"url": "https://commons.wikimedia.org/wiki/File:Coat_of_arms_of_Jos%C3%A9phine_Charlotte_of_Luxembourg_(Order_of_Isabella_the_Catholic).svg", "metadata": {"og:image": "https://upload.wikimedia.org/wikipedia/commons/thumb/4/44/Coat_of_arms_of_Jos%C3%A9phine_Charlotte_of_Luxembourg_%28Order_of_Isabella_the_Catholic%29.svg/640px-Coat_of_arms_of_Jos%C3%A9phine_Charlotte_of_Luxembourg_%28Order_of_Isabella_the_Catholic%29.svg.png", "og:image:width": "640", "og:image:height": "942", "og:title": "File:Coat of arms of Jos\u00e9phine Charlotte of Luxembourg (Order of Isabella the Catholic).svg - Wikimedia Commons", "og:type": "website"}, "text": "\n\n\nDescriptionCoat of arms of Jos\u00e9phine Charlotte of Luxembourg (Order of Isabella the Catholic).svg\n\nEnglish:  Coat of arms of Jos\u00e9phine Charlotte, Grand Duchess consort of Luxembourg as Dame Grand Cross of the Order of Isabella the Catholic (Spain)\nEspa\u00f1ol:  Escudo de Josefina Carlota, gran duquesa de Luxemburgo como dama de la Gran Cruz de la Orden de Isabel la Cat\u00f3lica (Espa\u00f1a)\n\n\nDate\n\n29 October 2017\n\n\nSource\n\nOwn work\n\n\nAuthor\n\nHeralder, elements by Sodacan\n\n\n"}, {"url": "https://commons.wikimedia.org/wiki/File:Coat_of_arms_of_Jos%C3%A9phine_Charlotte_of_Luxembourg_(Order_of_the_Elephant).svg", "metadata": {"og:image": "https://upload.wikimedia.org/wikipedia/commons/thumb/5/50/Coat_of_arms_of_Jos%C3%A9phine_Charlotte_of_Luxembourg_%28Order_of_the_Elephant%29.svg/640px-Coat_of_arms_of_Jos%C3%A9phine_Charlotte_of_Luxembourg_%28Order_of_the_Elephant%29.svg.png", "og:image:width": "640", "og:image:height": "828", "og:title": "File:Coat of arms of Jos\u00e9phine Charlotte of Luxembourg (Order of the Elephant).svg - Wikimedia Commons", "og:type": "website"}, "text": "\n\n\nDescriptionCoat of arms of Jos\u00e9phine Charlotte of Luxembourg (Order of the Elephant).svg\n\nEnglish:  Coat of arms of Jos\u00e9phine Charlotte of Luxembourg (Order of the Elephant)\n\n\nDate\n\n2 March 2022\n\n\nSource\n\nOwn work\n\n\nAuthor\n\nSodacan & Heralder Sagrado Coraz\u00f3n\n\n\n"}, {"url": "https://commons.wikimedia.org/wiki/File:Dual_Cypher_of_Grand_Duke_Jean_and_Grand_Duchess_Josephine_Charlotte_of_Luxembourg.svg", "metadata": {"og:image": "https://upload.wikimedia.org/wikipedia/commons/thumb/3/38/Dual_Cypher_of_Grand_Duke_Jean_and_Grand_Duchess_Josephine_Charlotte_of_Luxembourg.svg/640px-Dual_Cypher_of_Grand_Duke_Jean_and_Grand_Duchess_Josephine_Charlotte_of_Luxembourg.svg.png", "og:image:width": "640", "og:image:height": "942", "og:title": "File:Dual Cypher of Grand Duke Jean and Grand Duchess Josephine Charlotte of Luxembourg.svg - Wikimedia Commons", "og:type": "website"}, "text": "\n\n\nDescriptionDual Cypher of Grand Duke Jean and Grand Duchess Josephine Charlotte of Luxembourg.svg\n\nEnglish:  Dual Cypher of Grand Duke Jean and Grand Duchess Josephine Charlotte of Luxembourg\n\n\nDate\n\n22 February 2011, 06:01 (UTC)\n\n\nSource\n\nLesser coat of arms of the Grand Duke of Luxembourg (2000).svg\nwww.medal-medaille.com\n\n\nAuthor\n\n\u00a0This vector image includes elements that have been taken or adapted from this file:\u2009Lesser CoA luxembourg.svg (by\u00a0Katepanomegas).\nderivative work: Glasshouse\n\n\n"}, {"url": "https://commons.wikimedia.org/wiki/File:Jos%C3%A9phine-Charlotte_vun_der_Belsch.jpg", "metadata": {"og:image": "https://upload.wikimedia.org/wikipedia/commons/3/33/Jos%C3%A9phine-Charlotte_vun_der_Belsch.jpg", "og:image:width": "640", "og:image:height": "1232", "og:title": "File:Jos\u00e9phine-Charlotte vun der Belsch.jpg - Wikimedia Commons", "og:type": "website"}, "text": "\n\n\nDescriptionJos\u00e9phine-Charlotte vun der Belsch.jpg\n\nJos\u00e9phine-Charlotte vun der Belsch\n\n\nDate\n\n1976\n\n\nSource\n\n\n\n\n\nThis image is available from the Romanian Communism Online Photo Collection under the digital ID 41418X11X12\n\n\n\nThe Romanian National Archives identifies, processes, systematizes, and makes available any photographic resources, regardless of their format, created during/about the communist regime in Romania, so that anyone can use them free of charge.[1] According to existing legislation and regulations of the Romanian National Archives, anyone that uses these photographs, regardless of purpose or nature of the work, is obliged to mention:[2]\n\nThe number of the photo (e.g. #G008)\nThe complete name of the database (Fototeca online a comunismului rom\u00e2nesc)\nThe date of access to the database, in round brackets (e.g. (20.05.2024))\nThe archive quota of the work: ANIC, archival database, structural part, thematic subdivision, quota (e.g. ANIC, ISISP archival database, Nicolae Ceau\u015fescu \u2013 Portraits, 8/1966)\n\nEnglish\u00a0| \u4e2d\u6587\u00a0| \u7b80\u4f53\u4e2d\u6587\u00a0| \u7e41\u9ad4\u4e2d\u6587\u00a0| +/\u2212\n\n\n\n\n\n\n\n\nThe copyright holder of this file allows anyone to use it for any purpose, provided that the copyright holder is properly attributed. Redistribution, derivative work, commercial use, and all other use is permitted.\n\n\n\nAttribution\n\n\n\n\n\n\u00a0\n\n\nThis work is free and may be used by anyone for any purpose. If you wish to use this content, you do not need to request permission as long as you follow any licensing requirements mentioned on this page.\nThe Wikimedia Foundation has received an e-mail confirming that the copyright holder has approved publication under the terms mentioned on this page. This correspondence has been reviewed by a Volunteer Response Team (VRT) member and stored in our permission archive. The correspondence is available to trusted volunteers as ticket #2012020610003003.\nIf you have questions about the archived correspondence, please use the VRT noticeboard.\nTicket link: https://ticket.wikimedia.org/otrs/index.pl?Action=AgentTicketZoom&TicketNumber=2012020610003003\nFind other files from the same ticket: \n\n\n\n\n\n\nAuthor\n\nRomanian Communism Online Photo Collection\n\n\n"}, {"url": "https://commons.wikimedia.org/wiki/File:La_Princesse_Jos%C3%A9phine_Charlotte.jpg", "metadata": {"og:image": "https://upload.wikimedia.org/wikipedia/commons/6/69/La_Princesse_Jos%C3%A9phine_Charlotte.jpg", "og:image:width": "640", "og:image:height": "965", "og:title": "File:La Princesse Jos\u00e9phine Charlotte.jpg - Wikimedia Commons", "og:type": "website"}, "text": "\n\n\nDescriptionLa Princesse Jos\u00e9phine Charlotte.jpg\n\nFran\u00e7ais\u00a0:  La Princesse Jos\u00e9phine Charlotte - Junior d'Honneur de la Croix-Rouge de Belgique en uniforme.\n\n\nDate\n\n12 August 2013, 23:05:57\n\n\nSource\n\nCarte Postale ancienne\n\n\nAuthor\n\nUnknown authorUnknown author\n\n\n"}, {"url": "https://commons.wikimedia.org/wiki/File:Plaque_Douane_Rodange-103.jpg", "metadata": {"og:image": "https://upload.wikimedia.org/wikipedia/commons/thumb/4/44/Plaque_Douane_Rodange-103.jpg/640px-Plaque_Douane_Rodange-103.jpg", "og:image:width": "640", "og:image:height": "790", "og:title": "File:Plaque Douane Rodange-103.jpg - Wikimedia Commons", "og:type": "website"}, "text": "\n\n\nDescriptionPlaque Douane Rodange-103.jpg\n\nL\u00ebtzebuergesch:  D'fr\u00e9iert Douaneshaischen zu Rodange vu wou d'Groussherzogin den 10. Mee 1940 iwwer d'Grenz no Frankr\u00e4ich an den Exil goung. D'Commemoratiounsplacke l\u00e9nks um Gebai.\n\n\nDate\n\n17 February 2019\n\n\nSource\n\nOwn picture Jwh\n\n\nAuthor\n\nSelf-photographed by Jwh\n\n\n"}, {"url": "https://commons.wikimedia.org/wiki/File:PM_110552_Liebig_Chromos.jpg", "metadata": {"og:image": "https://upload.wikimedia.org/wikipedia/commons/4/4b/PM_110552_Liebig_Chromos.jpg", "og:image:width": "640", "og:image:height": "1019", "og:title": "File:PM 110552 Liebig Chromos.jpg - Wikimedia Commons", "og:type": "website"}, "text": "\n\n\nDescriptionPM 110552 Liebig Chromos.jpg\n\nEnglish:  Liebig Chromos. Trade card. Series 1346A, The life of Queen Astrid of Belgium. 1936. Private collection Paul MR Maeyaert. 11 x 7,1cm.\u00a0; Ref: PM_110552_Liebig_Chromos; www.pmrmaeyaert.eu; www.polmayer.com; Cultural heritage; Cultural heritage|Techniques|Postcard trade card; Europe|Belgium. Text on reverse: LA VIE DE LA REINE ASTRID; La Princesse populaire. 4; Les ann\u00e9es qui allaient suivre devaient faire p\u00e9n\u00e9trer plus avant encore dans les c\u0153urs la future Reine des Belges. Ne la voyait-on pas, sans nul souci du protocole, qu'elle avait appris \u00e0 m\u00e9priser durant son heureuse et simple enfance, se promener au Bois, \u00e0 l'avenue Louise, visiter les grands magasins?; Quand naquit la Princesse Jos\u00e9phine-Charlotte, l'a\u00een\u00e9e des trois beaux enfants dans les yeux desquels le couple princier, puis royal, devait, trop bri\u00e8vement, contempler un reflet de deux nobles \u00e2mes, Bruxelles prit l'habitude de rencontrer, sous ses all\u00e9es, une jeune maman poussant une voiture. Ostende la vit, pareillement simple, sur sa digue et sur sa plage. Mais c'est aux jours de revue militaire et particuli\u00e8rement lors de la f\u00eate patronale du feu Roi Albert, le 8 avril de chaque ann\u00e9e, que la population se sentait d\u00e9licatement flatt\u00e9e de voir, rang\u00e9es parmi les spectateurs, la Duchesse de Brabant et son espi\u00e8gle fillette, attendant le passage du Prince L\u00e9opold, alors chef de r\u00e9giment, dont le visage s'\u00e9clairait \u00e0 leur vue, tandis qu'il les saluait d'un geste large de son \u00e9p\u00e9e nue.;\n\n\nDate\n\n11 April 2018, 12:30:55\n\n\nSource\n\nOwn work\n\n\nAuthor\n\nPMRMaeyaert\n\n\n"}, {"url": "https://commons.wikimedia.org/wiki/File:Queen_Astrid_of_the_Belgians_with_her_daughter_Jos%C3%A9phine-Charlotte.jpg", "metadata": {"og:image": "https://upload.wikimedia.org/wikipedia/commons/thumb/a/a6/Queen_Astrid_of_the_Belgians_with_her_daughter_Jos%C3%A9phine-Charlotte.jpg/640px-Queen_Astrid_of_the_Belgians_with_her_daughter_Jos%C3%A9phine-Charlotte.jpg", "og:image:width": "640", "og:image:height": "941", "og:title": "File:Queen Astrid of the Belgians with her daughter Jos\u00e9phine-Charlotte.jpg - Wikimedia Commons", "og:type": "website"}, "text": "\n\n\nDescriptionQueen Astrid of the Belgians with her daughter Jos\u00e9phine-Charlotte.jpg\n\nEnglish:  Queen Astrid of the Belgians with her daughter Jos\u00e9phine-Charlotte (later Grand Duchess of Luxembourg)\n\n\nDate\n\n1930sdate QS:P,+1930-00-00T00:00:00Z/8\n\n\nSource\n\nhttps://ru-royalty.livejournal.com/7911786.html\n\n\nAuthor\n\nUnknown authorUnknown author\n\n\n"}]