[{"url": "https://commons.wikimedia.org/wiki/File:Queen_Marie_Henriette_with_her_daughters.jpg", "metadata": {"og:image": "https://upload.wikimedia.org/wikipedia/commons/thumb/2/27/Queen_Marie_Henriette_with_her_daughters.jpg/640px-Queen_Marie_Henriette_with_her_daughters.jpg", "og:image:width": "640", "og:image:height": "439", "og:title": "File:Queen Marie Henriette with her daughters.jpg - Wikimedia Commons", "og:type": "website"}, "text": "\n\n\nDescriptionQueen Marie Henriette with her daughters.jpg\n\nEnglish:  Queen Marie Henriette with 3 daughters: Louise, St\u00e9phanie and Cl\u00e9mentine.\n\n\nDate\n\n1889\n\n\nSource\n\nhttps://www.flickr.com/photos/mrsfujita/14585209235/sizes/o/\n\n\nAuthor\n\nUnknown authorUnknown author\n\n\n"}]