[{"url": "https://commons.wikimedia.org/wiki/File:Hofball_Erzherzogin_Maria_Josepha_H%C3%A4lt_Cercle.jpg", "metadata": {"og:image": "https://upload.wikimedia.org/wikipedia/commons/thumb/0/00/Hofball_Erzherzogin_Maria_Josepha_H%C3%A4lt_Cercle.jpg/640px-Hofball_Erzherzogin_Maria_Josepha_H%C3%A4lt_Cercle.jpg", "og:image:width": "640", "og:image:height": "509", "og:title": "File:Hofball Erzherzogin Maria Josepha H\u00e4lt Cercle.jpg - Wikimedia Commons", "og:type": "website"}, "text": "\n\n\nDescriptionHofball Erzherzogin Maria Josepha H\u00e4lt Cercle.jpg\n\nEspa\u00f1ol:  Hofball: Erzherzogin Maria Josepha H\u00e4lt Cercle\n\n\nDate\n\n1898\n\n\nSource\n\nhttps://digi.landesbibliothek.at/viewer/image/AC03674064/68/\n\n\nAuthor\n\n\n\n\n\nTheo Zasche\n\u00a0(1862\u20131922)\u00a0\u00a0 \u00a0\n\n\n\n\n\nAlternative names\n\nTheodor Zasche\n\nDescription\nAustrian painter, filmmaker, caricaturist, porcelain painter and artistSon of the painter Josef Zasche; student of Ferdinand Laufberger and Julius Viktor Berger at the Kunstgewerbeschule, Vienna. Worked for the magazines: \"Floh\", \"Wiener Witzblatt\" and \"Wiener Luft\" (Vienna), \"Lustige Bl\u00e4tter\" (Berlin) \"Fliegende Bl\u00e4tter\" (Munich). Member of the Wiener K\u00fcnstlerhaus\n\nDate of birth/death\n\n18 October 1862\u00a0\n15 November 1922\u00a0\n\nLocation of birth/death\n\nVienna\nVienna\n\nWork location\n\nAustria; Berlin; Munich; Vienna\u00a0\n\nAuthority file\n\n: Q15845280\nVIAF:\u200976226589\nISNI:\u2009000000011493737X\nULAN:\u2009500069476\nLCCN:\u2009nr98001397\nGND:\u20091020903988\nWorldCat\n\n\n\ncreator QS:P170,Q15845280\n\n\n"}, {"url": "https://commons.wikimedia.org/wiki/File:Hofball_In_Theesalon.jpg", "metadata": {"og:image": "https://upload.wikimedia.org/wikipedia/commons/thumb/e/ee/Hofball_In_Theesalon.jpg/640px-Hofball_In_Theesalon.jpg", "og:image:width": "640", "og:image:height": "489", "og:title": "File:Hofball In Theesalon.jpg - Wikimedia Commons", "og:type": "website"}, "text": "\n\n\nDescriptionHofball In Theesalon.jpg\n\nDeutsch:  Hofball: In Theesalon\n\n\nDate\n\n1898\n\n\nSource\n\nhttps://digi.landesbibliothek.at/viewer/image/AC03674064/74/\n\n\nAuthor\n\n\n\n\n\nArt\u00far Lajos Halmi\n\u00a0(1866\u20131939)\u00a0\u00a0 \u00a0\n\n\n\n\n\nAlternative names\n\nBirth name: Hatschek Arnold; Artur Lajos Halmi; Artur L. Halmi; Artur Louis Halmi; Halmi; Arthur Louis Halmi; Artur Halmi\n\nDescription\nHungarian painter\n\nDate of birth/death\n\n8 December 1866\u00a0\n4 December 1939\u00a0\n\nLocation of birth/death\n\nPest\nNew York City\n\nAuthority file\n\n: Q4134224\nVIAF:\u200995762978\nISNI:\u20090000000069637940\nULAN:\u2009500013418\nLCCN:\u2009nr89018226\nNLA:\u200955035257\nWorldCat\n\n\n\ncreator QS:P170,Q4134224\n\n\n"}, {"url": "https://commons.wikimedia.org/wiki/File:Franz_Joseph_I_und_die_Seinen.jpg", "metadata": {"og:image": "https://upload.wikimedia.org/wikipedia/commons/thumb/0/05/Franz_Joseph_I_und_die_Seinen.jpg/640px-Franz_Joseph_I_und_die_Seinen.jpg", "og:image:width": "640", "og:image:height": "477", "og:title": "File:Franz Joseph I und die Seinen.jpg - Wikimedia Commons", "og:type": "website"}, "text": "\n\n\nDescriptionFranz Joseph I und die Seinen.jpg\n\n\"Franz Joseph I. und die Seinen\", Darstellung der gesamten kaiserlichen Familie, Druck der deutschen Verlagsanstalt Stuttgart, 45,5x 30,5 cm\n\nMarie Valerie, Kaiserin Elisabeth, Erzherzogin Elisabeth, Kaiser Franz Joseph, Erzherzogin Stephanie, Erzherzog Rudolf, Prinz Konrad (* 1883), Prinzessin Gisela und Prinz Leopold von Bayern, Prinz Georg, Prinzessin Elisabeth Marie von Bayern (oben), Prinzessin Augusta Maria von Bayern (unten)\n\n\nDate\n\nafter 1883date QS:P,+1883-00-00T00:00:00Z/7,P1319,+1883-00-00T00:00:00Z/9\n\n\nSource\n\nDorotheum\n\n\nAuthor\n\nAnonymousUnknown author\n\n\n"}, {"url": "https://commons.wikimedia.org/wiki/File:Stephanie_von_Belgien_Litho.jpg", "metadata": {"og:image": "https://upload.wikimedia.org/wikipedia/commons/thumb/d/da/Stephanie_von_Belgien_Litho.jpg/640px-Stephanie_von_Belgien_Litho.jpg", "og:image:width": "640", "og:image:height": "954", "og:title": "File:Stephanie von Belgien Litho.jpg - Wikimedia Commons", "og:type": "website"}, "text": "\n\n\nDescriptionStephanie von Belgien Litho.jpg\n\nDeutsch:  Stephanie von Belgien (1864-1945), Erzherzogin von \u00d6sterreich, Kronprinzessin.  Lithographie von Adolf Dauthage, 1880\n\n\nDate\n\n1880\n\n\nSource\n\nEigenes Foto einer Originallithographie der Albertina (Wien)\n\n\nAuthor\n\nAdolf Dauthage (1825-1883)\n\n\n"}]