[{"url": "https://commons.wikimedia.org/wiki/File:Queen_Elisabeth_of_the_Belgians_with_Royal_Belgian_Family_in_1916.jpg", "metadata": {"og:image": "https://upload.wikimedia.org/wikipedia/commons/thumb/4/47/Queen_Elisabeth_of_the_Belgians_with_Royal_Belgian_Family_in_1916.jpg/640px-Queen_Elisabeth_of_the_Belgians_with_Royal_Belgian_Family_in_1916.jpg", "og:image:width": "640", "og:image:height": "360", "og:title": "File:Queen Elisabeth of the Belgians with Royal Belgian Family in 1916.jpg - Wikimedia Commons", "og:type": "website"}, "text": "\n\n\nDescriptionQueen Elisabeth of the Belgians with Royal Belgian Family in 1916.jpg\n\nEnglish:  Queen Elizabeth of the Belgians photographing King George V. (not shown) while he is decorating British soldiers at the front. Behind her are the Royal Belgian Children, Prince Charles Theodore, Princess Marie Jose, and Prince Leopold, Heir to the Throne. Beside the\nlatter, in the foreground, is the Prince of Wales. (Photo from Central News Photo Service.)\n\n\nDate\n\n13 August 1916\n\n\nSource\n\nThe New York times (New-York, N.Y.), September 10, 1916\n\n\nAuthor\n\nCentral News Photo Service\n\n\nOther versions\n\n\n\n\n\n\n\n\n\n"}, {"url": "https://commons.wikimedia.org/wiki/File:The_Official_Visits_To_the_Western_Front,_1914-1918_Q986.jpg", "metadata": {"og:image": "https://upload.wikimedia.org/wikipedia/commons/thumb/8/82/The_Official_Visits_To_the_Western_Front%2C_1914-1918_Q986.jpg/640px-The_Official_Visits_To_the_Western_Front%2C_1914-1918_Q986.jpg", "og:image:width": "640", "og:image:height": "480", "og:title": "File:The Official Visits To the Western Front, 1914-1918 Q986.jpg - Wikimedia Commons", "og:type": "website"}, "text": "\n\n\n\nArtist\n\n\n\n\n\n\nErnest Brooks\n\u00a0(1878\u20131958)\u00a0\u00a0 \u00a0\n\n\n\n\n\nAlternative names\n\nE. \"Baby\" Brooks\n\nDescription\nBritish photographer\n\nDate of birth/death\n\n23 February 1878\u00a0\n1958\u00a0\n\nLocation of birth/death\n\nFaringdon\nHendon\n\nAuthority file\n\n: Q5392825\nVIAF:\u2009310508752\nGND:\u20091055006095\n\n\n\nartist QS:P170,Q5392825\n\n\nDescription\n\n\nEnglish:  The Official Visits To the Western Front, 1914-1918\nAlbert I (wearing the uniform of a colonel of the 5th Dragoon Guards), King of Belgians, and Elisabeth, Queen of Belgians, with their two sons, watching the presentation of decorations to about 30 Belgian officers by King George V at La Panne, 13th August 1916.\n\n\nDate\n\n13 August 1916 (First World War)\n\n\nSource/Photographer\n\nhttp://media.iwm.org.uk/iwm/mediaLib//228/media-228107/large.jpg\n\n\n\n\n\n\n\nThis photograph Q 986 comes from the collections of the Imperial War Museums.\n\n\n\n\n\n\nPermission(Reusing this file)\n\nThis image was created and released by the Imperial War Museum on the IWM Non Commercial Licence. Photographs taken, or artworks created, by a member of the forces during their active service duties are covered by Crown Copyright provisions. Faithful reproductions may be reused under that licence, which is considered expired 50 years after their creation.\n\n\nOther versions\n\n\n\n\n\n\n\n\nPart ofInfoFieldMinistry of Information First World War Official Collection\n\nSubjectsInfoField\nAssociated items\nPhotography\nAssociated people and organisations\nBelgian Army, Elisabeth, Queen of Belgium, Albert I, King of Belgium, Leopold III, King of Belgium, Charles, Prince of Belgium\nAssociated places\nLa Panne, Pas-de-Calais, France\nAssociated themes\nAllied Personalities 1914-1918, Belgian Army 1914-1918, Western Front 1914-1918\nAssociated keywords\nCeremony, Royalty\n\nCategoryInfoFieldphotographs\n\nImage SortedInfoFieldyes\n\n\n"}]