[{"url": "https://commons.wikimedia.org/wiki/File:Marie-Jos%C3%A9_of_Belgium_aged_9_-_Project_Gutenberg_etext_20521.jpg", "metadata": {"og:image": "https://upload.wikimedia.org/wikipedia/commons/0/01/Marie-Jos%C3%A9_of_Belgium_aged_9_-_Project_Gutenberg_etext_20521.jpg", "og:image:width": "640", "og:image:height": "860", "og:title": "File:Marie-Jos\u00e9 of Belgium aged 9 - Project Gutenberg etext 20521.jpg - Wikimedia Commons", "og:type": "website"}, "text": "\n\n\nDescriptionMarie-Jos\u00e9 of Belgium aged 9 - Project Gutenberg etext 20521.jpg\n\nMarie-Jos\u00e9 of Belgium, aged 9\n\n\nDate\n\n1915\n\n\nSource\n\nProject Gutenberg's Current History, A Monthly Magazine, by New York Times - http://www.gutenberg.org/etext/20521\n\n\nAuthor\n\nPhoto credit \"Underwood & Underwood.\"\n\n\nPermission(Reusing this file)\n\n\n\nPublic domainPublic domainfalsefalse\n\n\n\n\n\nThis image comes from the Project Gutenberg archives. This is an image that has come from a book or document for which the American copyright has expired and this image is in the public domain in the United States and possibly other countries.\n\n Note: Not all works on Project Gutenberg are in the public domain. Some public domain works may have trademark restrictions where all references to the Project Gutenberg must be removed unless the following text is prominently displayed according to The Full Project Gutenberg License in Legalese (normative):\n\n\nThis eBook is for the use of anyone anywhere at no cost and with almost no restrictions whatsoever. You may copy it, give it away or re-use it under the terms of the Project Gutenberg License included with this eBook or online at www.gutenberg.net.\n\n\n\n\n\nOther versions\n\nDerivative works of this file:\u00a0 Marie-Jos\u00e9 of Belgium aged 9 - Project Gutenberg etext 20521.png:\u00a0\n\n\n"}, {"url": "https://commons.wikimedia.org/wiki/File:Marie-Jos%C3%A9_of_Belgium_aged_9_-_Project_Gutenberg_etext_20521.png", "metadata": {"og:image": "https://upload.wikimedia.org/wikipedia/commons/4/45/Marie-Jos%C3%A9_of_Belgium_aged_9_-_Project_Gutenberg_etext_20521.png", "og:image:width": "640", "og:image:height": "900", "og:title": "File:Marie-Jos\u00e9 of Belgium aged 9 - Project Gutenberg etext 20521.png - Wikimedia Commons", "og:type": "website"}, "text": "\n\n\nDescriptionMarie-Jos\u00e9 of Belgium aged 9 - Project Gutenberg etext 20521.png\n\nMarie-Jos\u00e9 of Belgium, aged 9\n\n\nDate\n\n1915\ndate of the derivative work: 2012-02-23 02:31 (UTC)\n\n\nSource\n\nThis file was derived from: Marie-Jos\u00e9 of Belgium aged 9 - Project Gutenberg etext 20521.jpg:\u00a0\n\n\nAuthor\n\nMarie-Jos\u00e9_of_Belgium_aged_9_-_Project_Gutenberg_etext_20521.jpg: Photo credit \"Underwood & Underwood.\"\nderivative work: Yjenith (talk)\n\n\n"}]