[{"url": "https://commons.wikimedia.org/wiki/File:Arms_of_the_Duchess_of_Brabant.svg", "metadata": {"og:image": "https://upload.wikimedia.org/wikipedia/commons/thumb/8/8a/Arms_of_the_Duchess_of_Brabant.svg/640px-Arms_of_the_Duchess_of_Brabant.svg.png", "og:image:width": "640", "og:image:height": "701", "og:title": "File:Arms of the Duchess of Brabant.svg - Wikimedia Commons", "og:type": "website"}, "text": "\n\n\nDescriptionArms of the Duchess of Brabant.svg\n\nEnglish:  Arms of the Duchess of Brabant\n\n\nDate\n\n24 July 2019\n\n\nSource\n\nOwn work\n\n\nAuthor\n\nSodacan\n\n\n"}, {"url": "https://commons.wikimedia.org/wiki/File:Coat_of_arms_of_the_Duchess_of_Brabant.svg", "metadata": {"og:image": "https://upload.wikimedia.org/wikipedia/commons/thumb/f/f3/Coat_of_arms_of_the_Duchess_of_Brabant.svg/640px-Coat_of_arms_of_the_Duchess_of_Brabant.svg.png", "og:image:width": "640", "og:image:height": "698", "og:title": "File:Coat of arms of the Duchess of Brabant.svg - Wikimedia Commons", "og:type": "website"}, "text": "\n\n\nDescriptionCoat of arms of the Duchess of Brabant.svg\n\nEnglish:  Coat of arms of the Duchess of Brabant, in accordance with the Royal Decree published on 19 July and signed on 12 July 2019. Given by her father: Philippe, King of the Belgians.\n\n\nDate\n\n24 July 2019\n\n\nSource\n\nOwn work\n\n\nAuthor\n\nSodacan\n\n\n"}]