[{"url": "https://commons.wikimedia.org/wiki/File:De_viering_van_het_zevende_eeuwfeest_van_de_stichting_van_het_Prinselijk_Begijnhof_%27De_Wijngaard%27.jpg", "metadata": {"og:image": "https://upload.wikimedia.org/wikipedia/commons/e/e2/De_viering_van_het_zevende_eeuwfeest_van_de_stichting_van_het_Prinselijk_Begijnhof_%27De_Wijngaard%27.jpg", "og:image:width": "640", "og:image:height": "472", "og:title": "File:De viering van het zevende eeuwfeest van de stichting van het Prinselijk Begijnhof 'De Wijngaard'.jpg - Wikimedia Commons", "og:type": "website"}, "text": "\n\n\nDescriptionDe viering van het zevende eeuwfeest van de stichting van het Prinselijk Begijnhof 'De Wijngaard'.jpg\n\nNederlands:  Beeldopname van het Zevende Eeuwfeest, dat gevierd werd op 8, 9 en 10 augustus 1925. Centraal in het wit gekleed staat koningin Elisabeth, die als meter een bezoek aan de festiviteiten bracht op 8 augustus. Rechts van haar loopt provinciegouverneur L\u00e9on Janssens de Bisthoven; aan haar andere zijde wandelt grootjuffrouw Genevi\u00e8ve de Limon Triest. Ook prinses Marie-Jos\u00e9 en kardinaal D\u00e9sir\u00e9-Joseph Mercier waren aanwezig bij deze feestelijkheden.\n\n\nDate\n\n8 August 1925\n\n\nSource\n\nhttps://zoeken.erfgoedbrugge.be/detail.php?nav_id=1-1&id=325078178&index=0&cmvolgnummer=\n\n\nAuthor\n\nStadsarchief Brugge / Guillaume Michiels\n\n\n"}]