[{"url": "https://commons.wikimedia.org/wiki/File:Stephanie_louise.jpg", "metadata": {"og:image": "https://upload.wikimedia.org/wikipedia/commons/5/53/Stephanie_louise.jpg", "og:image:width": "640", "og:image:height": "875", "og:title": "File:Stephanie louise.jpg - Wikimedia Commons", "og:type": "website"}, "text": "\n\n\nDescriptionStephanie louise.jpg\n\nEnglish:  Louise (1858-1924) & Stephanie (1864-1945) - princesess of Belgium\n\u0420\u0443\u0441\u0441\u043a\u0438\u0439:  \u041b\u0443\u0438\u0437\u0430 (1858-1924)(\u0433\u0435\u0440\u0446\u043e\u0433\u0438\u043d\u044f \u0421\u0430\u043a\u0441\u0435\u043d-\u041a\u043e\u0431\u0443\u0440\u0433-\u0413\u043e\u0441\u043a\u0430\u044f;\u0441\u0442\u043e\u0438\u0442) \u0438 \u0421\u0442\u0435\u0444\u0430\u043d\u0438\u044f (1864-1945) (\u043a\u0440\u043e\u043d\u043f\u0440\u0438\u043d\u0446\u0435\u0441\u0441\u0430 \u0410\u0432\u0441\u0442\u0440\u0438\u0438) -\u0434\u043e\u0447\u0435\u0440\u0438 \u041b\u0435\u043e\u043f\u043e\u043b\u044c\u0434\u0430 II \u043a\u043e\u0440\u043e\u043b\u044f \u0411\u0435\u043b\u044c\u0433\u0438\u0438.\n\n\nDate\n\ncirca 1880date QS:P,+1880-00-00T00:00:00Z/9,P1480,Q5727902\n\n\nSource\n\nhttp://www.theroyalforums.com/forums/f159/princess-louise-duchess-of-saxe-coburg-gotha-1858-1924-a-13810.html\n\n\nAuthor\n\nUnknown authorUnknown author\n\n\n"}]