[{"url": "https://commons.wikimedia.org/wiki/File:Arms_of_a_Princess_of_Belgium_(1921-2019).svg", "metadata": {"og:image": "https://upload.wikimedia.org/wikipedia/commons/thumb/1/17/Arms_of_a_Princess_of_Belgium_%281921-2019%29.svg/640px-Arms_of_a_Princess_of_Belgium_%281921-2019%29.svg.png", "og:image:width": "640", "og:image:height": "701", "og:title": "File:Arms of a Princess of Belgium (1921-2019).svg - Wikimedia Commons", "og:type": "website"}, "text": "\n\n\nDescriptionArms of a Princess of Belgium (1921-2019).svg\n\nEnglish:  Arms of a Princess of Belgium (1921-2019)\n\n\nDate\n\n24 July 2019\n\n\nSource\n\nOwn work\n\n\nAuthor\n\nSodacan\n\n\n"}, {"url": "https://commons.wikimedia.org/wiki/File:Arms_of_a_Princess_of_Belgium_(before_1921).svg", "metadata": {"og:image": "https://upload.wikimedia.org/wikipedia/commons/thumb/f/f6/Arms_of_a_Princess_of_Belgium_%28before_1921%29.svg/640px-Arms_of_a_Princess_of_Belgium_%28before_1921%29.svg.png", "og:image:width": "640", "og:image:height": "701", "og:title": "File:Arms of a Princess of Belgium (before 1921).svg - Wikimedia Commons", "og:type": "website"}, "text": "\n\n\nDescriptionArms of a Princess of Belgium (before 1921).svg\n\nEnglish:  Arms of the Princess of Belgium (1880-1921)\n\n\nDate\n\n28 September 2013, 11:42:01\n\n\nSource\n\nOwn work\n\n\nAuthor\n\nSodacan\n\n\nPermission(Reusing this file)\n\n\n\n\n\nThis image shows a flag, a coat of arms, a seal or some other official insignia. The use of such symbols is restricted in many countries. These restrictions are independent of the copyright status.\n I, the copyright holder of this work, hereby publish it under the following license:\n\n This file is licensed under the Creative Commons Attribution-Share Alike 3.0 Unported license.\nYou are free:\nto share \u2013 to copy, distribute and transmit the work\nto remix \u2013 to adapt the work\nUnder the following conditions:\nattribution \u2013 You must give appropriate credit, provide a link to the license, and indicate if changes were made. You may do so in any reasonable manner, but not in any way that suggests the licensor endorses you or your use.\nshare alike \u2013 If you remix, transform, or build upon the material, you must distribute your contributions under the same or compatible license as the original.https://creativecommons.org/licenses/by-sa/3.0CC BY-SA 3.0 Creative Commons Attribution-Share Alike 3.0 truetrue\n\n\n"}, {"url": "https://commons.wikimedia.org/wiki/File:Arms_of_a_Princess_of_Belgium.svg", "metadata": {"og:image": "https://upload.wikimedia.org/wikipedia/commons/thumb/7/75/Arms_of_a_Princess_of_Belgium.svg/640px-Arms_of_a_Princess_of_Belgium.svg.png", "og:image:width": "640", "og:image:height": "701", "og:title": "File:Arms of a Princess of Belgium.svg - Wikimedia Commons", "og:type": "website"}, "text": "\n\n\nDescriptionArms of a Princess of Belgium.svg\n\nEnglish:  Arms of the Princess of Belgium\n\n\nDate\n\n28 September 2013, 11:37:58\n\n\nSource\n\nOwn work\n\n\nAuthor\n\nSodacan\n\n\nPermission(Reusing this file)\n\n\n\n\n\nThis image shows a flag, a coat of arms, a seal or some other official insignia. The use of such symbols is restricted in many countries. These restrictions are independent of the copyright status.\n I, the copyright holder of this work, hereby publish it under the following license:\n\n This file is licensed under the Creative Commons Attribution-Share Alike 3.0 Unported license.\nYou are free:\nto share \u2013 to copy, distribute and transmit the work\nto remix \u2013 to adapt the work\nUnder the following conditions:\nattribution \u2013 You must give appropriate credit, provide a link to the license, and indicate if changes were made. You may do so in any reasonable manner, but not in any way that suggests the licensor endorses you or your use.\nshare alike \u2013 If you remix, transform, or build upon the material, you must distribute your contributions under the same or compatible license as the original.https://creativecommons.org/licenses/by-sa/3.0CC BY-SA 3.0 Creative Commons Attribution-Share Alike 3.0 truetrue\n\n\n"}, {"url": "https://commons.wikimedia.org/wiki/File:Arms_of_a_Princess_of_the_Royal_House_of_Belgium.svg", "metadata": {"og:image": "https://upload.wikimedia.org/wikipedia/commons/thumb/0/03/Arms_of_a_Princess_of_the_Royal_House_of_Belgium.svg/640px-Arms_of_a_Princess_of_the_Royal_House_of_Belgium.svg.png", "og:image:width": "640", "og:image:height": "701", "og:title": "File:Arms of a Princess of the Royal House of Belgium.svg - Wikimedia Commons", "og:type": "website"}, "text": "\n\n\nDescriptionArms of a Princess of the Royal House of Belgium.svg\n\nEnglish:  Arms of a Princess of the Royal House of Belgium\n\n\nDate\n\n24 July 2019\n\n\nSource\n\nOwn work\n\n\nAuthor\n\nSodacan\n\n\n"}, {"url": "https://commons.wikimedia.org/wiki/File:Blason_Princesse_de_Belgique_jusqu%27en_1921.svg", "metadata": {"og:image": "https://upload.wikimedia.org/wikipedia/commons/thumb/e/e3/Blason_Princesse_de_Belgique_jusqu%27en_1921.svg/640px-Blason_Princesse_de_Belgique_jusqu%27en_1921.svg.png", "og:image:width": "640", "og:image:height": "705", "og:title": "File:Blason Princesse de Belgique jusqu'en 1921.svg - Wikimedia Commons", "og:type": "website"}, "text": "\n\n\nDescriptionBlason Princesse de Belgique jusqu'en 1921.svg\n\nFran\u00e7ais\u00a0:  Armoiries princesse de Belgique jusqu'en 1921\n\n\nDate\n\n27 October 2012, 14:02:18\n\n\nSource\n\nOwn work\n\n\nAuthor\n\nTretinville\n\n\n"}, {"url": "https://commons.wikimedia.org/wiki/File:Coat_of_arms_of_a_Princess_of_Belgium.svg", "metadata": {"og:image": "https://upload.wikimedia.org/wikipedia/commons/thumb/d/d4/Coat_of_arms_of_a_Princess_of_Belgium.svg/640px-Coat_of_arms_of_a_Princess_of_Belgium.svg.png", "og:image:width": "640", "og:image:height": "698", "og:title": "File:Coat of arms of a Princess of Belgium.svg - Wikimedia Commons", "og:type": "website"}, "text": "\n\n\nDescriptionCoat of arms of a Princess of Belgium.svg\n\nEnglish:  Coat of arms of a Princess of Belgium, in accordance with the Royal Decree published on 19 July and signed on 12 July 2019, by King Philippe of Belgium.\n\n\nDate\n\n24 July 2019\n\n\nSource\n\nOwn work\n\n\nAuthor\n\nSodacan\n\n\n"}, {"url": "https://commons.wikimedia.org/wiki/File:Coat_of_arms_of_a_Princess_of_the_Royal_House_of_Belgium.svg", "metadata": {"og:image": "https://upload.wikimedia.org/wikipedia/commons/thumb/4/42/Coat_of_arms_of_a_Princess_of_the_Royal_House_of_Belgium.svg/640px-Coat_of_arms_of_a_Princess_of_the_Royal_House_of_Belgium.svg.png", "og:image:width": "640", "og:image:height": "698", "og:title": "File:Coat of arms of a Princess of the Royal House of Belgium.svg - Wikimedia Commons", "og:type": "website"}, "text": "\n\n\nDescriptionCoat of arms of a Princess of the Royal House of Belgium.svg\n\nEnglish:  Coat of arms of a Princess of the Royal House of Belgium, in accordance with the Royal Decree published on 19 July and signed on 12 July 2019, by King Philippe of Belgium.\n\n\nDate\n\n24 July 2019\n\n\nSource\n\nOwn work\n\n\nAuthor\n\nSodacan\n\n\n"}, {"url": "https://commons.wikimedia.org/wiki/File:Coat_of_Arms_of_Carlota,_Titular_Empress_of_M%C3%A9xico_(Order_of_Queen_Maria_Luisa).svg", "metadata": {"og:image": "https://upload.wikimedia.org/wikipedia/commons/thumb/1/1e/Coat_of_Arms_of_Carlota%2C_Titular_Empress_of_M%C3%A9xico_%28Order_of_Queen_Maria_Luisa%29.svg/640px-Coat_of_Arms_of_Carlota%2C_Titular_Empress_of_M%C3%A9xico_%28Order_of_Queen_Maria_Luisa%29.svg.png", "og:image:width": "640", "og:image:height": "945", "og:title": "File:Coat of Arms of Carlota, Titular Empress of M\u00e9xico (Order of Queen Maria Luisa).svg - Wikimedia Commons", "og:type": "website"}, "text": "\n\n\nDescriptionCoat of Arms of Carlota, Titular Empress of M\u00e9xico (Order of Queen Maria Luisa).svg\n\nEnglish:  Coat of arms of Carlota, Titular Empress Dowager of Mexico as dame of the Order of Queen Maria Luisa (Spain)\nEspa\u00f1ol:  Escudo de la emperatriz viuda Carlota de M\u00e9xico como dama de la Orden de la Reina Mar\u00eda Luisa (Espa\u00f1a)\n\n\nDate\n\n6 October 2019\n\n\nSource\n\nOwn work\n\n\nAuthor\n\nHeralder / \u00a0This vector image includes elements  from this file:\u2009Coat of arms of Mexico (1864-1867).svg (by\u00a0Cihuaweb).\u00a0This vector image includes elements  from this file:\u2009Arms of King Leopold I of Belgium.svg (by\u00a0Sodacan).\u00a0This vector image includes elements  from this file:\u20092nd Empire of Mexico.svg (by Yair Andremar Naranjo Zamorano).\n\nSVG\u00a0developmentInfoField\u00a0The source code of this large SVG is invalid due to 3 errors.\u00a0This oversized W3C-invalid coat of arms was created with Inkscape.\n\n\n"}, {"url": "https://commons.wikimedia.org/wiki/File:Coat_of_Arms_of_Carlota,_Titular_Empress_of_M%C3%A9xico.svg", "metadata": {"og:image": "https://upload.wikimedia.org/wikipedia/commons/thumb/6/67/Coat_of_Arms_of_Carlota%2C_Titular_Empress_of_M%C3%A9xico.svg/640px-Coat_of_Arms_of_Carlota%2C_Titular_Empress_of_M%C3%A9xico.svg.png", "og:image:width": "640", "og:image:height": "1017", "og:title": "File:Coat of Arms of Carlota, Titular Empress of M\u00e9xico.svg - Wikimedia Commons", "og:type": "website"}, "text": "\n\n\nDescriptionCoat of Arms of Carlota, Titular Empress of M\u00e9xico.svg\n\nEspa\u00f1ol:  Escudo de la emperatriz Carlota de M\u00e9xico, esposa de Maximiliano I\nEnglish:  Coat of arms of Carlota, titular Empress of Mexico, wife of Maximilian I\n\n\nDate\n\n17 December 2020\n\n\nSource\n\nThis file was derived from: Coat of Arms of Carlota, Titular Empress of M\u00e9xico (Order of Queen Maria Luisa).svg:\u00a0\u00a0by Heralder\n\n\nAuthor\n\nEchando una mano\n\n\n"}, {"url": "https://commons.wikimedia.org/wiki/File:Coat_of_arms_of_Josephine_Charlotte_of_Luxembourg_(Order_of_Seraphim).svg", "metadata": {"og:image": "https://upload.wikimedia.org/wikipedia/commons/thumb/0/08/Coat_of_arms_of_Josephine_Charlotte_of_Luxembourg_%28Order_of_Seraphim%29.svg/640px-Coat_of_arms_of_Josephine_Charlotte_of_Luxembourg_%28Order_of_Seraphim%29.svg.png", "og:image:width": "640", "og:image:height": "1081", "og:title": "File:Coat of arms of Josephine Charlotte of Luxembourg (Order of Seraphim).svg - Wikimedia Commons", "og:type": "website"}, "text": "\n\n\nDescriptionCoat of arms of Josephine Charlotte of Luxembourg (Order of Seraphim).svg\n\nEnglish:  Coat of arms of Jos\u00e9phine Charlotte, Grand Duchess consort of Luxembourg as dame Grand Cross of the Order of the Seraphim (Sweden)\nSvenska:  Serafimerorden Josephine Charlotte av Belgien, storhertiginna av Luxemburg vapen\n\n\nDate\n\n27 October 2017\n\n\nSource\n\n[1]\n\n\nAuthor\n\nHeralder, elements by Sodacan\n\n\u00a0This vector image includes elements that have been taken or adapted from this file:\u2009Madeleinearms.svg (by\u00a0Leonid 2).\n\n\nPermission(Reusing this file)\n\nOwn work\n\n\n"}, {"url": "https://commons.wikimedia.org/wiki/File:Coat_of_arms_of_Jos%C3%A9phine_Charlotte_of_Luxembourg_(Order_of_Isabella_the_Catholic).svg", "metadata": {"og:image": "https://upload.wikimedia.org/wikipedia/commons/thumb/4/44/Coat_of_arms_of_Jos%C3%A9phine_Charlotte_of_Luxembourg_%28Order_of_Isabella_the_Catholic%29.svg/640px-Coat_of_arms_of_Jos%C3%A9phine_Charlotte_of_Luxembourg_%28Order_of_Isabella_the_Catholic%29.svg.png", "og:image:width": "640", "og:image:height": "942", "og:title": "File:Coat of arms of Jos\u00e9phine Charlotte of Luxembourg (Order of Isabella the Catholic).svg - Wikimedia Commons", "og:type": "website"}, "text": "\n\n\nDescriptionCoat of arms of Jos\u00e9phine Charlotte of Luxembourg (Order of Isabella the Catholic).svg\n\nEnglish:  Coat of arms of Jos\u00e9phine Charlotte, Grand Duchess consort of Luxembourg as Dame Grand Cross of the Order of Isabella the Catholic (Spain)\nEspa\u00f1ol:  Escudo de Josefina Carlota, gran duquesa de Luxemburgo como dama de la Gran Cruz de la Orden de Isabel la Cat\u00f3lica (Espa\u00f1a)\n\n\nDate\n\n29 October 2017\n\n\nSource\n\nOwn work\n\n\nAuthor\n\nHeralder, elements by Sodacan\n\n\n"}, {"url": "https://commons.wikimedia.org/wiki/File:Crowned_Arms_of_a_Princess_of_Belgium_(1921-2019).svg", "metadata": {"og:image": "https://upload.wikimedia.org/wikipedia/commons/thumb/6/6d/Crowned_Arms_of_a_Princess_of_Belgium_%281921-2019%29.svg/640px-Crowned_Arms_of_a_Princess_of_Belgium_%281921-2019%29.svg.png", "og:image:width": "640", "og:image:height": "909", "og:title": "File:Crowned Arms of a Princess of Belgium (1921-2019).svg - Wikimedia Commons", "og:type": "website"}, "text": "\n\n\nDescriptionCrowned Arms of a Princess of Belgium (1921-2019).svg\n\nEnglish:  Crowned Arms of the Princess of Belgium\n\n\nDate\n\n28 September 2013, 11:42:11\n\n\nSource\n\nOwn work\n\n\nAuthor\n\nSodacan\n\n\nPermission(Reusing this file)\n\n\n\n\n\nThis image shows a flag, a coat of arms, a seal or some other official insignia. The use of such symbols is restricted in many countries. These restrictions are independent of the copyright status.\n I, the copyright holder of this work, hereby publish it under the following license:\n\n This file is licensed under the Creative Commons Attribution-Share Alike 3.0 Unported license.\nYou are free:\nto share \u2013 to copy, distribute and transmit the work\nto remix \u2013 to adapt the work\nUnder the following conditions:\nattribution \u2013 You must give appropriate credit, provide a link to the license, and indicate if changes were made. You may do so in any reasonable manner, but not in any way that suggests the licensor endorses you or your use.\nshare alike \u2013 If you remix, transform, or build upon the material, you must distribute your contributions under the same or compatible license as the original.https://creativecommons.org/licenses/by-sa/3.0CC BY-SA 3.0 Creative Commons Attribution-Share Alike 3.0 truetrue\n\n\n"}]