[{"url": "https://commons.wikimedia.org/wiki/File:1%C2%B0Raduno_Nazionale_dei_Granatieri_di_Sardegna.jpg", "metadata": {"og:image": "https://upload.wikimedia.org/wikipedia/commons/thumb/d/dc/1%C2%B0Raduno_Nazionale_dei_Granatieri_di_Sardegna.jpg/640px-1%C2%B0Raduno_Nazionale_dei_Granatieri_di_Sardegna.jpg", "og:image:width": "640", "og:image:height": "469", "og:title": "File:1\u00b0Raduno Nazionale dei Granatieri di Sardegna.jpg - Wikimedia Commons", "og:type": "website"}, "text": "\n\n\nDescription1\u00b0Raduno Nazionale dei Granatieri di Sardegna.jpg\n\nItaliano:  Partecipazione dei Principi di Piemonte al 1\u00b0Raduno Nazionale dei Granatieri di Sardegna in congedo\n\n\nDate\n\n22 - 24 maggio 1932\n\n\nSource\n\nimmagine scannerizzata da \"Ritratti sabaudi. Vizi e virt\u00f9 di casa Savoia\" 1950\n\n\nAuthor\n\nUnknown authorUnknown author\n\n\nPermission(Reusing this file)\n\n\n\nPublic domainPublic domainfalsefalse\n\n\n\nPublic domain\n\nThe country of origin of this photograph is Italy. It is in the public domain there because its copyright term has expired. According to Law for the Protection of Copyright and Neighbouring Rights n.633, 22 April 1941 and later revisions, images of people or of aspects, elements and facts of natural or social life, obtained with photographic process or with an analogue one, including reproductions of figurative art and film frames of film stocks (Art. 87) are protected for a period of 20 years from creation (Art. 92). This provision shall not apply to photographs of writings, documents, business papers, material objects, technical drawings and similar products (Art. 87). Italian law makes an important distinction between \"works of photographic art\" and \"simple photographs\" (Art. 2, \u00a7 7). Photographs that are \"intellectual work with creative characteristics\" are protected for 70 years after the author's death (Art. 32 bis), whereas simple photographs are protected for a period of 20 years from creation.\n\nItaly\n\n\n\n\n\n\n\nThis may not apply in countries that don't apply the rule of the shorter term to works from Italy. In particular, these are in the public domain in the United States only if:\nwasn't in copyright in the United States due to being registered for copyright there (see Commons:Copyright tags#United States for most cases) and\nwas created prior to 1976 and published prior to 1978 \u2014 then it was out-of-copyright in Italy on the URAA date of restoration (January 1, 1996) (17 U.S.C. \u00a7 104A) (in most cases; for all cases, see Template:PD-Italy/US). If so, please add {{PD-1996}} in addition to this copyright tag. If the image was created after 1975 or was published after 1977, please add {{Not-PD-US-URAA}}.\n\n\u0627\u0644\u0639\u0631\u0628\u064a\u0629\u00a0\u2219 catal\u00e0\u00a0\u2219 Deutsch\u00a0\u2219 English\u00a0\u2219 espa\u00f1ol\u00a0\u2219 fran\u00e7ais\u00a0\u2219 magyar\u00a0\u2219 italiano\u00a0\u2219 \u65e5\u672c\u8a9e\u00a0\u2219 \u043c\u0430\u043a\u0435\u0434\u043e\u043d\u0441\u043a\u0438\u00a0\u2219 portugu\u00eas\u00a0\u2219 \u0440\u0443\u0441\u0441\u043a\u0438\u0439\u00a0\u2219 sicilianu\u00a0\u2219 \u4e2d\u6587\u00a0\u2219 \u4e2d\u6587\uff08\u7b80\u4f53\uff09\u00a0\u2219 \u4e2d\u6587\uff08\u7e41\u9ad4\uff09\u00a0\u2219 \u4e2d\u6587\uff08\u81fa\u7063\uff09\u00a0\u2219 +/\u2212\n\n\n\n\nPublic domainPublic domainfalsefalse\n\n\n\n\n\n\nThis work is in the public domain in the United States because it meets three requirements:\n\nit was first published outside the United States (and not published in the U.S. within 30 days),\nit was first published before 1 March 1989 without copyright notice or before 1964 without copyright renewal or before the source country established copyright relations with the United States,\nit was in the public domain in its home country  on the URAA date (January 1, 1996 for most countries).\n \n\n For background information, see the explanations on Non-U.S. copyrights.Note: This tag should not be used for sound recordings.\n\n\n\n"}, {"url": "https://commons.wikimedia.org/wiki/File:Baptism_of_Umberto_Galli_Zugaro.png", "metadata": {"og:image": "https://upload.wikimedia.org/wikipedia/commons/thumb/2/2b/Baptism_of_Umberto_Galli_Zugaro.png/640px-Baptism_of_Umberto_Galli_Zugaro.png", "og:image:width": "640", "og:image:height": "348", "og:title": "File:Baptism of Umberto Galli Zugaro.png - Wikimedia Commons", "og:type": "website"}, "text": "\n\n\nDescriptionBaptism of Umberto Galli Zugaro.png\n\nEnglish:  The baptism of Umberto Galli Zugaro, son of Baron Enzo Galli Zugaro and Fabiola Massimo. First from the right: Prince Fabrizio Massimo, second from the right: King Umberto II of Italy, first woman from the left: Queen of Italy Maria Jose of Belgium.\n\n\nDate\n\n1945\n\n\nSource\n\nOwn work\n\n\nAuthor\n\nRandomwikimaster\n\n\n"}, {"url": "https://commons.wikimedia.org/wiki/File:Bundesarchiv_Bild_102-09783,_Mailand,_Italienisches_Kronprinzenpaar.jpg", "metadata": {"og:image": "https://upload.wikimedia.org/wikipedia/commons/thumb/5/5c/Bundesarchiv_Bild_102-09783%2C_Mailand%2C_Italienisches_Kronprinzenpaar.jpg/640px-Bundesarchiv_Bild_102-09783%2C_Mailand%2C_Italienisches_Kronprinzenpaar.jpg", "og:image:width": "640", "og:image:height": "435", "og:title": "File:Bundesarchiv Bild 102-09783, Mailand, Italienisches Kronprinzenpaar.jpg - Wikimedia Commons", "og:type": "website"}, "text": "\n\n\n\nMailand, Italienisches Kronprinzenpaar \n\u00a0\u00a0(  \u00a0)\n\n\nPhotographer\n\n\nUnknownUnknown \n\n\nTitle\n\n\nMailand, Italienisches Kronprinzenpaar \n\n\nOriginal caption\n\n\nFor documentary purposes the German Federal Archive often retained the original image captions, which may be erroneous, biased, obsolete or politically extreme. Der Prinz von Piemonte und Die Prinzessin bei einem Besuch in Mailand\u00a0!\nUnsere Aufnahme zeigt die Ankunft des italienischen Kronprinzenpaares in Mailand.\n\n\nDescription\n\n\n\nInformation added by Wikimedia users.Italiano:  L'erede al trono italiano Umberto II di Savoia, principe di Piemonte, e la moglie, Maria Jos\u00e9 del Belgio, in visita a Milano nel maggio 1930.\n\n\nDepicted place\n\nMailand\n\n\nDate\n\nMay 1930date QS:P571,+1930-05-00T00:00:00Z/10\n\n\nCollection\n\n\n\n\nGerman Federal Archives\n\u00a0\u00a0\n\n\n\n\n\nNative name\nDas Bundesarchiv\n\nParent institution\nFederal Government Commissioner for Culture and Media\u00a0\n\nLocation\nKoblenz (headquarters)\n\nCoordinates\n50\u00b0\u00a020\u2032\u00a032.71\u2033\u00a0N, 7\u00b0\u00a034\u2032\u00a021.22\u2033\u00a0E  \u00a0\n\nEstablished\n1946\u00a0\n\nWebsite\nwww.bundesarchiv.de\n\nAuthority file\n\n: Q685753\nVIAF:\u2009137346469\nISNI:\u20090000000405552728\nLCCN:\u2009n92025526\nNLA:\u200936455393\nOSM:\u20091844909\nWorldCat\n\n\n\ninstitution QS:P195,Q685753\n\n\nCurrent location\n\n\nAktuelle-Bilder-Centrale, Georg Pahl (Bild 102)\n\n\nAccession number\n\n\nBild 102-09783 \n\n\nSource\n\n\n\n\n\nThis image was provided to Wikimedia Commons by the German Federal Archive (Deutsches Bundesarchiv) as part of a cooperation project. The German Federal Archive guarantees an authentic representation only using the originals (negative and/or positive), resp. the digitalization of the originals as provided by the Digital Image Archive.\n\n\n\n"}, {"url": "https://commons.wikimedia.org/wiki/File:El_Rey_de_Italia,_Humberto_II,_acompa%C3%B1ado_de_la_Reina_Mar%C3%ADa_Jos%C3%A9_y_el_resto_de_la_familia_real_visitan_al_Papa_Pio_XII.-.jpg", "metadata": {"og:image": "https://upload.wikimedia.org/wikipedia/commons/a/a3/El_Rey_de_Italia%2C_Humberto_II%2C_acompa%C3%B1ado_de_la_Reina_Mar%C3%ADa_Jos%C3%A9_y_el_resto_de_la_familia_real_visitan_al_Papa_Pio_XII.-.jpg", "og:image:width": "640", "og:image:height": "503", "og:title": "File:El Rey de Italia, Humberto II, acompa\u00f1ado de la Reina Mar\u00eda Jos\u00e9 y el resto de la familia real visitan al Papa Pio XII.-.jpg - Wikimedia Commons", "og:type": "website"}, "text": "\n\n\nDescriptionEl Rey de Italia, Humberto II, acompa\u00f1ado de la Reina Mar\u00eda Jos\u00e9 y el resto de la familia real visitan al Papa Pio XII.-.jpg\n\nEspa\u00f1ol:  La Familia Real Italiana visita al Papa Pio XII.A la derecha, el Conde Ciano, Ministro de Relaciones Exteriores.\n\n\nDate\n\n28 February 2018\n\n\nSource\n\nOwn work\n\n\nAuthor\n\nThe gambler\n\n\n"}, {"url": "https://commons.wikimedia.org/wiki/File:I_Principi_di_Piemonte_ospiti_dei_Marchesi_Pallavicino.png", "metadata": {"og:image": "https://upload.wikimedia.org/wikipedia/commons/thumb/b/b4/I_Principi_di_Piemonte_ospiti_dei_Marchesi_Pallavicino.png/640px-I_Principi_di_Piemonte_ospiti_dei_Marchesi_Pallavicino.png", "og:image:width": "640", "og:image:height": "401", "og:title": "File:I Principi di Piemonte ospiti dei Marchesi Pallavicino.png - Wikimedia Commons", "og:type": "website"}, "text": "\n\n\nDescriptionI Principi di Piemonte ospiti dei Marchesi Pallavicino.png\n\nItaliano:  I Principi di Piemonte ospiti dei Marchesi Pallavicino\n\n\nDate\n\n14 February 1931\n\n\nSource\n\nimmagine scannerizzata da \"Ritratti sabaudi. Vizi e virt\u00f9 di casa Savoia\" 1950\n\n\nAuthor\n\nUnknown authorUnknown author\n\n\nPermission(Reusing this file)\n\n\n\n\nThis is a faithful photographic reproduction of a two-dimensional, public domain work of art. The work of art itself is in the public domain for the following reason:\n\n\n\nPublic domainPublic domainfalsefalse\n\n\n\n\n\n\nThis work is in the public domain in its country of origin and other countries and areas where the copyright term is the author's life plus 100 years or fewer.\n\n You must also include a United States public domain tag to indicate why this work is in the public domain in the United States.\n\n\nThis file has been identified as being free of known restrictions under copyright law, including all related and neighboring rights.\nhttps://creativecommons.org/publicdomain/mark/1.0/PDMCreative Commons Public Domain Mark 1.0falsefalse\n\nThe official position taken by the Wikimedia Foundation is that \"faithful reproductions of two-dimensional public domain works of art are public domain\".This photographic reproduction is therefore also considered to be in the public domain in the United States. In other jurisdictions, re-use of this content may be restricted; see Reuse of PD-Art photographs for details.\n\n\n\n"}, {"url": "https://commons.wikimedia.org/wiki/File:I_Reali_d%27_Italia_e_del_Belgio_al_Balcone_del_Palazzo_del_Quirinale.png", "metadata": {"og:image": "https://upload.wikimedia.org/wikipedia/commons/thumb/3/39/I_Reali_d%27_Italia_e_del_Belgio_al_Balcone_del_Palazzo_del_Quirinale.png/640px-I_Reali_d%27_Italia_e_del_Belgio_al_Balcone_del_Palazzo_del_Quirinale.png", "og:image:width": "640", "og:image:height": "414", "og:title": "File:I Reali d' Italia e del Belgio al Balcone del Palazzo del Quirinale.png - Wikimedia Commons", "og:type": "website"}, "text": "\n\n\nDescriptionI Reali d' Italia e del Belgio al Balcone del Palazzo del Quirinale.png\n\nItaliano:  fotografia che ritrae i Reali d' Italia e del Belgio al Balcone del Palazzo del Quirinale in occasione del Matrimonio del Principe di Piemonte Umberto di Savoia con la Principessa del Belgio Maria Jos\u00e8 di Sassonia Coburgo Gotha\n\n\nDate\n\n1930\n\n\nSource\n\nhttps://www.icharta.com/it/c-050542-1930-lillustrazione-italiana-nozze-umberto-di-savoia-maria-jose-60-pp.html\n\n\nAuthor\n\nUnknown authorUnknown author\n\n\nPermission(Reusing this file)\n\n\n\nPublic domainPublic domainfalsefalse\n\n\n\nPublic domain\n\nThe country of origin of this photograph is Italy. It is in the public domain there because its copyright term has expired. According to Law for the Protection of Copyright and Neighbouring Rights n.633, 22 April 1941 and later revisions, images of people or of aspects, elements and facts of natural or social life, obtained with photographic process or with an analogue one, including reproductions of figurative art and film frames of film stocks (Art. 87) are protected for a period of 20 years from creation (Art. 92). This provision shall not apply to photographs of writings, documents, business papers, material objects, technical drawings and similar products (Art. 87). Italian law makes an important distinction between \"works of photographic art\" and \"simple photographs\" (Art. 2, \u00a7 7). Photographs that are \"intellectual work with creative characteristics\" are protected for 70 years after the author's death (Art. 32 bis), whereas simple photographs are protected for a period of 20 years from creation.\n\nItaly\n\n\n\n\n\n\n\nThis may not apply in countries that don't apply the rule of the shorter term to works from Italy. In particular, these are in the public domain in the United States only if:\nwasn't in copyright in the United States due to being registered for copyright there (see Commons:Copyright tags#United States for most cases) and\nwas created prior to 1976 and published prior to 1978 \u2014 then it was out-of-copyright in Italy on the URAA date of restoration (January 1, 1996) (17 U.S.C. \u00a7 104A) (in most cases; for all cases, see Template:PD-Italy/US). If so, please add {{PD-1996}} in addition to this copyright tag. If the image was created after 1975 or was published after 1977, please add {{Not-PD-US-URAA}}.\n\n\u0627\u0644\u0639\u0631\u0628\u064a\u0629\u00a0\u2219 catal\u00e0\u00a0\u2219 Deutsch\u00a0\u2219 English\u00a0\u2219 espa\u00f1ol\u00a0\u2219 fran\u00e7ais\u00a0\u2219 magyar\u00a0\u2219 italiano\u00a0\u2219 \u65e5\u672c\u8a9e\u00a0\u2219 \u043c\u0430\u043a\u0435\u0434\u043e\u043d\u0441\u043a\u0438\u00a0\u2219 portugu\u00eas\u00a0\u2219 \u0440\u0443\u0441\u0441\u043a\u0438\u0439\u00a0\u2219 sicilianu\u00a0\u2219 \u4e2d\u6587\u00a0\u2219 \u4e2d\u6587\uff08\u7b80\u4f53\uff09\u00a0\u2219 \u4e2d\u6587\uff08\u7e41\u9ad4\uff09\u00a0\u2219 \u4e2d\u6587\uff08\u81fa\u7063\uff09\u00a0\u2219 +/\u2212\n\n\n\n\n"}, {"url": "https://commons.wikimedia.org/wiki/File:King_Umberto_II_and_Queen_Marie-Jos%C3%A9_of_Italy.jpg", "metadata": {"og:image": "https://upload.wikimedia.org/wikipedia/commons/thumb/8/82/King_Umberto_II_and_Queen_Marie-Jos%C3%A9_of_Italy.jpg/640px-King_Umberto_II_and_Queen_Marie-Jos%C3%A9_of_Italy.jpg", "og:image:width": "640", "og:image:height": "860", "og:title": "File:King Umberto II and Queen Marie-Jos\u00e9 of Italy.jpg - Wikimedia Commons", "og:type": "website"}, "text": "\n\n\nDescriptionKing Umberto II and Queen Marie-Jos\u00e9 of Italy.jpg\n\nEnglish:  King Umberto II and Queen Marie-Jos\u00e9 of Italy\n\n\nDate\n\n1940sdate QS:P,+1940-00-00T00:00:00Z/8\n\n\nSource\n\nhttps://donnenellastoria-wgabry.blogspot.com/2011/09/\n\n\nAuthor\n\n\n\n\n\nGhitta Carell\n\u00a0(1899\u20131972)\u00a0\u00a0 \u00a0\n\n\nAlternative names\n\nBirth name: Klein Gitta; pseudonym: Ghitta Carell; Ghitta Klein, Ghitta Carell Klein\n\nDescription\nHungarian-Italian photographer\n\nDate of birth/death\n\n20 September 1899\u00a0\n12 February 1972\u00a0\n\nLocation of birth/death\n\nSzatm\u00e1r County\nHaifa\n\nWork period\n1924\u00a0\u2013\n\nAuthority file\n\n: Q3761789\nVIAF:\u200950481924\nISNI:\u20090000000066877658\nLCCN:\u2009n78040644\nOpen Library:\u2009OL1729903A\nGND:\u2009138856664\nWorldCat\n\n\n\ncreator QS:P170,Q3761789\n\n\n"}, {"url": "https://commons.wikimedia.org/wiki/File:King_Umberto_II_behind_of_the_Flag_of_Kingdom_of_Italy.jpg", "metadata": {"og:image": "https://upload.wikimedia.org/wikipedia/commons/thumb/a/ab/King_Umberto_II_behind_of_the_Flag_of_Kingdom_of_Italy.jpg/640px-King_Umberto_II_behind_of_the_Flag_of_Kingdom_of_Italy.jpg", "og:image:width": "640", "og:image:height": "613", "og:title": "File:King Umberto II behind of the Flag of Kingdom of Italy.jpg - Wikimedia Commons", "og:type": "website"}, "text": "\n\n\nDescriptionKing Umberto II behind of the Flag of Kingdom of Italy.jpg\n\nEnglish:  King Umberto II behind of Flag of Kingdom of Italy\n\n\nDate\n\n1 August 2019, 16:37:53\n\n\nSource\n\nLibrary of Kingdom of Italy\n\n\nAuthor\n\nLibrary of Kingdom of Italy\n\n\n"}, {"url": "https://commons.wikimedia.org/wiki/File:King_Umberto_II_with_Queen_Marie-Jos%C3%A9_of_Italy.jpg", "metadata": {"og:image": "https://upload.wikimedia.org/wikipedia/commons/b/b7/King_Umberto_II_with_Queen_Marie-Jos%C3%A9_of_Italy.jpg", "og:image:width": "640", "og:image:height": "1006", "og:title": "File:King Umberto II with Queen Marie-Jos\u00e9 of Italy.jpg - Wikimedia Commons", "og:type": "website"}, "text": "\n\n\nDescriptionKing Umberto II with Queen Marie-Jos\u00e9 of Italy.jpg\n\nEnglish:  King Umberto II with Queen Marie-Jos\u00e9 of Italy\n\n\nDate\n\n1930sdate QS:P,+1930-00-00T00:00:00Z/8\n\n\nSource\n\nhttp://forum.alexanderpalace.org/index.php?topic=3269.315\n\n\nAuthor\n\nUnknown authorUnknown author\n\n\n"}, {"url": "https://commons.wikimedia.org/wiki/File:Kronprinz_Umberto_und_Kronprinzessin_Marie_Jose_von_Italien.jpg", "metadata": {"og:image": "https://upload.wikimedia.org/wikipedia/commons/thumb/c/c8/Kronprinz_Umberto_und_Kronprinzessin_Marie_Jose_von_Italien.jpg/640px-Kronprinz_Umberto_und_Kronprinzessin_Marie_Jose_von_Italien.jpg", "og:image:width": "640", "og:image:height": "918", "og:title": "File:Kronprinz Umberto und Kronprinzessin Marie Jose von Italien.jpg - Wikimedia Commons", "og:type": "website"}, "text": "\n\n\nDescriptionKronprinz Umberto und Kronprinzessin Marie Jose von Italien.jpg\n\nEnglish:  Prinz Umberto von Italien, Der Prinz von Piemont und Prinzessin Marie Jose\n\n\nDate\n\n1930\n\n\nSource\n\nhttps://donnenellastoria-wgabry.blogspot.com/2011/09/\n\n\nAuthor\n\nUnknown authorUnknown author\n\n\n"}, {"url": "https://commons.wikimedia.org/wiki/File:K%C3%B6nig_Umberto_und_K%C3%B6nigin_Marie_Jose_von_Italien.jpg", "metadata": {"og:image": "https://upload.wikimedia.org/wikipedia/commons/d/d7/K%C3%B6nig_Umberto_und_K%C3%B6nigin_Marie_Jose_von_Italien.jpg", "og:image:width": "640", "og:image:height": "1046", "og:title": "File:K\u00f6nig Umberto und K\u00f6nigin Marie Jose von Italien.jpg - Wikimedia Commons", "og:type": "website"}, "text": "\n\n\nDescriptionK\u00f6nig Umberto und K\u00f6nigin Marie Jose von Italien.jpg\n\nEnglish:  K\u00f6nig Umberto II und K\u00f6nigin Marie Jose von Italien\n\n\nDate\n\n1930sdate QS:P,+1930-00-00T00:00:00Z/8\n\n\nSource\n\nhttps://www.flickr.com/photos/mrsfujita/2252929348/\n\n\nAuthor\n\nUnknown authorUnknown author\n\n\n"}, {"url": "https://commons.wikimedia.org/wiki/File:Marie_Jose_and_Umberto_during_their_marriage_ceremony.jpg", "metadata": {"og:image": "https://upload.wikimedia.org/wikipedia/commons/thumb/f/f9/Marie_Jose_and_Umberto_during_their_marriage_ceremony.jpg/640px-Marie_Jose_and_Umberto_during_their_marriage_ceremony.jpg", "og:image:width": "640", "og:image:height": "759", "og:title": "File:Marie Jose and Umberto during their marriage ceremony.jpg - Wikimedia Commons", "og:type": "website"}, "text": "\n\n\nDescriptionMarie Jose and Umberto during their marriage ceremony.jpg\n\nEnglish:  Princess Marie Jose of Belgium (1906-2001) and Prince Umberto of Italy, The Prince of Piedmont (1904-1983) during their marriage ceremony on January 8 1930 in Rome, Italy.\n\n\nDate\n\n1930\n\n\nSource\n\nhttps://www.gettyimages.com/detail/news-photo/princess-marie-jose-of-belgium-and-crown-prince-umberto-ii-news-photo/901509554\n\n\nAuthor\n\nUnknown authorUnknown author\n\n\n"}, {"url": "https://commons.wikimedia.org/wiki/File:Queen_Marie-Jos%C3%A9_and_King_Umberto_II_of_Italy.jpg", "metadata": {"og:image": "https://upload.wikimedia.org/wikipedia/commons/thumb/a/a6/Queen_Marie-Jos%C3%A9_and_King_Umberto_II_of_Italy.jpg/640px-Queen_Marie-Jos%C3%A9_and_King_Umberto_II_of_Italy.jpg", "og:image:width": "640", "og:image:height": "818", "og:title": "File:Queen Marie-Jos\u00e9 and King Umberto II of Italy.jpg - Wikimedia Commons", "og:type": "website"}, "text": "\n\n\nDescriptionQueen Marie-Jos\u00e9 and King Umberto II of Italy.jpg\n\nEnglish:  Queen Marie-Jos\u00e9 and King Umberto II of Italy\n\n\nDate\n\n1940sdate QS:P,+1940-00-00T00:00:00Z/8\n\n\nSource\n\nhttps://donnenellastoria-wgabry.blogspot.com/2011/09/\n\n\nAuthor\n\nUnknown authorUnknown author\n\n\n"}, {"url": "https://commons.wikimedia.org/wiki/File:Royal_of_Italy_beim_Quirinal_Palace.png", "metadata": {"og:image": "https://upload.wikimedia.org/wikipedia/commons/thumb/e/e2/Royal_of_Italy_beim_Quirinal_Palace.png/640px-Royal_of_Italy_beim_Quirinal_Palace.png", "og:image:width": "640", "og:image:height": "413", "og:title": "File:Royal of Italy beim Quirinal Palace.png - Wikimedia Commons", "og:type": "website"}, "text": "\n\n\nDescriptionRoyal of Italy beim Quirinal Palace.png\n\ni Reali d' Italia al Balcone del Quirinale, in occasione del Battesimo del piccolo Principe di Napoli Vittorio Emanuele di Savoia\n\n\nDate\n\n1937\n\n\nSource\n\nhttps://www.ebay.it/itm/293772627983?hash=item446636900f:g:eCAAAOSwA3dffxur\n\n\nAuthor\n\nunknow person\n\n\nPermission(Reusing this file)\n\n\n\nPublic domainPublic domainfalsefalse\n\n\n\nPublic domain\n\nThe country of origin of this photograph is Italy. It is in the public domain there because its copyright term has expired. According to Law for the Protection of Copyright and Neighbouring Rights n.633, 22 April 1941 and later revisions, images of people or of aspects, elements and facts of natural or social life, obtained with photographic process or with an analogue one, including reproductions of figurative art and film frames of film stocks (Art. 87) are protected for a period of 20 years from creation (Art. 92). This provision shall not apply to photographs of writings, documents, business papers, material objects, technical drawings and similar products (Art. 87). Italian law makes an important distinction between \"works of photographic art\" and \"simple photographs\" (Art. 2, \u00a7 7). Photographs that are \"intellectual work with creative characteristics\" are protected for 70 years after the author's death (Art. 32 bis), whereas simple photographs are protected for a period of 20 years from creation.\n\nItaly\n\n\n\n\n\n\n\nThis may not apply in countries that don't apply the rule of the shorter term to works from Italy. In particular, these are in the public domain in the United States only if:\nwasn't in copyright in the United States due to being registered for copyright there (see Commons:Copyright tags#United States for most cases) and\nwas created prior to 1976 and published prior to 1978 \u2014 then it was out-of-copyright in Italy on the URAA date of restoration (January 1, 1996) (17 U.S.C. \u00a7 104A) (in most cases; for all cases, see Template:PD-Italy/US). If so, please add {{PD-1996}} in addition to this copyright tag. If the image was created after 1975 or was published after 1977, please add {{Not-PD-US-URAA}}.\n\n\u0627\u0644\u0639\u0631\u0628\u064a\u0629\u00a0\u2219 catal\u00e0\u00a0\u2219 Deutsch\u00a0\u2219 English\u00a0\u2219 espa\u00f1ol\u00a0\u2219 fran\u00e7ais\u00a0\u2219 magyar\u00a0\u2219 italiano\u00a0\u2219 \u65e5\u672c\u8a9e\u00a0\u2219 \u043c\u0430\u043a\u0435\u0434\u043e\u043d\u0441\u043a\u0438\u00a0\u2219 portugu\u00eas\u00a0\u2219 \u0440\u0443\u0441\u0441\u043a\u0438\u0439\u00a0\u2219 sicilianu\u00a0\u2219 \u4e2d\u6587\u00a0\u2219 \u4e2d\u6587\uff08\u7b80\u4f53\uff09\u00a0\u2219 \u4e2d\u6587\uff08\u7e41\u9ad4\uff09\u00a0\u2219 \u4e2d\u6587\uff08\u81fa\u7063\uff09\u00a0\u2219 +/\u2212\n\n\n\n\n"}, {"url": "https://commons.wikimedia.org/wiki/File:Savoia-01.jpg", "metadata": {"og:image": "https://upload.wikimedia.org/wikipedia/commons/thumb/d/d5/Savoia-01.jpg/640px-Savoia-01.jpg", "og:image:width": "640", "og:image:height": "913", "og:title": "File:Savoia-01.jpg - Wikimedia Commons", "og:type": "website"}, "text": "\n\n\nDescriptionSavoia-01.jpg\n\nItaliano:  al Qurinale - La famiglia di Umberto di Savoia\n\n\nDate\n\n1945\n\n\nSource\n\ncollezione cartoline Albertomos\n\n\nAuthor\n\nUnknown authorUnknown author\n\n\n"}, {"url": "https://commons.wikimedia.org/wiki/File:Triennale_delle_terre_italiane_1940.jpg", "metadata": {"og:image": "https://upload.wikimedia.org/wikipedia/commons/2/24/Triennale_delle_terre_italiane_1940.jpg", "og:image:width": "640", "og:image:height": "429", "og:title": "File:Triennale delle terre italiane 1940.jpg - Wikimedia Commons", "og:type": "website"}, "text": "\n\n\nDescriptionTriennale delle terre italiane 1940.jpg\n\nItaliano:  Napoli Prima Mostra Triennale delle Terre Italiane d'oltremare - palazzo degli Uffici - salone Mediterraneo - il re Vittorio Emanuele III, il principe Umberto II e la principessa Maria Jos\u00e8 in visita.\n\n\nDate\n\nTaken in\u00a0June 1940\n\n\nSource\n\nlombardiabeniculturali.it\n\n\nAuthor\n\n\n\n\n\nFederico Patellani\n\u00a0(1911\u20131977)\u00a0 \u00a0\n\n\n\n\n\nAlternative names\n\nPat Monterosso; Federico Pattellani\n\nDescription\nItalian film director, screenwriter, photographer, painter, jurist and director\n\nDate of birth/death\n\n1 December 1911\u00a0\n10 February 1977\u00a0\n\nLocation of birth/death\n\nMonza\nMilan\n\nWork period\n1935\u00a0\n\nAuthority file\n\n: Q15489549\nVIAF:\u200927214429\nISNI:\u2009000000002457742X\nULAN:\u2009500323760\nLCCN:\u2009n80053247\nGND:\u2009119415984\nWorldCat\n\n\n\ncreator QS:P170,Q15489549\n\n\n"}, {"url": "https://commons.wikimedia.org/wiki/File:Umberto_and_his_fiancee_Marie_Jose.jpg", "metadata": {"og:image": "https://upload.wikimedia.org/wikipedia/commons/thumb/d/d8/Umberto_and_his_fiancee_Marie_Jose.jpg/640px-Umberto_and_his_fiancee_Marie_Jose.jpg", "og:image:width": "640", "og:image:height": "469", "og:title": "File:Umberto and his fiancee Marie Jose.jpg - Wikimedia Commons", "og:type": "website"}, "text": "\n\n\nDescriptionUmberto and his fiancee Marie Jose.jpg\n\nEnglish:  Crown Prince Umberto of Italy and fiancee Princess Marie Jose of Belgium, on October 26, 1929 in Italy.\n\n\nDate\n\n1929\n\n\nSource\n\nhttps://www.gettyimages.com/detail/news-photo/prince-umberto-and-fiancee-princess-marie-jose-of-belgium-news-photo/558642659\n\n\nAuthor\n\nUnknown authorUnknown author\n\n\n"}]