[{"url": "https://commons.wikimedia.org/wiki/File:Le_prince_Philippe_de_Belgique,_comte_de_Flandre_-_Gh%C3%A9mar_-_1863.jpg", "metadata": {"og:image": "https://upload.wikimedia.org/wikipedia/commons/thumb/b/b9/Le_prince_Philippe_de_Belgique%2C_comte_de_Flandre_-_Gh%C3%A9mar_-_1863.jpg/640px-Le_prince_Philippe_de_Belgique%2C_comte_de_Flandre_-_Gh%C3%A9mar_-_1863.jpg", "og:image:width": "640", "og:image:height": "976", "og:title": "File:Le prince Philippe de Belgique, comte de Flandre - Gh\u00e9mar - 1863.jpg - Wikimedia Commons", "og:type": "website"}, "text": "\n\n\n\nAuthor\n\n\n\n\n\n\nGh\u00e9mar Fr\u00e8res studio\n\u00a0(fl. 1882)\u00a0\u00a0 \u00a0\n\n\nAlternative names\n\nGhemar Fr\u00e8res Atelier de Photographie\n\nDescription\nBelgianGh\u00e9mar Fr\u00e8res, Photographes du Roi, 27, Rue de l'Ecuyer, Bruxelles.\nEnglish:  The photo studio of the two brothers Gh\u00e9mar was the most renowned Belgian photostudio in the period 1855\u20131870. \nIn 1855 Louis Gh\u00e9mar (1820\u20131873)[1] opened a photostudio in Brussels, next to the studio of Jules G\u00e9ruzet. \nIn the beginning Louis Gh\u00e9mar worked together with Robert S\u00e9v\u00e9rin. S\u00e9v\u00e9rin took the photos and Gh\u00e9mar made the retouches and eventually colours the photos. But S\u00e9v\u00e9rin left Brussels and was replaced by Louis Gh\u00e9mars halfbrother, L\u00e9on Auverlaux. From then on the name of the studio was changed to Gh\u00e9mar Fr\u00e8res. \n\nLouis Gh\u00e9mar died in 1873 but the studio kept the name Gh\u00e9mar Fr\u00e8res until 1894 when G\u00e9ruzet takes over the studio, including all the negatives of Gh\u00e9mar.[2]\n\nWork period\nbetween 1855 and 1894date QS:P,+1850-00-00T00:00:00Z/7,P1319,+1855-00-00T00:00:00Z/9,P1326,+1894-00-00T00:00:00Z/9\n\nWork location\n\nCity of Brussels\n\nAuthority file\n\n: Q21557453\nVIAF:\u2009158671009\nLCCN:\u2009no2007070950\nBNF:\u200915346099j\nRKD:\u2009417254\nWorldCat\n\n\n\ncreator QS:P170,Q21557453\n\n\nDescription\n\n\nFran\u00e7ais\u00a0:  S.A.R. le prince Philippe de Belgique (1837-1905), comte de Flandre. \u2013 Il porte l\u2019uniforme de g\u00e9n\u00e9ral-major (deux \u00e9toiles sur le gland de la ceinture).\n\n\nDate\n\n1863-04-01[1]\n\n\nSource\n\nWikimedia Commons (Older version of Conde de Flandes.jpg)\n\n\nOther versions\n\n\n\n\nFran\u00e7ais\u00a0:  D\u00e9tail\n\n\n\nFran\u00e7ais\u00a0:  Gravure r\u00e9alis\u00e9e d'apr\u00e8s une photographie l\u00e9g\u00e8rement diff\u00e9rente.\n\n\nTechniqueInfoFieldblack-and-white photography - albumen printmedium QS:P186,Q580807\n\nEdited byInfoField\u00c9ric Dod\u00e9mont (Dodeeric)\n\n\n"}, {"url": "https://commons.wikimedia.org/wiki/File:Royal_Monogram_of_Prince_Philippe_of_Belgium,_Count_of_Flanders.svg", "metadata": {"og:image": "https://upload.wikimedia.org/wikipedia/commons/thumb/f/f7/Royal_Monogram_of_Prince_Philippe_of_Belgium%2C_Count_of_Flanders.svg/640px-Royal_Monogram_of_Prince_Philippe_of_Belgium%2C_Count_of_Flanders.svg.png", "og:image:width": "640", "og:image:height": "1219", "og:title": "File:Royal Monogram of Prince Philippe of Belgium, Count of Flanders.svg - Wikimedia Commons", "og:type": "website"}, "text": "\n\n\nDescriptionRoyal Monogram of Prince Philippe of Belgium, Count of Flanders.svg\n\nEnglish:  Royal Monogram of Prince Philippe of Belgium, Count of Flanders\n\n\nDate\n\n1 July 2012\n\n\nSource\n\n[1]\n\n\nAuthor\n\nGlasshouse\u00a0This vector image includes elements that have been taken or adapted from this file:\u2009Royal Crown of Belgium (Heraldic).svg (by\u00a0Sodacan).\n\n\n"}, {"url": "https://commons.wikimedia.org/wiki/File:Coat_of_Arms_of_the_Count_of_Flanders_(1837-1909).svg", "metadata": {"og:image": "https://upload.wikimedia.org/wikipedia/commons/thumb/2/2b/Coat_of_Arms_of_the_Count_of_Flanders_%281837-1909%29.svg/640px-Coat_of_Arms_of_the_Count_of_Flanders_%281837-1909%29.svg.png", "og:image:width": "640", "og:image:height": "698", "og:title": "File:Coat of Arms of the Count of Flanders (1837-1909).svg - Wikimedia Commons", "og:type": "website"}, "text": "\n\n\nDescriptionCoat of Arms of the Count of Flanders (1837-1909).svg\n\nEnglish:  Coat of Arms of a Prince of Belgium (1880) (Label Gules)\n\n\nDate\n\n28 September 2013, 19:35:29\n\n\nSource\n\nOwn work\n\n\nAuthor\n\nSodacan\n\n\nPermission(Reusing this file)\n\n\n\n\n\nThis image shows a flag, a coat of arms, a seal or some other official insignia. The use of such symbols is restricted in many countries. These restrictions are independent of the copyright status.\n I, the copyright holder of this work, hereby publish it under the following license:\n\n This file is licensed under the Creative Commons Attribution-Share Alike 3.0 Unported license.\nYou are free:\nto share \u2013 to copy, distribute and transmit the work\nto remix \u2013 to adapt the work\nUnder the following conditions:\nattribution \u2013 You must give appropriate credit, provide a link to the license, and indicate if changes were made. You may do so in any reasonable manner, but not in any way that suggests the licensor endorses you or your use.\nshare alike \u2013 If you remix, transform, or build upon the material, you must distribute your contributions under the same or compatible license as the original.https://creativecommons.org/licenses/by-sa/3.0CC BY-SA 3.0 Creative Commons Attribution-Share Alike 3.0 truetrue\n\n\n"}, {"url": "https://commons.wikimedia.org/wiki/File:Prince_belgium_1880_label.svg", "metadata": {"og:image": "https://upload.wikimedia.org/wikipedia/commons/thumb/6/68/Prince_belgium_1880_label.svg/640px-Prince_belgium_1880_label.svg.png", "og:image:width": "640", "og:image:height": "662", "og:title": "File:Prince belgium 1880 label.svg - Wikimedia Commons", "og:type": "website"}, "text": "\n\n\nDescriptionPrince belgium 1880 label.svg\n\nEnglish:  wapen prins filips belgie (1880)\n\n\nDate\n\n30 April 2013, 23:50:21\n\n\nSource\n\nOwn work\n\n\nAuthor\n\nMtl3praktica\n\n\nOther versions\n\n\n\n\n"}, {"url": "https://commons.wikimedia.org/wiki/File:Acte_de_Naissance_du_Prince_Philippe,_Comte_de_Flandres.png", "metadata": {"og:image": "https://upload.wikimedia.org/wikipedia/commons/thumb/4/44/Acte_de_Naissance_du_Prince_Philippe%2C_Comte_de_Flandres.png/640px-Acte_de_Naissance_du_Prince_Philippe%2C_Comte_de_Flandres.png", "og:image:width": "640", "og:image:height": "481", "og:title": "File:Acte de Naissance du Prince Philippe, Comte de Flandres.png - Wikimedia Commons", "og:type": "website"}, "text": "\n\n\nDescriptionActe de Naissance du Prince Philippe, Comte de Flandres.png\n\nFran\u00e7ais\u00a0:  Acte de naissance du Prince Philippe, Comte de Flandres (24 mars 1837) dress\u00e9 sous l'autorit\u00e9 du Bourgmestre Marc Julien Deby, Officier d'\u00c9tat civil de Laeken\nEnglish:  Birth act of Prince Philippe of Belgium, Count of Flanders (24th march 1837) laid under the authority of Burgomaster Marc Julien Deby, Civil Record Officer of Laeken\n\n\nDate\n\n27 March 1837\n\n\nSource\n\n\u00c9tat civil de Laeken, actes de naissance, 24 mars 1837 (open a \"familysearch.org\" account to read the link).\n\n\nAuthor\n\nMarc Julien Deby, Bourgmestre de Laeken\n\n\n"}, {"url": "https://commons.wikimedia.org/wiki/File:Acte_de_d%C3%A9c%C3%A8s_du_Prince_Philippe,_Comte_de_Flandres.png", "metadata": {"og:image": "https://upload.wikimedia.org/wikipedia/commons/thumb/1/1d/Acte_de_d%C3%A9c%C3%A8s_du_Prince_Philippe%2C_Comte_de_Flandres.png/640px-Acte_de_d%C3%A9c%C3%A8s_du_Prince_Philippe%2C_Comte_de_Flandres.png", "og:image:width": "640", "og:image:height": "961", "og:title": "File:Acte de d\u00e9c\u00e8s du Prince Philippe, Comte de Flandres.png - Wikimedia Commons", "og:type": "website"}, "text": "\n\n\nDescriptionActe de d\u00e9c\u00e8s du Prince Philippe, Comte de Flandres.png\n\nFran\u00e7ais\u00a0:  Acte de d\u00e9c\u00e8s du Prince Philippe, Comte de Flandres (17 novembre 1905) dress\u00e9 sous l'autorit\u00e9 d'\u00c9mile De Mot, Bourgmestre, Officier d'\u00c9tat  civil\nEnglish:  Death act of Prince Philippe, Count of Flanders (17th november 1905) laid under the authority of \u00c9mile De Mot, Mayor, Civil Record Officer of Brussels\n\n\nDate\n\n17 November 1905\n\n\nSource\n\n\u00c9tat civil de la Ville de Bruxelles, actes de d\u00e9c\u00e8s de 1905, acte n\u00b0 3459 du 17 novembre 1905 (open a \"familysearch.org\" account to read the link).\n\n\nAuthor\n\n\u00c9mile De Mot, Bourgmestre de Bruxelles, Officier d'\u00c9tat Civil de Bruxelles\n\n\n"}, {"url": "https://commons.wikimedia.org/wiki/File:Coat_of_Arms_of_Prince_Philippe,_Count_of_Flanders_-_Order_of_the_Golden_Fleece.svg", "metadata": {"og:image": "https://upload.wikimedia.org/wikipedia/commons/thumb/6/64/Coat_of_Arms_of_Prince_Philippe%2C_Count_of_Flanders_-_Order_of_the_Golden_Fleece.svg/640px-Coat_of_Arms_of_Prince_Philippe%2C_Count_of_Flanders_-_Order_of_the_Golden_Fleece.svg.png", "og:image:width": "640", "og:image:height": "957", "og:title": "File:Coat of Arms of Prince Philippe, Count of Flanders - Order of the Golden Fleece.svg - Wikimedia Commons", "og:type": "website"}, "text": "\n\n\nDescriptionCoat of Arms of Prince Philippe, Count of Flanders - Order of the Golden Fleece.svg\n\nEnglish:  Coat of arms of Prince Philippe, Count of Flanders as knight of the Spanish branch of the Order of the Golden Fleece\nEspa\u00f1ol:  Escudo de Felipe, Conde de Flandes como caballero de la rama espa\u00f1ola de la Orden del Tois\u00f3n de Oro.\n\n\nDate\n\n10 February 2019\n\n\nSource\n\nOwn work\n\n\nAuthor\n\nHeralder, elements by Sodacan\n\n\n"}, {"url": "https://commons.wikimedia.org/wiki/File:Coat_of_Arms_of_the_Count_of_Flanders_(1837-1909).svg", "metadata": {"og:image": "https://upload.wikimedia.org/wikipedia/commons/thumb/2/2b/Coat_of_Arms_of_the_Count_of_Flanders_%281837-1909%29.svg/640px-Coat_of_Arms_of_the_Count_of_Flanders_%281837-1909%29.svg.png", "og:image:width": "640", "og:image:height": "698", "og:title": "File:Coat of Arms of the Count of Flanders (1837-1909).svg - Wikimedia Commons", "og:type": "website"}, "text": "\n\n\nDescriptionCoat of Arms of the Count of Flanders (1837-1909).svg\n\nEnglish:  Coat of Arms of a Prince of Belgium (1880) (Label Gules)\n\n\nDate\n\n28 September 2013, 19:35:29\n\n\nSource\n\nOwn work\n\n\nAuthor\n\nSodacan\n\n\nPermission(Reusing this file)\n\n\n\n\n\nThis image shows a flag, a coat of arms, a seal or some other official insignia. The use of such symbols is restricted in many countries. These restrictions are independent of the copyright status.\n I, the copyright holder of this work, hereby publish it under the following license:\n\n This file is licensed under the Creative Commons Attribution-Share Alike 3.0 Unported license.\nYou are free:\nto share \u2013 to copy, distribute and transmit the work\nto remix \u2013 to adapt the work\nUnder the following conditions:\nattribution \u2013 You must give appropriate credit, provide a link to the license, and indicate if changes were made. You may do so in any reasonable manner, but not in any way that suggests the licensor endorses you or your use.\nshare alike \u2013 If you remix, transform, or build upon the material, you must distribute your contributions under the same or compatible license as the original.https://creativecommons.org/licenses/by-sa/3.0CC BY-SA 3.0 Creative Commons Attribution-Share Alike 3.0 truetrue\n\n\n"}, {"url": "https://commons.wikimedia.org/wiki/File:Comte_de_Flandre_-_Fun%C3%A9railles.jpg", "metadata": {"og:image": "https://upload.wikimedia.org/wikipedia/commons/thumb/c/cc/Comte_de_Flandre_-_Fun%C3%A9railles.jpg/640px-Comte_de_Flandre_-_Fun%C3%A9railles.jpg", "og:image:width": "640", "og:image:height": "480", "og:title": "File:Comte de Flandre - Fun\u00e9railles.jpg - Wikimedia Commons", "og:type": "website"}, "text": "\n\n\nDescriptionComte de Flandre - Fun\u00e9railles.jpg\n\nFran\u00e7ais\u00a0:  Fun\u00e9railles du comte de Flandre\n\n\nDate\n\n22 November 1905\n\n\nSource\n\nSelf-scanned\n\n\nAuthor\n\nUnknown authorUnknown author\n\n\n"}, {"url": "https://commons.wikimedia.org/wiki/File:Kop_en_schotel_met_een_portret_van_Philips,_Graaf_van_Vlaanderen,_BK-1985-42-A.jpg", "metadata": {"og:image": "https://upload.wikimedia.org/wikipedia/commons/thumb/6/6b/Kop_en_schotel_met_een_portret_van_Philips%2C_Graaf_van_Vlaanderen%2C_BK-1985-42-A.jpg/640px-Kop_en_schotel_met_een_portret_van_Philips%2C_Graaf_van_Vlaanderen%2C_BK-1985-42-A.jpg", "og:image:width": "640", "og:image:height": "640", "og:title": "File:Kop en schotel met een portret van Philips, Graaf van Vlaanderen, BK-1985-42-A.jpg - Wikimedia Commons", "og:type": "website"}, "text": "\n\n\nDescriptionKop en schotel met een portret van Philips, Graaf van Vlaanderen, BK-1985-42-A.jpg\n\nNederlands:  IdentificatieTitel(s): Kop en schotel met een portret van Philips, Graaf van VlaanderenObjecttype: kop-en-schotel Objectnummer: BK-1985-42-AOpschriften / Merken: merk, onderzijde kop, geschilderd, gestempeld: \u2018scepter met adelaar in medaillon en KOENIGL. PORZELLAN MANUFAKTUR/ S/ D\u2019, scepter met met adelaar in medaillon en KOENIGL. PORZELLAN MANUFAKTUR in onderglazuur blauw, S en D gestempeldmerk, onderzijde schotel, geschilderd, gestempeld: \u2018scepter met adelaar in medaillon en KOENIGL. PORZELLAN MANUFAKTUR/ M\u2019, scepter met met adelaar in medaillon en KOENIGL. PORZELLAN MANUFAKTUR in onderglazuur blauw, M gestempeldsignatuur, buitenwand kop, geschilderd: \u2018A. Ambronn\u2019opschrift, oor kop, geschilderd: \u2018NICHTS OHNE GOTT\u2019Omschrijving: Kop en schotel van porselein, beschilderd op het glazuur in emailkleuren en goud. De buitenwand van de kop is verdeeld in vier vakken met in \u00e9\u00e9n een medaillon met het portret van Philip, Graaf van Vlaanderen, gesigneerd 'A. Ambronn'. Aan weerszijden hiervan in reli\u00ebf een klassieke voorstelling: Hercules met de leeuw en Europa met de stier. Het oor is in de vorm van een gevleugeld, klassiek gekleed persoon, knielend op krulwerk dat uitloopt in bladranken op de kop. De figuur leunt met beide armen op een wapenschild met het alliantiewapen van het echtpaar met het motto 'NICHTS OHNE GOTT'. De voorzijde van de schotel is bedekt met goud met op het plat een uitgespaard medaillon met het gekroonde monogram van Filips van Belgi\u00eb. Op de wand een decoratie in het goud en de rand met een band bladranken in reli\u00ebf. Gemerkt op de onderzijde met de scepter waaronder een medaillon met de adelaar, een scepter en een globe in zijn klauwen. Het randschrift leest 'KOENIGL. PORZELLAN MANUFAKTUR'. Hiernaast de letter S en D. Op de schotel de letter M.VervaardigingVervaardiger: porseleinfabriek: K\u00f6nigliche Porzellan Manufakturschilder: A. AmbronnPlaats vervaardiging: BerlijnDatering: ca. 1867Fysieke kenmerken: porselein met emailkleuren en verguldselMateriaal: porselein glazuur email goud Techniek: draaiend bewerken / vormen / reli\u00ebf / schilderen / emailleren / vergulden / bakken / glazurenAfmetingen: kop: h 11,5 cm. b 12,3 cm.  \u00d7 d 9,4 cm. voet: d 6,5 cm. kop: h 2,8 cm. d 18 cm. voet: d 11 cm. Verwerving en rechtenVerwerving: aankoop 1985Copyright: Publiek domein\n\n\nDate\n\ncirca 1867date QS:P,+1867-00-00T00:00:00Z/9,P1480,Q5727902\n\n\nSource\n\nhttp://hdl.handle.net/10934/RM0001.COLLECT.355405\n\n\nAuthor\n\nRijksmuseum\n\n\n"}, {"url": "https://commons.wikimedia.org/wiki/File:M%C3%A9daille_mariage_Comte_de_Flandre_1867.jpg", "metadata": {"og:image": "https://upload.wikimedia.org/wikipedia/commons/thumb/c/c1/M%C3%A9daille_mariage_Comte_de_Flandre_1867.jpg/640px-M%C3%A9daille_mariage_Comte_de_Flandre_1867.jpg", "og:image:width": "640", "og:image:height": "480", "og:title": "File:M\u00e9daille mariage Comte de Flandre 1867.jpg - Wikimedia Commons", "og:type": "website"}, "text": "\n\n\nDescriptionM\u00e9daille mariage Comte de Flandre 1867.jpg\n\nFran\u00e7ais\u00a0:  M\u00e9daille en bronze c\u00e9l\u00e9brant le mariage Comte de Flandre en 1867 (L\u00e9opold Wiener)\n\n\nDate\n\n3 April 2020\n\n\nSource\n\nOwn work\n\n\nAuthor\n\nFoscolo\n\n\n"}, {"url": "https://commons.wikimedia.org/wiki/File:Prince_Philippe_of_Belgium_Count_of_Flanders_first_arms.PNG", "metadata": {"og:image": "https://upload.wikimedia.org/wikipedia/commons/9/9f/Prince_Philippe_of_Belgium_Count_of_Flanders_first_arms.PNG", "og:image:width": "640", "og:image:height": "799", "og:title": "File:Prince Philippe of Belgium Count of Flanders first arms.PNG - Wikimedia Commons", "og:type": "website"}, "text": "\n\n\nDescriptionPrince Philippe of Belgium Count of Flanders first arms.PNG\n\nFirst arms of Prince Philippe of Belgium Count of Flanders, based on citation in Rietstap Armorial General and some elements of work of Sodacan, Jimmy44, and Tom Lemmens\n\n\nSource\n\nOwn work\n\n\nAuthor\n\nJMvanDijk\n\n\nPermission(Reusing this file)\n\nCC-BYH-SA-3.0 and older and GFDL\n\n\nOther versions\n\n\n\n\n\n\nFile:Arms of prince Philippe de Belgique (1837-1905) before 1869.svg is a vector version of this file. It should be used in place of this PNG file when not inferior.\n\nFile:Prince Philippe of Belgium Count of Flanders first arms.PNG \u2192 File:Arms of prince Philippe de Belgique (1837-1905) before 1869.svg\n\nFor more information, see Help:SVG.\n\n\n\n\nIn other languages\n\n\nAlemannisch\u00a0\u2219 Bahasa Indonesia\u00a0\u2219 Bahasa Melayu\u00a0\u2219 British English\u00a0\u2219 catal\u00e0\u00a0\u2219 \u010de\u0161tina\u00a0\u2219 dansk\u00a0\u2219 Deutsch\u00a0\u2219 eesti\u00a0\u2219 English\u00a0\u2219 espa\u00f1ol\u00a0\u2219 Esperanto\u00a0\u2219 euskara\u00a0\u2219 fran\u00e7ais\u00a0\u2219 Frysk\u00a0\u2219 galego\u00a0\u2219 hrvatski\u00a0\u2219 Ido\u00a0\u2219 italiano\u00a0\u2219 lietuvi\u0173\u00a0\u2219 magyar\u00a0\u2219 Nederlands\u00a0\u2219 norsk bokm\u00e5l\u00a0\u2219 norsk nynorsk\u00a0\u2219 occitan\u00a0\u2219 Plattd\u00fc\u00fctsch\u00a0\u2219 polski\u00a0\u2219 portugu\u00eas\u00a0\u2219 portugu\u00eas do Brasil\u00a0\u2219 rom\u00e2n\u0103\u00a0\u2219 Scots\u00a0\u2219 sicilianu\u00a0\u2219 sloven\u010dina\u00a0\u2219 sloven\u0161\u010dina\u00a0\u2219 suomi\u00a0\u2219 svenska\u00a0\u2219 Ti\u1ebfng Vi\u1ec7t\u00a0\u2219 T\u00fcrk\u00e7e\u00a0\u2219 v\u00e8neto\u00a0\u2219 \u0395\u03bb\u03bb\u03b7\u03bd\u03b9\u03ba\u03ac\u00a0\u2219 \u0431\u0435\u043b\u0430\u0440\u0443\u0441\u043a\u0430\u044f (\u0442\u0430\u0440\u0430\u0448\u043a\u0435\u0432\u0456\u0446\u0430)\u00a0\u2219 \u0431\u044a\u043b\u0433\u0430\u0440\u0441\u043a\u0438\u00a0\u2219 \u043c\u0430\u043a\u0435\u0434\u043e\u043d\u0441\u043a\u0438\u00a0\u2219 \u043d\u043e\u0445\u0447\u0438\u0439\u043d\u00a0\u2219 \u0440\u0443\u0441\u0441\u043a\u0438\u0439\u00a0\u2219 \u0441\u0440\u043f\u0441\u043a\u0438 / srpski\u00a0\u2219 \u0442\u0430\u0442\u0430\u0440\u0447\u0430/tatar\u00e7a\u00a0\u2219 \u0443\u043a\u0440\u0430\u0457\u043d\u0441\u044c\u043a\u0430\u00a0\u2219 \u10e5\u10d0\u10e0\u10d7\u10e3\u10da\u10d8\u00a0\u2219 \u0570\u0561\u0575\u0565\u0580\u0565\u0576\u00a0\u2219 \u09ac\u09be\u0982\u09b2\u09be\u00a0\u2219 \u0ba4\u0bae\u0bbf\u0bb4\u0bcd\u00a0\u2219 \u0d2e\u0d32\u0d2f\u0d3e\u0d33\u0d02\u00a0\u2219 \u0e44\u0e17\u0e22\u00a0\u2219 \ud55c\uad6d\uc5b4\u00a0\u2219 \u65e5\u672c\u8a9e\u00a0\u2219 \u7b80\u4f53\u4e2d\u6587\u00a0\u2219 \u7e41\u9ad4\u4e2d\u6587\u00a0\u2219 \u05e2\u05d1\u05e8\u05d9\u05ea\u00a0\u2219 \u0627\u0644\u0639\u0631\u0628\u064a\u0629\u00a0\u2219 \u0641\u0627\u0631\u0633\u06cc\u00a0\u2219 +/\u2212\n\n\n\n\n\u00a0\n\n\n\n\n"}, {"url": "https://commons.wikimedia.org/wiki/File:Schotel_met_monogram_van_Filips_van_Belgi%C3%AB,_BK-1985-42-A-1.jpg", "metadata": {"og:image": "https://upload.wikimedia.org/wikipedia/commons/thumb/3/37/Schotel_met_monogram_van_Filips_van_Belgi%C3%AB%2C_BK-1985-42-A-1.jpg/640px-Schotel_met_monogram_van_Filips_van_Belgi%C3%AB%2C_BK-1985-42-A-1.jpg", "og:image:width": "640", "og:image:height": "640", "og:title": "File:Schotel met monogram van Filips van Belgi\u00eb, BK-1985-42-A-1.jpg - Wikimedia Commons", "og:type": "website"}, "text": "\n\n\nDescriptionSchotel met monogram van Filips van Belgi\u00eb, BK-1985-42-A-1.jpg\n\nNederlands:  IdentificatieTitel(s): Schotel met monogram van Filips van Belgi\u00ebObjecttype: schotel Objectnummer: BK-1985-42-A-1Opschriften / Merken: merk, onderzijde, geschilderd, gestempeld: \u2018scepter met adelaar in medaillon en KOENIGL. PORZELLAN MANUFAKTUR/ M\u2019, scepter met adelaar in medaillon en KOENIGL. PORZELLAN MANUFAKTUR in onderglazuur blauw, M gestempeldOmschrijving: Schotel van porselein, beschilderd op het glazuur in goud. De voorzijde is bedekt met goud met op het plat een uitgespaard medaillon met het gekroonde monogram van Filips van Belgi\u00eb. Op de wand een decoratie in het goud en de rand met een band bladranken in reli\u00ebf. Gemerkt op de onderzijde met de scepter waaronder een medaillon met de adelaar, een scepter en een globe in zijn klauwen. Het randschrift leest 'KOENIGL. PORZELLAN MANUFAKTUR'. Hiernaast de letter M.VervaardigingVervaardiger: porseleinfabriek: K\u00f6nigliche Porzellan Manufakturschilder: A. AmbronnPlaats vervaardiging: BerlijnDatering: ca. 1867Fysieke kenmerken: porselein met verguldselMateriaal: porselein glazuur goud Techniek: draaiend bewerken / vormen / reli\u00ebf / schilderen / vergulden / bakken / glazurenAfmetingen: h 2,7 cm. rand: d 17,9 cm. voet: d 11 cm. Verwerving en rechtenVerwerving: aankoop 1985Copyright: Publiek domein\n\n\nDate\n\ncirca 1867date QS:P,+1867-00-00T00:00:00Z/9,P1480,Q5727902\n\n\nSource\n\nhttp://hdl.handle.net/10934/RM0001.COLLECT.582437\n\n\nAuthor\n\nRijksmuseum\n\n\n"}]