[{"url": "https://commons.wikimedia.org/wiki/File:Albert_Laumaill%C3%A9_de_Nice_au_Longchamps-Fleuri_de_Spa,_le_10_juillet_1896_(Les_f%C3%AAtes_automobiles_de_Spa).jpg", "metadata": {"og:image": "https://upload.wikimedia.org/wikipedia/commons/thumb/7/74/Albert_Laumaill%C3%A9_de_Nice_au_Longchamps-Fleuri_de_Spa%2C_le_10_juillet_1896_%28Les_f%C3%AAtes_automobiles_de_Spa%29.jpg/640px-Albert_Laumaill%C3%A9_de_Nice_au_Longchamps-Fleuri_de_Spa%2C_le_10_juillet_1896_%28Les_f%C3%AAtes_automobiles_de_Spa%29.jpg", "og:image:width": "640", "og:image:height": "455", "og:title": "File:Albert Laumaill\u00e9 de Nice au Longchamps-Fleuri de Spa, le 10 juillet 1896 (Les f\u00eates automobiles de Spa).jpg - Wikimedia Commons", "og:type": "website"}, "text": "\n\n\nDescriptionAlbert Laumaill\u00e9 de Nice au Longchamps-Fleuri de Spa, le 10 juillet 1896 (Les f\u00eates automobiles de Spa).jpg\n\nFran\u00e7ais\u00a0:  Albert Laumaill\u00e9 de Nice au Longchamps-Fleuri de Spa, le 10 juillet 1896 (Les f\u00eates automobiles de Spa) - Le Sport universel illustr\u00e9 du 1er ao\u00fbt 1896, p.241-242\n\n\nDate\n\n2 April 2016\n\n\nSource\n\nLe Sport universel illustr\u00e9 du 1er ao\u00fbt 1896, p.241-242\n\n\nAuthor\n\nLe Sport universel illustr\u00e9 et Gautier\n\n\n"}, {"url": "https://commons.wikimedia.org/wiki/File:Arriv%C3%A9e_de_L%C3%A9opold_et_Marie-Henriette_%C3%A0_Spa.jpg", "metadata": {"og:image": "https://upload.wikimedia.org/wikipedia/commons/thumb/b/b0/Arriv%C3%A9e_de_L%C3%A9opold_et_Marie-Henriette_%C3%A0_Spa.jpg/640px-Arriv%C3%A9e_de_L%C3%A9opold_et_Marie-Henriette_%C3%A0_Spa.jpg", "og:image:width": "640", "og:image:height": "429", "og:title": "File:Arriv\u00e9e de L\u00e9opold et Marie-Henriette \u00e0 Spa.jpg - Wikimedia Commons", "og:type": "website"}, "text": "\n\n\nDescriptionArriv\u00e9e de L\u00e9opold et Marie-Henriette \u00e0 Spa.jpg\n\nEnglish:  Arrival of Leopold of Belgium and Marie Henriette in Spa (Belgium).\nFran\u00e7ais\u00a0:  Arriv\u00e9e de L\u00e9opold de Belgique et Marie-Henriette \u00e0 Spa (Belgique). \u2014 La reine Marie-Henriette s\u00e9journera tr\u00e8s souvent dans la ville thermale de Spa, o\u00f9 elle finira par s\u2019installer d\u00e9finitivement en 1895, \u00e0 l\u2019H\u00f4tel du Midi (actuelle \u00ab\u00a0Villa royale\u00a0\u00bb). Elle y d\u00e9c\u00e9dera en 1902.\nNederlands:  Aankomst van Leopold van Belg\u00efe en Marie Henri\u00ebtte in Spa (Belgi\u00eb).\n\n\nDate\n\n1856\n\n\nSource\n\nThe Illustrated London News (United Kingdom), 16 August 1856.\n\n\nAuthor\n\nUnknown authorUnknown author\n\nTechniqueInfoFieldwood engraving print\n\nSizeInfoFieldheight: 16 cm (6.2 in); width: 24 cm (9.4 in)dimensions QS:P2048,16U174728dimensions QS:P2049,24U174728\n\nInscriptionsInfoFieldUnsigned\n\nOriginal captionInfoFieldSpa, arrival of the Duke and Duchess of Brabant.\n\nScanned byInfoField\u00c9ric Dod\u00e9mont (Dodeeric)\n\n\n"}, {"url": "https://commons.wikimedia.org/wiki/File:Enemy_Activities_-_German_Republic_-_Group_of_German_delegates_in_front_of_the_conference_hall_in_the_Villa_Fairneuse_at_SPA._In_the_center,_National_Chancellor_Fehrenbach,_at_his_right_-_Minister_of_Finance,_Dr.(...)_-_NARA_-_31478663.jpg", "metadata": {"og:image": "https://upload.wikimedia.org/wikipedia/commons/thumb/a/a5/Enemy_Activities_-_German_Republic_-_Group_of_German_delegates_in_front_of_the_conference_hall_in_the_Villa_Fairneuse_at_SPA._In_the_center%2C_National_Chancellor_Fehrenbach%2C_at_his_right_-_Minister_of_Finance%2C_Dr.%28...%29_-_NARA_-_31478663.jpg/640px-thumbnail.jpg", "og:image:width": "640", "og:image:height": "440", "og:title": "File:Enemy Activities - German Republic - Group of German delegates in front of the conference hall in the Villa Fairneuse at SPA. In the center, National Chancellor Fehrenbach, at his right - Minister of Finance, Dr.(...) - NARA - 31478663.jpg - Wikimedia Commons", "og:type": "website"}, "text": "\n\n\n\nAuthor\n\n\nUnknown authorUnknown author or not provided\n\nRecord creatorInfoFieldWar Department. 1789-9/18/1947\n\nTitle\n\n\nEnemy Activities - German Republic - Group of German delegates in front of the conference hall in the Villa Fairneuse [sic] at Spa. In the center, National Chancellor Fehrenbach, at his right - Minister of Finance, Dr. Wirth at his left, Minister of Foreign Affairs Dr. Simons\n\n\nDate\n\n1920date QS:P571,+1920-00-00T00:00:00Z/9\n\n\nCollection\n\n\n\n\nNational Archives and Records Administration\n\u00a0\u00a0\n\n\n\n\n\nNative name\nNational Archives and Records Administration\n\nParent institution\nFederal Government of the United States\u00a0\n\nLocation\nWashington, D.C. (headquarters), and many regional facilities and presidential libraries nationwide in the USA\n\nCoordinates\n38\u00b0\u00a053\u2032\u00a034\u2033\u00a0N, 77\u00b0\u00a001\u2032\u00a023\u2033\u00a0W  \u00a0\n\nEstablished\n19 June 1934\u00a0\n\nWebsite\nwww.archives.gov\n\nAuthority file\n\n: Q518155\nVIAF:\u2009132254586\nISNI:\u20090000000121603036\nULAN:\u2009500263780\nLCCN:\u2009n84176101\nNLA:\u200935718998\nWorldCat\n\n\n\ninstitution QS:P195,Q518155\nNational Archives at College Park - Archives II (College Park, MD)  \n\nRecord IDInfoField\n\n\n\n\u00a0\n\n\n\n\nThis media is available in the holdings of the National Archives and Records Administration, cataloged under the National Archives Identifier (NAID) 31478663.\nThis tag does not indicate the copyright status of the attached work. A normal copyright tag is still required. See Commons:Licensing.\n\n\u0627\u0644\u0639\u0631\u0628\u064a\u0629\u00a0\u2219 Deutsch\u00a0\u2219 English\u00a0\u2219 espa\u00f1ol\u00a0\u2219 fran\u00e7ais\u00a0\u2219 italiano\u00a0\u2219 \u65e5\u672c\u8a9e\u00a0\u2219 \ud55c\uad6d\uc5b4\u00a0\u2219 \u043c\u0430\u043a\u0435\u0434\u043e\u043d\u0441\u043a\u0438\u00a0\u2219 \u0d2e\u0d32\u0d2f\u0d3e\u0d33\u0d02\u00a0\u2219 Nederlands\u00a0\u2219 polski\u00a0\u2219 portugu\u00eas\u00a0\u2219 \u0440\u0443\u0441\u0441\u043a\u0438\u0439\u00a0\u2219 sloven\u0161\u010dina\u00a0\u2219 T\u00fcrk\u00e7e\u00a0\u2219 \u0443\u043a\u0440\u0430\u0457\u043d\u0441\u044c\u043a\u0430\u00a0\u2219 Ti\u1ebfng Vi\u1ec7t\u00a0\u2219 \u4e2d\u6587\uff08\u7b80\u4f53\uff09\u00a0\u2219 \u4e2d\u6587\uff08\u7e41\u9ad4\uff09\u00a0\u2219 +/\u2212\n\n\nRecord group:  Record Group 165: Records of the War Department General and Special Staffs (National Archives Identifier:  494)\nSeries:  American Unofficial Collection of World War I Photographs (National Archives Identifier:  533461)\nFile unit:  Enemy Activities - German Republic (National Archives Identifier:  31199911)\nSearch Identifier: 165-WW Batch 5\n165-WW-160B-12\n\nSource\n\nU.S. National Archives and Records Administration\n\n\nOther versions\n\nPlease do not overwrite this file: any restoration work should be uploaded with a new name and linked in this page's \"other versions=\" parameter, so that this file represents the exact file found in the NARA catalog record to which it links. The metadata on this page was imported directly from NARA's catalog record; additional descriptive text may be added by Wikimedians to the template below with the \"description=\" parameter, but please do not modify the other fields.\n\n(Note: Editors who post this notice are strongly encouraged to add details explaining how it applies to this file.)\n\n\n"}, {"url": "https://commons.wikimedia.org/wiki/File:Enemy_Activities_-_Germany_After_Revolt_-_German_Headquarters_at_SPA_-_NARA_-_31478715.jpg", "metadata": {"og:image": "https://upload.wikimedia.org/wikipedia/commons/thumb/4/43/Enemy_Activities_-_Germany_After_Revolt_-_German_Headquarters_at_SPA_-_NARA_-_31478715.jpg/640px-Enemy_Activities_-_Germany_After_Revolt_-_German_Headquarters_at_SPA_-_NARA_-_31478715.jpg", "og:image:width": "640", "og:image:height": "440", "og:title": "File:Enemy Activities - Germany After Revolt - German Headquarters at SPA - NARA - 31478715.jpg - Wikimedia Commons", "og:type": "website"}, "text": "\n\n\n\nEnemy Activities - Germany After Revolt - German Headquarters at SPA\n\u00a0\u00a0(  \u00a0)\n\n\nAuthor\n\n\nUnknown authorUnknown author or not provided\n\nRecord creatorInfoFieldWar Department. 1789-9/18/1947\n\nTitle\n\n\nEnemy Activities - Germany After Revolt - German Headquarters at SPA\n\n\nDescription\n\n\nScope and content:  Photographer: Underwood and Underwood\n\n\nDate\n\n1917 \u2013 1918\n\n\nCollection\n\n\n\n\nNational Archives and Records Administration\n\u00a0\u00a0\n\n\n\n\n\nNative name\nNational Archives and Records Administration\n\nParent institution\nFederal Government of the United States\u00a0\n\nLocation\nWashington, D.C. (headquarters), and many regional facilities and presidential libraries nationwide in the USA\n\nCoordinates\n38\u00b0\u00a053\u2032\u00a034\u2033\u00a0N, 77\u00b0\u00a001\u2032\u00a023\u2033\u00a0W  \u00a0\n\nEstablished\n19 June 1934\u00a0\n\nWebsite\nwww.archives.gov\n\nAuthority file\n\n: Q518155\nVIAF:\u2009132254586\nISNI:\u20090000000121603036\nULAN:\u2009500263780\nLCCN:\u2009n84176101\nNLA:\u200935718998\nWorldCat\n\n\n\ninstitution QS:P195,Q518155\nNational Archives at College Park - Archives II (College Park, MD)  \n\nRecord IDInfoField\n\n\n\n\u00a0\n\n\n\n\nThis media is available in the holdings of the National Archives and Records Administration, cataloged under the National Archives Identifier (NAID) 31478715.\nThis tag does not indicate the copyright status of the attached work. A normal copyright tag is still required. See Commons:Licensing.\n\n\u0627\u0644\u0639\u0631\u0628\u064a\u0629\u00a0\u2219 Deutsch\u00a0\u2219 English\u00a0\u2219 espa\u00f1ol\u00a0\u2219 fran\u00e7ais\u00a0\u2219 italiano\u00a0\u2219 \u65e5\u672c\u8a9e\u00a0\u2219 \ud55c\uad6d\uc5b4\u00a0\u2219 \u043c\u0430\u043a\u0435\u0434\u043e\u043d\u0441\u043a\u0438\u00a0\u2219 \u0d2e\u0d32\u0d2f\u0d3e\u0d33\u0d02\u00a0\u2219 Nederlands\u00a0\u2219 polski\u00a0\u2219 portugu\u00eas\u00a0\u2219 \u0440\u0443\u0441\u0441\u043a\u0438\u0439\u00a0\u2219 sloven\u0161\u010dina\u00a0\u2219 T\u00fcrk\u00e7e\u00a0\u2219 \u0443\u043a\u0440\u0430\u0457\u043d\u0441\u044c\u043a\u0430\u00a0\u2219 Ti\u1ebfng Vi\u1ec7t\u00a0\u2219 \u4e2d\u6587\uff08\u7b80\u4f53\uff09\u00a0\u2219 \u4e2d\u6587\uff08\u7e41\u9ad4\uff09\u00a0\u2219 +/\u2212\n\n\nRecord group:  Record Group 165: Records of the War Department General and Special Staffs (National Archives Identifier:  494)\nSeries:  American Unofficial Collection of World War I Photographs (National Archives Identifier:  533461)\nFile unit:  Enemy Activities - Germany After Revolt (National Archives Identifier:  31199912)\nSearch Identifier: 165-WW Batch 5\n165-WW-160C-4\n\nSource\n\nU.S. National Archives and Records Administration\n\n\nOther versions\n\nPlease do not overwrite this file: any restoration work should be uploaded with a new name and linked in this page's \"other versions=\" parameter, so that this file represents the exact file found in the NARA catalog record to which it links. The metadata on this page was imported directly from NARA's catalog record; additional descriptive text may be added by Wikimedians to the template below with the \"description=\" parameter, but please do not modify the other fields.\n\n(Note: Editors who post this notice are strongly encouraged to add details explaining how it applies to this file.)\n\n\n"}, {"url": "https://commons.wikimedia.org/wiki/File:Exposition_internationale_%C3%A0_Spa_(Belgique,_province_de_Li%C3%A8ge),_1891,_ND6426(2).jpg", "metadata": {"og:image": "https://upload.wikimedia.org/wikipedia/commons/thumb/e/e1/Exposition_internationale_%C3%A0_Spa_%28Belgique%2C_province_de_Li%C3%A8ge%29%2C_1891%2C_ND6426%282%29.jpg/640px-Exposition_internationale_%C3%A0_Spa_%28Belgique%2C_province_de_Li%C3%A8ge%29%2C_1891%2C_ND6426%282%29.jpg", "og:image:width": "640", "og:image:height": "426", "og:title": "File:Exposition internationale \u00e0 Spa (Belgique, province de Li\u00e8ge), 1891, ND6426(2).jpg - Wikimedia Commons", "og:type": "website"}, "text": "\n\n\nDescriptionExposition internationale \u00e0 Spa (Belgique, province de Li\u00e8ge), 1891, ND6426(2).jpg\n\n\n\nAuteur(s):\n\nFisch, Paul (en 1865 - en 1919), graveur en m\u00e9dailles - M\u00e9dailleur\n\n\nDate de production:\n\nEn 1891\n\n\nType(s) d'objet(s):\n\nNumismatique\n\n\nD\u00e9nomination(s):\n\nM\u00e9daille\n\n\nDimensions - Oeuvre:\n\n\n   Diam\u00e8tre\u00a0: 6.3 cm\n   Poids (type dimension)\u00a0: 95.81 g\n\n\n\nDescription:\n\n\nRelief, droit, revers.\n\n\n\nMarques, inscriptions, poin\u00e7ons:\n\nL\u00e9gende - Au droit circulaire\u00a0: \"HYGIENE SAUVETAGE SPORT ART INDUSTRIEL\"\u00a0; au droit dans le champ, sur la banderole\u00a0: \"VILLE DE SPA 1891\"\u00a0; au revers circulaire\u00a0: \"EXPOSITION INTERNATIONALE DE SPA / * 1891 * \".\nSignature - Au droit circulaire\u00a0: \"P. FISCH\".\n\n\n\nDescription iconographique:\n\n\nDroit\u00a0: entre les nuages, une Renomm\u00e9e somm\u00e9e d'une \u00e9toile, sonnant de la trompette autour de laquelle s'enroule une banderole inscrite, tenant une couronne et une branche de laurier, accoud\u00e9e \u00e0 un \u00e9cu baroque aux armes de la Ville de Spa\u00a0; revers\u00a0: cartel lisse pos\u00e9 sur une couronne de feuilles de ch\u00eane et de feuilles de laurier, surmont\u00e9 d'une couronne tourel\u00e9e.\n\n\n\nMode d'acquisition:\n\nMode d'acquisition inconnu\n\n\nInstitution:\n\nMus\u00e9e Carnavalet, Histoire de Paris\n\n\nNum\u00e9ro d\u2019inventaire:\n\nND6426\n\n\nIIIF Manifest:\n\nhttps://apicollections.parismusees.paris.fr/iiif/320083775/manifest\n\n\n\nDate\n\nEn 1891\n\n\nSource\n\nhttps://www.parismuseescollections.paris.fr/fr/musee-carnavalet/oeuvres/exposition-internationale-a-spa-belgique-province-de-liege-1891#infos-principales\n\n\nAuthor\n\nFisch, Paul (en 1865 - en 1919), graveur en m\u00e9dailles - M\u00e9dailleur\n\n\n"}, {"url": "https://commons.wikimedia.org/wiki/File:Exposition_internationale_%C3%A0_Spa_(Belgique,_province_de_Li%C3%A8ge),_1891,_ND6426.jpg", "metadata": {"og:image": "https://upload.wikimedia.org/wikipedia/commons/thumb/8/86/Exposition_internationale_%C3%A0_Spa_%28Belgique%2C_province_de_Li%C3%A8ge%29%2C_1891%2C_ND6426.jpg/640px-Exposition_internationale_%C3%A0_Spa_%28Belgique%2C_province_de_Li%C3%A8ge%29%2C_1891%2C_ND6426.jpg", "og:image:width": "640", "og:image:height": "426", "og:title": "File:Exposition internationale \u00e0 Spa (Belgique, province de Li\u00e8ge), 1891, ND6426.jpg - Wikimedia Commons", "og:type": "website"}, "text": "\n\n\nDescriptionExposition internationale \u00e0 Spa (Belgique, province de Li\u00e8ge), 1891, ND6426.jpg\n\n\n\nAuteur(s):\n\nFisch, Paul (en 1865 - en 1919), graveur en m\u00e9dailles - M\u00e9dailleur\n\n\nDate de production:\n\nEn 1891\n\n\nType(s) d'objet(s):\n\nNumismatique\n\n\nD\u00e9nomination(s):\n\nM\u00e9daille\n\n\nDimensions - Oeuvre:\n\n\n   Diam\u00e8tre\u00a0: 6.3 cm\n   Poids (type dimension)\u00a0: 95.81 g\n\n\n\nDescription:\n\n\nRelief, droit, revers.\n\n\n\nMarques, inscriptions, poin\u00e7ons:\n\nL\u00e9gende - Au droit circulaire\u00a0: \"HYGIENE SAUVETAGE SPORT ART INDUSTRIEL\"\u00a0; au droit dans le champ, sur la banderole\u00a0: \"VILLE DE SPA 1891\"\u00a0; au revers circulaire\u00a0: \"EXPOSITION INTERNATIONALE DE SPA / * 1891 * \".\nSignature - Au droit circulaire\u00a0: \"P. FISCH\".\n\n\n\nDescription iconographique:\n\n\nDroit\u00a0: entre les nuages, une Renomm\u00e9e somm\u00e9e d'une \u00e9toile, sonnant de la trompette autour de laquelle s'enroule une banderole inscrite, tenant une couronne et une branche de laurier, accoud\u00e9e \u00e0 un \u00e9cu baroque aux armes de la Ville de Spa\u00a0; revers\u00a0: cartel lisse pos\u00e9 sur une couronne de feuilles de ch\u00eane et de feuilles de laurier, surmont\u00e9 d'une couronne tourel\u00e9e.\n\n\n\nMode d'acquisition:\n\nMode d'acquisition inconnu\n\n\nInstitution:\n\nMus\u00e9e Carnavalet, Histoire de Paris\n\n\nNum\u00e9ro d\u2019inventaire:\n\nND6426\n\n\nIIIF Manifest:\n\nhttps://apicollections.parismusees.paris.fr/iiif/320083775/manifest\n\n\n\nDate\n\nEn 1891\n\n\nSource\n\nhttps://www.parismuseescollections.paris.fr/fr/musee-carnavalet/oeuvres/exposition-internationale-a-spa-belgique-province-de-liege-1891#infos-principales\n\n\nAuthor\n\nFisch, Paul (en 1865 - en 1919), graveur en m\u00e9dailles - M\u00e9dailleur\n\n\n"}, {"url": "https://commons.wikimedia.org/wiki/File:First_Beauty_Pageant.jpg", "metadata": {"og:image": "https://upload.wikimedia.org/wikipedia/commons/4/47/First_Beauty_Pageant.jpg", "og:image:width": "640", "og:image:height": "393", "og:title": "File:First Beauty Pageant.jpg - Wikimedia Commons", "og:type": "website"}, "text": "\n\n\nDescriptionFirst Beauty Pageant.jpg\n\nEnglish:  Concours de Beaut\u00e9, the first Beauty pageant in the world, held at Spa in Belgium on 19 September 1888. The first prize of 5,000 francs went to 18-year old Bertha Soucaret, a Creole Girl from Guadeloupe.\nDeutsch:  Der Concours de Beaut\u00e9, erster Sch\u00f6nheitswettbewerb der Welt, abgehalten am 19. September 1988 im belgischen Spa. Siegerin wurde die 18j\u00e4hrige Bertha Soucaret, eine Kreolin von Guadeloupe, die damit 5000 Francs gewann.\n\n\nDate\n\ncirca 1888date QS:P,+1888-00-00T00:00:00Z/9,P1480,Q5727902\n\n\nSource\n\nhttp://www.robertsonsfirsts.com/TheBook.aspx\n\n\nAuthor\n\nUnknown authorUnknown author\n\n\n"}, {"url": "https://commons.wikimedia.org/wiki/File:Georges_Gaudy._Ville_de_Spa._Concours_d%27automobiles._Automobile_club_de_Belgique,_1896.jpg", "metadata": {"og:image": "https://upload.wikimedia.org/wikipedia/commons/thumb/a/ad/Georges_Gaudy._Ville_de_Spa._Concours_d%27automobiles._Automobile_club_de_Belgique%2C_1896.jpg/640px-Georges_Gaudy._Ville_de_Spa._Concours_d%27automobiles._Automobile_club_de_Belgique%2C_1896.jpg", "og:image:width": "640", "og:image:height": "795", "og:title": "File:Georges Gaudy. Ville de Spa. Concours d'automobiles. Automobile club de Belgique, 1896.jpg - Wikimedia Commons", "og:type": "website"}, "text": "\n\n\nDescriptionGeorges Gaudy. Ville de Spa. Concours d'automobiles. Automobile club de Belgique, 1896.jpg\n\nFran\u00e7ais\u00a0:  Georges Gaudy. Ville de Spa. Concours d'automobiles. Automobile club de Belgique, 1896 (peinture dans le mus\u00e9e d'Ixelles)\n\n\nDate\n\n1896\n\n\nSource\n\nhttps://www.flickr.com/photos/mazanto/albums/72157658133384095\n\n\nAuthor\n\ndiverse\n\n\n"}, {"url": "https://commons.wikimedia.org/wiki/File:Gezicht_op_Spa_Spa,_vue_g%C3%A9n%C3%A9rale_(titel_op_object)_La_Belgique_pittoresque_et_monumentale_Views_of_Belgium_(serietitel_op_object),_RP-F-F12286.jpg", "metadata": {"og:image": "https://upload.wikimedia.org/wikipedia/commons/thumb/e/e4/Gezicht_op_Spa_Spa%2C_vue_g%C3%A9n%C3%A9rale_%28titel_op_object%29_La_Belgique_pittoresque_et_monumentale_Views_of_Belgium_%28serietitel_op_object%29%2C_RP-F-F12286.jpg/640px-Gezicht_op_Spa_Spa%2C_vue_g%C3%A9n%C3%A9rale_%28titel_op_object%29_La_Belgique_pittoresque_et_monumentale_Views_of_Belgium_%28serietitel_op_object%29%2C_RP-F-F12286.jpg", "og:image:width": "640", "og:image:height": "320", "og:title": "File:Gezicht op Spa Spa, vue g\u00e9n\u00e9rale (titel op object) La Belgique pittoresque et monumentale Views of Belgium (serietitel op object), RP-F-F12286.jpg - Wikimedia Commons", "og:type": "website"}, "text": "\n\n\nDescriptionGezicht op Spa Spa, vue g\u00e9n\u00e9rale (titel op object) La Belgique pittoresque et monumentale Views of Belgium (serietitel op object), RP-F-F12286.jpg\n\nNederlands:  IdentificatieTitel(s): Gezicht op Spa. Spa, vue g\u00e9n\u00e9rale (titel op object). La Belgique pittoresque et monumentale / Views of Belgium (serietitel op object)Objecttype: stereofoto Objectnummer: RP-F-F12286Opschriften / Merken: nummer, verso, geplakt: \u2018No 1776\u2019VervaardigingVervaardiger: fotograaf: Jules Queval (vermeld op object)Plaats vervaardiging: SpaDatering: 1866 - 1870Materiaal: karton fotopapier Techniek: albuminedrukAfmetingen: secundaire drager: h 87 mm \u00d7 b 177 mmOnderwerpWat: villageWaar: SpaVerwerving en rechtenVerwerving: overdracht van beheer 1994Copyright: Publiek domein\n\n\nDate\n\nbetween 1866 and 1870date QS:P,+1850-00-00T00:00:00Z/7,P1319,+1866-00-00T00:00:00Z/9,P1326,+1870-00-00T00:00:00Z/9\n\n\nSource\n\nhttp://hdl.handle.net/10934/RM0001.COLLECT.277933\n\n\nAuthor\n\nRijksmuseum\n\n\n"}, {"url": "https://commons.wikimedia.org/wiki/File:Livre_d%27Or_de_Spa.PNG", "metadata": {"og:image": "https://upload.wikimedia.org/wikipedia/commons/thumb/b/ba/Livre_d%27Or_de_Spa.PNG/640px-Livre_d%27Or_de_Spa.PNG", "og:image:width": "640", "og:image:height": "192", "og:title": "File:Livre d'Or de Spa.PNG - Wikimedia Commons", "og:type": "website"}, "text": "\n\n\nDescriptionLivre d'Or de Spa.PNG\n\nEnglish:  \u00ab\u00a0Livre d\u2019Or\u00a0\u00bb, 9 m long painting by Antoine Fontaine (1830-1896).\nIt depicts 91 famous visitors of the town of Spa (Belgium), along with the \"pavillon des sources de la Sauveni\u00e8re\", the \"pavillon de la G\u00e9ronst\u00e8re\", the 1863 Bathing House, the Leopold II-gallery and the \"Pouhon Pierre-le-Grand\" (where the painting itself is housed since 1894). Among those depicted: Descartes, Henry III of France, Charles II of England, czar Peter the Great.\n\n\nDate\n\n1894\n\n\nSource\n\nhttp://www.sparealites.be/le-livre-dor-de-spa\n\n\nAuthor\n\nAntoine Fontaine (Spa, 1830-1896)\n\n\n"}]