[{"url": "https://commons.wikimedia.org/wiki/File:A_Brighton_hot_bath,_or_preparations_for_the_wedding!!_(BM_1868,0808.8320).jpg", "metadata": {"og:image": "https://upload.wikimedia.org/wikipedia/commons/thumb/3/3d/A_Brighton_hot_bath%2C_or_preparations_for_the_wedding%21%21_%28BM_1868%2C0808.8320%29.jpg/640px-A_Brighton_hot_bath%2C_or_preparations_for_the_wedding%21%21_%28BM_1868%2C0808.8320%29.jpg", "og:image:width": "640", "og:image:height": "451", "og:title": "File:A Brighton hot bath, or preparations for the wedding!! (BM 1868,0808.8320).jpg - Wikimedia Commons", "og:type": "website"}, "text": "\n\n\n\nA Brighton hot bath, or preparations for the wedding!!\n\u00a0\u00a0(  \u00a0)\n\n\nArtist\n\n\nPrint made by: George Cruikshank\n\nPublished by: J Sidebotham\n\n\nTitle\n\n\nA Brighton hot bath, or preparations for the wedding!!\n\n\nDescription\n\n\nEnglish:  Prince Leopold, in an oval bath-tub filled with water and surrounded by steam, undergoes treatment by the Queen, the Regent, Lord Eldon, and McMahon. Queen Charlotte (left), a large kettle in each hand, pours boiling water upon the sufferer, saying, \"Aye theres the Rub\"\u00a0; she grins delightedly and is much burlesqued; she wears a short petticoat and apron, and a hat with a curtain-frill. Behind her is a kitchen fire, on which stand a third kettle and a boiler with a tap. Eldon uses his Chancellor's wig to scrub the victim, saying, \"out! out! damn'd spot out I say!\"  On his own head is a turban. The Regent stands behind Prince Leopold's head pouring into his mouth the contents of a tube-shaped bottle labelled 'Quintessence of Roses to sweeten the Breath'; he says: \"More hot Water!! I'm afraid he's not half clean, I recollect I was served this way myself some twenty years ago.\" He has a gouty leg and supports himself on a crutch. Prince Leopold exclaims: \"For heaven's sake Gentlemen Try all you can to help me out of this unpleasant business & send me to WALES as soon as possible I have had Rubbing enough.\" His words obscure the head of a statue of 'Mercury' pointing his caduceus towards the Regent (cf. No. 7592). Beside the Regent a tiny McMahon stands on a stool combing the Prince's lank hair; he exclaims: \"Delay the Marriage he's not yet ready!\"  Behind and on the extreme right stand three huge bottles; one with a funnel in the mouth is labelled 'Sarsaparilla Decoction', another 'Decoction'. Beside them is a gigantic box of 'Pills'. Various objects are strewn in the foreground. A cat stands on the bridegroom's breeches, which lie on the ground beside his busby and coat. Three papers are inscribed respectively: 'Ovids Art of Love'; 'Aristotles master-Piece'; 'Royal assent to the marriage of Prince Leopold with Charlotte of Wales\u2014Grant of 60,000 Per annm from Parlit' [see No. 12754].  A. large German sausage on a dish with a chain of small sausages is labelled: 'A German Sausage for my intended Wife Newly dress'd & Cook'd up in the best manner'. Beside this are the Prince's (Hessian) boots and stockings. On the wall (left) is a picture: 'Battle Royal': Prince Leopold, using a German sausage, and Princess Charlotte, retaliating with a pair of bellows, fight for a pair of breeches (cf. No. 12771).\n1816\n\nHand-coloured etching\n\n\nDepicted people\n\nRepresentation of:   Princess Charlotte of Wales\n\n\nDate\n\n1816date QS:P571,+1816-00-00T00:00:00Z/9\n\n\nMedium\n\npaper\n\n\nDimensions\n\nHeight: 251 millimetres\n\nWidth: 352 millimetres\n\n\nCollection\n\n\n\n\nBritish Museum\n\u00a0\u00a0\n\n\n\n\n\nNative name\nBritish Museum\n\nLocation\nLondon\n\nCoordinates\n51\u00b0\u00a031\u2032\u00a010\u2033\u00a0N, 0\u00b0\u00a007\u2032\u00a037\u2033\u00a0W  \u00a0\n\nEstablished\n1753\n\nWebsite\nwww.britishmuseum.org\n\nAuthority file\n\n: Q6373\nVIAF:\u2009134857252\nISNI:\u20090000000123428817\nULAN:\u2009500125180\nLCCN:\u2009n79107735\nNLA:\u200935022119\nWorldCat\n\n\n\ninstitution QS:P195,Q6373\n\n\nCurrent location\n\n\nPrints and Drawings\n\n\nAccession number\n\n\n1868,0808.8320\n\n\nNotes\n\n(Description and comment from M. Dorothy George, 'Catalogue of Political and Personal Satires in the British Museum', IX, 1949)\nA coarse satire on the approaching marriage, see No. 12748. \nReid, No. 579. Cohn, No. 955.\n(Supplementary information)\n\nDated by M. D. George, Apr. 1816.\n\n\nSource/Photographer\n\nhttps://www.britishmuseum.org/collection/object/P_1868-0808-8320\n\n\nPermission(Reusing this file)\n\n\u00a9 The Trustees of the British Museum, released as CC BY-NC-SA 4.0\n\n\n"}, {"url": "https://commons.wikimedia.org/wiki/File:BELGICANA_GRENADIERS_77.JPG", "metadata": {"og:image": "https://upload.wikimedia.org/wikipedia/commons/thumb/3/3a/BELGICANA_GRENADIERS_77.JPG/640px-BELGICANA_GRENADIERS_77.JPG", "og:image:width": "640", "og:image:height": "447", "og:title": "File:BELGICANA GRENADIERS 77.JPG - Wikimedia Commons", "og:type": "website"}, "text": "\n\n\nDescriptionBELGICANA GRENADIERS 77.JPG\n\nNederlands:  Salon van de Grenadiers, Prins Albertkazerne\n\n\nDate\n\n18 April 2013, 12:08:14\n\n\nSource\n\nOwn work\n\n\nAuthor\n\nCarolus\n\n\n"}, {"url": "https://commons.wikimedia.org/wiki/File:De_vlugt_van_Leopold_(BM_1900,1231.608).jpg", "metadata": {"og:image": "https://upload.wikimedia.org/wikipedia/commons/thumb/b/b3/De_vlugt_van_Leopold_%28BM_1900%2C1231.608%29.jpg/640px-De_vlugt_van_Leopold_%28BM_1900%2C1231.608%29.jpg", "og:image:width": "640", "og:image:height": "485", "og:title": "File:De vlugt van Leopold (BM 1900,1231.608).jpg - Wikimedia Commons", "og:type": "website"}, "text": "\n\n\n\nDe vlugt van Leopold\n\u00a0\u00a0(  \u00a0)\n\n\nArtist\n\n\nPrint made by: Philippus Velyn\n\nIntermediary draughtsman: Gysbertus Craeyvanger\nPublished by: G J A Beijerinck\n\n\nTitle\n\n\nDe vlugt van Leopold\n\n\nDescription\n\n\nEnglish:  The flight of Leopold I;  Leopold on a horse followed by two other soldiers on horses, in the background more people; illustration to Olivier's Merkwaardigheden uit den tiendaagschen veldtocht der Nederlanders in Belgi\u00eb (Amsterdam: 1834).  c. 1834\nEtching\n\n\nDepicted people\n\nRepresentation of:   Leopold I, King of the Belgians\n\n\nDate\n\ncirca 1834date QS:P571,+1834-00-00T00:00:00Z/9,P1480,Q5727902\n\n\nMedium\n\npaper\n\n\nDimensions\n\nHeight: 207 millimetres (plate)\nWidth: 130 millimetres (plate)\n\n\nCollection\n\n\n\n\nBritish Museum\n\u00a0\u00a0\n\n\n\n\n\nNative name\nBritish Museum\n\nLocation\nLondon\n\nCoordinates\n51\u00b0\u00a031\u2032\u00a010\u2033\u00a0N, 0\u00b0\u00a007\u2032\u00a037\u2033\u00a0W  \u00a0\n\nEstablished\n1753\n\nWebsite\nwww.britishmuseum.org\n\nAuthority file\n\n: Q6373\nVIAF:\u2009134857252\nISNI:\u20090000000123428817\nULAN:\u2009500125180\nLCCN:\u2009n79107735\nNLA:\u200935022119\nWorldCat\n\n\n\ninstitution QS:P195,Q6373\n\n\nCurrent location\n\n\nPrints and Drawings\n\n\nAccession number\n\n\n1900,1231.608\n\n\nNotes\n\nprinted on one plate with 1900,1231.609\n\n\nSource/Photographer\n\nhttps://www.britishmuseum.org/collection/object/P_1900-1231-608\n\n\nPermission(Reusing this file)\n\n\u00a9 The Trustees of the British Museum, released as CC BY-NC-SA 4.0\n\n\n"}, {"url": "https://commons.wikimedia.org/wiki/File:DV307_no.41_-_Queen_Victoria_and_other_Royals_watching_Fra_Diavolo_(opera)_July_1857_labels.png", "metadata": {"og:image": "https://upload.wikimedia.org/wikipedia/commons/thumb/c/c4/DV307_no.41_-_Queen_Victoria_and_other_Royals_watching_Fra_Diavolo_%28opera%29_July_1857_labels.png/640px-DV307_no.41_-_Queen_Victoria_and_other_Royals_watching_Fra_Diavolo_%28opera%29_July_1857_labels.png", "og:image:width": "640", "og:image:height": "425", "og:title": "File:DV307 no.41 - Queen Victoria and other Royals watching Fra Diavolo (opera) July 1857 labels.png - Wikimedia Commons", "og:type": "website"}, "text": "\n\n\n\nFrances Elizabeth Wynne: Scraps ancient and modern\n\u00a0\u00a0(  \u00a0)\n\n\nArtist\n\n\n\n\n\n\nFrances Elizabeth Wynne\n\u00a0(1836\u20131907)\u00a0\u00a0 \u00a0\n\n\n\n\n\nAlternative names\n\nWynne-Finch\n\nDescription\nWelsh artistamateur artist\n\nDate of birth/death\n\n1836\u00a0\n1907\u00a0\n\nLocation of birth\n\nVoelas, Denbighshire, Wales\n\n\nAuthority file\n\n: Q22962608\nVIAF:\u20091685159233942003370303\n\n\n\nartist QS:P170,Q22962608\n\n\nTitle\n\n\nScraps ancient and modern\n\n\nDescription\n\n\nEnglish:  Examples of artwork on a variety of subjects and in a variety of styles by Francis Elizabeth Wynne from a sketchbook (ca. 420 drawings): mixed media, including watercolour, wash and, pen and ink.\n\n\nDate\n\nbetween 1854 and 1864date QS:P571,+1850-00-00T00:00:00Z/7,P1319,+1854-00-00T00:00:00Z/9,P1326,+1864-00-00T00:00:00Z/9\n\n\nDimensions\n\n38 x 28 cm (volume size)\n\n\nCollection\n\n\n\n\nNational Library of Wales\n\u00a0\u00a0\n\n\n\n\n\nNative name\nLlyfrgell Genedlaethol Cymru\n\nLocation\nAberystwyth\n\nCoordinates\n52\u00b0\u00a024\u2032\u00a051.67\u2033\u00a0N, 4\u00b0\u00a004\u2032\u00a055.87\u2033\u00a0W  \n\nEstablished\n1907\u00a0\n\nWebsite\nhttps://www.library.wales\n\nAuthority file\n\n: Q666063\nVIAF:\u2009139269948\nISNI:\u20090000000406057171\nLCCN:\u2009n50062130\nOSM:\u2009553399\nGND:\u20091005759-6\nWorldCat\n\n\n\ninstitution QS:P195,Q666063\n\n\nReferences\n\nDrawing Volume DV307\n\n\nSource/Photographer\n\n\n\n\n\nThis image is available from the National Library of Wales You can view this image in its original context on the NLW Catalogue\n\n\n\nPermission(Reusing this file)\n\n\n\n\u00a0\n\nThis file is made available under the Creative Commons CC0 1.0 Universal Public Domain Dedication.\n\n\nThe person who associated a work with this deed has dedicated the work to the public domain by waiving all of their rights to the work worldwide under copyright law, including all related and neighboring rights, to the extent allowed by law. You can copy, modify, distribute and perform the work, even for commercial purposes, all without asking permission.\nhttp://creativecommons.org/publicdomain/zero/1.0/deed.enCC0Creative Commons Zero, Public Domain Dedicationfalsefalse\n\n\n\n\n"}, {"url": "https://commons.wikimedia.org/wiki/File:DV307_no.41_-_Queen_Victoria_and_other_Royals_watching_Fra_Diavolo_(opera)_July_1857.png", "metadata": {"og:image": "https://upload.wikimedia.org/wikipedia/commons/thumb/e/ea/DV307_no.41_-_Queen_Victoria_and_other_Royals_watching_Fra_Diavolo_%28opera%29_July_1857.png/640px-DV307_no.41_-_Queen_Victoria_and_other_Royals_watching_Fra_Diavolo_%28opera%29_July_1857.png", "og:image:width": "640", "og:image:height": "282", "og:title": "File:DV307 no.41 - Queen Victoria and other Royals watching Fra Diavolo (opera) July 1857.png - Wikimedia Commons", "og:type": "website"}, "text": "\n\n\n\nFrances Elizabeth Wynne: Scraps ancient and modern\n\u00a0\u00a0(  \u00a0)\n\n\nArtist\n\n\n\n\n\n\nFrances Elizabeth Wynne\n\u00a0(1836\u20131907)\u00a0\u00a0 \u00a0\n\n\n\n\n\nAlternative names\n\nWynne-Finch\n\nDescription\nWelsh artistamateur artist\n\nDate of birth/death\n\n1836\u00a0\n1907\u00a0\n\nLocation of birth\n\nVoelas, Denbighshire, Wales\n\n\nAuthority file\n\n: Q22962608\nVIAF:\u20091685159233942003370303\n\n\n\nartist QS:P170,Q22962608\n\n\nTitle\n\n\nScraps ancient and modern\n\n\nDescription\n\n\nEnglish:  (Left to Right) Queen Victoria,Leopold I of Belgium, Princess Charlotte of Belgium, Prince Albert (standing), Victoria Princess Royal, Friedrich Crown Prince of Prussia, Lady Frances Jocelyn. A sketch of European Royalty watching Fra Diovolo at the opera, Probably in London. This was sketched in the same month that Princess Charlotte of Belgium married Archduke Maximilian of Austria in Brussels.  From a sketchbook by Francis Elizabeth Wynne, of Voelas and Cefnamlwch in North Wales.\n\n\nDate\n\nJuly 1857date QS:P571,+1857-07-00T00:00:00Z/10\n\n\nDimensions\n\n38 x 28 cm (volume size)\n\n\nCollection\n\n\n\n\nNational Library of Wales\n\u00a0\u00a0\n\n\n\n\n\nNative name\nLlyfrgell Genedlaethol Cymru\n\nLocation\nAberystwyth\n\nCoordinates\n52\u00b0\u00a024\u2032\u00a051.67\u2033\u00a0N, 4\u00b0\u00a004\u2032\u00a055.87\u2033\u00a0W  \n\nEstablished\n1907\u00a0\n\nWebsite\nhttps://www.library.wales\n\nAuthority file\n\n: Q666063\nVIAF:\u2009139269948\nISNI:\u20090000000406057171\nLCCN:\u2009n50062130\nOSM:\u2009553399\nGND:\u20091005759-6\nWorldCat\n\n\n\ninstitution QS:P195,Q666063\n\n\nReferences\n\nDrawing Volume DV307\n\n\nSource/Photographer\n\n\n\n\n\nThis image is available from the National Library of Wales You can view this image in its original context on the NLW Catalogue\n\n\n\nPermission(Reusing this file)\n\n\n\n\u00a0\n\nThis file is made available under the Creative Commons CC0 1.0 Universal Public Domain Dedication.\n\n\nThe person who associated a work with this deed has dedicated the work to the public domain by waiving all of their rights to the work worldwide under copyright law, including all related and neighboring rights, to the extent allowed by law. You can copy, modify, distribute and perform the work, even for commercial purposes, all without asking permission.\nhttp://creativecommons.org/publicdomain/zero/1.0/deed.enCC0Creative Commons Zero, Public Domain Dedicationfalsefalse\n\n\n\n\nOther versions\n\nRoyals at the Opera, showing labels\n\n\n"}, {"url": "https://commons.wikimedia.org/wiki/File:English_Caricaturists,_1893_-_Leap_Year,_or_John_Bull%27s_Peace_Establishment.png", "metadata": {"og:image": "https://upload.wikimedia.org/wikipedia/commons/thumb/c/c5/English_Caricaturists%2C_1893_-_Leap_Year%2C_or_John_Bull%27s_Peace_Establishment.png/640px-English_Caricaturists%2C_1893_-_Leap_Year%2C_or_John_Bull%27s_Peace_Establishment.png", "og:image:width": "640", "og:image:height": "435", "og:title": "File:English Caricaturists, 1893 - Leap Year, or John Bull's Peace Establishment.png - Wikimedia Commons", "og:type": "website"}, "text": "\n\n\nDescriptionEnglish Caricaturists, 1893 - Leap Year, or John Bull's Peace Establishment.png\n\nEnglish:  Illustration from English Caricaturists and Graphic Humourists of the Nineteenth Century, by William Rodgers Richardson (writing as Graham Everitt)\nCaptioned \"Leap_Year, or John Bull's Peace Establishment.\"\nDepiction: Leopold I of Belgium and Princess Charlotte of Wales sitting on John Bull's back, while the Regent, later George IV of England urges them on.\nPublished 1816\n\n\nDate\n\n1816\n\n\nSource\n\nhttps://archive.org/details/englishcaricatur00everuoft\n\n\nAuthor\n\nUnknown, published by S.W. Fores (a print dealer)\n\n\nPermission(Reusing this file)\n\n\n\nPublic domainPublic domainfalsefalse\n\n\n\n\n\n\nThis work is in the public domain in its country of origin and other countries and areas where the copyright term is the author's life plus 70 years or fewer.\n\n\n You must also include a United States public domain tag to indicate why this work is in the public domain in the United States.\u00a0Note that a few countries have copyright terms longer than 70 years: Mexico has 100 years, Jamaica has 95 years, Colombia has 80 years, and Guatemala and Samoa have 75 years. This image may not be in the public domain in these countries, which moreover do not implement the rule of the shorter term. Honduras has a general copyright term of 75 years, but it does implement the rule of the shorter term. Copyright may extend on works created by French who died for France in World War II (more information), Russians who served in the Eastern Front of World War II (known as the Great Patriotic War in Russia) and posthumously rehabilitated victims of Soviet repressions (more information).\n\n\n\nThis file has been identified as being free of known restrictions under copyright law, including all related and neighboring rights.\nhttps://creativecommons.org/publicdomain/mark/1.0/PDMCreative Commons Public Domain Mark 1.0falsefalse\n\n\n"}, {"url": "https://commons.wikimedia.org/wiki/File:Exposition_du_corps_du_roi_L%C3%A9opold_Ier_dans_la_chapelle_ardente_le_14_d%C3%A9cembre_1865_-_TILN.jpg", "metadata": {"og:image": "https://upload.wikimedia.org/wikipedia/commons/thumb/d/d0/Exposition_du_corps_du_roi_L%C3%A9opold_Ier_dans_la_chapelle_ardente_le_14_d%C3%A9cembre_1865_-_TILN.jpg/640px-Exposition_du_corps_du_roi_L%C3%A9opold_Ier_dans_la_chapelle_ardente_le_14_d%C3%A9cembre_1865_-_TILN.jpg", "og:image:width": "640", "og:image:height": "459", "og:title": "File:Exposition du corps du roi L\u00e9opold Ier dans la chapelle ardente le 14 d\u00e9cembre 1865 - TILN.jpg - Wikimedia Commons", "og:type": "website"}, "text": "\n\n\nDescriptionExposition du corps du roi L\u00e9opold Ier dans la chapelle ardente le 14 d\u00e9cembre 1865 - TILN.jpg\n\nEnglish:  Funeral of the late King of the Belgians, the Body lying in state at the Royal Palace at Brussels. Illustration for The Illustrated London News, 30 December 1865.\nFran\u00e7ais\u00a0:  Exposition du corps du roi L\u00e9opold\u00a0Ier de Belgique dans la chapelle ardente, Palais royal (Bruxelles), le 14 d\u00e9cembre 1865.\n\n\nDate\n\n30 December 1865\n\n\nSource\n\nThe Illustrated London News, 30 d\u00e9cembre 1865, p.\u00a0649.\n\n\nAuthor\n\nUnknown authorUnknown author\n\n\n"}, {"url": "https://commons.wikimedia.org/wiki/File:Jean_Baptiste_Dees,_Ring_van_Leopold,_KBS-FRB.jpg", "metadata": {"og:image": "https://upload.wikimedia.org/wikipedia/commons/thumb/0/09/Jean_Baptiste_Dees%2C_Ring_van_Leopold%2C_KBS-FRB.jpg/640px-Jean_Baptiste_Dees%2C_Ring_van_Leopold%2C_KBS-FRB.jpg", "og:image:width": "640", "og:image:height": "853", "og:title": "File:Jean Baptiste Dees, Ring van Leopold, KBS-FRB.jpg - Wikimedia Commons", "og:type": "website"}, "text": "\n\n\n\nJean Baptiste Dees: A ring decorated with the monogram of King Leopold 1st\n\u00a0\u00a0\n\n\nArtist\n\n\n\n\n\n\nJean Baptiste Dees\n\u00a0(1801\u2013)\u00a0 \u00a0\n\n\nDescription\nBelgian goldsmith\n\nDate of birth\n\n1801\u00a0\n\n\nAuthority file\n\n: Q60023591\n\n\n\n\u00a0\n\n\nTitle\n\n\nA ring decorated with the monogram of King Leopold 1stlabel QS:Len,\"A ring decorated with the monogram of King Leopold 1st\"\nlabel QS:Lfr,\"Une bague orn\u00e9e du monogramme de L\u00e9opold Ier\"\nlabel QS:Lnl,\"ring van Leopold I\"\n\n\nObject type\n\nring\u00a0\n\n\nDate\n\n1835\u00a0\n\n\nMedium\n\ngold, enamel and diamond\u00a0\n\n\nCollection\n\n\n\n\nKing Baudouin Foundation\n\u00a0\u00a0\n\n\n\n\n\nNative name\nKoning BoudewijnstichtingFondation Roi-Baudouin\n\nLocation\nCity of Brussels\n\nCoordinates\n50\u00b0\u00a050\u2032\u00a025.34\u2033\u00a0N, 4\u00b0\u00a021\u2032\u00a044.16\u2033\u00a0E  \u00a0\n\nEstablished\n1976\n\nWebsite\nwww.kbs-frb.be\n\nAuthority file\n\n: Q2780100\nVIAF:\u2009139672403\nISNI:\u20090000000094824326\nULAN:\u2009500219821\nLCCN:\u2009n80142439\nGND:\u2009809939-X\nWorldCat\n\n\n\ninstitution QS:P195,Q2780100\n\n\nAccession number\n\n\nKBS 0153 (King Baudouin Foundation)\u00a0\n\n\nCredit line\n\nphoto: Dominique Provost\n\n\nSource/Photographer\n\nphoto: Dominique Provost\n\n\nPermission(Reusing this file)\n\n\n\n\n\u00a0\n\n\nThis work is free and may be used by anyone for any purpose. If you wish to use this content, you do not need to request permission as long as you follow any licensing requirements mentioned on this page.\nThe Wikimedia Foundation has received an e-mail confirming that the copyright holder has approved publication under the terms mentioned on this page. This correspondence has been reviewed by a Volunteer Response Team (VRT) member and stored in our permission archive. The correspondence is available to trusted volunteers as ticket #2019012510007571.\nIf you have questions about the archived correspondence, please use the VRT noticeboard.\nTicket link: https://ticket.wikimedia.org/otrs/index.pl?Action=AgentTicketZoom&TicketNumber=2019012510007571\nFind other files from the same ticket: \n\n\n \n This file is licensed under the Creative Commons Attribution-Share Alike 4.0 International license.\nYou are free:\nto share \u2013 to copy, distribute and transmit the work\nto remix \u2013 to adapt the work\nUnder the following conditions:\nattribution \u2013 You must give appropriate credit, provide a link to the license, and indicate if changes were made. You may do so in any reasonable manner, but not in any way that suggests the licensor endorses you or your use.\nshare alike \u2013 If you remix, transform, or build upon the material, you must distribute your contributions under the same or compatible license as the original.https://creativecommons.org/licenses/by-sa/4.0CC BY-SA 4.0 Creative Commons Attribution-Share Alike 4.0 truetrue\n\n\n"}, {"url": "https://commons.wikimedia.org/wiki/File:Le_Mariage_de_L%C3%A9opold_Ier,_roi_de_Belges,_et_de_Louise_d%27Orl%C3%A9ans.jpg", "metadata": {"og:image": "https://upload.wikimedia.org/wikipedia/commons/thumb/9/98/Le_Mariage_de_L%C3%A9opold_Ier%2C_roi_de_Belges%2C_et_de_Louise_d%27Orl%C3%A9ans.jpg/640px-Le_Mariage_de_L%C3%A9opold_Ier%2C_roi_de_Belges%2C_et_de_Louise_d%27Orl%C3%A9ans.jpg", "og:image:width": "640", "og:image:height": "505", "og:title": "File:Le Mariage de L\u00e9opold Ier, roi de Belges, et de Louise d'Orl\u00e9ans.jpg - Wikimedia Commons", "og:type": "website"}, "text": "\n\n\nDescriptionLe Mariage de L\u00e9opold Ier, roi de Belges, et de Louise d'Orl\u00e9ans.jpg\n\nEnglish:  Le Mariage de L\u00e9opold Ier, roi de Belges, et de Louise d'Orl\u00e9ans\n\n\nDate\n\n1832\n\n\nSource\n\nhttps://art.rmngp.fr/fr/library/artworks/joseph-desire-court_mariage-de-leopold-ier-roi-des-belges-et-de-la-princesse-louise-d-orleans_huile-sur-toile-2c688bcf-556b-4454-ae10-fc0c7c6a2f8a\n\n\nAuthor\n\n\n\n\n\nJoseph-D\u00e9sir\u00e9 Court\n\u00a0(1797\u20131865)\u00a0\u00a0 \u00a0\n\n\n\n\n\nAlternative names\n\nJoseph D\u00e9sir\u00e9 Court, Joseph Court\n\nDescription\nFrench painter and curator\n\nDate of birth/death\n\n14 September 1797\u00a0\n23 January 1865\u00a0\n\nLocation of birth/death\n\nRouen\nParis\n\nWork period\nfrom 1820sdate QS:P,+1820-00-00T00:00:00Z/8 until 1850sdate QS:P,+1850-00-00T00:00:00Z/8\n\nWork location\n\nParis\u00a0\n\nAuthority file\n\n: Q2363367\nVIAF:\u200961817097\nISNI:\u20090000000066585778\nULAN:\u2009500020259\nLCCN:\u2009nr00038467\nWGA:\u2009c/court\nWorldCat\n\n\n\ncreator QS:P170,Q2363367\n\n\n"}, {"url": "https://commons.wikimedia.org/wiki/File:Leopold_I._(Belgien).jpeg", "metadata": {"og:image": "https://upload.wikimedia.org/wikipedia/commons/thumb/b/bc/Leopold_I._%28Belgien%29.jpeg/640px-Leopold_I._%28Belgien%29.jpeg", "og:image:width": "640", "og:image:height": "853", "og:title": "File:Leopold I. (Belgien).jpeg - Wikimedia Commons", "og:type": "website"}, "text": "\n\n\nDescriptionLeopold I. (Belgien).jpeg\n\nLeopold I. (Belgien)\n\n\nDate\n\n29 May 2018, 23:30:25\n\n\nSource\n\nOwn work\n\n\nAuthor\n\nAndeereLani\n\n\n"}, {"url": "https://commons.wikimedia.org/wiki/File:Leopold,_Prince_Souverain_de_Gr%C3%A8ce_(BM_1919,0415.724).jpg", "metadata": {"og:image": "https://upload.wikimedia.org/wikipedia/commons/thumb/9/99/Leopold%2C_Prince_Souverain_de_Gr%C3%A8ce_%28BM_1919%2C0415.724%29.jpg/640px-Leopold%2C_Prince_Souverain_de_Gr%C3%A8ce_%28BM_1919%2C0415.724%29.jpg", "og:image:width": "640", "og:image:height": "899", "og:title": "File:Leopold, Prince Souverain de Gr\u00e8ce (BM 1919,0415.724).jpg - Wikimedia Commons", "og:type": "website"}, "text": "\n\n\n\nLeopold, Prince Souverain de Gr\u00e8ce\n\u00a0\u00a0(  \u00a0)\n\n\nArtist\n\n\nPrint made by: Carl Wilhelm H\u00fcbner\n\nAfter: Franz Kr\u00fcger\nPrinted by: Aloys Senefelder\n\n\nTitle\n\n\nLeopold, Prince Souverain de Gr\u00e8ce\n\n\nDescription\n\n\nEnglish:  Portrait of Leopold I, King of the Belgians; bust turned to left, but looking at the viewer, wearing a uniform with a high collar and insignia; after Franz Kr\u00fcger\nLithograph\n\n\nDepicted people\n\nPortrait of:   Leopold I, King of the Belgians\n\n\nDate\n\ncirca 1830date QS:P571,+1830-00-00T00:00:00Z/9,P1480,Q5727902\n\n\nMedium\n\npaper\n\n\nDimensions\n\nHeight: 232 millimetres\nWidth: 180 millimetres\n\n\nCollection\n\n\n\n\nBritish Museum\n\u00a0\u00a0\n\n\n\n\n\nNative name\nBritish Museum\n\nLocation\nLondon\n\nCoordinates\n51\u00b0\u00a031\u2032\u00a010\u2033\u00a0N, 0\u00b0\u00a007\u2032\u00a037\u2033\u00a0W  \u00a0\n\nEstablished\n1753\n\nWebsite\nwww.britishmuseum.org\n\nAuthority file\n\n: Q6373\nVIAF:\u2009134857252\nISNI:\u20090000000123428817\nULAN:\u2009500125180\nLCCN:\u2009n79107735\nNLA:\u200935022119\nWorldCat\n\n\n\ninstitution QS:P195,Q6373\n\n\nCurrent location\n\n\nPrints and Drawings\n\n\nAccession number\n\n\n1919,0415.724\n\n\nSource/Photographer\n\nhttps://www.britishmuseum.org/collection/object/P_1919-0415-724\n\n\nPermission(Reusing this file)\n\n\u00a9 The Trustees of the British Museum, released as CC BY-NC-SA 4.0\n\n\n"}, {"url": "https://commons.wikimedia.org/wiki/File:L%C3%A9opold_Ier,_roi_des_Belges,_PPG3890.jpg", "metadata": {"og:image": "https://upload.wikimedia.org/wikipedia/commons/thumb/c/c6/L%C3%A9opold_Ier%2C_roi_des_Belges%2C_PPG3890.jpg/640px-L%C3%A9opold_Ier%2C_roi_des_Belges%2C_PPG3890.jpg", "og:image:width": "640", "og:image:height": "927", "og:title": "File:L\u00e9opold Ier, roi des Belges, PPG3890.jpg - Wikimedia Commons", "og:type": "website"}, "text": "\n\n\nDescriptionL\u00e9opold Ier, roi des Belges, PPG3890.jpg\n\n\n\nAuteur(s):\n\nMorin, Edmond (Le Havre, 26\u201303\u20131824 - Sceaux, 18\u201308\u20131882), graveur\nLinton, Henri Duff (Londres, 1815 - 18\u201306\u20131899), graveur\n\n\n\nDate de production:\n\nEn 1859\nDatation en si\u00e8cle: \n19e si\u00e8cle\n\n\n\nType(s) d'objet(s):\n\nEstampe, Arts graphiques\n\n\nD\u00e9nomination(s):\n\nEstampe originale\n\n\nMat\u00e9riaux et techniques:\n\nGravure sur bois\n\n\nDimensions - Oeuvre:\n\n\n   Hauteur\u00a0: 47 cm\n   Largeur\u00a0: 32 cm\n\n\n\nMode d'acquisition:\n\nDon manuel\nDate d\u2019acquisition: \n28\u201307\u20131921\n\n\n\nInstitution:\n\nPetit Palais, mus\u00e9e des Beaux-arts de la Ville de Paris\n\n\nNum\u00e9ro d\u2019inventaire:\n\nPPG3890\n\n\nIIIF Manifest:\n\nhttps://apicollections.parismusees.paris.fr/iiif/160018264/manifest\n\n\n\nDate\n\nEn 1859\n\n\nSource\n\nhttps://www.parismuseescollections.paris.fr/fr/petit-palais/oeuvres/leopold-ier-roi-des-belges#infos-principales\n\n\nAuthor\n\nMorin, Edmond (Le Havre, 26\u201303\u20131824 - Sceaux, 18\u201308\u20131882), graveur\n\n\n"}, {"url": "https://commons.wikimedia.org/wiki/File:Mon_beau-p%C3%A8re_vous_%C3%AAtes_un_vieux_blagueur_-_Travi%C3%A8s.jpg", "metadata": {"og:image": "https://upload.wikimedia.org/wikipedia/commons/thumb/a/a7/Mon_beau-p%C3%A8re_vous_%C3%AAtes_un_vieux_blagueur_-_Travi%C3%A8s.jpg/640px-Mon_beau-p%C3%A8re_vous_%C3%AAtes_un_vieux_blagueur_-_Travi%C3%A8s.jpg", "og:image:width": "640", "og:image:height": "863", "og:title": "File:Mon beau-p\u00e8re vous \u00eates un vieux blagueur - Travi\u00e8s.jpg - Wikimedia Commons", "og:type": "website"}, "text": "\n\n\nDescriptionMon beau-p\u00e8re vous \u00eates un vieux blagueur - Travi\u00e8s.jpg\n\nFran\u00e7ais\u00a0:  Caricature de L\u00e9opold Ier (roi des Belges) et de Louis-Philippe Ier (roi des Fran\u00e7ais), le premier sortant du lit nuptial dit au second\u00a0: \"Mon beau-p\u00e8re, vous \u00eates un vieux blagueur\u00a0!...\". La table des mati\u00e8res pr\u00e9cise qu'il s'agit d'une \u00ab\u00a0parodie politique d\u2019une sc\u00e8ne de Robert Macaire, pi\u00e8ce du th\u00e9\u00e2tre des Folies-Dramatiques\u00a0\u00bb.\n\n\nDate\n\n7 August 1834\n\n\nSource\n\n\n\n\n\n\nThis file comes from Gallica Digital Library and is available under the digital ID bpt6k10487287/f5\nThis tag does not indicate the copyright status of the attached work. A normal copyright tag is still required. See Commons:Licensing.\n\nOther languages:\n\n\u0627\u0644\u0639\u0631\u0628\u064a\u0629\u00a0\u2219 \u09ac\u09be\u0982\u09b2\u09be\u00a0\u2219 catal\u00e0\u00a0\u2219 Deutsch\u00a0\u2219 English\u00a0\u2219 espa\u00f1ol\u00a0\u2219 fran\u00e7ais\u00a0\u2219 galego\u00a0\u2219 \u05e2\u05d1\u05e8\u05d9\u05ea\u00a0\u2219 magyar\u00a0\u2219 italiano\u00a0\u2219 \u65e5\u672c\u8a9e\u00a0\u2219 \u043c\u0430\u043a\u0435\u0434\u043e\u043d\u0441\u043a\u0438\u00a0\u2219 Nederlands\u00a0\u2219 portugu\u00eas\u00a0\u2219 \u0440\u0443\u0441\u0441\u043a\u0438\u0439\u00a0\u2219 sloven\u0161\u010dina\u00a0\u2219 \u0443\u043a\u0440\u0430\u0457\u043d\u0441\u044c\u043a\u0430\u00a0\u2219 \u7b80\u4f53\u4e2d\u6587\u00a0\u2219 \u7e41\u9ad4\u4e2d\u6587\u00a0\u2219 +/\u2212\n\n\n\n\n\nAuthor\n\nTravi\u00e8s\n\n\n"}, {"url": "https://commons.wikimedia.org/wiki/File:Portret_van_prenthandelaar_Pietro_Citrini_Pietro_Citrini_marchand_d%27estampes_(titel_op_object),_RP-P-2015-26-380.jpg", "metadata": {"og:image": "https://upload.wikimedia.org/wikipedia/commons/thumb/c/cb/Portret_van_prenthandelaar_Pietro_Citrini_Pietro_Citrini_marchand_d%27estampes_%28titel_op_object%29%2C_RP-P-2015-26-380.jpg/640px-Portret_van_prenthandelaar_Pietro_Citrini_Pietro_Citrini_marchand_d%27estampes_%28titel_op_object%29%2C_RP-P-2015-26-380.jpg", "og:image:width": "640", "og:image:height": "941", "og:title": "File:Portret van prenthandelaar Pietro Citrini Pietro Citrini marchand d'estampes (titel op object), RP-P-2015-26-380.jpg - Wikimedia Commons", "og:type": "website"}, "text": "\n\n\nDescriptionPortret van prenthandelaar Pietro Citrini Pietro Citrini marchand d'estampes (titel op object), RP-P-2015-26-380.jpg\n\nNederlands:  IdentificatieTitel(s): Portret van prenthandelaar Pietro Citrini. Pietro Citrini marchand d'estampes (titel op object)Objecttype: prent Objectnummer: RP-P-2015-26-380Opschriften / Merken: verzamelaarsmerk, verso, gestempeld: Lugt 2228, verzamelaarsmerk, verso, gestempeld: Lugt 4779, verzamelaarsmerk, verso, gestempeld: Lugt 4780Omschrijving: Portret van Pietro Citrini ten voeten uit, met een koffer met prenten op zijn rug, een portret van Leopold I van Belgi\u00eb in zijn rechterhand en een prent met het sterfbed van Napoleon II Bonaparte in zijn linkerhand.VervaardigingVervaardiger: prentmaker: Pietro Citriniprentmaker: anoniemDatering: in of na 1832Fysieke kenmerken: lithografieMateriaal: papier Techniek: lithografie (techniek)Afmetingen: blad: h 335 mm \u00d7 b 227 mmOnderwerpWat: bookstreet-traderprint, e.g.: engraving, etching, lithographart dealerWie: Napoleon Frans Karel Jozef Bonaparte. Leopold I (koning der Belgen). Pietro CitriniVerwerving en rechtenCredit line: Legaat van de heer S. Emmering, AmsterdamVerwerving: legaat 2000Copyright: Publiek domein\n\n\nDate\n\nin of na 1832\n\n\nSource\n\nhttp://hdl.handle.net/10934/RM0001.COLLECT.599776\n\n\nAuthor\n\nRijksmuseum\n\n\n"}, {"url": "https://commons.wikimedia.org/wiki/File:Prins_Leopold_als_koning_van_Griekenland,_1830_A_comfortable_thing_to_be_King_of_Greece_(titel_op_object),_RP-P-1954-550.jpg", "metadata": {"og:image": "https://upload.wikimedia.org/wikipedia/commons/thumb/7/7b/Prins_Leopold_als_koning_van_Griekenland%2C_1830_A_comfortable_thing_to_be_King_of_Greece_%28titel_op_object%29%2C_RP-P-1954-550.jpg/640px-Prins_Leopold_als_koning_van_Griekenland%2C_1830_A_comfortable_thing_to_be_King_of_Greece_%28titel_op_object%29%2C_RP-P-1954-550.jpg", "og:image:width": "640", "og:image:height": "439", "og:title": "File:Prins Leopold als koning van Griekenland, 1830 A comfortable thing to be King of Greece (titel op object), RP-P-1954-550.jpg - Wikimedia Commons", "og:type": "website"}, "text": "\n\n\nDescriptionPrins Leopold als koning van Griekenland, 1830 A comfortable thing to be King of Greece (titel op object), RP-P-1954-550.jpg\n\nNederlands:  IdentificatieTitel(s): Prins Leopold als koning van Griekenland, 1830. A comfortable thing to be King of Greece (titel op object)Objecttype: spotprent Objectnummer: RP-P-1954-550Omschrijving: Leopold prins van Saksen-Coburg-Saalfeld (de later koning van Belgi\u00eb) als koning van Griekenland. In 1830 werd hem de Griekse kroon aangeboden, maar die weigerde hij. De prins zeer oncomfortabel gezeten op een troon op een kussen van doornen. Enkele Grieken knielen aan zijn voeten, allen kijken hem argwanend aan.VervaardigingVervaardiger: prentmaker: William Heath (vermeld op object), uitgever: Thomas Mc. Lean (vermeld op object)Plaats vervaardiging: prentmaker: Engeland, uitgever: LondenDatering: 6-mar-1830Fysieke kenmerken: ets, met de hand gekleurdMateriaal: papier Techniek: etsen / met de hand kleurenAfmetingen: plaatrand: h 259 mm \u00d7 b 370 mmOnderwerpWat: thronekneeling before a rulerWanneer: 1830-03 - 1830-03Waar: GriekenlandWie: Leopold I (koning der Belgen)Verwerving en rechtenCredit line: Aankoop uit het F.G. Waller-FondsVerwerving: aankoop 1954Copyright: Publiek domein\n\n\nDate\n\n6 March 1830\n\n\nSource\n\nhttp://hdl.handle.net/10934/RM0001.collect.409867\n\n\nAuthor\n\nRijksmuseum\n\n\n"}, {"url": "https://commons.wikimedia.org/wiki/File:Print_(BM_1863,0725.334).jpg", "metadata": {"og:image": "https://upload.wikimedia.org/wikipedia/commons/thumb/7/7d/Print_%28BM_1863%2C0725.334%29.jpg/640px-Print_%28BM_1863%2C0725.334%29.jpg", "og:image:width": "640", "og:image:height": "789", "og:title": "File:Print (BM 1863,0725.334).jpg - Wikimedia Commons", "og:type": "website"}, "text": "\n\n\n\nprint\n\u00a0\u00a0(  \u00a0)\n\n\nTitle\n\n\nprint\n\n\nDescription\n\n\nEnglish:  Portrait of Leopold I, King of the Belgians; bust slightly turned to left, but looking at the viewer, wearing a uniform with a high collar, epaulettes, insignia and a sash.  1830\nLithograph on chine coll\u00e9\n\n\nDepicted people\n\nPortrait of:   Leopold I, King of the Belgians\n\n\nDate\n\ncirca 1830date QS:P571,+1830-00-00T00:00:00Z/9,P1480,Q5727902\n\n\nMedium\n\npaper\n\n\nDimensions\n\nHeight: 205 millimetres\nWidth: 167 millimetres\n\n\nCollection\n\n\n\n\nBritish Museum\n\u00a0\u00a0\n\n\n\n\n\nNative name\nBritish Museum\n\nLocation\nLondon\n\nCoordinates\n51\u00b0\u00a031\u2032\u00a010\u2033\u00a0N, 0\u00b0\u00a007\u2032\u00a037\u2033\u00a0W  \u00a0\n\nEstablished\n1753\n\nWebsite\nwww.britishmuseum.org\n\nAuthority file\n\n: Q6373\nVIAF:\u2009134857252\nISNI:\u20090000000123428817\nULAN:\u2009500125180\nLCCN:\u2009n79107735\nNLA:\u200935022119\nWorldCat\n\n\n\ninstitution QS:P195,Q6373\n\n\nCurrent location\n\n\nPrints and Drawings\n\n\nAccession number\n\n\n1863,0725.334\n\n\nSource/Photographer\n\nhttps://www.britishmuseum.org/collection/object/P_1863-0725-334\n\n\nPermission(Reusing this file)\n\n\u00a9 The Trustees of the British Museum, released as CC BY-NC-SA 4.0\n\n\n"}, {"url": "https://commons.wikimedia.org/wiki/File:Ring_met_monogram_van_Leopold_I_DIVA_27-12-2018_12-06-07.JPG", "metadata": {"og:image": "https://upload.wikimedia.org/wikipedia/commons/thumb/f/f7/Ring_met_monogram_van_Leopold_I_DIVA_27-12-2018_12-06-07.JPG/640px-Ring_met_monogram_van_Leopold_I_DIVA_27-12-2018_12-06-07.JPG", "og:image:width": "640", "og:image:height": "470", "og:title": "File:Ring met monogram van Leopold I DIVA 27-12-2018 12-06-07.JPG - Wikimedia Commons", "og:type": "website"}, "text": "\n\n\nDescriptionRing met monogram van Leopold I DIVA 27-12-2018 12-06-07.JPG\n\nNederlands:  Ring met monogram van Leopold I DIVA Antwerpen 27-12-2018\n\n\nDate\n\n1835\n\n\nSource\n\npicture taken and uploaded by Paul Hermans\n\n\nAuthor\n\nCreator:Jean Baptiste Dees\n\n\n"}, {"url": "https://commons.wikimedia.org/wiki/File:Spotprent_op_koning_Leopold,_1832_Hunt_the_slipper,_or_Cherche_qui_peut._A_Ruseio_Dutch_game_(titel_op_object)_Political_Sketches_(serietitel),_RP-P-1981-55.jpg", "metadata": {"og:image": "https://upload.wikimedia.org/wikipedia/commons/thumb/d/dd/Spotprent_op_koning_Leopold%2C_1832_Hunt_the_slipper%2C_or_Cherche_qui_peut._A_Ruseio_Dutch_game_%28titel_op_object%29_Political_Sketches_%28serietitel%29%2C_RP-P-1981-55.jpg/640px-Spotprent_op_koning_Leopold%2C_1832_Hunt_the_slipper%2C_or_Cherche_qui_peut._A_Ruseio_Dutch_game_%28titel_op_object%29_Political_Sketches_%28serietitel%29%2C_RP-P-1981-55.jpg", "og:image:width": "640", "og:image:height": "459", "og:title": "File:Spotprent op koning Leopold, 1832 Hunt the slipper, or Cherche qui peut. A Ruseio Dutch game (titel op object) Political Sketches (serietitel), RP-P-1981-55.jpg - Wikimedia Commons", "og:type": "website"}, "text": "\n\n\nDescriptionSpotprent op koning Leopold, 1832 Hunt the slipper, or Cherche qui peut. A Ruseio Dutch game (titel op object) Political Sketches (serietitel), RP-P-1981-55.jpg\n\nNederlands:  IdentificatieTitel(s): Spotprent op koning Leopold, 1832. Hunt the slipper, or \"Cherche qui peut.\" A Ruseio Dutch game (titel op object). Political Sketches (serietitel)Objecttype: prent spotprent Objectnummer: RP-P-1981-55Catalogusreferentie: FMH 6807-A Opmerking: (toegevoegd nummer RPK)Opschriften / Merken: atelierstempel, linksonder, gestempeld: \u2018Tho.s Maclean\u2019, blindstempelOmschrijving: Spotprent op de Belgische koning Leopold I, 1832. Vertegenwoordigers van de Europese grootmachten zitten op de grond en spelen een kinderspel waarbij een slipper achter de rug wordt doorgegeven. Nederland zit in het midden, Rusland, Oostenrijk en Pruisen zitten links, rechts twee mannen in burger: Palmerston en Talleyrand die Groot-Brittanni\u00eb en Frankrijk vertegenwoordigen. De Rus (tsaar Nicolaas I) steekt de slipper in de zak van de dikke Nederlander. Satire op de politieke verhoudingen tussen de Europese grootmachten tijden de onderhandelingen te Londen over de XXIV artikelen en de onafhankelijkheid van Belgi\u00eb. Rechtsboven vermeld: HB Sketches, no. 183.VervaardigingVervaardiger: prentmaker: John Doyle (vermeld op object), drukker: Lemercier & Co Meifred (vermeld op object), uitgever: Thomas Mc. Lean (vermeld op object)Plaats vervaardiging: LondenDatering: 6-mar-1832Fysieke kenmerken: lithografie, met de hand gekleurdMateriaal: papier Techniek: lithografie (techniek) / met de hand kleurenAfmetingen: blad: h 288 mm \u00d7 b 399 mmToelichtingDe letters HB zijn een monogram gebruikt door de kunstenaar John Doyle (bron: . Linksboven vermeld in 'HB Sketches, no. 183'en linksonder in de voorstelling 'HB'. Niet in Frederik Muller; door het RPK toegevoegd nummer.OnderwerpWat: guessing games (children). Verdrag der XXIV artikelenWanneer: 1832 - 1832Wie: Nicolaas I Pavlovitsj (tsaar van Rusland) Charles Maurice hertog van Talleyrand-P\u00e9rigord Henry John Temple (3e burggraaf Palmerston) Leopold I (koning der Belgen) Frederik Willem III koning van Pruisen Frans II (Rooms-Duits keizer)Verwerving en rechtenCredit line: Aankoop uit het F.G. Waller-FondsVerwerving: aankoop 1981Copyright: Publiek domein\n\n\nDate\n\n6 March 1832\n\n\nSource\n\nhttp://hdl.handle.net/10934/RM0001.collect.419653\n\n\nAuthor\n\nRijksmuseum\n\n\n"}, {"url": "https://commons.wikimedia.org/wiki/File:The_Earl_of_Beaconsfield_-_Prince_Gortschakoff_%26_King_Leopold.png", "metadata": {"og:image": "https://upload.wikimedia.org/wikipedia/commons/thumb/8/8d/The_Earl_of_Beaconsfield_-_Prince_Gortschakoff_%26_King_Leopold.png/640px-The_Earl_of_Beaconsfield_-_Prince_Gortschakoff_%26_King_Leopold.png", "og:image:width": "640", "og:image:height": "887", "og:title": "File:The Earl of Beaconsfield - Prince Gortschakoff & King Leopold.png - Wikimedia Commons", "og:type": "website"}, "text": "\n\n\nDescriptionThe Earl of Beaconsfield - Prince Gortschakoff & King Leopold.png\n\nEnglish:  Illustration from \"The Earl of Beaconsfield, K.G. - Key to the Famous Characters Delineated in his Historical Romances, with Portraits and Biographies, Supplemented by a Critical Appreciation of Lord Beaconsfield\" (https://archive.org/details/TheEarlOfBeaconsfield)\n\n\nDate\n\n1904\n\n\nSource\n\n\"The Earl of Beaconsfield, K.G. - Key to the Famous Characters Delineated in his Historical Romances, with Portraits and Biographies, Supplemented by a Critical Appreciation of Lord Beaconsfield\" (https://archive.org/details/TheEarlOfBeaconsfield)\n\n\nAuthor\n\nwritten by Dr. H. Pereira Mendes, miscellaneous addenda by Robert Arnot\n\n\n"}, {"url": "https://commons.wikimedia.org/wiki/File:The_Marriage_of_King_Leopold_I_of_the_Belgians_to_Princess_Louise_of_Orl%C3%A9ans.jpg", "metadata": {"og:image": "https://upload.wikimedia.org/wikipedia/commons/thumb/d/d0/The_Marriage_of_King_Leopold_I_of_the_Belgians_to_Princess_Louise_of_Orl%C3%A9ans.jpg/640px-The_Marriage_of_King_Leopold_I_of_the_Belgians_to_Princess_Louise_of_Orl%C3%A9ans.jpg", "og:image:width": "640", "og:image:height": "506", "og:title": "File:The Marriage of King Leopold I of the Belgians to Princess Louise of Orl\u00e9ans.jpg - Wikimedia Commons", "og:type": "website"}, "text": "\n\n\nDescriptionThe Marriage of King Leopold I of the Belgians to Princess Louise of Orl\u00e9ans.jpg\n\n\u0420\u0443\u0441\u0441\u043a\u0438\u0439:  \u0411\u0440\u0430\u043a\u043e\u0441\u043e\u0447\u0435\u0442\u0430\u043d\u0438\u0435 \u041b\u0435\u043e\u043f\u043e\u043b\u044c\u0434\u0430 I \u0438 \u043f\u0440\u0438\u043d\u0446\u0435\u0441\u0441\u044b \u041b\u0443\u0438\u0437\u044b \u041e\u0440\u043b\u0435\u0430\u043d\u0441\u043a\u043e\u0439 \u0432 \u0437\u0430\u043c\u043a\u0435 \u041a\u043e\u043c\u043f\u044c\u0435\u043d\u044c \u0432 1832 \u0433\u043e\u0434\u0443\n\n\nDate\n\n1832\n\n\nSource\n\nhttps://www.liveinternet.ru/users/ustava51/post312409507/\n\n\nAuthor\n\n\n\n\n\nJoseph-D\u00e9sir\u00e9 Court\n\u00a0(1797\u20131865)\u00a0\u00a0 \u00a0\n\n\n\n\n\nAlternative names\n\nJoseph D\u00e9sir\u00e9 Court, Joseph Court\n\nDescription\nFrench painter and curator\n\nDate of birth/death\n\n14 September 1797\u00a0\n23 January 1865\u00a0\n\nLocation of birth/death\n\nRouen\nParis\n\nWork period\nfrom 1820sdate QS:P,+1820-00-00T00:00:00Z/8 until 1850sdate QS:P,+1850-00-00T00:00:00Z/8\n\nWork location\n\nParis\u00a0\n\nAuthority file\n\n: Q2363367\nVIAF:\u200961817097\nISNI:\u20090000000066585778\nULAN:\u2009500020259\nLCCN:\u2009nr00038467\nWGA:\u2009c/court\nWorldCat\n\n\n\ncreator QS:P170,Q2363367\n\n\n"}, {"url": "https://commons.wikimedia.org/wiki/File:The_marriage_of_King_Leopold_I_of_the_Belgians_to_Princess_Louise_of_Orl%C3%A9ans.jpg", "metadata": {"og:image": "https://upload.wikimedia.org/wikipedia/commons/thumb/a/aa/The_marriage_of_King_Leopold_I_of_the_Belgians_to_Princess_Louise_of_Orl%C3%A9ans.jpg/640px-The_marriage_of_King_Leopold_I_of_the_Belgians_to_Princess_Louise_of_Orl%C3%A9ans.jpg", "og:image:width": "640", "og:image:height": "407", "og:title": "File:The marriage of King Leopold I of the Belgians to Princess Louise of Orl\u00e9ans.jpg - Wikimedia Commons", "og:type": "website"}, "text": "\n\n\nDescriptionThe marriage of King Leopold I of the Belgians to Princess Louise of Orl\u00e9ans.jpg\n\n\u0420\u0443\u0441\u0441\u043a\u0438\u0439:  \u0411\u0440\u0430\u043a\u043e\u0441\u043e\u0447\u0435\u0442\u0430\u043d\u0438\u0435 \u041b\u0435\u043e\u043f\u043e\u043b\u044c\u0434\u0430 I \u0438 \u043f\u0440\u0438\u043d\u0446\u0435\u0441\u0441\u044b \u041b\u0443\u0438\u0437\u044b \u041e\u0440\u043b\u0435\u0430\u043d\u0441\u043a\u043e\u0439 \u0432 \u0437\u0430\u043c\u043a\u0435 \u041a\u043e\u043c\u043f\u044c\u0435\u043d\u044c \u0432 1832 \u0433\u043e\u0434\u0443\n\n\nDate\n\n1832\n\n\nSource\n\nhttps://art.rmngp.fr/fr/library/artworks/auguste-mathieu_mariage-de-louise-d-orleans\n\n\nAuthor\n\nAuguste Mathieu\n\n\n"}]