[{"url": "https://commons.wikimedia.org/wiki/File:Queen_Elisabeth_of_Belgium,_accompanied_by_her_daughter_(Princess_Marie-Jose)_placing_flowers_at_the_foot_of_the_statue_of_Gabrielle_Petit.png", "metadata": {"og:image": "https://upload.wikimedia.org/wikipedia/commons/thumb/6/6c/Queen_Elisabeth_of_Belgium%2C_accompanied_by_her_daughter_%28Princess_Marie-Jose%29_placing_flowers_at_the_foot_of_the_statue_of_Gabrielle_Petit.png/640px-Queen_Elisabeth_of_Belgium%2C_accompanied_by_her_daughter_%28Princess_Marie-Jose%29_placing_flowers_at_the_foot_of_the_statue_of_Gabrielle_Petit.png", "og:image:width": "640", "og:image:height": "882", "og:title": "File:Queen Elisabeth of Belgium, accompanied by her daughter (Princess Marie-Jose) placing flowers at the foot of the statue of Gabrielle Petit.png - Wikimedia Commons", "og:type": "website"}, "text": "\n\n\nDescriptionQueen Elisabeth of Belgium, accompanied by her daughter (Princess Marie-Jose) placing flowers at the foot of the statue of Gabrielle Petit.png\n\nEnglish:  Queen Elisabeth of Belgium, accompanied by her daughter, Princess Marie-Jose, placing flowers at the foot of the statue of Gabrielle Petit, shot by the Germans in 1916\n\n\nDate\n\n1923\n\n\nSource\n\nhttps://www.gettyimages.com/detail/news-photo/belgium-queen-elisabeth-of-belgium-accompanied-by-her-news-photo/152241538\n\n\nAuthor\n\nUnknown authorUnknown author\n\n\n"}, {"url": "https://commons.wikimedia.org/wiki/File:%D0%9C%D0%B0%D1%80%D0%B8%D1%8F_%D0%96%D0%BE%D0%B7%D0%B5_%D0%91%D0%B5%D0%BB%D1%8C%D0%B3%D0%B8%D0%B9%D1%81%D0%BA%D0%B0%D1%8F.jpg", "metadata": {"og:image": "https://upload.wikimedia.org/wikipedia/commons/2/2c/%D0%9C%D0%B0%D1%80%D0%B8%D1%8F_%D0%96%D0%BE%D0%B7%D0%B5_%D0%91%D0%B5%D0%BB%D1%8C%D0%B3%D0%B8%D0%B9%D1%81%D0%BA%D0%B0%D1%8F.jpg", "og:image:width": "640", "og:image:height": "960", "og:title": "File:\u041c\u0430\u0440\u0438\u044f \u0416\u043e\u0437\u0435 \u0411\u0435\u043b\u044c\u0433\u0438\u0439\u0441\u043a\u0430\u044f.jpg - Wikimedia Commons", "og:type": "website"}, "text": "\n\n\nDescription\u041c\u0430\u0440\u0438\u044f \u0416\u043e\u0437\u0435 \u0411\u0435\u043b\u044c\u0433\u0438\u0439\u0441\u043a\u0430\u044f.jpg\n\nItaliano:  Maria Jos\u00e9 del Belgio, Regina d'Italia\n\n\nDate\n\n1923\n\n\nSource\n\nhttps://www.pinterest.ru/pin/253609022751456795/\n\n\nAuthor\n\nUnknown authorUnknown author\n\n\n"}]