[{"url": "https://commons.wikimedia.org/wiki/File:Principi_di_Piemonte.jpg", "metadata": {"og:image": "https://upload.wikimedia.org/wikipedia/commons/thumb/7/7b/Principi_di_Piemonte.jpg/640px-Principi_di_Piemonte.jpg", "og:image:width": "640", "og:image:height": "400", "og:title": "File:Principi di Piemonte.jpg - Wikimedia Commons", "og:type": "website"}, "text": "\n\n\nDescriptionPrincipi di Piemonte.jpg\n\nItaliano:  Cartolina edita in occasione del fidanzamento tra i principi Umberto d'Italia e Maria Jos\u00e8 del Belgio\n\n\nDate\n\n1929\n\n\nSource\n\nCartolina casa editrice BALLERINI & FRATINI\n\n\nAuthor\n\nCartolina casa editrice BALLERINI & FRATINI\n\n\n"}, {"url": "https://commons.wikimedia.org/wiki/File:Principi-Piemonte-SAR.jpg", "metadata": {"og:image": "https://upload.wikimedia.org/wikipedia/commons/thumb/4/4d/Principi-Piemonte-SAR.jpg/640px-Principi-Piemonte-SAR.jpg", "og:image:width": "640", "og:image:height": "399", "og:title": "File:Principi-Piemonte-SAR.jpg - Wikimedia Commons", "og:type": "website"}, "text": "\n\n\nDescriptionPrincipi-Piemonte-SAR.jpg\n\nItaliano:  Cartolina postale - S.A.R. Maria Jos\u00e8 e S.A.R. Umberto di Savoia\n\n\nDate\n\n1929\n\n\nSource\n\ncollezione cartoline Albertomos\n\n\nAuthor\n\nUnknown authorUnknown author\n\n\n"}, {"url": "https://commons.wikimedia.org/wiki/File:Umberto_and_his_fiancee_Marie_Jose.jpg", "metadata": {"og:image": "https://upload.wikimedia.org/wikipedia/commons/thumb/d/d8/Umberto_and_his_fiancee_Marie_Jose.jpg/640px-Umberto_and_his_fiancee_Marie_Jose.jpg", "og:image:width": "640", "og:image:height": "469", "og:title": "File:Umberto and his fiancee Marie Jose.jpg - Wikimedia Commons", "og:type": "website"}, "text": "\n\n\nDescriptionUmberto and his fiancee Marie Jose.jpg\n\nEnglish:  Crown Prince Umberto of Italy and fiancee Princess Marie Jose of Belgium, on October 26, 1929 in Italy.\n\n\nDate\n\n1929\n\n\nSource\n\nhttps://www.gettyimages.com/detail/news-photo/prince-umberto-and-fiancee-princess-marie-jose-of-belgium-news-photo/558642659\n\n\nAuthor\n\nUnknown authorUnknown author\n\n\n"}]