[{"url": "https://commons.wikimedia.org/wiki/File:Royal_Monogram_of_King_Albert_I,_King_of_the_Belgians,_Variant_2.svg", "metadata": {"og:image": "https://upload.wikimedia.org/wikipedia/commons/thumb/1/14/Royal_Monogram_of_King_Albert_I%2C_King_of_the_Belgians%2C_Variant_2.svg/640px-Royal_Monogram_of_King_Albert_I%2C_King_of_the_Belgians%2C_Variant_2.svg.png", "og:image:width": "640", "og:image:height": "990", "og:title": "File:Royal Monogram of King Albert I, King of the Belgians, Variant 2.svg - Wikimedia Commons", "og:type": "website"}, "text": "\n\n\nDescriptionRoyal Monogram of King Albert I, King of the Belgians, Variant 2.svg\n\nEnglish:  Royal Monogram of King Albert I, King of the Belgians, Variant 2\n\n\nDate\n\n8 July 2012\n\n\nSource\n\nEnglish:  Dinner menu from the Palais de Bruxelles\n\n\nAuthor\n\nGlasshouse\u00a0This vector image includes elements that have been taken or adapted from this file:\u2009Royal Crown of Belgium (Heraldic).svg (by\u00a0Sodacan).\n\n\n"}, {"url": "https://commons.wikimedia.org/wiki/File:Royal_Monogram_of_King_Albert_I,_King_of_the_Belgians,_Variant_3.svg", "metadata": {"og:image": "https://upload.wikimedia.org/wikipedia/commons/thumb/f/f4/Royal_Monogram_of_King_Albert_I%2C_King_of_the_Belgians%2C_Variant_3.svg/640px-Royal_Monogram_of_King_Albert_I%2C_King_of_the_Belgians%2C_Variant_3.svg.png", "og:image:width": "640", "og:image:height": "947", "og:title": "File:Royal Monogram of King Albert I, King of the Belgians, Variant 3.svg - Wikimedia Commons", "og:type": "website"}, "text": "\n\n\nDescriptionRoyal Monogram of King Albert I, King of the Belgians, Variant 3.svg\n\nEnglish:  Royal Monogram of King Albert I, King of the Belgians\n\n\nDate\n\n25 September 2016\n\n\nSource\n\nMonogrammed personal stationery from a 1916 letter\n\n\nAuthor\n\nGlasshouse\u00a0This vector image includes elements that have been taken or adapted from this file:\u2009Royal Crown of Belgium (Heraldic).svg (by\u00a0Sodacan).\n\n\n"}, {"url": "https://commons.wikimedia.org/wiki/File:Royal_Monogram_of_King_Albert_I,_King_of_the_Belgians,_Variant.svg", "metadata": {"og:image": "https://upload.wikimedia.org/wikipedia/commons/thumb/a/af/Royal_Monogram_of_King_Albert_I%2C_King_of_the_Belgians%2C_Variant.svg/640px-Royal_Monogram_of_King_Albert_I%2C_King_of_the_Belgians%2C_Variant.svg.png", "og:image:width": "640", "og:image:height": "1008", "og:title": "File:Royal Monogram of King Albert I, King of the Belgians, Variant.svg - Wikimedia Commons", "og:type": "website"}, "text": "\n\n\nDescriptionRoyal Monogram of King Albert I, King of the Belgians, Variant.svg\n\nEnglish:  Royal Monogram of King Albert I, King of the Belgians, Variant\n\n\nDate\n\n5 June 2012\n\n\nSource\n\nhttp://users.skynet.be/hendrik/index.html\n\n\nAuthor\n\nGlasshouse\u00a0This vector image includes elements that have been taken or adapted from this file:\u2009Royal Crown of Belgium (Heraldic).svg (by\u00a0Sodacan).\n\n\n"}, {"url": "https://commons.wikimedia.org/wiki/File:Royal_Monogram_of_King_Albert_I,_King_of_the_Belgians.svg", "metadata": {"og:image": "https://upload.wikimedia.org/wikipedia/commons/thumb/7/7e/Royal_Monogram_of_King_Albert_I%2C_King_of_the_Belgians.svg/640px-Royal_Monogram_of_King_Albert_I%2C_King_of_the_Belgians.svg.png", "og:image:width": "640", "og:image:height": "1089", "og:title": "File:Royal Monogram of King Albert I, King of the Belgians.svg - Wikimedia Commons", "og:type": "website"}, "text": "\n\n\nDescriptionRoyal Monogram of King Albert I, King of the Belgians.svg\n\nRoyal Monogram of King Albert I, King of the Belgians\n\n\nDate\n\n28 January 2011, 04:52 (UTC)\n\n\nSource\n\n[1]\n\n\nAuthor\n\nGlasshouse\u00a0This vector image includes elements that have been taken or adapted from this file:\u2009Royal Crown of Belgium (Heraldic).svg (by\u00a0Sodacan).\n\n\n"}]