[{"url": "https://commons.wikimedia.org/wiki/File:Umberto,_Maria_Jos%C3%A8_and_their_daughter_Maria_Pia.jpg", "metadata": {"og:image": "https://upload.wikimedia.org/wikipedia/commons/c/cf/Umberto%2C_Maria_Jos%C3%A8_and_their_daughter_Maria_Pia.jpg", "og:image:width": "640", "og:image:height": "995", "og:title": "File:Umberto, Maria Jos\u00e8 and their daughter Maria Pia.jpg - Wikimedia Commons", "og:type": "website"}, "text": "\n\n\nDescriptionUmberto, Maria Jos\u00e8 and their daughter Maria Pia.jpg\n\nEnglish:  King Umberto II, Queen Maria Jos\u00e8 and their daughter Princess Maria Pia of Italy\n\n\nDate\n\n1934\n\n\nSource\n\nhttp://forum.alexanderpalace.org/index.php?topic=3269.315\n\n\nAuthor\n\nUnknown authorUnknown author\n\n\n"}, {"url": "https://commons.wikimedia.org/wiki/File:Marie_Jos%C3%A9_with_her_daughter_Maria_Pia.png", "metadata": {"og:image": "https://upload.wikimedia.org/wikipedia/commons/2/2c/Marie_Jos%C3%A9_with_her_daughter_Maria_Pia.png", "og:image:width": "640", "og:image:height": "916", "og:title": "File:Marie Jos\u00e9 with her daughter Maria Pia.png - Wikimedia Commons", "og:type": "website"}, "text": "\n\n\nDescriptionMarie Jos\u00e9 with her daughter Maria Pia.png\n\nEnglish:  Marie Jos\u00e9, Princess of Piedmont (born Princess of Belgium, later Queen of Italy) with her daughter, Princess Maria Pia of Savoy (later of Yugoslavia, then Bourbon-Parma)\n\n\nDate\n\n1934\n\n\nSource\n\nhttps://theroyalhistory.tumblr.com/post/173465740470/princess-marie-jos%C3%A9-princess-of-piedmont-born\n\n\nAuthor\n\nUnknown authorUnknown author\n\n\n"}]