[{"url": "https://commons.wikimedia.org/wiki/File:In_gebruikstelling_Oosterscheldedam_in_aanwezigheid_vele_gasten,_waarmee_Deltawe,_Bestanddeelnr_933-7794.jpg", "metadata": {"og:image": "https://upload.wikimedia.org/wikipedia/commons/thumb/e/e4/In_gebruikstelling_Oosterscheldedam_in_aanwezigheid_vele_gasten%2C_waarmee_Deltawe%2C_Bestanddeelnr_933-7794.jpg/640px-In_gebruikstelling_Oosterscheldedam_in_aanwezigheid_vele_gasten%2C_waarmee_Deltawe%2C_Bestanddeelnr_933-7794.jpg", "og:image:width": "640", "og:image:height": "422", "og:title": "File:In gebruikstelling Oosterscheldedam in aanwezigheid vele gasten, waarmee Deltawe, Bestanddeelnr 933-7794.jpg - Wikimedia Commons", "og:type": "website"}, "text": "\n\n\nDescriptionIn gebruikstelling Oosterscheldedam in aanwezigheid vele gasten, waarmee Deltawe, Bestanddeelnr 933-7794.jpg\n\nNederlands:  Collectie / Archief\u00a0: Fotocollectie Anefo\nReportage / Serie\u00a0: [ onbekend ]\nBeschrijving\u00a0: In gebruikstelling Oosterscheldedam in aanwezigheid vele gasten, waarmee Deltawerken voltooid zijn; vlnr: Boudewijn, Fabiola, Mitterrand, Beatrix, Claus, v.\nDatum\u00a0: 4 oktober 1986\nTrefwoorden\u00a0: DELTAWERKEN, GASTEN\nPersoonsnaam\u00a0: Beatrix, prinses, Boudewijn, Claus, prins, Fabiola, koningin van Belgi\u00eb, Mitterrand, Fran\u00e7ois, V. Weiszacker\nFotograaf\u00a0: Croes, Rob C. / Anefo\nAuteursrechthebbende\u00a0: Nationaal Archief\nMateriaalsoort\u00a0: Negatief (zwart/wit)\nNummer archiefinventaris\u00a0: bekijk toegang 2.24.01.05\n\nBestanddeelnummer\u00a0: 933-7794\n\n\nDate\n\n4 October 1986\n\n\nSource\n\nhttp://proxy.handle.net/10648/ad5827de-d0b4-102d-bcf8-003048976d84\n\n\nAuthor\n\nRob Croes for Anefo \n\n\n"}]