[{"url": "https://commons.wikimedia.org/wiki/File:Marie-Henriette_et_Louise_de_Belgique_(G%C3%A9ruzet_1874).jpg", "metadata": {"og:image": "https://upload.wikimedia.org/wikipedia/commons/thumb/3/37/Marie-Henriette_et_Louise_de_Belgique_%28G%C3%A9ruzet_1874%29.jpg/640px-Marie-Henriette_et_Louise_de_Belgique_%28G%C3%A9ruzet_1874%29.jpg", "og:image:width": "640", "og:image:height": "853", "og:title": "File:Marie-Henriette et Louise de Belgique (G\u00e9ruzet 1874).jpg - Wikimedia Commons", "og:type": "website"}, "text": "\n\n\nDescriptionMarie-Henriette et Louise de Belgique (G\u00e9ruzet 1874).jpg\n\nFran\u00e7ais\u00a0:  La reine Marie-Henriette et sa fille Louise de Belgique photographi\u00e9es par G\u00e9ruzet fr\u00e8res vers 1874.\n\n\nDate\n\n3 September 2020, 11:59:34\n\n\nSource\n\nSelf-scanned\n\n\nAuthor\n\nG\u00e9ruzet dead before 1941\n\n\n"}]