[{"url": "https://commons.wikimedia.org/wiki/File:20190331_052_liege_robermont.jpg", "metadata": {"og:image": "https://upload.wikimedia.org/wikipedia/commons/thumb/5/55/20190331_052_liege_robermont.jpg/640px-20190331_052_liege_robermont.jpg", "og:image:width": "640", "og:image:height": "427", "og:title": "File:20190331 052 liege robermont.jpg - Wikimedia Commons", "og:type": "website"}, "text": "\n\n\nDescription20190331 052 liege robermont.jpg\n\nFran\u00e7ais\u00a0:  Vue de la pelouse d'honneur du cimeti\u00e8re de Robermont \u00e0 Li\u00e8ge (Belgique).\n\n\nDate\n\n31 March 2019, 11:53:20\n\n\nSource\n\nOwn work\n\n\nAuthor\n\nJean Housen\n\n\n"}, {"url": "https://commons.wikimedia.org/wiki/File:4-rois_Tombeek_Albert.jpg", "metadata": {"og:image": "https://upload.wikimedia.org/wikipedia/commons/thumb/e/ea/4-rois_Tombeek_Albert.jpg/640px-4-rois_Tombeek_Albert.jpg", "og:image:width": "640", "og:image:height": "360", "og:title": "File:4-rois Tombeek Albert.jpg - Wikimedia Commons", "og:type": "website"}, "text": "\n\n\nDescription4-rois Tombeek Albert.jpg\n\nFran\u00e7ais\u00a0:  Restaurant \"Les 4 rois\" \u00e0 Tombeek (Overijse) route Nationale 4 (Belgique). Buste du Roi Albert de Belgique.\n\n\nDate\n\n11 October 2011\n\n\nSource\n\nOwn work\n\n\nAuthor\n\nOlnnu\n\n\n"}, {"url": "https://commons.wikimedia.org/wiki/File:Albert_1er_de_Belgique_(1875_-_1934)_-_Buste_%C3%A0_Ottignies.jpg", "metadata": {"og:image": "https://upload.wikimedia.org/wikipedia/commons/thumb/6/66/Albert_1er_de_Belgique_%281875_-_1934%29_-_Buste_%C3%A0_Ottignies.jpg/640px-Albert_1er_de_Belgique_%281875_-_1934%29_-_Buste_%C3%A0_Ottignies.jpg", "og:image:width": "640", "og:image:height": "706", "og:title": "File:Albert 1er de Belgique (1875 - 1934) - Buste \u00e0 Ottignies.jpg - Wikimedia Commons", "og:type": "website"}, "text": "\n\n\nDescriptionAlbert 1er de Belgique (1875 - 1934) - Buste \u00e0 Ottignies.jpg\n\nFran\u00e7ais\u00a0:  Albert 1er de Belgique - Ottignies - angle avenue du Roi Albert et avenue des Combattants\n\n\n\n\nThis photo of immovable heritage has been taken in the Walloon Region \n\n\n\n\n\nDate\n\n23 February 2018, 10:58:10\n\n\nSource\n\nOwn work\n\n\nAuthor\n\nEmDee\n\n\n"}, {"url": "https://commons.wikimedia.org/wiki/File:Albert_I_Koning_der_Belgen_1875-1934.jpg", "metadata": {"og:image": "https://upload.wikimedia.org/wikipedia/commons/thumb/2/27/Albert_I_Koning_der_Belgen_1875-1934.jpg/640px-Albert_I_Koning_der_Belgen_1875-1934.jpg", "og:image:width": "640", "og:image:height": "853", "og:title": "File:Albert I Koning der Belgen 1875-1934.jpg - Wikimedia Commons", "og:type": "website"}, "text": "\n\n\nDescriptionAlbert I Koning der Belgen 1875-1934.jpg\n\nNederlands:  Standbeeld van Koning Albert I - Roland Rabeaux\n\n\nDate\n\n24 July 2017, 13:32:30\n\n\nSource\n\nOwn work\n\n\nAuthor\n\nAnneke Crevits\n\n\n"}, {"url": "https://commons.wikimedia.org/wiki/File:Albert_Ier_Chimay.JPG", "metadata": {"og:image": "https://upload.wikimedia.org/wikipedia/commons/thumb/4/40/Albert_Ier_Chimay.JPG/640px-Albert_Ier_Chimay.JPG", "og:image:width": "640", "og:image:height": "853", "og:title": "File:Albert Ier Chimay.JPG - Wikimedia Commons", "og:type": "website"}, "text": "\n\n\nDescriptionAlbert Ier Chimay.JPG\n\nFran\u00e7ais\u00a0:  Buste du roi des Belges Albert Ier \u00e0 Chimay\n\n\nDate\n\n7 September 2008\n\n\nSource\n\nOwn work\n\n\nAuthor\n\nTinodela\n\n\n"}, {"url": "https://commons.wikimedia.org/wiki/File:Albert1er.jpg", "metadata": {"og:image": "https://upload.wikimedia.org/wikipedia/commons/f/f7/Albert1er.jpg", "og:image:width": "640", "og:image:height": "931", "og:title": "File:Albert1er.jpg - Wikimedia Commons", "og:type": "website"}, "text": "\n\n\nDescriptionAlbert1er.jpg\n\nFran\u00e7ais\u00a0:  Buste d'Albert Ier par Eug\u00e8ne de Bremaecker (1923), expos\u00e9 au Mus\u00e9e Belle-Vue, \u00e0 Bruxelles.\n\n\nSource\n\nOwn work\n\n\nAuthor\n\nEug\u00e8ne de Bremaecker\n\n\nPermission(Reusing this file)\n\n\n\n\n\u00a0\n\n\nThis work is free and may be used by anyone for any purpose. If you wish to use this content, you do not need to request permission as long as you follow any licensing requirements mentioned on this page.\nThe Wikimedia Foundation has received an e-mail confirming that the copyright holder has approved publication under the terms mentioned on this page. This correspondence has been reviewed by a Volunteer Response Team (VRT) member and stored in our permission archive. The correspondence is available to trusted volunteers as ticket #2011030810007194.\nIf you have questions about the archived correspondence, please use the VRT noticeboard.\nTicket link: https://ticket.wikimedia.org/otrs/index.pl?Action=AgentTicketZoom&TicketNumber=2011030810007194\nFind other files from the same ticket: \n\n\nFran\u00e7ais\u00a0:  Autorisation de l'unique h\u00e9ritier d'Eug\u00e8ne de Bremaecker.\n\n\n"}, {"url": "https://commons.wikimedia.org/wiki/File:Borstbeeld_Koning_Albert_II_-_Daverlostraat_-_Assebroek.jpg", "metadata": {"og:image": "https://upload.wikimedia.org/wikipedia/commons/thumb/f/fc/Borstbeeld_Koning_Albert_II_-_Daverlostraat_-_Assebroek.jpg/640px-Borstbeeld_Koning_Albert_II_-_Daverlostraat_-_Assebroek.jpg", "og:image:width": "640", "og:image:height": "1168", "og:title": "File:Borstbeeld Koning Albert II - Daverlostraat - Assebroek.jpg - Wikimedia Commons", "og:type": "website"}, "text": "\n\n\nDescriptionBorstbeeld Koning Albert II - Daverlostraat - Assebroek.jpg\n\nNederlands:  Borstbeeld van Koning Albert I van Belgi\u00eb (1875-1934) - Koning Albertpark - Daverlostraat - Assebroek - Brugge - West-Vlaanderen - Belgi\u00eb\n\n\nDate\n\n16 September 2017, 11:44:50\n\n\nSource\n\nOwn work\n\n\nAuthor\n\nSpotter2\n\n\n"}, {"url": "https://commons.wikimedia.org/wiki/File:Buste_Albert_1er_J1.jpg", "metadata": {"og:image": "https://upload.wikimedia.org/wikipedia/commons/thumb/8/85/Buste_Albert_1er_J1.jpg/640px-Buste_Albert_1er_J1.jpg", "og:image:width": "640", "og:image:height": "953", "og:title": "File:Buste Albert 1er J1.jpg - Wikimedia Commons", "og:type": "website"}, "text": "\n\n\nDescriptionBuste Albert 1er J1.jpg\n\nEnglish:  Bust of the king Albert 1st. The king wears the knight collar of the Order of the Golden Fleece, honour awarded by the emperor of Austria-Hungary. Picture taken at the Royal Museum of Weapons and Military History of Tournai, Belgium.\nFran\u00e7ais\u00a0:  Buste du roi Albert 1er. Le roi porte le collier  de chevalier de l'Ordre de la Toison d'Or, dignit\u00e9 accord\u00e9e par l'empereur d'Autriche-Hongrie. Photo prise au mus\u00e9e royal d'armes et d'histoire de Tournai, Belgique.\n\n\nDate\n\n11 February 2016\n\n\nSource\n\nOwn work\n\n\nAuthor\n\nJamain\n\n\n"}, {"url": "https://commons.wikimedia.org/wiki/File:Buste_Albert_1er_J2.jpg", "metadata": {"og:image": "https://upload.wikimedia.org/wikipedia/commons/thumb/f/f2/Buste_Albert_1er_J2.jpg/640px-Buste_Albert_1er_J2.jpg", "og:image:width": "640", "og:image:height": "996", "og:title": "File:Buste Albert 1er J2.jpg - Wikimedia Commons", "og:type": "website"}, "text": "\n\n\nDescriptionBuste Albert 1er J2.jpg\n\nEnglish:  Bust of the king Albert 1st in the court of the Royal Museum of Weapons and Military History of Tournai, Belgium.\nFran\u00e7ais\u00a0:  Buste du roi Albert 1er dans la cour du mus\u00e9e royal d'armes et d'histoire de Tournai, Belgique.\n\n\nDate\n\n11 February 2016\n\n\nSource\n\nOwn work\n\n\nAuthor\n\nJamain\n\n\n"}, {"url": "https://commons.wikimedia.org/wiki/File:Buste_Albert_I,_Koning_der_Belgen.JPG", "metadata": {"og:image": "https://upload.wikimedia.org/wikipedia/commons/thumb/2/23/Buste_Albert_I%2C_Koning_der_Belgen.JPG/640px-Buste_Albert_I%2C_Koning_der_Belgen.JPG", "og:image:width": "640", "og:image:height": "962", "og:title": "File:Buste Albert I, Koning der Belgen.JPG - Wikimedia Commons", "og:type": "website"}, "text": "\n\n\nDescriptionBuste Albert I, Koning der Belgen.JPG\n\nBorstbeeld van Albert I, Bellevue\n\n\nSource\n\nOwn work\n\n\nAuthor\n\nCarolus 21:03, 17 September 2007 (UTC)\n\n\n"}, {"url": "https://commons.wikimedia.org/wiki/File:Bustealbert1er.jpg", "metadata": {"og:image": "https://upload.wikimedia.org/wikipedia/commons/thumb/0/09/Bustealbert1er.jpg/640px-Bustealbert1er.jpg", "og:image:width": "640", "og:image:height": "853", "og:title": "File:Bustealbert1er.jpg - Wikimedia Commons", "og:type": "website"}, "text": "\n\n\nDescriptionBustealbert1er.jpg\n\nFran\u00e7ais\u00a0:  Le buste du roi Albert Ier \u00e0 Jemappes\n\n\nDate\n\n22 April 2014, 18:11:52\n\n\nSource\n\nOwn work\n\n\nAuthor\n\nOvertheborderline\n\n\n"}, {"url": "https://commons.wikimedia.org/wiki/File:Dilbeek_Keperenbergstraat_36_-_144435_-_onroerenderfgoed.jpg", "metadata": {"og:image": "https://upload.wikimedia.org/wikipedia/commons/5/5c/Dilbeek_Keperenbergstraat_36_-_144435_-_onroerenderfgoed.jpg", "og:image:width": "640", "og:image:height": "853", "og:title": "File:Dilbeek Keperenbergstraat 36 - 144435 - onroerenderfgoed.jpg - Wikimedia Commons", "og:type": "website"}, "text": "\n\n\nDescriptionDilbeek Keperenbergstraat 36 - 144435 - onroerenderfgoed.jpg\n\nNederlands:  Dilbeek Keperenbergstraat 36\n\n\n\nThis is a photo of onroerend erfgoed number 206970\n\nAddressInfoFieldKeperenbergstraat 36DilbeekBelgium\n\n\nDate\n\n13 September 2010, 09:40\n\n\nSource\n\nhttps://id.erfgoed.net/afbeeldingen/144435\n\n\nAuthor\n\nKennes, Hilde\n\n\n"}, {"url": "https://commons.wikimedia.org/wiki/File:Gembloux_(Albert_Ier).JPG", "metadata": {"og:image": "https://upload.wikimedia.org/wikipedia/commons/thumb/5/55/Gembloux_%28Albert_Ier%29.JPG/640px-Gembloux_%28Albert_Ier%29.JPG", "og:image:width": "640", "og:image:height": "480", "og:title": "File:Gembloux (Albert Ier).JPG - Wikimedia Commons", "og:type": "website"}, "text": "\n\n\nDescriptionGembloux (Albert Ier).JPG\n\nBuste du roi Albert Ier (Belgique). Bronze sur socle en pierre bleue, sis rue du Moulin \u00e0 Gembloux (province de Namur, Belgique). Inaugur\u00e9 le 26.10.1958.\n\n\nDate\n\n18 August 2009\n\n\nSource\n\nOwn work\n\n\nAuthor\n\n\u00c9ric B. Lauwers\n\n\n"}, {"url": "https://commons.wikimedia.org/wiki/File:Gembloux_(buste_du_roi_Albert_Ier).JPG", "metadata": {"og:image": "https://upload.wikimedia.org/wikipedia/commons/thumb/d/da/Gembloux_%28buste_du_roi_Albert_Ier%29.JPG/640px-Gembloux_%28buste_du_roi_Albert_Ier%29.JPG", "og:image:width": "640", "og:image:height": "480", "og:title": "File:Gembloux (buste du roi Albert Ier).JPG - Wikimedia Commons", "og:type": "website"}, "text": "\n\n\nDescriptionGembloux (buste du roi Albert Ier).JPG\n\nFran\u00e7ais\u00a0:  Buste du roi Albert Ier (Belgique) sis \u00e0 la rue du Moulin, au pied de la Tour des Sarrasins. Bronze sur socle en pierre bleue. Inaugur\u00e9 le 26.1.1958.\n\n\nDate\n\n18 August 2009\n\n\nSource\n\nOwn work\n\n\nAuthor\n\n\u00c9ric B. Lauwers\n\n\n"}, {"url": "https://commons.wikimedia.org/wiki/File:Koning_Albert_I_Brussel.jpg", "metadata": {"og:image": "https://upload.wikimedia.org/wikipedia/commons/thumb/4/4d/Koning_Albert_I_Brussel.jpg/640px-Koning_Albert_I_Brussel.jpg", "og:image:width": "640", "og:image:height": "959", "og:title": "File:Koning Albert I Brussel.jpg - Wikimedia Commons", "og:type": "website"}, "text": "\n\n\nDescriptionKoning Albert I Brussel.jpg\n\n\n\n\n\nThis photo of immovable heritage has been taken in the Brussels Capital Region \n\n\n\n\n\nDate\n\n8 July 2018, 19:26:03\n\n\nSource\n\nOwn work\n\n\nAuthor\n\nWinny Biets\n\n\n"}, {"url": "https://commons.wikimedia.org/wiki/File:Monument_Albert_Ottignies.jpg", "metadata": {"og:image": "https://upload.wikimedia.org/wikipedia/commons/thumb/2/2a/Monument_Albert_Ottignies.jpg/640px-Monument_Albert_Ottignies.jpg", "og:image:width": "640", "og:image:height": "1091", "og:title": "File:Monument Albert Ottignies.jpg - Wikimedia Commons", "og:type": "website"}, "text": "\n\n\nDescriptionMonument Albert Ottignies.jpg\n\nFran\u00e7ais\u00a0:  Buste en Bronze d'Albert 1er \u00e0 Ottignies.\n\n\nDate\n\n8 September 2011\n\n\nSource\n\nOwn work\n\n\nAuthor\n\nOlnnu\n\n\n"}, {"url": "https://commons.wikimedia.org/wiki/File:Monument_Albert1.JPG", "metadata": {"og:image": "https://upload.wikimedia.org/wikipedia/commons/thumb/4/47/Monument_Albert1.JPG/640px-Monument_Albert1.JPG", "og:image:width": "640", "og:image:height": "776", "og:title": "File:Monument Albert1.JPG - Wikimedia Commons", "og:type": "website"}, "text": "\n\n\nDescriptionMonument Albert1.JPG\n\nFran\u00e7ais\u00a0:  Place Albert Ier, le monument aux combattants\n\n\nDate\n\n5 December 2007\n\n\nSource\n\nOwn work\n\n\nAuthor\n\nZitouni63\n\n\nPermission(Reusing this file)\n\nYves-Olivier SINTE\n\n\n"}, {"url": "https://commons.wikimedia.org/wiki/File:PM_124861_B_Ronse.jpg", "metadata": {"og:image": "https://upload.wikimedia.org/wikipedia/commons/2/2c/PM_124861_B_Ronse.jpg", "og:image:width": "640", "og:image:height": "1200", "og:title": "File:PM 124861 B Ronse.jpg - Wikimedia Commons", "og:type": "website"}, "text": "\n\n\nDescriptionPM 124861 B Ronse.jpg\n\nEnglish:  Albertpark. Ronse. Oost-Vlaanderen. Belgium. Monument Koning Albert I, F Devos, 1959. . Cultural heritage; Cultural heritage|Monuments|Public monument; Cultural heritage|Monuments|War memorial; Cultural heritage|Techniques|Bronze sculpture; Europe|Belgium; Europe|Belgium|Oost-Vlaanderen; Europe|Belgium|Oost-Vlaanderen|Ronse. Ref: PM_124861_B_Ronse. Photo: Paul M.R. Maeyaert. www.polmayer.com.\u00a9 Paul M.R. Maeyaert; pmrmaeyaert@gmail.com\n\n\nDate\n\n17 July 2020, 16:48:01\n\n\nSource\n\nOwn work\n\n\nAuthor\n\nPMRMaeyaert\n\n\n"}, {"url": "https://commons.wikimedia.org/wiki/File:PM_124862_B_Ronse.jpg", "metadata": {"og:image": "https://upload.wikimedia.org/wikipedia/commons/5/50/PM_124862_B_Ronse.jpg", "og:image:width": "640", "og:image:height": "960", "og:title": "File:PM 124862 B Ronse.jpg - Wikimedia Commons", "og:type": "website"}, "text": "\n\n\nDescriptionPM 124862 B Ronse.jpg\n\nEnglish:  Albertpark. Ronse. Oost-Vlaanderen. BelgiumMonument Koning Albert I, F Devos, 1959. . Cultural heritage; Cultural heritage|Monuments|Public monument; Cultural heritage|Monuments|War memorial; Cultural heritage|Techniques|Bronze sculpture; Europe|Belgium; Europe|Belgium|Oost-Vlaanderen; Europe|Belgium|Oost-Vlaanderen|Ronse. Ref: PM_124862_B_Ronse. Photo: Paul M.R. Maeyaert. www.polmayer.com.\u00a9 Paul M.R. Maeyaert; pmrmaeyaert@gmail.com\n\n\nDate\n\n17 July 2020, 16:48:17\n\n\nSource\n\nOwn work\n\n\nAuthor\n\nPMRMaeyaert\n\n\n"}, {"url": "https://commons.wikimedia.org/wiki/File:Wikibruz27.jpg", "metadata": {"og:image": "https://upload.wikimedia.org/wikipedia/commons/thumb/3/3b/Wikibruz27.jpg/640px-Wikibruz27.jpg", "og:image:width": "640", "og:image:height": "853", "og:title": "File:Wikibruz27.jpg - Wikimedia Commons", "og:type": "website"}, "text": "\n\n\nDescriptionWikibruz27.jpg\n\nNederlands:  Bronzen borstbeeld van Victor Demanet (1952), geplaatst in 1977 in Parklaan, Sint-Gillis\n\n\nDate\n\n13 August 2017, 17:37:13\n\n\nSource\n\nOwn work\n\n\nAuthor\n\nKarmakolle\n\n\n"}]