[{"url": "https://commons.wikimedia.org/wiki/File:20120706_aywaille10.JPG", "metadata": {"og:image": "https://upload.wikimedia.org/wikipedia/commons/thumb/8/80/20120706_aywaille10.JPG/640px-20120706_aywaille10.JPG", "og:image:width": "640", "og:image:height": "956", "og:title": "File:20120706 aywaille10.JPG - Wikimedia Commons", "og:type": "website"}, "text": "\n\n\nDescription20120706 aywaille10.JPG\n\nFran\u00e7ais\u00a0:  Vue d'un monument au roi Albert Ier et \u00e0 la reine Elisabeth de Belgique, dans le parc Thiry \u00e0 Aywaille.\n\n\nDate\n\n6 July 2012\n\n\nSource\n\nOwn work\n\n\nAuthor\n\nJean Housen\n\n\n"}, {"url": "https://commons.wikimedia.org/wiki/File:20120706_aywaille11.JPG", "metadata": {"og:image": "https://upload.wikimedia.org/wikipedia/commons/thumb/4/44/20120706_aywaille11.JPG/640px-20120706_aywaille11.JPG", "og:image:width": "640", "og:image:height": "428", "og:title": "File:20120706 aywaille11.JPG - Wikimedia Commons", "og:type": "website"}, "text": "\n\n\nDescription20120706 aywaille11.JPG\n\nFran\u00e7ais\u00a0:  Vue d'un monument au roi Albert Ier et \u00e0 la reine Elisabeth de Belgique, dans le parc Thiry \u00e0 Aywaille.\n\n\nDate\n\n6 July 2012\n\n\nSource\n\nOwn work\n\n\nAuthor\n\nJean Housen\n\n\n"}, {"url": "https://commons.wikimedia.org/wiki/File:20120724_amay11.JPG", "metadata": {"og:image": "https://upload.wikimedia.org/wikipedia/commons/thumb/0/0c/20120724_amay11.JPG/640px-20120724_amay11.JPG", "og:image:width": "640", "og:image:height": "428", "og:title": "File:20120724 amay11.JPG - Wikimedia Commons", "og:type": "website"}, "text": "\n\n\nDescription20120724 amay11.JPG\n\nFran\u00e7ais\u00a0:  Vue du monuments aux morts de la place Sainte-Ode \u00e0 Amay.\n\n\nDate\n\n24 July 2012\n\n\nSource\n\nOwn work\n\n\nAuthor\n\nJean Housen\n\n\n"}, {"url": "https://commons.wikimedia.org/wiki/File:20120724_amay12.JPG", "metadata": {"og:image": "https://upload.wikimedia.org/wikipedia/commons/thumb/a/ac/20120724_amay12.JPG/640px-20120724_amay12.JPG", "og:image:width": "640", "og:image:height": "428", "og:title": "File:20120724 amay12.JPG - Wikimedia Commons", "og:type": "website"}, "text": "\n\n\nDescription20120724 amay12.JPG\n\nFran\u00e7ais\u00a0:  Vue du monuments aux morts de la place Sainte-Ode \u00e0 Amay.\n\n\nDate\n\n24 July 2012\n\n\nSource\n\nOwn work\n\n\nAuthor\n\nJean Housen\n\n\n"}, {"url": "https://commons.wikimedia.org/wiki/File:Aywaille,_Monument_comm%C3%A9moration_av%C3%A8nement_Albert_et_Elisabeth_de_Belgique_01.jpg", "metadata": {"og:image": "https://upload.wikimedia.org/wikipedia/commons/thumb/2/2d/Aywaille%2C_Monument_comm%C3%A9moration_av%C3%A8nement_Albert_et_Elisabeth_de_Belgique_01.jpg/640px-Aywaille%2C_Monument_comm%C3%A9moration_av%C3%A8nement_Albert_et_Elisabeth_de_Belgique_01.jpg", "og:image:width": "640", "og:image:height": "480", "og:title": "File:Aywaille, Monument comm\u00e9moration av\u00e8nement Albert et Elisabeth de Belgique 01.jpg - Wikimedia Commons", "og:type": "website"}, "text": "\n\n\nDescriptionAywaille, Monument comm\u00e9moration av\u00e8nement Albert et Elisabeth de Belgique 01.jpg\n\nFran\u00e7ais\u00a0:  Aywaille, Monument pour la comm\u00e9moration de l'av\u00e8nement Albert et Elisabeth de Belgique en 1910\n\n\nDate\n\n17 May 2023, 17:30:00\n\n\nSource\n\nOwn work\n\n\nAuthor\n\nVincent Simar\n\n\n"}, {"url": "https://commons.wikimedia.org/wiki/File:Aywaille,_Monument_comm%C3%A9moration_av%C3%A8nement_Albert_et_Elisabeth_de_Belgique_02.jpg", "metadata": {"og:image": "https://upload.wikimedia.org/wikipedia/commons/thumb/9/90/Aywaille%2C_Monument_comm%C3%A9moration_av%C3%A8nement_Albert_et_Elisabeth_de_Belgique_02.jpg/640px-Aywaille%2C_Monument_comm%C3%A9moration_av%C3%A8nement_Albert_et_Elisabeth_de_Belgique_02.jpg", "og:image:width": "640", "og:image:height": "480", "og:title": "File:Aywaille, Monument comm\u00e9moration av\u00e8nement Albert et Elisabeth de Belgique 02.jpg - Wikimedia Commons", "og:type": "website"}, "text": "\n\n\nDescriptionAywaille, Monument comm\u00e9moration av\u00e8nement Albert et Elisabeth de Belgique 02.jpg\n\nFran\u00e7ais\u00a0:  Aywaille, Monument pour la comm\u00e9moration de l'av\u00e8nement Albert et Elisabeth de Belgique en 1910\n\n\nDate\n\n17 May 2023, 17:30:10\n\n\nSource\n\nOwn work\n\n\nAuthor\n\nVincent Simar\n\n\n"}, {"url": "https://commons.wikimedia.org/wiki/File:Aywaille,_Monument_comm%C3%A9moration_av%C3%A8nement_Albert_et_Elisabeth_de_Belgique_03.jpg", "metadata": {"og:image": "https://upload.wikimedia.org/wikipedia/commons/thumb/f/f6/Aywaille%2C_Monument_comm%C3%A9moration_av%C3%A8nement_Albert_et_Elisabeth_de_Belgique_03.jpg/640px-Aywaille%2C_Monument_comm%C3%A9moration_av%C3%A8nement_Albert_et_Elisabeth_de_Belgique_03.jpg", "og:image:width": "640", "og:image:height": "480", "og:title": "File:Aywaille, Monument comm\u00e9moration av\u00e8nement Albert et Elisabeth de Belgique 03.jpg - Wikimedia Commons", "og:type": "website"}, "text": "\n\n\nDescriptionAywaille, Monument comm\u00e9moration av\u00e8nement Albert et Elisabeth de Belgique 03.jpg\n\nFran\u00e7ais\u00a0:  Aywaille, Monument pour la comm\u00e9moration de l'av\u00e8nement Albert et Elisabeth de Belgique en 1910. Les 2 m\u00e9daillons sont du sculpteur Jules Brouns.\n\n\nDate\n\n17 May 2023, 17:30:19\n\n\nSource\n\nOwn work\n\n\nAuthor\n\nVincent Simar\n\n\n"}, {"url": "https://commons.wikimedia.org/wiki/File:Aywaille,_Monument_comm%C3%A9moration_av%C3%A9nement_Albert_et_Elisabeth_de_Belgique_04.jpg", "metadata": {"og:image": "https://upload.wikimedia.org/wikipedia/commons/thumb/e/ea/Aywaille%2C_Monument_comm%C3%A9moration_av%C3%A9nement_Albert_et_Elisabeth_de_Belgique_04.jpg/640px-Aywaille%2C_Monument_comm%C3%A9moration_av%C3%A9nement_Albert_et_Elisabeth_de_Belgique_04.jpg", "og:image:width": "640", "og:image:height": "480", "og:title": "File:Aywaille, Monument comm\u00e9moration av\u00e9nement Albert et Elisabeth de Belgique 04.jpg - Wikimedia Commons", "og:type": "website"}, "text": "\n\n\nDescriptionAywaille, Monument comm\u00e9moration av\u00e9nement Albert et Elisabeth de Belgique 04.jpg\n\nFran\u00e7ais\u00a0:  Aywaille, Monument pour la comm\u00e9moration de l'av\u00e8nement Albert et Elisabeth de Belgique en 1910. Les 2 m\u00e9daillons sont du sculpteur Jules Brouns.\n\n\nDate\n\n17 May 2023, 17:30:42\n\n\nSource\n\nOwn work\n\n\nAuthor\n\nVincent Simar\n\n\n"}, {"url": "https://commons.wikimedia.org/wiki/File:Brandglasraam_02.jpg", "metadata": {"og:image": "https://upload.wikimedia.org/wikipedia/commons/thumb/4/41/Brandglasraam_02.jpg/640px-Brandglasraam_02.jpg", "og:image:width": "640", "og:image:height": "961", "og:title": "File:Brandglasraam 02.jpg - Wikimedia Commons", "og:type": "website"}, "text": "\n\n\nDescriptionBrandglasraam 02.jpg\n\nNederlands:  Een portret van Koning Albert als opperbevelhebber van het Belgische leger in een brandglasraam in de Onze\u2013Lieve-Vrouw der Zege Gedenkkapel\n\n\nDate\n\n6 September 2019, 10:22:38\n\n\nSource\n\nOwn work\n\n\nAuthor\n\nFrans90245\n\n\n"}, {"url": "https://commons.wikimedia.org/wiki/File:Brussels,_Palais_de_la_Nation,_Tapestry.jpg", "metadata": {"og:image": "https://upload.wikimedia.org/wikipedia/commons/thumb/b/b7/Brussels%2C_Palais_de_la_Nation%2C_Tapestry.jpg/640px-Brussels%2C_Palais_de_la_Nation%2C_Tapestry.jpg", "og:image:width": "640", "og:image:height": "427", "og:title": "File:Brussels, Palais de la Nation, Tapestry.jpg - Wikimedia Commons", "og:type": "website"}, "text": "\n\n\nDescriptionBrussels, Palais de la Nation, Tapestry.jpg\n\nEnglish:  Tapestry representing the Joyous Entry in 1918 of king Albert I and Queen Elisabeth of Belgium in Brussels, Belgium.\nNederlands:  De triomfantelijke terugkeer van Koning Albert aan het hoofd van zijn troepen, te Brussel op 22 november 1918.\nFran\u00e7ais\u00a0:  Le retour victorieux du roi Albert \u00e0 la t\u00eate de ses troupes \u00e0 Bruxelles le 22 novembre 1918.\n\n\nDate\n\n17 September 2016, 15:46:53\n\n\nSource\n\nOwn work\n\n\nAuthor\n\n1934-35 by Anto-Carte/ manufacure de Wit of Mechelen[1].\n\n\n"}, {"url": "https://commons.wikimedia.org/wiki/File:Clay_pipe_in_the_shape_of_King_Albert_I.jpg", "metadata": {"og:image": "https://upload.wikimedia.org/wikipedia/commons/thumb/0/0e/Clay_pipe_in_the_shape_of_King_Albert_I.jpg/640px-Clay_pipe_in_the_shape_of_King_Albert_I.jpg", "og:image:width": "640", "og:image:height": "425", "og:title": "File:Clay pipe in the shape of King Albert I.jpg - Wikimedia Commons", "og:type": "website"}, "text": "\n\n\nDescriptionClay pipe in the shape of King Albert I.jpg\n\nNederlands:  Kleien pijp in de vorm van het hoofd van Koning Albert de eerste.\nEnglish:  Clay pipe in the shape of the Belgian King Albert the firsts head.\n\n\nDate\n\n8 August 2016\n\n\nSource\n\nOwn work\n\n\nAuthor\n\nSam.Donvil\n\n\n"}, {"url": "https://commons.wikimedia.org/wiki/File:De_Belgische_vlag_en_een_portret_van_Koning_Albert_I_(_1875-1934)_en_handen_die_zich_uitstrekken,_SFA002026618.jpg", "metadata": {"og:image": "https://upload.wikimedia.org/wikipedia/commons/thumb/a/aa/De_Belgische_vlag_en_een_portret_van_Koning_Albert_I_%28_1875-1934%29_en_handen_die_zich_uitstrekken%2C_SFA002026618.jpg/640px-De_Belgische_vlag_en_een_portret_van_Koning_Albert_I_%28_1875-1934%29_en_handen_die_zich_uitstrekken%2C_SFA002026618.jpg", "og:image:width": "640", "og:image:height": "988", "og:title": "File:De Belgische vlag en een portret van Koning Albert I ( 1875-1934) en handen die zich uitstrekken, SFA002026618.jpg - Wikimedia Commons", "og:type": "website"}, "text": "\n\n\nDescriptionDe Belgische vlag en een portret van Koning Albert I ( 1875-1934) en handen die zich uitstrekken, SFA002026618.jpg\n\nNederlands:  Omschrijving: De Belgische vlag en een portret van Koning Albert I ( 1875-1934) en handen die zich uitstrekken naar militaire hoofddeksels van de geallieerden. Daaronder de tekst: Leve de Koning. ( Vive le Roy). Belgi\u00eb. Datum Unknown. [1914-1918].\n\n\nDate\n\nbetween 1914 and 1918date QS:P,+1914-00-00T00:00:00Z/8,P1319,+1914-00-00T00:00:00Z/9,P1326,+1918-00-00T00:00:00Z/9\n\n\nSource\n\nhttps://beeldbank.spaarnestadphoto.com/search.pp?flush=1&multikeyword=SFA002026618&searchtype=0#ctr-thumbnails\n\n\nAuthor\n\nTekenaar Unknown\n\n\n"}, {"url": "https://commons.wikimedia.org/wiki/File:De_Belgische_vlag_met_een_beeltenis_van_Koning_Albert_en_de_tekst_Aan_het_geliefde_Belgi%C3%AB_Ze_is,_SFA002026637.jpg", "metadata": {"og:image": "https://upload.wikimedia.org/wikipedia/commons/thumb/1/11/De_Belgische_vlag_met_een_beeltenis_van_Koning_Albert_en_de_tekst_Aan_het_geliefde_Belgi%C3%AB_Ze_is%2C_SFA002026637.jpg/640px-De_Belgische_vlag_met_een_beeltenis_van_Koning_Albert_en_de_tekst_Aan_het_geliefde_Belgi%C3%AB_Ze_is%2C_SFA002026637.jpg", "og:image:width": "640", "og:image:height": "416", "og:title": "File:De Belgische vlag met een beeltenis van Koning Albert en de tekst Aan het geliefde Belgi\u00eb Ze is, SFA002026637.jpg - Wikimedia Commons", "og:type": "website"}, "text": "\n\n\nDescriptionDe Belgische vlag met een beeltenis van Koning Albert en de tekst Aan het geliefde Belgi\u00eb Ze is, SFA002026637.jpg\n\nNederlands:  Omschrijving: De Belgische vlag met een beeltenis van Koning Albert en de tekst: Aan het geliefde Belgi\u00eb: Ze is nooit groot geweest, maar al is ze zo klein: ze zal nooit zo sterk zijn als wanneer ze de dood het hoofd biedt. (Emile Cammaerts). (Au cher pays de Belgique: Il n'a jamais \u00e9t\u00e9 si grand, que depuis qu'il est si petit. Il n'a jamais \u00e9t\u00e9 si fort que depuis qu'il brave la mort). Belgi\u00eb, datum Unknown. [1917-1920].\n\n\nDate\n\nbetween 1917 and 1920date QS:P,+1950-00-00T00:00:00Z/7,P1319,+1917-00-00T00:00:00Z/9,P1326,+1920-00-00T00:00:00Z/9\n\n\nSource\n\nhttps://beeldbank.spaarnestadphoto.com/search.pp?flush=1&multikeyword=SFA002026637&searchtype=0#ctr-thumbnails\n\n\nAuthor\n\nTekenaar Unknown\n\n\n"}, {"url": "https://commons.wikimedia.org/wiki/File:Gustave_Van_de_Woestijne_-_Portrait_d%27Albert_Ier,_roi_des_Belges_(1875-1934)_-_1914_-_dessin_au_crayon_-_Royal_Library_of_Belgium_-_F_12771_(M-EST).jpg", "metadata": {"og:image": "https://upload.wikimedia.org/wikipedia/commons/thumb/6/68/Gustave_Van_de_Woestijne_-_Portrait_d%27Albert_Ier%2C_roi_des_Belges_%281875-1934%29_-_1914_-_dessin_au_crayon_-_Royal_Library_of_Belgium_-_F_12771_%28M-EST%29.jpg/640px-Gustave_Van_de_Woestijne_-_Portrait_d%27Albert_Ier%2C_roi_des_Belges_%281875-1934%29_-_1914_-_dessin_au_crayon_-_Royal_Library_of_Belgium_-_F_12771_%28M-EST%29.jpg", "og:image:width": "640", "og:image:height": "871", "og:title": "File:Gustave Van de Woestijne - Portrait d'Albert Ier, roi des Belges (1875-1934) - 1914 - dessin au crayon - Royal Library of Belgium - F 12771 (M-EST).jpg - Wikimedia Commons", "og:type": "website"}, "text": "\n\n\n\nGustave Van de Woestijne: Fran\u00e7ais\u00a0:  Portrait d'Albert Ier, roi des Belges (1875-1934), en civil, en buste de 3/4 \u00e0 droite, nu-t\u00eate\n\u00a0\u00a0(  \u00a0)\n\n\nArtist\n\n\n\n\n\n\nGustave Van de Woestijne\n\u00a0(1881\u20131947)\u00a0\u00a0 \u00a0\n\n\n\n\n\nAlternative names\n\nGustave Van De Woestyne; Gustave van De Woestijne; Gustave van de Woestyne; Gustave van de Woestijne; Gustave Van de Woestyne; Gustave Joannes Philemon Alexander Van de Woestyne; Gustaaf Van de Woestijne\n\nDescription\nBelgian painter and visual artist\n\nDate of birth/death\n\n2 August 1881\u00a0\n21 April 1947\u00a0\n\nLocation of birth/death\n\nGhent\nUccle - Ukkel\n\nWork period\n1900\u00a0\u20131947\u00a0\n\nAuthority file\n\n: Q2519247\nVIAF:\u200929803590\nISNI:\u20090000000066614153\nULAN:\u2009500030799\nLCCN:\u2009n80013077\nOpen Library:\u2009OL1681642A\nWorldCat\n\n\n\nartist QS:P170,Q2519247\n\n\nTitle\n\n\nFran\u00e7ais\u00a0:  Portrait d'Albert Ier, roi des Belges (1875-1934), en civil, en buste de 3/4 \u00e0 droite, nu-t\u00eate\n\n\nDescription\n\n\nDessin au crayon\u00a0; 66 x 48,5 cm\n\n\nDate\n\n1914date QS:P571,+1914-00-00T00:00:00Z/9\n\n\nMedium\n\nPencil drawings (http://vocab.getty.edu/aat/300410334)\n\n\nDimensions\n\n66 x 48,5 cm\n\n\nCollection\n\n\n\n\nRoyal Library of Belgium\n\u00a0\u00a0\n\n\n\n\n\nNative name\nFrench:  Biblioth\u00e8que Royale\nDutch:  Koninklijke Bibliotheek\n\nLocation\nCity of Brussels\n\nCoordinates\n50\u00b0\u00a050\u2032\u00a039.98\u2033\u00a0N, 4\u00b0\u00a021\u2032\u00a023\u2033\u00a0E  \n\nEstablished\n1772 (opened to public)\n\nWebsite\nwww.kbr.be\n\nAuthority file\n\n: Q383931\nVIAF:\u2009312739455\nISNI:\u20090000000122861993\nULAN:\u2009500306127\nLCCN:\u2009n79053665\nNLA:\u200935722875\nWorldCat\n\n\n\ninstitution QS:P195,Q383931\n\n\nCurrent location\n\n\nNederlands:  Prenten\nFran\u00e7ais\u00a0:  Estampes\n\n\nAccession number\n\n\nWBS DES M\u00b0 - Woestyne (Gustave van de) - F 12771 [M-EST]\n\n\nSource/Photographer\n\n\n\n\nRoyal Library of Belgium\n\u00a0\u00a0\n\n\n\n\n\nNative name\nFrench:  Biblioth\u00e8que Royale\nDutch:  Koninklijke Bibliotheek\n\nLocation\nCity of Brussels\n\nCoordinates\n50\u00b0\u00a050\u2032\u00a039.98\u2033\u00a0N, 4\u00b0\u00a021\u2032\u00a023\u2033\u00a0E  \n\nEstablished\n1772 (opened to public)\n\nWebsite\nwww.kbr.be\n\nAuthority file\n\n: Q383931\nVIAF:\u2009312739455\nISNI:\u20090000000122861993\nULAN:\u2009500306127\nLCCN:\u2009n79053665\nNLA:\u200935722875\nWorldCat\n\n\n\ninstitution QS:P195,Q383931\n\n\n"}, {"url": "https://commons.wikimedia.org/wiki/File:Hermalle-sous-Argenteau_monument.jpg", "metadata": {"og:image": "https://upload.wikimedia.org/wikipedia/commons/thumb/4/4b/Hermalle-sous-Argenteau_monument.jpg/640px-Hermalle-sous-Argenteau_monument.jpg", "og:image:width": "640", "og:image:height": "853", "og:title": "File:Hermalle-sous-Argenteau monument.jpg - Wikimedia Commons", "og:type": "website"}, "text": "\n\n\nDescriptionHermalle-sous-Argenteau monument.jpg\n\nNederlands:  Monument voor koning der Belgen Albert I (1875-1934) in Hermalle-sous-Argenteau.\n\n\nDate\n\n27 August 2018, 19:00:52\n\n\nSource\n\nOwn work\n\n\nAuthor\n\nHoebele\n\n\n"}, {"url": "https://commons.wikimedia.org/wiki/File:ID2043-0007-0-Brussel,_Zavelkerk-PM_50929.jpg", "metadata": {"og:image": "https://upload.wikimedia.org/wikipedia/commons/thumb/6/61/ID2043-0007-0-Brussel%2C_Zavelkerk-PM_50929.jpg/640px-ID2043-0007-0-Brussel%2C_Zavelkerk-PM_50929.jpg", "og:image:width": "640", "og:image:height": "544", "og:title": "File:ID2043-0007-0-Brussel, Zavelkerk-PM 50929.jpg - Wikimedia Commons", "og:type": "website"}, "text": "\n\n\nDescriptionID2043-0007-0-Brussel, Zavelkerk-PM 50929.jpg\n\n\n\n\n\n\nThis is a photo of a monument in Brussels, number: 2043-0007/0\n English:  Belgium. Brussels Hoofdstedelijk Gewest, R\u00e9gion de Bruxelles-Capitale. Brussel/Bruxelles. Onze-Lieve-Vrouw-ter-Zavelkerk / \u00e9glise Notre-Dame du Sablon. Church. Interior. Stained glass window. 20th century. Belgian King Albert and queen Elisabeth.Nederlands:  Het tweede glasraam in de dwarsbeuk is ter ere van koning Albert I en de leden van de Belgische aristocratie die gevochten hebben in 1914-1918. Het centrale deel stelt koning Albert I en koningin Elisabeth voor, geknield biddend bij O.L.Vrouw, vergezeld van hun patroonheiligen Albertus de Grote van Keulen en Elisabeth van Hongarije, met achter hen de ru\u00efnes van Nieuwpoort en Ieper, trieste herinnering aan de beproevingen van de eerste wereldoorlog. Daarrond de wapenschilden van de aristocratische families. Het glasraam dateert van 1920 en is van de hand van Gustave Ladon, glazenier uit Gent. Bron\u00a0: 14-18 , beelden vertellen \u2013 Brussel, Stedenbouw en Erfgoed\n\n\nDate\n\n29 June 2010\n\n\nSource\n\nOwn work\n\n\nAuthor\n\nPMRMaeyaert\n\n\n"}, {"url": "https://commons.wikimedia.org/wiki/File:Koning_Soldaat.,_item_53.jpg", "metadata": {"og:image": "https://upload.wikimedia.org/wikipedia/commons/thumb/7/7b/Koning_Soldaat.%2C_item_53.jpg/640px-Koning_Soldaat.%2C_item_53.jpg", "og:image:width": "640", "og:image:height": "350", "og:title": "File:Koning Soldaat., item 53.jpg - Wikimedia Commons", "og:type": "website"}, "text": "\n\n\n\nKoning Soldaat., item 53\n\n\n\nTitle\n\n\nKoning Soldaat., item 53\n\n\nDescription\n\n\nNederlands:  Op een rommelmarkt werd een foto van koning Albert I gekocht. De verkoper wist niet dat dit een beeltenis van Koning Albert I was. Er wordt veel belang gehecht aan deze foto omdat vermoed wordt dat dit een originele foto is, die mogelijk in Engeland werd opgenomen.\nHet originele aspect wordt ondersteund door de handtekening van de fotograaf op de passe partout (Engelsman Richard N. Spraight, gefotografeerd in Engeland).\nDe grootvader (langs vaderskant) van de ge\u00efnterviewde is Jozef Petr\u00e9. Jozef is na de val van Antwerpen naar Engeland gevlucht in 1914 samen met zijn vrouw en hun eerste zoon Emile Petr\u00e9 die toen 3 jaar oud was. Zij hebben in Engeland gewerkt in de oorlogsindustrie. Zij woonden daar met andere Belgen in kampen. Albert Petr\u00e9 (vader van Armand Petr\u00e9) werd in Engeland geboren in 1915 in Baildon (N-Engeland) als tweede zoon in het gezin.\nDe familie is teruggekeerd naar Belgi\u00eb tijdens het begin van de jaren twintig. Zij zijn op de Elsdonck te Wilrijk gaan wonen. \nEen insigne van het wijkcomit\u00e9 van Elsdonck is bij de meegebrachte items terug te vinden.\nNaast het verhaal van grootvader brengt Armand Petr\u00e9 een groot rood fotoboek mee uit 1933-1934.\nSoldaten konden het Gulden boek der Vuurkaart aanschaffen tegen 285 frank.\nGrootvader Paulus langs moederskant is oorloginvalide met een houten been. Nochtans komt hij niet voor in dit boek, alhoewel hij minstens 9 maanden aan het front heeft gestreden. \n\nHet Gulden boek der Vuurkaart draagt op de eerste pagina een foto en de naam van Francois Meulemans. Interessant is dat samen met dit Gulden Boek ook andere oorlogsdocumenten van deze persoon mee verzameld zijn nl. Carte de P\u00e9cule op naam van Francois Meulemans, Livret de Mobilisation van Francois Meulemans, Carnet de notes de sous-officier Meulemans (Francois, Louis, Charles)engag\u00e9 en 1915.\n\n\nCredit line\n\nArmand Petr\u00e9\n\n\n\n\n\nDate\n\n2014\n\n\nSource\n\nhttp://www.europeana1914-1918.eu/en/contributions/13743\n\n\nAuthor\n\nEuropeana staff photographer\n\n\nPermission(Reusing this file)\n\n\n\n\n\nThis file was donated by Europeana. It is part of the user generated content in the Europeana 1914-1918 collection. In accordance with the Europeana 1914-1918 terms of use, the owner of the object has also released any rights that they may retain under the CC BY-SA 3.0 license, this file is displayed as such on the Europeana portal.\n\nDeutsch\u00a0| English\u00a0| suomi\u00a0| fran\u00e7ais\u00a0| \u043c\u0430\u043a\u0435\u0434\u043e\u043d\u0441\u043a\u0438\u00a0| norsk bokm\u00e5l\u00a0| norsk\u00a0| sloven\u0161\u010dina\u00a0| svenska\u00a0| +/\u2212\n\n\n\n\nPhotograph\n\n This file is licensed under the Creative Commons Attribution-Share Alike 3.0 Unported license.Attribution: Europeana 1914-1918 project\nYou are free:\nto share \u2013 to copy, distribute and transmit the work\nto remix \u2013 to adapt the work\nUnder the following conditions:\nattribution \u2013 You must give appropriate credit, provide a link to the license, and indicate if changes were made. You may do so in any reasonable manner, but not in any way that suggests the licensor endorses you or your use.\nshare alike \u2013 If you remix, transform, or build upon the material, you must distribute your contributions under the same or compatible license as the original.https://creativecommons.org/licenses/by-sa/3.0CC BY-SA 3.0 Creative Commons Attribution-Share Alike 3.0 truetruePhysical object\n\n\nPublic domainPublic domainfalsefalse\n\n\n\n\n\nEuropeana has uploaded this file to Wikimedia Commons itself. Europeana or the partner institution has made a determination that copyright in the original document has expired for one of the following reasons:\nIt is a work published by a European government over 70 years ago (one of Category:PD-EUGov license tags)\nIt is a work made by a known author who died over 70 years ago (Template:PD-old-70)\nIt is an anonymous work that was published over 70 years ago (Template:Anonymous-EU)\n\nPlease add the more specific copyright tags to this image if its status can be determined. See Commons:Licensing for more information\n\n\n\n\nThis file has been identified as being free of known restrictions under copyright law, including all related and neighboring rights.\nhttps://creativecommons.org/publicdomain/mark/1.0/PDMCreative Commons Public Domain Mark 1.0falsefalse\n\n\n\n"}, {"url": "https://commons.wikimedia.org/wiki/File:Meise_Kouterbaan_zonder_nummer_Oorlogsmonument_-_204295_-_onroerenderfgoed.jpg", "metadata": {"og:image": "https://upload.wikimedia.org/wikipedia/commons/d/d4/Meise_Kouterbaan_zonder_nummer_Oorlogsmonument_-_204295_-_onroerenderfgoed.jpg", "og:image:width": "640", "og:image:height": "480", "og:title": "File:Meise Kouterbaan zonder nummer Oorlogsmonument - 204295 - onroerenderfgoed.jpg - Wikimedia Commons", "og:type": "website"}, "text": "\n\n\nDescriptionMeise Kouterbaan zonder nummer Oorlogsmonument - 204295 - onroerenderfgoed.jpg\n\nNederlands:  Meise Kouterbaan zonder nummer Oorlogsmonument\n\n\n\nThis is a photo of onroerend erfgoed number 216457\n\nAddressInfoFieldKouterbaan MeiseBelgium\n\n\nDate\n\n14 May 2014, 09:40\n\n\nSource\n\nhttps://id.erfgoed.net/afbeeldingen/204295\n\n\nAuthor\n\nVerwinnen, Katrien\n\n\n"}, {"url": "https://commons.wikimedia.org/wiki/File:Monument_Albert_Ier_Menton.JPG", "metadata": {"og:image": "https://upload.wikimedia.org/wikipedia/commons/thumb/b/b3/Monument_Albert_Ier_Menton.JPG/640px-Monument_Albert_Ier_Menton.JPG", "og:image:width": "640", "og:image:height": "480", "og:title": "File:Monument Albert Ier Menton.JPG - Wikimedia Commons", "og:type": "website"}, "text": "\n\n\nDescriptionMonument Albert Ier Menton.JPG\n\nFran\u00e7ais\u00a0:  monument menton\n\n\nDate\n\n20 May 2014, 14:04:26\n\n\nSource\n\nOwn work\n\n\nAuthor\n\nAbxbay\n\n\n"}, {"url": "https://commons.wikimedia.org/wiki/File:Mr._Punch%27s_history_of_the_Great_War_p35.png", "metadata": {"og:image": "https://upload.wikimedia.org/wikipedia/commons/thumb/8/83/Mr._Punch%27s_history_of_the_Great_War_p35.png/640px-Mr._Punch%27s_history_of_the_Great_War_p35.png", "og:image:width": "640", "og:image:height": "852", "og:title": "File:Mr. Punch's history of the Great War p35.png - Wikimedia Commons", "og:type": "website"}, "text": "\n\n\nDescriptionMr. Punch's history of the Great War p35.png\n\nEnglish:  Mr. Punch's history of the Great War p35\n\n\nDate\n\n2 January 1919\n\n\nSource\n\nhttps://archive.org/details/mrpunchshistoryo05grav/page/n9\n\n\nAuthor\n\n\n\n\n\nJohn Bernard Partridge\n\u00a0(1861\u20131945)\u00a0\u00a0\u00a0 \u00a0\n\n\n\n\n\nAlternative names\n\nBernard Partridge\n\nDescription\nBritish illustrator, stage actor, painter, drawer and poster artist\n\nDate of birth/death\n\n11 October 1861\u00a0\n9 August 1945\u00a0\n\nLocation of birth/death\n\nLondon\nLondon\n\nWork location\n\nLondon; Netherlands (1898); Volendam (1898)\u00a0\n\nAuthority file\n\n: Q6221672\nVIAF:\u200945832617\nISNI:\u20090000000083790909\nULAN:\u2009500019341\nLCCN:\u2009n87901723\nOxford Dict.:\u200935402\nWorldCat\n\n\n\ncreator QS:P170,Q6221672\n\n\n"}, {"url": "https://commons.wikimedia.org/wiki/File:M%C3%A9morial_du_Rond-Point_du_Souverain_03.jpg", "metadata": {"og:image": "https://upload.wikimedia.org/wikipedia/commons/thumb/9/9a/M%C3%A9morial_du_Rond-Point_du_Souverain_03.jpg/640px-M%C3%A9morial_du_Rond-Point_du_Souverain_03.jpg", "og:image:width": "640", "og:image:height": "428", "og:title": "File:M\u00e9morial du Rond-Point du Souverain 03.jpg - Wikimedia Commons", "og:type": "website"}, "text": "\n\n\nDescriptionM\u00e9morial du Rond-Point du Souverain 03.jpg\n\nFran\u00e7ais\u00a0:  M\u00e9morial du Rond-Point du Souverain, \u00e0 Auderghem, comm\u00e9morant les victimes des deux guerres mondiales. M\u00e9daille de Gustave Fischweiler repr\u00e9sentant les rois Albert Ier et L\u00e9opold III\nNederlands:  Memoriaal van de Vorstrondpunt, in Oudergem, voor de slachtoffers van de wereld oorlogen. Medaal van Gustave Fischweiler met koningen Albert I en Leopold III\n\n\nDate\n\n7 July 2017, 18:09:05\n\n\nSource\n\nOwn work\n\n\nAuthor\n\nGuy Delsaut\n\n\n"}, {"url": "https://commons.wikimedia.org/wiki/File:King_Albert_as_Colonel_of_the_Regiment_of_Grenadiers,_1897_(NYPL_b14896507-89970).tiff", "metadata": {"og:image": "https://upload.wikimedia.org/wikipedia/commons/thumb/5/53/King_Albert_as_Colonel_of_the_Regiment_of_Grenadiers%2C_1897_%28NYPL_b14896507-89970%29.tiff/lossy-page1-640px-King_Albert_as_Colonel_of_the_Regiment_of_Grenadiers%2C_1897_%28NYPL_b14896507-89970%29.tiff.jpg", "og:image:width": "640", "og:image:height": "887", "og:title": "File:King Albert as Colonel of the Regiment of Grenadiers, 1897 (NYPL b14896507-89970).tiff - Wikimedia Commons", "og:type": "website"}, "text": "\n\n\nDescriptionKing Albert as Colonel of the Regiment of Grenadiers, 1897 (NYPL b14896507-89970).tiff\n\nEnglish:  * Ownership\u00a0: Draper Fund\n2 pieces stitch?\n\nTitleInfoFieldKing Albert as Colonel of the Regiment of Grenadiers, 1897\n\nSource\n\nhttps://digitalcollections.nypl.org/items/510d47d9-9637-a3d9-e040-e00a18064a99\n\n\nAuthor\n\nScan by NYPL\n\n\nPermission(Reusing this file)\n\n\n\n\n\n\u00a0This image is available from the New York Public Library's Digital Library under the digital ID 48594460-c532-012f-59f0-58d385a7bc34: digitalgallery.nypl.org \u2192 digitalcollections.nypl.org\nThis tag does not indicate the copyright status of the attached work. A normal copyright tag is still required. See Commons:Licensing.\n\n\nEnglish\u00a0\u2219 \u0443\u043a\u0440\u0430\u0457\u043d\u0441\u044c\u043a\u0430\u00a0\u2219 T\u00fcrk\u00e7e\u00a0\u2219 \u043c\u0430\u043a\u0435\u0434\u043e\u043d\u0441\u043a\u0438\u00a0\u2219 \u0440\u0443\u0441\u0441\u043a\u0438\u0439\u00a0\u2219 \u4e2d\u6587\u00a0\u2219 \u0627\u0644\u0639\u0631\u0628\u064a\u0629\u00a0\u2219 Nederlands\u00a0\u2219 hrvatski\u00a0\u2219 fran\u00e7ais\u00a0\u2219 italiano\u00a0\u2219 \u09ac\u09be\u0982\u09b2\u09be\u00a0\u2219 \u0431\u0435\u043b\u0430\u0440\u0443\u0441\u043a\u0430\u044f (\u0442\u0430\u0440\u0430\u0448\u043a\u0435\u0432\u0456\u0446\u0430)\u00a0\u2219 +/\u2212\n\n\n\nUUIDInfoField48594460-c532-012f-59f0-58d385a7bc34\n\nMODSInfoFieldhttp://api.repo.nypl.org/api/v1/items/mods/510d47d9-9637-a3d9-e040-e00a18064a99\n\nOrigin placeInfoFieldAmsterdam\n\nImage IDInfoField89970\n\nCollectionInfoFieldThe Vinkhuijzen collection of military uniforms\n\nCollection UUIDInfoField510d47d9-9637-a3d9-e040-e00a18064a99\n\nNYPL catalog IDInfoFieldb14896507\n\n\n"}, {"url": "https://commons.wikimedia.org/wiki/File:Plaque_albert_Ier_Menton.JPG", "metadata": {"og:image": "https://upload.wikimedia.org/wikipedia/commons/thumb/0/05/Plaque_albert_Ier_Menton.JPG/640px-Plaque_albert_Ier_Menton.JPG", "og:image:width": "640", "og:image:height": "853", "og:title": "File:Plaque albert Ier Menton.JPG - Wikimedia Commons", "og:type": "website"}, "text": "\n\n\nDescriptionPlaque albert Ier Menton.JPG\n\nFran\u00e7ais\u00a0:  monument menton\u00a0; Albert Ier Roi des Belges\n\n\nDate\n\n20 May 2014, 14:04:01\n\n\nSource\n\nOwn work\n\n\nAuthor\n\nAbxbay\n\n\n"}, {"url": "https://commons.wikimedia.org/wiki/File:Poster_Honneur_-_Patrie_-_Libert%C3%A9_(1914-1918).JPG", "metadata": {"og:image": "https://upload.wikimedia.org/wikipedia/commons/thumb/c/c0/Poster_Honneur_-_Patrie_-_Libert%C3%A9_%281914-1918%29.JPG/640px-Poster_Honneur_-_Patrie_-_Libert%C3%A9_%281914-1918%29.JPG", "og:image:width": "640", "og:image:height": "790", "og:title": "File:Poster Honneur - Patrie - Libert\u00e9 (1914-1918).JPG - Wikimedia Commons", "og:type": "website"}, "text": "\n\n\nDescriptionPoster Honneur - Patrie - Libert\u00e9 (1914-1918).JPG\n\nEnglish:  Honneur - Patrie - Libert\u00e9 1914-1918); poster of World War I in Belgium; private collection\n\n\nDate\n\n6 March 2011, 15:54:47\n\n\nSource\n\nSelf-photographed\n\n\nAuthor\n\nJoJan\n\n\n"}, {"url": "https://commons.wikimedia.org/wiki/File:Prince_Albert_%26_Leopold_II_caserne_ste_Elisabeth_1892.jpg", "metadata": {"og:image": "https://upload.wikimedia.org/wikipedia/commons/thumb/5/5c/Prince_Albert_%26_Leopold_II_caserne_ste_Elisabeth_1892.jpg/640px-Prince_Albert_%26_Leopold_II_caserne_ste_Elisabeth_1892.jpg", "og:image:width": "640", "og:image:height": "413", "og:title": "File:Prince Albert & Leopold II caserne ste Elisabeth 1892.jpg - Wikimedia Commons", "og:type": "website"}, "text": "\n\n\nDescriptionPrince Albert & Leopold II caserne ste Elisabeth 1892.jpg\n\nFran\u00e7ais\u00a0:  Carte postale imprim\u00e9e par Marco Marcovicci (1873-1939) - Collection KBR Bruxelles, CAP-1914-1918 - S.IV 8642\n\n\nDate\n\n1892\n\n\nSource\n\nhttps://uurl.kbr.be/1036838\n\n\nAuthor\n\nMarco Marcovicci (1873-1939)\n\n\n"}, {"url": "https://commons.wikimedia.org/wiki/File:Roi_Albert_en_Colonel_du_r%C3%A9giment_des_Grenadiers,_1897.jpg", "metadata": {"og:image": "https://upload.wikimedia.org/wikipedia/commons/f/f7/Roi_Albert_en_Colonel_du_r%C3%A9giment_des_Grenadiers%2C_1897.jpg", "og:image:width": "640", "og:image:height": "969", "og:title": "File:Roi Albert en Colonel du r\u00e9giment des Grenadiers, 1897.jpg - Wikimedia Commons", "og:type": "website"}, "text": "\n\n\nDescriptionRoi Albert en Colonel du r\u00e9giment des Grenadiers, 1897.jpg\n\nEnglish:  King Albert as Colonel of the Regiment of Grenadiers, 1897\n\n\nDate\n\n24 September 2019, 12:05:26\n\n\nSource\n\nhttps://digitalcollections.nypl.org/items/510d47d9-9637-a3d9-e040-e00a18064a99\n\n\nAuthor\n\nScan by NYPL, General Research Division, The New York Public Library, Astor, Lenox and Tilden Foundation\n\n\nOther versions\n\n\n\n\nThis file has been extracted from another file: King Albert as Colonel of the Regiment of Grenadiers, 1897 (NYPL b14896507-89970).tiff\n\n\n\n\n\n\n"}, {"url": "https://commons.wikimedia.org/wiki/File:Yser_1914_-_Le_Roi_Albert_aux_avants-postes_IJzer_1914_-_Albert_II,_Koning_der,_Bestanddeelnr_158-1746.jpg", "metadata": {"og:image": "https://upload.wikimedia.org/wikipedia/commons/thumb/b/bd/Yser_1914_-_Le_Roi_Albert_aux_avants-postes_IJzer_1914_-_Albert_II%2C_Koning_der%2C_Bestanddeelnr_158-1746.jpg/640px-Yser_1914_-_Le_Roi_Albert_aux_avants-postes_IJzer_1914_-_Albert_II%2C_Koning_der%2C_Bestanddeelnr_158-1746.jpg", "og:image:width": "640", "og:image:height": "415", "og:title": "File:Yser 1914 - Le Roi Albert aux avants-postes IJzer 1914 - Albert II, Koning der, Bestanddeelnr 158-1746.jpg - Wikimedia Commons", "og:type": "website"}, "text": "\n\n\nDescriptionYser 1914 - Le Roi Albert aux avants-postes IJzer 1914 - Albert II, Koning der, Bestanddeelnr 158-1746.jpg\n\nNederlands:  Collectie / Archief\u00a0: Fotocollectie Eerste Wereldoorlog\nReportage / Serie\u00a0: [ onbekend ]\nBeschrijving\u00a0: Yser 1914 - Le Roi Albert aux avants-postes / IJzer 1914 - Albert II, Koning der Belgen, bij de voorposten aan de IJzer\nAnnotatie\u00a0: Ansichtkaart. Tekening .\nDatum\u00a0: 1914\nLocatie\u00a0: Belgi\u00eb, IJzer\nTrefwoorden\u00a0: eerste wereldoorlog, fronten, militairen, vorstenhuizen\nPersoonsnaam\u00a0: Albert I (koning Belgi\u00eb)\nFotograaf\u00a0: PhoB\nAuteursrechthebbende\u00a0: Public Domain logo\nMateriaalsoort\u00a0: Foto (zwart/wit)\nNummer archiefinventaris\u00a0: bekijk toegang 2.24.09\n\nBestanddeelnummer\u00a0: 158-1746\n\n\nDate\n\n1914\n\n\nSource\n\nhttp://proxy.handle.net/10648/af9bc870-d0b4-102d-bcf8-003048976d84\n\n\nAuthor\n\nNationaal Archief\n\n\n"}, {"url": "https://commons.wikimedia.org/wiki/File:%C3%89glise_Notre-Dame_de_Laeken_-_Brussels_-_Stained_glass_(01).JPG", "metadata": {"og:image": "https://upload.wikimedia.org/wikipedia/commons/thumb/b/b4/%C3%89glise_Notre-Dame_de_Laeken_-_Brussels_-_Stained_glass_%2801%29.JPG/640px-%C3%89glise_Notre-Dame_de_Laeken_-_Brussels_-_Stained_glass_%2801%29.JPG", "og:image:width": "640", "og:image:height": "1357", "og:title": "File:\u00c9glise Notre-Dame de Laeken - Brussels - Stained glass (01).JPG - Wikimedia Commons", "og:type": "website"}, "text": "\n\n\nDescription\u00c9glise Notre-Dame de Laeken - Brussels - Stained glass (01).JPG\n\nFran\u00e7ais\u00a0:  Vitrail de l'\u00e9glise Notre-Dame de Laeken, Bruxelles (Belgique).Nederlands:  Gebrandschilderd glas van Onze-Lieve-Vrouwkerk te Laken, Brussel (Belgi\u00eb).\n\n\nDate\n\n13 February 2013, 17:26:57\n\n\nSource\n\nOwn work\n\n\nAuthor\n\nM0tty\n\n\nPermission(Reusing this file)\n\n\n\n\n\nThis illustration was made by M0tty.\nPlease credit this with\u00a0: Picture by M0tty and mention the license in the vicinity of the image a hyperlink or URL to this page is also a valid attribution. \nA e-mail to  M0tty is much appreciated but not mandatory.\nDo not copy this image illegally by ignoring the terms of the license below, as it is not in the public domain.\nIf you would like special permission to use, license, or purchase the image please contact me M0tty to negotiate terms.\n\n\nThis file is copyrighted and has been released under a license which is incompatible with Facebook's licensing terms. It is not permitted to upload this file at Facebook.\n\nEnglish\u00a0|\nfran\u00e7ais\u00a0| \n+/\u2212\n\n\n\n\n\n"}]