[{"url": "https://commons.wikimedia.org/wiki/File:%27Dream_of_a_Sunday_Afternoon_in_the_Alameda%27_pt._2_-_Museo_Mural_Diego_Rivera_-_Mexico_2024.jpg", "metadata": {"og:image": "https://upload.wikimedia.org/wikipedia/commons/thumb/2/21/%27Dream_of_a_Sunday_Afternoon_in_the_Alameda%27_pt._2_-_Museo_Mural_Diego_Rivera_-_Mexico_2024.jpg/640px-%27Dream_of_a_Sunday_Afternoon_in_the_Alameda%27_pt._2_-_Museo_Mural_Diego_Rivera_-_Mexico_2024.jpg", "og:image:width": "640", "og:image:height": "1352", "og:title": "File:'Dream of a Sunday Afternoon in the Alameda' pt. 2 - Museo Mural Diego Rivera - Mexico 2024.jpg - Wikimedia Commons", "og:type": "website"}, "text": "\n\n\nDescription'Dream of a Sunday Afternoon in the Alameda' pt. 2 - Museo Mural Diego Rivera - Mexico 2024.jpg\n\nPortugu\u00eas:  Dream of a Sunday Afternoon in the Alameda - Museo Mural Diego Rivera - Mexico\n\n\nDate\n\n21 April 2024, 11:17:16\n\n\nSource\n\nOwn work\n\n\nAuthor\n\n\n\n\n\nJos\u00e9 Luiz\n\u00a0 \u00a0\n\n\n\n\n\nAlternative names\n\nJbribeiro1\n\nDescription\n Amateur photographer\nYou are free to use this image but please cite me as author. And, if you would be so kind as to email me when you do it, please use  this email.\n\nDate of birth/death\n\nMid 70's\nMid 70's?\n\nLocation of birth/death\n\nS\u00e3o Paulo\nWho knows?\n\nWork location\n\n Brazil: S\u00e3o Paulo\n\n\n\nAttribution(required by the license)InfoField\u00a9 Jos\u00e9 Luiz Bernardes Ribeiro\u00a0/\u00a0CC BY-SA 4.0\nInfoField\u00a9 Jos\u00e9 Luiz Bernardes Ribeiro\n\n\n"}, {"url": "https://commons.wikimedia.org/wiki/File:TAYLOR(1894)_Carlotta.jpg", "metadata": {"og:image": "https://upload.wikimedia.org/wikipedia/commons/thumb/5/52/TAYLOR%281894%29_Carlotta.jpg/640px-TAYLOR%281894%29_Carlotta.jpg", "og:image:width": "640", "og:image:height": "952", "og:title": "File:TAYLOR(1894) Carlotta.jpg - Wikimedia Commons", "og:type": "website"}, "text": "\n\n\n\nDate\n\n1894date QS:P571,+1894-00-00T00:00:00Z/9\n\n\nAccession number\n\n\nBritish Library HMNTS 9771.cc.11.\n\n\nSource/Photographer\n\nImage extracted from page 24 of  Maximilian and Carlotte. A story of imperialism \u2026, by TAYLOR, John M.. Original held and digitised by the British Library. Copied from Flickr.\nNote: The colours, contrast and appearance of these illustrations are unlikely to be true to life. They are derived from scanned images that have been enhanced for machine interpretation and have been altered from their originals.\n\n\n\n\n\n\u00a0This file is from the Mechanical Curator collection, a set of over 1 million images scanned from out-of-copyright books and released to Flickr Commons by the British Library. \n\u00a0View image on Flickr\u00a0 \n\u00a0View all images from book\u00a0\n\n\u00a0View catalogue entry for book.\u00a0\n\n\u0627\u0644\u0639\u0631\u0628\u064a\u0629\u200e\u00a0| \u0431\u0435\u043b\u0430\u0440\u0443\u0441\u043a\u0430\u044f (\u0442\u0430\u0440\u0430\u0448\u043a\u0435\u0432\u0456\u0446\u0430)\u200e\u00a0| English\u00a0| fran\u00e7ais\u00a0| galego\u00a0| \u043c\u0430\u043a\u0435\u0434\u043e\u043d\u0441\u043a\u0438\u00a0| suomi\u00a0| +/\u2212\n\n\n\n\nPermission(Reusing this file)\n\n\n\nPublic domainPublic domainfalsefalse\n\n\n\n\n\n\nThis work is in the public domain in its country of origin and other countries and areas where the copyright term is the author's life plus 70 years or fewer.\n\n\nThis work is in the public domain in the United States because it was published (or registered with the U.S. Copyright Office) before January 1, 1929.\n\n\n\nThis file has been identified as being free of known restrictions under copyright law, including all related and neighboring rights.\nhttps://creativecommons.org/publicdomain/mark/1.0/PDMCreative Commons Public Domain Mark 1.0falsefalse\n\n\n"}, {"url": "https://commons.wikimedia.org/wiki/File:Busto_en_yeso_de_Maximiliano_y_Carlota_de_Habsburgo.JPG", "metadata": {"og:image": "https://upload.wikimedia.org/wikipedia/commons/thumb/e/e2/Busto_en_yeso_de_Maximiliano_y_Carlota_de_Habsburgo.JPG/640px-Busto_en_yeso_de_Maximiliano_y_Carlota_de_Habsburgo.JPG", "og:image:width": "640", "og:image:height": "480", "og:title": "File:Busto en yeso de Maximiliano y Carlota de Habsburgo.JPG - Wikimedia Commons", "og:type": "website"}, "text": "\n\n\nDescriptionBusto en yeso de Maximiliano y Carlota de Habsburgo.JPG\n\nEnglish:  Plaster bust of Maximilian and Charlotte of Habsburg.\nAt the Soumaya Plaza Carso Museum, Mexico City.Espa\u00f1ol:  Busto en yeso de Maximiliano y Carlota de Habsburgo.\nEn Museo Soumaya Plaza Carso, Ciudad de M\u00e9xico.\n\n\nDate\n\n26 September 2014, 18:01:10\n\n\nSource\n\nOwn work\n\n\nAuthor\n\nLuisalvaz\n\n\n"}, {"url": "https://commons.wikimedia.org/wiki/File:A040309156_0264.jpg", "metadata": {"og:image": "https://upload.wikimedia.org/wikipedia/commons/thumb/c/c7/A040309156_0264.jpg/640px-A040309156_0264.jpg", "og:image:width": "640", "og:image:height": "811", "og:title": "File:A040309156 0264.jpg - Wikimedia Commons", "og:type": "website"}, "text": "\n\n\nDescriptionA040309156 0264.jpg\n\nEnglish:  Vea la imagen en su contexto\nDatos bibliogr\u00e1ficos: \nT\u00edtulo / Autor: \nHistoria de la guerra de M\u00e9jico, desde 1861 \u00e1 1867\u00a0: con todos los documentos diplom\u00e1ticos justificativos\u00a0: precedida de una introducci\u00f3n que la comprende la descripci\u00f3n topogr\u00e1fica del territorio... y acompa\u00f1ada de 25 \u00e1 30 l\u00e1minas litografiadas, representando retratos de los principales personajes y vistas de las ciudades mas populosas\nAutor\nPruneda, Pedro \nM\u00e1s detalles: \nMateria\nM\u00e9xico -- Historia -- 1861-1867 (Intervenci\u00f3n europea)\nEditor\nMadrid\u00a0: Elizalde y Compa\u00f1\u00eda\nFecha de creaci\u00f3n\n1867\nFormato\nXI, 462 p., [32] h. de l\u00e1m.\u00a0; 32 cm\nFuente\nCat\u00e1logo de la biblioteca\nIdentificador\nOCLC\u00a0: (OCoLC)928739022\nIlustraciones\nLas h. de grab lit.: \"Garc\u00eda dibuj\u00f3\", \"Lit. de N. Gonz\nNota desc. f\u00edsica\nPort con grab. xil\nTexto a dos columnas\nSignatura: \nA 040(309)/156\n\nLocalizaci\u00f3n: Cat\u00e1logo Fama\n\n\nDate\n\n28 October 2020, 15:47:52\n\n\nSource\n\nhttps://www.flickr.com/photos/37667416@N04/51537721392/\n\n\nAuthor\n\nBiblioteca Rector Machado y Nu\u00f1ez\n\n\n"}, {"url": "https://commons.wikimedia.org/wiki/File:Arriv%C3%A9e_de_Maximilien_et_Charlotte_au_Vatican_le_19_avril_1864.jpg", "metadata": {"og:image": "https://upload.wikimedia.org/wikipedia/commons/thumb/b/bc/Arriv%C3%A9e_de_Maximilien_et_Charlotte_au_Vatican_le_19_avril_1864.jpg/640px-Arriv%C3%A9e_de_Maximilien_et_Charlotte_au_Vatican_le_19_avril_1864.jpg", "og:image:width": "640", "og:image:height": "892", "og:title": "File:Arriv\u00e9e de Maximilien et Charlotte au Vatican le 19 avril 1864.jpg - Wikimedia Commons", "og:type": "website"}, "text": "\n\n\nDescriptionArriv\u00e9e de Maximilien et Charlotte au Vatican le 19 avril 1864.jpg\n\nFran\u00e7ais\u00a0:  Arriv\u00e9e de l\u2019empereur Maximilien et de l\u2019imp\u00e9ratrice Charlotte au Vatican, le 19 avril 1864.\n\n\nDate\n\n1864\n\n\nSource\n\nL\u2019Illustration (France), 7 May 1864, p.293\n\n\nAuthor\n\ndrawer: \n\n\n\nAnge Louis Janet\n\u00a0(1815\u20131872)\u00a0\u00a0 \u00a0\n\n\n\n\n\nAlternative names\n\nAnge-Louis Janet\n\nDescription\nFrench lithographer and painter\n\nDate of birth/death\n\n1815\n22 November 1872\u00a0\n\nLocation of birth/death\n\nParis\nParis\n\nAuthority file\n\n: Q15969955\nVIAF:\u200946762742\nISNI:\u20090000000121309291\nULAN:\u2009500005093\nLCCN:\u2009n83183646\nGND:\u20091052891381\nWorldCat\n\n\n\ncreator QS:P170,Q15969955\nAfter (sketch): Zwahlen.\n\nTechniqueInfoFieldwood engraving print\n\nSizeInfoFieldheight: 23 cm (9 in); width: 17 cm (6.6 in)dimensions QS:P2048,23U174728dimensions QS:P2049,17U174728\n\nInscriptionsInfoFieldSignature bottom left:  \nJanet Lange\n\nSignature bottom right:  \n\nL. Dumont\n\n\nOriginal captionInfoFieldVisite de LL.\u00a0MM. l\u2019empereur et l\u2019imp\u00e9ratrice du Mexique \u00e0 S.S. le pape. Arriv\u00e9e dans la cour du Vatican. D\u2019apr\u00e8s un croquis de M. Zwahlen.\n\nScanned byInfoField\u00c9ric Dod\u00e9mont (Dodeeric)\n\n\n"}, {"url": "https://commons.wikimedia.org/wiki/File:Arriv%C3%A9e_de_Maximilien_et_Charlotte_%C3%A0_Rome_le_18_avril_1864.jpg", "metadata": {"og:image": "https://upload.wikimedia.org/wikipedia/commons/thumb/e/e7/Arriv%C3%A9e_de_Maximilien_et_Charlotte_%C3%A0_Rome_le_18_avril_1864.jpg/640px-Arriv%C3%A9e_de_Maximilien_et_Charlotte_%C3%A0_Rome_le_18_avril_1864.jpg", "og:image:width": "640", "og:image:height": "456", "og:title": "File:Arriv\u00e9e de Maximilien et Charlotte \u00e0 Rome le 18 avril 1864.jpg - Wikimedia Commons", "og:type": "website"}, "text": "\n\n\nDescriptionArriv\u00e9e de Maximilien et Charlotte \u00e0 Rome le 18 avril 1864.jpg\n\nFran\u00e7ais\u00a0:  Arriv\u00e9e de l\u2019empereur Maximilien du Mexique et de l\u2019imp\u00e9ratrice Charlotte \u00e0 Rome, le 18 avril 1864. \u2014 Deux ministres du Vatican, Mgr de M\u00e9rode et le cardinal Antonielli, accueillent Charlotte et Maximilien \u00e0 la gare de Rome, puis les conduisent au palais Marescotti o\u00f9 ils s\u00e9journeront pendant deux jours.\n\n\nDate\n\n1864\n\n\nSource\n\nL\u2019Illustration (France), 7 May 1864, p.\u00a0292/4.\n\n\nAuthor\n\ndrawer: \n\n\n\nJules Worms\n\u00a0(1832\u20131924)\u00a0\u00a0 \u00a0\n\n\n\n\n\nAlternative names\n\nJ. Worms, Jules Worms\n\nDescription\nFrench painter, engraver and illustrator\n\nDate of birth/death\n\n16 December 1832\u00a0\n25 November 1924\u00a0\n\nLocation of birth/death\n\nParis\nParis\n\nWork period\nfrom the late 1850s on\n\nWork location\n\nFrance\u00a0\n\nAuthority file\n\n: Q1711766\nVIAF:\u200995719174\nISNI:\u2009000000008050564X\nULAN:\u2009500006304\nLCCN:\u2009n2008066142\nGND:\u20091043349561\nWorldCat\n\n\n\ncreator QS:P170,Q1711766\nAfter (sketch): Zwahlen.\n\nTechniqueInfoFieldwood engraving print\n\nSizeInfoFieldheight: 16 cm (6.2 in); width: 22 cm (8.6 in)dimensions QS:P2048,16U174728dimensions QS:P2049,22U174728\n\nInscriptionsInfoFieldSignature bottom right:  \nWorms\n\n\nOriginal captionInfoFieldArriv\u00e9e de LL.\u00a0MM. l\u2019empereur et l\u2019imp\u00e9ratrice du Mexique \u00e0 Rome. D\u2019apr\u00e8s un croquis de M. Zwahlen.\n\nScanned byInfoField\u00c9ric Dod\u00e9mont (Dodeeric)\n\n\n"}, {"url": "https://commons.wikimedia.org/wiki/File:Bruxelles_%C3%A0_travers_les_%C3%A2ges_(1884)_(14740788246).jpg", "metadata": {"og:image": "https://upload.wikimedia.org/wikipedia/commons/thumb/1/1d/Bruxelles_%C3%A0_travers_les_%C3%A2ges_%281884%29_%2814740788246%29.jpg/640px-Bruxelles_%C3%A0_travers_les_%C3%A2ges_%281884%29_%2814740788246%29.jpg", "og:image:width": "640", "og:image:height": "748", "og:title": "File:Bruxelles \u00e0 travers les \u00e2ges (1884) (14740788246).jpg - Wikimedia Commons", "og:type": "website"}, "text": "\n\n\nDescriptionBruxelles \u00e0 travers les \u00e2ges (1884) (14740788246).jpg\n\nEnglish:  \nIdentifier: bruxellestravers03hyma (find matches)\nTitle: Bruxelles \u00e0 travers les \u00e2ges\nYear: 1884 (1880s)\nAuthors:  Hymans, Louis Salomon, 1829-1884 Hymans, Henri, 1836-1912 Hymans, Paul, 1865-1941\nSubjects: Le Duc de Brabant, Le Comte de Flandre and La Princesse Charlotte,   children of the first Belgian, king Leopold the First (1790-1865) and of Marie-Louise d'Orleans (1812-1850), daughter of Louis-Philippe, King of France. The duke of Brabant is the future Leopold the Second (1835 - 1909), his brother Prince Philippe, Count de Flandre (1837-1905) and his sister the Princess Charlotte (1840-1927), the future Empress of Mexico. \nPublisher:  Bruxelles\u00a0: Bruylant-Christophe\nContributing Library:  Getty Research Institute\nDigitizing Sponsor:  Getty Research Institute\n\nView Book Page: Book Viewer\nAbout This Book: Catalog Entry\nView All Images: All Images From Book\nClick here to view book online to see this illustration in context in a browseable online version of this book.\n\nText Appearing Before Image:\nIer mars 1848 :La libert\u00e9 pour faire le tour du monde ne doit plus paner par la Belgique.R\u00e9duction de la lithographie de Stroobant, dapr\u00e8s Meganck. allaient saffermir au sol et y pousser profond\u00e9ment leurs racines, la France, aucontraire, devait, deux ans plus tard, assister \u00e0 leur effondrement dans le tapagedune \u00e9meute absurde. Lalarme fut vive \u00e0 Bruxelles quand on y apprit les \u00e9v\u00e9nements du 24 f\u00e9vrier 1848.On eut peur\u2014 et cet effroi sexplique \u2014 de la contagion r\u00e9volutionnaire qui semblait,avec la rapidit\u00e9 foudroyante dun fl\u00e9au, sabattre sur toute lEurope. Mais les m\u00e9con-tents \u00e9taient rares en Belgique; les revendications populaires nauraient point eudobjet, et les d\u00e9clamations sonores qui flattent loreille des Parisiens et les fontdociles \u00e0 tous les entra\u00eenements nont jamais \u00e9t\u00e9 fort applaudies chez nous. L\u00e9cho de la r\u00e9volution mit du temps \u00e0 atteindre Bruxelles. DUC DE BRABANT ET LE COMTE DE FLANDRE I 1843 ). R\u00e9duction de la lithographie de C. Baugniet.\nText Appearing After Image:\nLe duc de Brabant, le comte de Flandre et la princesse Charlotte.R\u00e9duction de la lithographie faite dapr\u00e8s nature par C. Baugniet. 366 BRUXELLES MODERNE. Le 24 f\u00e9vrier, alors que d\u00e9j\u00e0 le sort de la monarchie de juillet \u00e9tait tranch\u00e9,M. Fr\u00e8re-Orban, le jeune ministre des travaux publics, donnait un bal \u00e0 son h\u00f4tel.Les salons \u00e9taient pleins de fleurs, lassistance nombreuse et brillante. LorchestreSacr\u00e9 jouait de ses plus jolies valses. Tout \u00e0 coup le bruit se r\u00e9pandit que lasituation que lon savait assez tendue \u00e0 Paris s\u00e9tait brusquement aggrav\u00e9e. Des historiens ont racont\u00e9 que la nouvelle de la chute de Louis-Philippe arriva cesoir-l\u00e0 au gouvernement. Cest une affirmation dont diff\u00e9rents faits attestent linexac-titude. Voici, en effet, dans quels termes lInd\u00e9pendance (num\u00e9ro du 25 f\u00e9vrier), dansun article dat\u00e9 du jeudi 24 f\u00e9vrier \u00e0 minuit, enregistre les rumeurs qui se colportaienten ville et, dans la soir\u00e9e m\u00eame, au bal du minist\u00e8re\u00a0: \u00ab\u00a0Le convoi de Paris\n\nNote About Images\n\nPlease note that these images are extracted from scanned page images that may have been digitally enhanced for readability - coloration and appearance of these illustrations may not perfectly resemble the original work.\n\n\nDate\n\n1884\n\n\nSource\n\nhttps://www.flickr.com/photos/internetarchivebookimages/14740788246/\n\nSource book page: https://archive.org/stream/bruxellestravers03hyma/bruxellestravers03hyma#page/n400/mode/1up\n\n\nAuthor\n\nInternet Archive Book Images\n\n\nPermission(Reusing this file)\n\nAt the time of upload, the image license was automatically confirmed using the Flickr API. For more information see Flickr API detail.\n\nVolumeInfoField3\nFlickr tagsInfoField\nbookid:bruxellestravers03hyma\nbookyear:1884\nbookdecade:1880\nbookcentury:1800\nbookauthor:Hymans__Louis_Salomon__1829_1884\nbookauthor:Hymans__Henri__1836_1912\nbookauthor:Hymans__Paul__1865_1941\nbookpublisher:Bruxelles___Bruylant_Christophe\nbookcontributor:Getty_Research_Institute\nbooksponsor:Getty_Research_Institute\nbookleafnumber:400\nbookcollection:getty\nbookcollection:americana\n\nFlickr posted dateInfoField28 July 2014\n\n\n"}, {"url": "https://commons.wikimedia.org/wiki/File:Carlota_leaves_for_Yucatan,_1865.png", "metadata": {"og:image": "https://upload.wikimedia.org/wikipedia/commons/thumb/e/e3/Carlota_leaves_for_Yucatan%2C_1865.png/640px-Carlota_leaves_for_Yucatan%2C_1865.png", "og:image:width": "640", "og:image:height": "283", "og:title": "File:Carlota leaves for Yucatan, 1865.png - Wikimedia Commons", "og:type": "website"}, "text": "\n\n\nDescriptionCarlota leaves for Yucatan, 1865.png\n\nEnglish:  D\u00c9PART DE S. M. L\u2019IMP\u00c9RATRICE  Du MEXIQUE POUR LE YUCATAN\nEngraving of ships leaving Veracruz for Yucatan as \"Empress\" Carlota's voyage.\n\n\nDate\n\n1866\n\n\nSource\n\nL'Illustration, Journal Universel, Tome XLVII, #60 p 52 \n\nvia [1]\n\n\nAuthor\n\nM. A. Rubre\n\n\n"}, {"url": "https://commons.wikimedia.org/wiki/File:Carlota_of_Mexico.jpg", "metadata": {"og:image": "https://upload.wikimedia.org/wikipedia/commons/d/d2/Carlota_of_Mexico.jpg", "og:image:width": "640", "og:image:height": "810", "og:title": "File:Carlota of Mexico.jpg - Wikimedia Commons", "og:type": "website"}, "text": "\n\n\nDescriptionCarlota of Mexico.jpg\n\nEnglish:  Carlota of Mexico\n\n\nDate\n\n1860sdate QS:P,+1860-00-00T00:00:00Z/8\n\n\nSource\n\nhttp://madmonarchist.blogspot.com/2010/05/consort-profile-empress-carlota-part-ii.html\n\n\nAuthor\n\nUnknown authorUnknown author\n\n\n"}, {"url": "https://commons.wikimedia.org/wiki/File:Carlotta_dAsburgo_a_Miramare_Castel_Nuovo_Napoli_n01.jpg", "metadata": {"og:image": "https://upload.wikimedia.org/wikipedia/commons/thumb/7/7f/Carlotta_dAsburgo_a_Miramare_Castel_Nuovo_Napoli_n01.jpg/640px-Carlotta_dAsburgo_a_Miramare_Castel_Nuovo_Napoli_n01.jpg", "og:image:width": "640", "og:image:height": "964", "og:title": "File:Carlotta dAsburgo a Miramare Castel Nuovo Napoli n01.jpg - Wikimedia Commons", "og:type": "website"}, "text": "\n\n\n\nArtist\n\n\n\n\n\n\nFrancesco Jerace\n\u00a0(\u20131937)\u00a0\u00a0 \u00a0\n\n\n\n\n\nAlternative names\n\nFrancesco Ierace\n\nDescription\nItalian painter, sculptor, drawer, decorator, decorative artist and architect\n\nDate of birth/death\n\nbetween 1853 and 26 July 1854date QS:P,+1853-00-00T00:00:00Z/8,P1319,+1853-00-00T00:00:00Z/9,P1326,+1854-07-26T00:00:00Z/11\u00a0\n18 January 1937 / 1937\u00a0\n\nLocation of birth/death\n\nPolistena\nNaples\n\nWork period\n1873\u00a0\u20131937\u00a0\n\nWork location\n\nReggio Calabria\u00a0\n\nAuthority file\n\n: Q3080984\nVIAF:\u2009161992299\nISNI:\u20090000000115614580\nULAN:\u2009500075647\nLCCN:\u2009nr2001047010\nGND:\u2009124062296\nWorldCat\n\n\n\nartist QS:P170,Q3080984\n\n\nDescription\n\n\nItalian:  Carlotta d'Asburgo a MiramarePortrait of Carlota of Mexicotitle QS:P1476,it:\"Carlotta d'Asburgo a Miramare\"\nlabel QS:Lit,\"Carlotta d'Asburgo a Miramare\"\nlabel QS:Lfr,\"Portrait de Charlotte de Belgique\"\nlabel QS:Len,\"Portrait of Carlota of Mexico\"\n\n\nMedium\n\nmarblemedium QS:P186,Q40861\n\n\nCollection\n\n\n\n\nCastel Nuovo\n\u00a0\u00a0\n\n\n\n\n\nNative name\nMaschio Angioino\n\nLocation\nNaples, Campania, Italy\n\nCoordinates\n40\u00b0\u00a050\u2032\u00a018.15\u2033\u00a0N, 14\u00b0\u00a015\u2032\u00a013.71\u2033\u00a0E  \u00a0\n\nEstablished\n1282\u00a0\n\nWebsite\nwww.comune.napoli.it\n\nAuthority file\n\n: Q781219\nVIAF:\u2009145121969\nLCCN:\u2009n92000663\nGND:\u20094219993-1\nSUDOC:\u2009077182677\nCiNii:\u2009DA09532756\nWorldCat\n\n\n\ninstitution QS:P195,Q781219\n\n\nInscriptions\n\nSignature:  \n\nF. Jerace\n\n\n\n\n\n\nDate\n\n3 September 2011\n\n\nSource\n\nOwn work\n\n\nAuthor\n\nMarie-Lan Nguyen\n\nAttribution(required by the license)InfoField\u00a9 Marie-Lan Nguyen\u00a0/\u00a0Wikimedia Commons\u00a0/\u00a0CC-BY 2.5\nInfoField\u00a9 Marie-Lan Nguyen\u00a0/\u00a0Wikimedia Commons\n\n\nPermission(Reusing this file)\n\nI, the copyright holder of this work, hereby publish it under the following license:\n\nThis file is licensed under the Creative Commons Attribution 2.5 Generic license.\nYou are free:\nto share \u2013 to copy, distribute and transmit the work\nto remix \u2013 to adapt the work\nUnder the following conditions:\nattribution \u2013 You must give appropriate credit, provide a link to the license, and indicate if changes were made. You may do so in any reasonable manner, but not in any way that suggests the licensor endorses you or your use.\nhttps://creativecommons.org/licenses/by/2.5CC BY 2.5 Creative Commons Attribution 2.5 truetrue\n\n\n"}, {"url": "https://commons.wikimedia.org/wiki/File:Carlotta_dAsburgo_a_Miramare_Castel_Nuovo_Napoli_n02.jpg", "metadata": {"og:image": "https://upload.wikimedia.org/wikipedia/commons/thumb/b/b9/Carlotta_dAsburgo_a_Miramare_Castel_Nuovo_Napoli_n02.jpg/640px-Carlotta_dAsburgo_a_Miramare_Castel_Nuovo_Napoli_n02.jpg", "og:image:width": "640", "og:image:height": "963", "og:title": "File:Carlotta dAsburgo a Miramare Castel Nuovo Napoli n02.jpg - Wikimedia Commons", "og:type": "website"}, "text": "\n\n\n\nArtist\n\n\n\n\n\n\nFrancesco Jerace\n\u00a0(\u20131937)\u00a0\u00a0 \u00a0\n\n\n\n\n\nAlternative names\n\nFrancesco Ierace\n\nDescription\nItalian painter, sculptor, drawer, decorator, decorative artist and architect\n\nDate of birth/death\n\nbetween 1853 and 26 July 1854date QS:P,+1853-00-00T00:00:00Z/8,P1319,+1853-00-00T00:00:00Z/9,P1326,+1854-07-26T00:00:00Z/11\u00a0\n18 January 1937 / 1937\u00a0\n\nLocation of birth/death\n\nPolistena\nNaples\n\nWork period\n1873\u00a0\u20131937\u00a0\n\nWork location\n\nReggio Calabria\u00a0\n\nAuthority file\n\n: Q3080984\nVIAF:\u2009161992299\nISNI:\u20090000000115614580\nULAN:\u2009500075647\nLCCN:\u2009nr2001047010\nGND:\u2009124062296\nWorldCat\n\n\n\nartist QS:P170,Q3080984\n\n\nDescription\n\n\nItalian:  Carlotta d'Asburgo a MiramarePortrait of Carlota of Mexicotitle QS:P1476,it:\"Carlotta d'Asburgo a Miramare\"\nlabel QS:Lit,\"Carlotta d'Asburgo a Miramare\"\nlabel QS:Lfr,\"Portrait de Charlotte de Belgique\"\nlabel QS:Len,\"Portrait of Carlota of Mexico\"\n\n\nMedium\n\nmarblemedium QS:P186,Q40861\n\n\nCollection\n\n\n\n\nCastel Nuovo\n\u00a0\u00a0\n\n\n\n\n\nNative name\nMaschio Angioino\n\nLocation\nNaples, Campania, Italy\n\nCoordinates\n40\u00b0\u00a050\u2032\u00a018.15\u2033\u00a0N, 14\u00b0\u00a015\u2032\u00a013.71\u2033\u00a0E  \u00a0\n\nEstablished\n1282\u00a0\n\nWebsite\nwww.comune.napoli.it\n\nAuthority file\n\n: Q781219\nVIAF:\u2009145121969\nLCCN:\u2009n92000663\nGND:\u20094219993-1\nSUDOC:\u2009077182677\nCiNii:\u2009DA09532756\nWorldCat\n\n\n\ninstitution QS:P195,Q781219\n\n\nInscriptions\n\nSignature:  \n\nF. Jerace\n\n\n\n\n\n\nDate\n\n3 September 2011\n\n\nSource\n\nOwn work\n\n\nAuthor\n\nMarie-Lan Nguyen\n\nAttribution(required by the license)InfoField\u00a9 Marie-Lan Nguyen\u00a0/\u00a0Wikimedia Commons\u00a0/\u00a0CC-BY 2.5\nInfoField\u00a9 Marie-Lan Nguyen\u00a0/\u00a0Wikimedia Commons\n\n\nPermission(Reusing this file)\n\nI, the copyright holder of this work, hereby publish it under the following license:\n\nThis file is licensed under the Creative Commons Attribution 2.5 Generic license.\nYou are free:\nto share \u2013 to copy, distribute and transmit the work\nto remix \u2013 to adapt the work\nUnder the following conditions:\nattribution \u2013 You must give appropriate credit, provide a link to the license, and indicate if changes were made. You may do so in any reasonable manner, but not in any way that suggests the licensor endorses you or your use.\nhttps://creativecommons.org/licenses/by/2.5CC BY 2.5 Creative Commons Attribution 2.5 truetrue\n\n\n"}, {"url": "https://commons.wikimedia.org/wiki/File:Charlotte_of_Belgium_-_Empress_of_Mexico.jpg", "metadata": {"og:image": "https://upload.wikimedia.org/wikipedia/commons/7/76/Charlotte_of_Belgium_-_Empress_of_Mexico.jpg", "og:image:width": "640", "og:image:height": "585", "og:title": "File:Charlotte of Belgium - Empress of Mexico.jpg - Wikimedia Commons", "og:type": "website"}, "text": "\n\n\nDescriptionCharlotte of Belgium - Empress of Mexico.jpg\n\nEnglish:  Charlotte of Belgium - Empress of Mexico\n\n\nDate\n\n19th centurydate QS:P,+1850-00-00T00:00:00Z/7\n\n\nSource\n\nhttp://godsandfoolishgrandeur.blogspot.com/2017/04/\n\n\nAuthor\n\nafter Albert Gr\u00e4fle\n\n\n"}, {"url": "https://commons.wikimedia.org/wiki/File:Charlotte_von_Belgien_Litho.jpg", "metadata": {"og:image": "https://upload.wikimedia.org/wikipedia/commons/thumb/1/13/Charlotte_von_Belgien_Litho.jpg/640px-Charlotte_von_Belgien_Litho.jpg", "og:image:width": "640", "og:image:height": "955", "og:title": "File:Charlotte von Belgien Litho.jpg - Wikimedia Commons", "og:type": "website"}, "text": "\n\n\nDescriptionCharlotte von Belgien Litho.jpg\n\nDeutsch:  Charlotte von Beelgien (1840-1927), Prinzessin von Belgien, Erzherzogin von \u00d6sterreich, K\u00f6nigin von Mexiko. Lithographie von Adolf Dauthage, ca. 1860\n\n\nDate\n\ncirca 1860date QS:P,+1860-00-00T00:00:00Z/9,P1480,Q5727902\n\n\nSource\n\nEigenes Foto einer Originallithographie der Albertina (Wien)\n\n\nAuthor\n\nAdolf Dauthage (1825-1883)\n\n\n"}, {"url": "https://commons.wikimedia.org/wiki/File:Charlotte;_Empresa_di_Mexico.jpg", "metadata": {"og:image": "https://upload.wikimedia.org/wikipedia/commons/thumb/a/a3/Charlotte%3B_Empresa_di_Mexico.jpg/640px-Charlotte%3B_Empresa_di_Mexico.jpg", "og:image:width": "640", "og:image:height": "896", "og:title": "File:Charlotte; Empresa di Mexico.jpg - Wikimedia Commons", "og:type": "website"}, "text": ""}, {"url": "https://commons.wikimedia.org/wiki/File:Ch%C3%A2teau_de_Tervueren,_r%C3%A9sidence_de_l%27imp%C3%A9ratrice_Charlotte.jpg", "metadata": {"og:image": "https://upload.wikimedia.org/wikipedia/commons/thumb/7/73/Ch%C3%A2teau_de_Tervueren%2C_r%C3%A9sidence_de_l%27imp%C3%A9ratrice_Charlotte.jpg/640px-Ch%C3%A2teau_de_Tervueren%2C_r%C3%A9sidence_de_l%27imp%C3%A9ratrice_Charlotte.jpg", "og:image:width": "640", "og:image:height": "475", "og:title": "File:Ch\u00e2teau de Tervueren, r\u00e9sidence de l'imp\u00e9ratrice Charlotte.jpg - Wikimedia Commons", "og:type": "website"}, "text": "\n\n\nDescriptionCh\u00e2teau de Tervueren, r\u00e9sidence de l'imp\u00e9ratrice Charlotte.jpg\n\nFran\u00e7ais\u00a0:  Ch\u00e2teau de Tervueren, r\u00e9sidence de l\u2019imp\u00e9ratrice Charlotte du Mexique. \u2014 Le ch\u00e2teau de Tervueren fut construit \u00e0 partir de 1817 par Guillaume d\u2019Orange, roi des Pays-Bas (englobant les actuelles Belgique et Pays-Bas). Le prince d\u2019Orange, fils du roi, alla y habiter en 1822. Charlotte, ancienne imp\u00e9ratrice du Mexique et s\u0153ur du roi L\u00e9opold\u00a0II, y habita de 1867 \u00e0 1879, ann\u00e9e o\u00f9 le ch\u00e2teau fut compl\u00e8tement d\u00e9truit par un incendie.\n\n\nDate\n\n1882\n\n\nSource\n\nEug\u00e8ne Van Bemmel (Collectif sous la direction de), La Belgique illustr\u00e9e, tome\u00a0I, Bruylant-Christophe, Bruxelles (Belgium), 1882, p.\u00a0159.\n\n\nAuthor\n\nUnknown authorUnknown author\n\nTechniqueInfoFieldwood engraving print\n\nSizeInfoFieldheight: 12 cm (4.7 in); width: 15 cm (5.9 in)dimensions QS:P2048,12U174728dimensions QS:P2049,15U174728\n\nInscriptionsInfoFieldUnsigned\n\nOriginal captionInfoFieldCh\u00e2teau et parc de Tervueren.\n\nScanned byInfoField\u00c9ric Dod\u00e9mont (Dodeeric)\n\n\n"}, {"url": "https://commons.wikimedia.org/wiki/File:Die_Gartenlaube_(1896)_b_0012.jpg", "metadata": {"og:image": "https://upload.wikimedia.org/wikipedia/commons/thumb/0/09/Die_Gartenlaube_%281896%29_b_0012.jpg/640px-Die_Gartenlaube_%281896%29_b_0012.jpg", "og:image:width": "640", "og:image:height": "865", "og:title": "File:Die Gartenlaube (1896) b 0012.jpg - Wikimedia Commons", "og:type": "website"}, "text": "\n\n\n\nDie Gartenlaube\n\u00a0\n\n\nAuthor\n\n\nvarious\n\n\nTitle\n\n\nDie Gartenlaube\n\n\nPublisher\n\n\nErnst Keil's Nachfolger\n\n\nDescription\n\n\nExpression error: Unrecognized word \"die\".\n\nDeutsch:  Bildunterschrift: \u201eKaiserin Charlotte von Mexiko vor ihrer Erkrankung.\u201c\nEnglish:  caption: \"Kaiserin Charlotte von Mexiko vor ihrer Erkrankung.\"\n\n\nLanguage\n\nGerman\n\n\nPublication date\n\n1896publication_date QS:P577,+1896-00-00T00:00:00Z/9\n\n\nPlace of publication\n\nLeipzig\n\n\nSource\n\nScan from the original work\n\n\nPermission(Reusing this file)\n\n\n\nThis image is in the public domain because it is a mere mechanical scan or photocopy of a public domain original, or \u2013 from the available evidence \u2013 is so similar to such a scan or photocopy that no copyright protection can be expected to arise. The original itself is in the public domain for the following reason:\n\n\nPublic domainPublic domainfalsefalse\n\n\n\n\n\n\nThis work is in the public domain in its country of origin and other countries and areas where the copyright term is the author's life plus 75 years or fewer.\n\n\nThis work is in the public domain in the United States because it was published (or registered with the U.S. Copyright Office) before January 1, 1929.\n\n\n\nThis file has been identified as being free of known restrictions under copyright law, including all related and neighboring rights.\nhttps://creativecommons.org/publicdomain/mark/1.0/PDMCreative Commons Public Domain Mark 1.0falsefalse\n\nThis tag is designed for use where there may be a need to assert that any enhancements (eg brightness, contrast, colour-matching, sharpening) are in themselves insufficiently creative to generate a new copyright.  It can be used where it is unknown whether any enhancements have been made, as well as when the enhancements are clear but insufficient.  For known raw unenhanced scans you can use an appropriate {{PD-old}} tag instead. For usage, see Commons:When to use the PD-scan tag.\n\n\n Note: This tag applies to scans and photocopies only. For photographs of public domain originals taken from afar, {{PD-Art}} may be applicable. See Commons:When to use the PD-Art tag.\n\n\n\n"}, {"url": "https://commons.wikimedia.org/wiki/File:Drawing_of_the_family_of_King_Leopold_I_of_Belgium.jpg", "metadata": {"og:image": "https://upload.wikimedia.org/wikipedia/commons/thumb/7/70/Drawing_of_the_family_of_King_Leopold_I_of_Belgium.jpg/640px-Drawing_of_the_family_of_King_Leopold_I_of_Belgium.jpg", "og:image:width": "640", "og:image:height": "551", "og:title": "File:Drawing of the family of King Leopold I of Belgium.jpg - Wikimedia Commons", "og:type": "website"}, "text": "\n\n\nDescriptionDrawing of the family of King Leopold I of Belgium.jpg\n\nKing Leopold I of Belgium and family\n\n\nDate\n\ncirca 1850date QS:P,+1850-00-00T00:00:00Z/9,P1480,Q5727902\n\n\nSource\n\nPhoto (Georges Jansoone) of a drawing\n\n\nAuthor\n\n\n\n\n\nCharles Baugniet\n\u00a0(1814\u20131886)\u00a0\u00a0 \u00a0\n\n\n\n\n\nDescription\nBelgian painter, drawer, lithographer and etcher\n\nDate of birth/death\n\n27 February 1814\u00a0\n5 July 1886\u00a0\n\nLocation of birth/death\n\nCity of Brussels\nS\u00e8vres\n\nWork location\n\nCity of Brussels (1829-1843), London (June 1843-....), Paris (1860)\n\nAuthority file\n\n: Q2957574\nVIAF:\u200954411824\nISNI:\u20090000000066583035\nULAN:\u2009500003302\nLCCN:\u2009n97874029\nNLA:\u200935771119\nWorldCat\n\n\n\ncreator QS:P170,Q2957574\n\n\n"}, {"url": "https://commons.wikimedia.org/wiki/File:DV307_no.41_-_Queen_Victoria_and_other_Royals_watching_Fra_Diavolo_(opera)_July_1857_labels.png", "metadata": {"og:image": "https://upload.wikimedia.org/wikipedia/commons/thumb/c/c4/DV307_no.41_-_Queen_Victoria_and_other_Royals_watching_Fra_Diavolo_%28opera%29_July_1857_labels.png/640px-DV307_no.41_-_Queen_Victoria_and_other_Royals_watching_Fra_Diavolo_%28opera%29_July_1857_labels.png", "og:image:width": "640", "og:image:height": "425", "og:title": "File:DV307 no.41 - Queen Victoria and other Royals watching Fra Diavolo (opera) July 1857 labels.png - Wikimedia Commons", "og:type": "website"}, "text": "\n\n\n\nFrances Elizabeth Wynne: Scraps ancient and modern\n\u00a0\u00a0(  \u00a0)\n\n\nArtist\n\n\n\n\n\n\nFrances Elizabeth Wynne\n\u00a0(1836\u20131907)\u00a0\u00a0 \u00a0\n\n\n\n\n\nAlternative names\n\nWynne-Finch\n\nDescription\nWelsh artistamateur artist\n\nDate of birth/death\n\n1836\u00a0\n1907\u00a0\n\nLocation of birth\n\nVoelas, Denbighshire, Wales\n\n\nAuthority file\n\n: Q22962608\nVIAF:\u20091685159233942003370303\n\n\n\nartist QS:P170,Q22962608\n\n\nTitle\n\n\nScraps ancient and modern\n\n\nDescription\n\n\nEnglish:  Examples of artwork on a variety of subjects and in a variety of styles by Francis Elizabeth Wynne from a sketchbook (ca. 420 drawings): mixed media, including watercolour, wash and, pen and ink.\n\n\nDate\n\nbetween 1854 and 1864date QS:P571,+1850-00-00T00:00:00Z/7,P1319,+1854-00-00T00:00:00Z/9,P1326,+1864-00-00T00:00:00Z/9\n\n\nDimensions\n\n38 x 28 cm (volume size)\n\n\nCollection\n\n\n\n\nNational Library of Wales\n\u00a0\u00a0\n\n\n\n\n\nNative name\nLlyfrgell Genedlaethol Cymru\n\nLocation\nAberystwyth\n\nCoordinates\n52\u00b0\u00a024\u2032\u00a051.67\u2033\u00a0N, 4\u00b0\u00a004\u2032\u00a055.87\u2033\u00a0W  \n\nEstablished\n1907\u00a0\n\nWebsite\nhttps://www.library.wales\n\nAuthority file\n\n: Q666063\nVIAF:\u2009139269948\nISNI:\u20090000000406057171\nLCCN:\u2009n50062130\nOSM:\u2009553399\nGND:\u20091005759-6\nWorldCat\n\n\n\ninstitution QS:P195,Q666063\n\n\nReferences\n\nDrawing Volume DV307\n\n\nSource/Photographer\n\n\n\n\n\nThis image is available from the National Library of Wales You can view this image in its original context on the NLW Catalogue\n\n\n\nPermission(Reusing this file)\n\n\n\n\u00a0\n\nThis file is made available under the Creative Commons CC0 1.0 Universal Public Domain Dedication.\n\n\nThe person who associated a work with this deed has dedicated the work to the public domain by waiving all of their rights to the work worldwide under copyright law, including all related and neighboring rights, to the extent allowed by law. You can copy, modify, distribute and perform the work, even for commercial purposes, all without asking permission.\nhttp://creativecommons.org/publicdomain/zero/1.0/deed.enCC0Creative Commons Zero, Public Domain Dedicationfalsefalse\n\n\n\n\n"}, {"url": "https://commons.wikimedia.org/wiki/File:DV307_no.41_-_Queen_Victoria_and_other_Royals_watching_Fra_Diavolo_(opera)_July_1857.png", "metadata": {"og:image": "https://upload.wikimedia.org/wikipedia/commons/thumb/e/ea/DV307_no.41_-_Queen_Victoria_and_other_Royals_watching_Fra_Diavolo_%28opera%29_July_1857.png/640px-DV307_no.41_-_Queen_Victoria_and_other_Royals_watching_Fra_Diavolo_%28opera%29_July_1857.png", "og:image:width": "640", "og:image:height": "282", "og:title": "File:DV307 no.41 - Queen Victoria and other Royals watching Fra Diavolo (opera) July 1857.png - Wikimedia Commons", "og:type": "website"}, "text": "\n\n\n\nFrances Elizabeth Wynne: Scraps ancient and modern\n\u00a0\u00a0(  \u00a0)\n\n\nArtist\n\n\n\n\n\n\nFrances Elizabeth Wynne\n\u00a0(1836\u20131907)\u00a0\u00a0 \u00a0\n\n\n\n\n\nAlternative names\n\nWynne-Finch\n\nDescription\nWelsh artistamateur artist\n\nDate of birth/death\n\n1836\u00a0\n1907\u00a0\n\nLocation of birth\n\nVoelas, Denbighshire, Wales\n\n\nAuthority file\n\n: Q22962608\nVIAF:\u20091685159233942003370303\n\n\n\nartist QS:P170,Q22962608\n\n\nTitle\n\n\nScraps ancient and modern\n\n\nDescription\n\n\nEnglish:  (Left to Right) Queen Victoria,Leopold I of Belgium, Princess Charlotte of Belgium, Prince Albert (standing), Victoria Princess Royal, Friedrich Crown Prince of Prussia, Lady Frances Jocelyn. A sketch of European Royalty watching Fra Diovolo at the opera, Probably in London. This was sketched in the same month that Princess Charlotte of Belgium married Archduke Maximilian of Austria in Brussels.  From a sketchbook by Francis Elizabeth Wynne, of Voelas and Cefnamlwch in North Wales.\n\n\nDate\n\nJuly 1857date QS:P571,+1857-07-00T00:00:00Z/10\n\n\nDimensions\n\n38 x 28 cm (volume size)\n\n\nCollection\n\n\n\n\nNational Library of Wales\n\u00a0\u00a0\n\n\n\n\n\nNative name\nLlyfrgell Genedlaethol Cymru\n\nLocation\nAberystwyth\n\nCoordinates\n52\u00b0\u00a024\u2032\u00a051.67\u2033\u00a0N, 4\u00b0\u00a004\u2032\u00a055.87\u2033\u00a0W  \n\nEstablished\n1907\u00a0\n\nWebsite\nhttps://www.library.wales\n\nAuthority file\n\n: Q666063\nVIAF:\u2009139269948\nISNI:\u20090000000406057171\nLCCN:\u2009n50062130\nOSM:\u2009553399\nGND:\u20091005759-6\nWorldCat\n\n\n\ninstitution QS:P195,Q666063\n\n\nReferences\n\nDrawing Volume DV307\n\n\nSource/Photographer\n\n\n\n\n\nThis image is available from the National Library of Wales You can view this image in its original context on the NLW Catalogue\n\n\n\nPermission(Reusing this file)\n\n\n\n\u00a0\n\nThis file is made available under the Creative Commons CC0 1.0 Universal Public Domain Dedication.\n\n\nThe person who associated a work with this deed has dedicated the work to the public domain by waiving all of their rights to the work worldwide under copyright law, including all related and neighboring rights, to the extent allowed by law. You can copy, modify, distribute and perform the work, even for commercial purposes, all without asking permission.\nhttp://creativecommons.org/publicdomain/zero/1.0/deed.enCC0Creative Commons Zero, Public Domain Dedicationfalsefalse\n\n\n\n\nOther versions\n\nRoyals at the Opera, showing labels\n\n\n"}, {"url": "https://commons.wikimedia.org/wiki/File:Empress_Carlotta_of_Mexico,_head-and-shoulders_portrait,_facing_left_LCCN2005681356.jpg", "metadata": {"og:image": "https://upload.wikimedia.org/wikipedia/commons/thumb/1/11/Empress_Carlotta_of_Mexico%2C_head-and-shoulders_portrait%2C_facing_left_LCCN2005681356.jpg/640px-Empress_Carlotta_of_Mexico%2C_head-and-shoulders_portrait%2C_facing_left_LCCN2005681356.jpg", "og:image:width": "640", "og:image:height": "800", "og:title": "File:Empress Carlotta of Mexico, head-and-shoulders portrait, facing left LCCN2005681356.jpg - Wikimedia Commons", "og:type": "website"}, "text": "\n\n\nDescriptionEmpress Carlotta of Mexico, head-and-shoulders portrait, facing left LCCN2005681356.jpg\n\nEnglish:  Title: Empress Carlotta of Mexico, head-and-shoulders portrait, facing left\nAbstract/medium: 1 photographic print on carte de visite mount: albumen.\n\n\nDate\n\n1857\n\n\nSource\n\nLibrary of Congress\n\nCatalog: https://lccn.loc.gov/2005681356\nImage download: https://cdn.loc.gov/service/pnp/cph/3c30000/3c31000/3c31300/3c31391v.jpg\nOriginal url: https://www.loc.gov/pictures/item/2005681356/\n\n\nAuthor\n\nMiscellaneous Items in High Demand, PPOC, Library of Congress\n\n\nPermission(Reusing this file)\n\nNo known restrictions on publication in the U.S. Use elsewhere may be restricted by other countries' laws. For general information see \"Copyright and Other Restrictions...\" https://lcweb.loc.gov/rr/print/195_copr.html\n\n\n\n \u00a0\n\nThis image  is available from the United States Library of Congress's Prints and Photographs division under the digital ID cph.3c31391.This tag does not indicate the copyright status of the attached work. A normal copyright tag is still required. See Commons:Licensing.\n\n\u0627\u0644\u0639\u0631\u0628\u064a\u0629\u00a0\u2219 \u0431\u0435\u043b\u0430\u0440\u0443\u0441\u043a\u0430\u044f (\u0442\u0430\u0440\u0430\u0448\u043a\u0435\u0432\u0456\u0446\u0430)\u00a0\u2219 \u09ac\u09be\u0982\u09b2\u09be\u00a0\u2219 \u010de\u0161tina\u00a0\u2219 Deutsch\u00a0\u2219 English\u00a0\u2219 espa\u00f1ol\u00a0\u2219 \u0641\u0627\u0631\u0633\u06cc\u00a0\u2219 suomi\u00a0\u2219 fran\u00e7ais\u00a0\u2219 galego\u00a0\u2219 \u05e2\u05d1\u05e8\u05d9\u05ea\u00a0\u2219 magyar\u00a0\u2219 Bahasa Indonesia\u00a0\u2219 italiano\u00a0\u2219 \u65e5\u672c\u8a9e\u00a0\u2219 lietuvi\u0173\u00a0\u2219 \u043c\u0430\u043a\u0435\u0434\u043e\u043d\u0441\u043a\u0438\u00a0\u2219 \u0d2e\u0d32\u0d2f\u0d3e\u0d33\u0d02\u00a0\u2219 Nederlands\u00a0\u2219 polski\u00a0\u2219 portugu\u00eas\u00a0\u2219 portugu\u00eas do Brasil\u00a0\u2219 rom\u00e2n\u0103\u00a0\u2219 \u0440\u0443\u0441\u0441\u043a\u0438\u0439\u00a0\u2219 sicilianu\u00a0\u2219 sloven\u010dina\u00a0\u2219 sloven\u0161\u010dina\u00a0\u2219 T\u00fcrk\u00e7e\u00a0\u2219 \u0443\u043a\u0440\u0430\u0457\u043d\u0441\u044c\u043a\u0430\u00a0\u2219 \u7b80\u4f53\u4e2d\u6587\u00a0\u2219 \u7e41\u9ad4\u4e2d\u6587\u00a0\u2219 +/\u2212\n\n\n\n\nOther versions\n\n\n\n\ntif3,278 \u00d7 4,096\n\n\n\nNotesInfoField\nTitle devised by Library staff.\nHand printed on album: Foto taken in Paris.\nPrinted on verso: Portraits historiques, Neurdein & Paris, 8 Rue des Filles St. Thomas. Paris.\nIn album: Portraits of rulers, politicians ... relating to the reign of Emperor Maximilian of Mexico, p. 1, upper right.\nPhotograph of a print?\n\nPart ofInfoFieldlot 3112 \u00b7 prints and photographs division\n\nSubjectInfoFieldcarlota \u00b7 empress, consort of maximilian, emperor of mexico \u00b7 albumen prints \u00b7 cartes de visite \u00b7 portrait photographs\n\n\n"}, {"url": "https://commons.wikimedia.org/wiki/File:FantasmaCarlota_sinFondo.png", "metadata": {"og:image": "https://upload.wikimedia.org/wikipedia/commons/0/04/FantasmaCarlota_sinFondo.png", "og:image:width": "640", "og:image:height": "515", "og:title": "File:FantasmaCarlota sinFondo.png - Wikimedia Commons", "og:type": "website"}, "text": "\n\n\nDescriptionFantasmaCarlota sinFondo.png\n\nEspa\u00f1ol:  Representaci\u00f3n de Carlota\n\n\nDate\n\n14 December 2015\n\n\nSource\n\nOwn work\n\n\nAuthor\n\nPetrohsW\n\n\n"}, {"url": "https://commons.wikimedia.org/wiki/File:Guillaume_Geefs_Princess_Charlotte_R01.jpg", "metadata": {"og:image": "https://upload.wikimedia.org/wikipedia/commons/thumb/1/11/Guillaume_Geefs_Princess_Charlotte_R01.jpg/640px-Guillaume_Geefs_Princess_Charlotte_R01.jpg", "og:image:width": "640", "og:image:height": "656", "og:title": "File:Guillaume Geefs Princess Charlotte R01.jpg - Wikimedia Commons", "og:type": "website"}, "text": "\n\n\nDescriptionGuillaume Geefs Princess Charlotte R01.jpg\n\nNederlands:  Prinses Charlotte van Belgi\u00eb (1840-1927) op tweejarige leeftijd, door beeldhouwer Willem Geefs (1805-1883) (Brussel, Koninklijk Paleis)\nEnglish:  Princess Charlotte of Belgium (1840-1927) at the age of 2, by sculptor Guillaume Geefs (1805-1883) (Brussels, Royal Palace)\nFran\u00e7ais\u00a0:  La princesse Charlotte de Belgique (1840-1927) \u00e0 l'\u00e2ge de deux ans, par le sculpteur Guillaume Geefs (1805-1883) (Bruxelles, Palais royal)\n\n\nDate\n\n9 August 2016, 12:31:38\n\n\nSource\n\nOwn work\n\n\nAuthor\n\nMarc Ryckaert\n\n\n"}, {"url": "https://commons.wikimedia.org/wiki/File:Guillaume_Geefs_Princess_Charlotte_R02.jpg", "metadata": {"og:image": "https://upload.wikimedia.org/wikipedia/commons/thumb/b/bb/Guillaume_Geefs_Princess_Charlotte_R02.jpg/640px-Guillaume_Geefs_Princess_Charlotte_R02.jpg", "og:image:width": "640", "og:image:height": "753", "og:title": "File:Guillaume Geefs Princess Charlotte R02.jpg - Wikimedia Commons", "og:type": "website"}, "text": "\n\n\nDescriptionGuillaume Geefs Princess Charlotte R02.jpg\n\nNederlands:  Prinses Charlotte van Belgi\u00eb (1840-1927) op tweejarige leeftijd, door beeldhouwer Willem Geefs (1805-1883) (Brussel, Koninklijk Paleis)\nEnglish:  Princess Charlotte of Belgium (1840-1927) at the age of 2, by sculptor Guillaume Geefs (1805-1883) (Brussels, Royal Palace)\nFran\u00e7ais\u00a0:  La princesse Charlotte de Belgique (1840-1927) \u00e0 l'\u00e2ge de deux ans, par le sculpteur Guillaume Geefs (1805-1883) (Bruxelles, Palais royal)\n\n\nDate\n\n9 August 2016, 12:31:25\n\n\nSource\n\nOwn work\n\n\nAuthor\n\nMarc Ryckaert\n\n\n"}, {"url": "https://commons.wikimedia.org/wiki/File:Harper%27s_weekly_(1865)_(14578671029).jpg", "metadata": {"og:image": "https://upload.wikimedia.org/wikipedia/commons/thumb/7/72/Harper%27s_weekly_%281865%29_%2814578671029%29.jpg/640px-Harper%27s_weekly_%281865%29_%2814578671029%29.jpg", "og:image:width": "640", "og:image:height": "951", "og:title": "File:Harper's weekly (1865) (14578671029).jpg - Wikimedia Commons", "og:type": "website"}, "text": "\n\n\nDescriptionHarper's weekly (1865) (14578671029).jpg\n\nEnglish:  \nIdentifier: harpersweeklyv9bonn (find matches)\nTitle: Harper's weekly\nYear: 1857 (1850s)\nAuthors:  Bonner, John, 1828-1899 Curtis, George William, 1824-1892 Alden, Henry Mills, 1836-1919 Conant, Samuel Stillman, 1831-1885? Schuyler, Montgomery, 1843-1914 Foord, John, 1842-1922 Davis, Richard Harding, 1864-1916 Schurz, Carl, 1829-1906 Nelson, Henry Loomis, 1846-1908 Bangs, John Kendrick, 1862-1922 Harvey, George Brinton McClellan, 1864-1928 Hapgood, Norman, 1868-1937\nSubjects: \nPublisher:  New York\u00a0: Harper & Brothers\nContributing Library:  Lincoln Financial Foundation Collection\nDigitizing Sponsor:  The Institute of Museum and Library Services through an Indiana State Library LSTA Grant\n\nView Book Page: Book Viewer\nAbout This Book: Catalog Entry\nView All Images: All Images From Book\nClick here to view book online to see this illustration in context in a browseable online version of this book.\n\nText Appearing Before Image:\nSeptember 9, 1865.) HAEPERS WEEKLY.\nText Appearing After Image:\nMri;!,..-. r\\KI,->ri V HABPERS WEEKLY. (September 9, 1865.\n\nNote About Images\n\nPlease note that these images are extracted from scanned page images that may have been digitally enhanced for readability - coloration and appearance of these illustrations may not perfectly resemble the original work.\n\n\nDate\n\n1857\n\n\nSource\n\nhttps://www.flickr.com/photos/internetarchivebookimages/14578671029/\n\nSource book page: https://archive.org/stream/harpersweeklyv9bonn/harpersweeklyv9bonn#page/n575/mode/1up\n\n\nAuthor\n\nInternet Archive Book Images\n\n\nPermission(Reusing this file)\n\nAt the time of upload, the image license was automatically confirmed using the Flickr API. For more information see Flickr API detail.\n\n\nOther versions\n\n\nThis file has an extracted image: Harper's weekly (1865) (14578671029) Chapultepec Castle (cropped).jpg.\n\n\nVolumeInfoFieldVol. 9\nFlickr tagsInfoField\nbookid:harpersweeklyv9bonn\nbookyear:1857\nbookdecade:1850\nbookcentury:1800\nbookauthor:Bonner__John__1828_1899\nbookauthor:Curtis__George_William__1824_1892\nbookauthor:Alden__Henry_Mills__1836_1919\nbookauthor:Conant__Samuel_Stillman__1831_1885_\nbookauthor:Schuyler__Montgomery__1843_1914\nbookauthor:Foord__John__1842_1922\nbookauthor:Davis__Richard_Harding__1864_1916\nbookauthor:Schurz__Carl__1829_1906\nbookauthor:Nelson__Henry_Loomis__1846_1908\nbookauthor:Bangs__John_Kendrick__1862_1922\nbookauthor:Harvey__George_Brinton_McClellan__1864_1928\nbookauthor:Hapgood__Norman__1868_1937\nbookpublisher:New_York___Harper___Brothers\nbookcontributor:Lincoln_Financial_Foundation_Collection\nbooksponsor:The_Institute_of_Museum_and_Library_Services_through_an_Indiana_State_Library_LSTA_Grant\nbookleafnumber:575\nbookcollection:lincolncollection\nbookcollection:americana\n\nFlickr posted dateInfoField28 July 2014\n\n\n"}, {"url": "https://commons.wikimedia.org/wiki/File:Incendie_du_ch%C3%A2teau_de_Tervueren_le_2_mars_1879_-_UI.jpg", "metadata": {"og:image": "https://upload.wikimedia.org/wikipedia/commons/thumb/b/b7/Incendie_du_ch%C3%A2teau_de_Tervueren_le_2_mars_1879_-_UI.jpg/640px-Incendie_du_ch%C3%A2teau_de_Tervueren_le_2_mars_1879_-_UI.jpg", "og:image:width": "640", "og:image:height": "441", "og:title": "File:Incendie du ch\u00e2teau de Tervueren le 2 mars 1879 - UI.jpg - Wikimedia Commons", "og:type": "website"}, "text": "\n\n\nDescriptionIncendie du ch\u00e2teau de Tervueren le 2 mars 1879 - UI.jpg\n\nFran\u00e7ais\u00a0:  Incendie du ch\u00e2teau de Tervueren, r\u00e9sidence de l\u2019imp\u00e9ratrice Charlotte, le 2 mars 1879.\n\n\nDate\n\n1879\n\n\nSource\n\nL\u2019Univers illustr\u00e9, 15 mars 1879, p.\u00a0164.\n\n\nAuthor\n\n\n\n\n\nAuguste Trichon\n\u00a0(1814\u20131898)\u00a0\u00a0 \u00a0\n\n\nAlternative names\n\nFran\u00e7ois Auguste Trichon\n\nDescription\nFrench engraver, wood engraver, painter and printmaker\n\nDate of birth/death\n\n1 November 1814\u00a0\n14 September 1898\u00a0\n\nLocation of birth\n\nParis\n\n\nWork period\n1880\u00a0\n\nAuthority file\n\n: Q18068556\nVIAF:\u200929390779\nISNI:\u20090000000078215790\nLCCN:\u2009nr91028217\nNLA:\u200935547699\nGND:\u200913245498X\nWorldCat\n\n\n\ncreator QS:P170,Q18068556\n\n\n"}, {"url": "https://commons.wikimedia.org/wiki/File:Incendie_du_ch%C3%A2teau_de_Tervueren_le_2_mars_1879.jpg", "metadata": {"og:image": "https://upload.wikimedia.org/wikipedia/commons/thumb/6/6f/Incendie_du_ch%C3%A2teau_de_Tervueren_le_2_mars_1879.jpg/640px-Incendie_du_ch%C3%A2teau_de_Tervueren_le_2_mars_1879.jpg", "og:image:width": "640", "og:image:height": "469", "og:title": "File:Incendie du ch\u00e2teau de Tervueren le 2 mars 1879.jpg - Wikimedia Commons", "og:type": "website"}, "text": "\n\n\nDescriptionIncendie du ch\u00e2teau de Tervueren le 2 mars 1879.jpg\n\nFran\u00e7ais\u00a0:  Incendie du ch\u00e2teau de Tervueren, r\u00e9sidence de l\u2019imp\u00e9ratrice Charlotte, le 2 mars 1879.\n\n\nDate\n\n1879\n\n\nSource\n\nLe Monde illustr\u00e9, 1879.\n\n\nAuthor\n\nDaniel Vierge (dessin), d\u2019apr\u00e8s un croquis de A. Comand.\n\n\n"}, {"url": "https://commons.wikimedia.org/wiki/File:La_princesse_Charlotte_de_Belgique_et_ses_deux_fr%C3%A8res.jpg", "metadata": {"og:image": "https://upload.wikimedia.org/wikipedia/commons/thumb/5/56/La_princesse_Charlotte_de_Belgique_et_ses_deux_fr%C3%A8res.jpg/640px-La_princesse_Charlotte_de_Belgique_et_ses_deux_fr%C3%A8res.jpg", "og:image:width": "640", "og:image:height": "739", "og:title": "File:La princesse Charlotte de Belgique et ses deux fr\u00e8res.jpg - Wikimedia Commons", "og:type": "website"}, "text": "\n\n\n\nThe Royal Children of Belgium\n\n\n\nArtist\n\n\nengraver:\n\n\n\nFrederick James Smyth\n\u00a0(fl. 1841\u20131867)\u00a0\u00a0 \u00a0\n\n\nAlternative names\n\nSmyth\n\nDescription\nengraver and illustrator\n\nWork period\n1841\u00a0\u20131867\u00a0\n\nAuthority file\n\n: Q52231668\n\n\n\nartist QS:P170,Q52231668 drawer \n\n\n\nAfter Charles Baugniet\n\u00a0(1814\u20131886)\u00a0\u00a0 \u00a0\n\n\n\n\n\nDescription\nBelgian painter, drawer, lithographer and etcher\n\nDate of birth/death\n\n27 February 1814\u00a0\n5 July 1886\u00a0\n\nLocation of birth/death\n\nCity of Brussels\nS\u00e8vres\n\nWork location\n\nCity of Brussels (1829-1843), London (June 1843-....), Paris (1860)\n\nAuthority file\n\n: Q2957574\nVIAF:\u200954411824\nISNI:\u20090000000066583035\nULAN:\u2009500003302\nLCCN:\u2009n97874029\nNLA:\u200935771119\nWorldCat\n\n\n\nartist QS:P170,Q4233718,P1877,Q2957574 (painting):\n\n\n\nAfter Franz Xaver Winterhalter\n\u00a0(1805\u20131873)\u00a0\u00a0 \u00a0\n\n\n\n\n\nDescription\nGerman- painter, lithographer, drawer, portrait painter and visual artist\n\nDate of birth/death\n\n20 April 1805\u00a0\n8 July 1873\u00a0\n\nLocation of birth/death\n\nMenzenschwand\nFrankfurt\n\nWork period\n1863\u00a0\n\nWork location\n\nParis; Belgium; Freiburg im Breisgau; Karlsruhe; Munich; Kingdom of Italy; Russia; Spain; United Kingdom of Great Britain and Ireland\u00a0\n\nAuthority file\n\n: Q168659\nVIAF:\u200936949805\nISNI:\u20090000000116211257\nULAN:\u2009500007953\nLCCN:\u2009nr88006766\nWGA:\u2009w/winterhx\nWorldCat\n\n\n\nartist QS:P170,Q4233718,P1877,Q168659\n\n\nAuthor\n\n\nThe Illustrated London News\n\n\nTitle\n\n\nThe Royal Children of Belgium\n\n\nDescription\n\n\nEnglish:  The Royal Children of Belgium\nFran\u00e7ais\u00a0:  La princesse Charlotte de Belgique et ses deux fr\u00e8res. \u2014 De gauche \u00e0 droite\u00a0: le prince L\u00e9opold, duc de Brabant, futur roi L\u00e9opold\u00a0II, en uniforme de sous-lieutenant des Grenadiers\u00a0; le prince Philippe, comte de Flandre, en uniforme de sous-lieutenant des Guides\u00a0; la princesse Charlotte, future imp\u00e9ratrice du Mexique. Uniforme de Grenadier\u00a0: tunique et pantalon bleu\u00a0; col et rayure du pantalon rouge. Uniforme de Guide\u00a0: tunique et pantalon vert\u00a0; col vert avec passepoil rouge\u00a0; rayure du pantalon rouge\u00a0; plastron rouge sur le devant de la tunique.\n\n\nDate\n\n12 July 1851date QS:P571,+1851-07-12T00:00:00Z/11\n\n\nSource/Photographer\n\nThe Illustrated London News (United Kingdom), 12 July 1851, p.\u00a041/1.\n\nTechniqueInfoFieldwood engraving print\n\nSizeInfoFieldheight: 21 cm (8.2 in); width: 18 cm (7 in)dimensions QS:P2048,21U174728dimensions QS:P2049,18U174728\n\nInscriptionsInfoFieldSignature bottom left:  \nBaugniet\n\nSignature bottom right:  \n\nSMYTH sc\n\n\nOriginal captionInfoFieldThe royal children of Belgium. Drawn by Baugnet. Duke of Brabant. Count of Flanders. Princess Charlotte.\n\nScanned byInfoField\u00c9ric Dod\u00e9mont (Dodeeric)\n\n\n"}, {"url": "https://commons.wikimedia.org/wiki/File:Livernois_bienvenu_Empereur_Maximillien.jpg", "metadata": {"og:image": "https://upload.wikimedia.org/wikipedia/commons/thumb/8/86/Livernois_bienvenu_Empereur_Maximillien.jpg/640px-Livernois_bienvenu_Empereur_Maximillien.jpg", "og:image:width": "640", "og:image:height": "1032", "og:title": "File:Livernois bienvenu Empereur Maximillien.jpg - Wikimedia Commons", "og:type": "website"}, "text": "\n\n\n\nL'empereur Maximilien et l'imp\u00e9ratrice Charlotte, de l'album de la famille Tach\u00e9-Cimon\n\u00a0\u00a0(  \u00a0)\n\n\nPhotographer\n\n\nAndrew Burgess (1837-1908)\n\n\nTitle\n\n\nL'empereur Maximilien et l'imp\u00e9ratrice Charlotte, de l'album de la famille Tach\u00e9-Cimon\n\n\nDescription\n\n\nMontage fait par la juxtaposition de deux photographies prises par Andrew Burgess en 1864 au Mexique. Une photographie de Charlotte et l'autre de Maximilien. L'origine du montage semble peu document\u00e9e. L'image a \u00e9t\u00e9 recopi\u00e9e et vendue par de nombreux commerces \u00e0 travers le monde, dont apparemment \u00e0 Qu\u00e9bec par Livernois & Bienvenu (\u00c9lise L'Heureux, veuve Livernois, et Louis Fontaine, dit Bienvenu).\n\n\nDate\n\nPhotographies de 1864 (selon Library of Congress). Montage vraisemblablement de la m\u00eame \u00e9poque. Cette copie entre 1868 et 1873 (selon MNBAQ).\n\n\nMedium\n\n\u00c9preuve \u00e0 l'albumine argentique\n\n\nDimensions\n\n10,1 x 6,1 cm (carte); 9 x 5,7 cm (image)\n\n\nCollection\n\n\n\n\nMus\u00e9e national des beaux-arts du Qu\u00e9bec\n\u00a0\u00a0\n\n\n\n\n\nNative name\nMus\u00e9e national des beaux-arts du Qu\u00e9bec\n\nLocation\nQuebec City\n\nCoordinates\n46\u00b0\u00a047\u2032\u00a056\u2033\u00a0N, 71\u00b0\u00a013\u2032\u00a028.99\u2033\u00a0W  \u00a0\n\nEstablished\n5 June 1933\u00a0\n\nWebsite\nhttp://www.mnba.qc.ca/\n\nAuthority file\n\n: Q2338135\nVIAF:\u2009123866351\nISNI:\u20090000000404086067\nULAN:\u2009500310429\nLCCN:\u2009nr2003025889\nOSM:\u20093616083\nWorldCat\n\n\n\ninstitution QS:P195,Q2338135\n\n\nAccession number\n\n\n1982.36.54\n\n\nCredit line\n\nDon de la collection Yves Beauregard\n\n\nSource/Photographer\n\nMus\u00e9e national des beaux-arts du Qu\u00e9bec\n\n\nPermission(Reusing this file)\n\nCe fichier a \u00e9t\u00e9 num\u00e9ris\u00e9 et gracieusement t\u00e9l\u00e9vers\u00e9 dans Wikimedia Commons avec l'autorisation et la collaboration du Mus\u00e9e national des beaux-arts du Qu\u00e9bec\n\n\nOther versions\n\n\n\n\n"}, {"url": "https://commons.wikimedia.org/wiki/File:Llegada_del_Emperador_Maximiliano_y_la_Emperatriz_Carlota_al_puerto_de_Veracru,_M%C3%A9xico.jpg", "metadata": {"og:image": "https://upload.wikimedia.org/wikipedia/commons/thumb/f/f9/Llegada_del_Emperador_Maximiliano_y_la_Emperatriz_Carlota_al_puerto_de_Veracru%2C_M%C3%A9xico.jpg/640px-Llegada_del_Emperador_Maximiliano_y_la_Emperatriz_Carlota_al_puerto_de_Veracru%2C_M%C3%A9xico.jpg", "og:image:width": "640", "og:image:height": "462", "og:title": "File:Llegada del Emperador Maximiliano y la Emperatriz Carlota al puerto de Veracru, M\u00e9xico.jpg - Wikimedia Commons", "og:type": "website"}, "text": "\n\n\nDescriptionLlegada del Emperador Maximiliano y la Emperatriz Carlota al puerto de Veracru, M\u00e9xico.jpg\n\nEspa\u00f1ol:  Llegada del Emperador Maximiliano y la Emperatriz Carlota al puerto de Veracru, M\u00e9xico\n\n\nDate\n\n29 May 1864\n\n\nSource\n\nhttps://blogjovenesconstruyendo.wordpress.com/2017/02/17/maximiliano-amante-de-mexico/\n\n\nAuthor\n\nUnknown authorUnknown author\n\n\n"}, {"url": "https://commons.wikimedia.org/wiki/File:Mariage_de_la_princesse_Charlotte_avec_l%27archiduc_Maximilien_d%27Autriche_le_27_juillet_1857.jpg", "metadata": {"og:image": "https://upload.wikimedia.org/wikipedia/commons/thumb/0/00/Mariage_de_la_princesse_Charlotte_avec_l%27archiduc_Maximilien_d%27Autriche_le_27_juillet_1857.jpg/640px-Mariage_de_la_princesse_Charlotte_avec_l%27archiduc_Maximilien_d%27Autriche_le_27_juillet_1857.jpg", "og:image:width": "640", "og:image:height": "906", "og:title": "File:Mariage de la princesse Charlotte avec l'archiduc Maximilien d'Autriche le 27 juillet 1857.jpg - Wikimedia Commons", "og:type": "website"}, "text": "\n\n\nDescriptionMariage de la princesse Charlotte avec l'archiduc Maximilien d'Autriche le 27 juillet 1857.jpg\n\nFran\u00e7ais\u00a0:  Pr\u00e9sentation des mari\u00e9s apr\u00e8s le mariage de la princesse Charlotte de Belgique avec l\u2019archiduc Maximilien d\u2019Autriche, Palais royal (Bruxelles), le 27 juillet 1857. \u2014 On aper\u00e7oit 6 colonnes, ce qui est correct. Par contre, on aper\u00e7oit seulement 4 arches en face avant, alors qu\u2019il devrait y en avoir 5\u00a0!\n\n\nDate\n\n1857\n\n\nSource\n\nLe Monde illustr\u00e9 (France), 15 August 1857, p.\u00a013.\n\n\nAuthor\n\ndrawer: Antoine-Val\u00e9rie Bertrand.engraver: \n\n\n\nOctave Jahyer\n\u00a0(1826\u20131904)\u00a0\u00a0 \u00a0\n\n\nAlternative names\n\nJahyer, O. Jayher, Octave \u00c9douard Jahyer\n\nDescription\nFrench engraver(info)\n\nDate of birth/death\n\n27 November 1826\u00a0\n1904\u00a0\n\nLocation of birth/death\n\nParis\nMaidenhead\n\nAuthority file\n\n: Q18508560\nVIAF:\u200944157998\nISNI:\u20090000000078944301\nULAN:\u2009500111640\nLCCN:\u2009nr91044442\nSUDOC:\u200913728652X\nWorldCat\n\n\n\ncreator QS:P170,Q18508560\n\nTechniqueInfoFieldwood engraving print\n\nSizeInfoFieldheight: 32 cm (12.5 in); width: 23 cm (9 in)dimensions QS:P2048,32U174728dimensions QS:P2049,23U174728\n\nInscriptionsInfoFieldSignature bottom left:  \nBERTRAND & JAHYER\n\n\nOriginal captionInfoFieldPr\u00e9sentation de l\u2019archiduchesse Charlotte \u00e0 la population de Bruxelles, apr\u00e8s la c\u00e9l\u00e9bration de son mariage.\n\nScanned byInfoField\u00c9ric Dod\u00e9mont (Dodeeric)\n\n\n"}, {"url": "https://commons.wikimedia.org/wiki/File:OSR_Mexico_D323_carlotta.png", "metadata": {"og:image": "https://upload.wikimedia.org/wikipedia/commons/thumb/9/97/OSR_Mexico_D323_carlotta.png/640px-OSR_Mexico_D323_carlotta.png", "og:image:width": "640", "og:image:height": "730", "og:title": "File:OSR Mexico D323 carlotta.png - Wikimedia Commons", "og:type": "website"}, "text": "\n\n\nDescriptionOSR Mexico D323 carlotta.png\n\nEnglish:  Carlotta\n\n\nDate\n\n1870\n\n\nSource\n\nOur Sister Republic - Mexico\n\n\nAuthor\n\nUnknown authorUnknown author\n\n\n"}, {"url": "https://commons.wikimedia.org/wiki/File:Portret_van_Charlotte_van_Belgi%C3%AB,_aartshertogin_van_Oostenrijk,_RP-P-1908-791.jpg", "metadata": {"og:image": "https://upload.wikimedia.org/wikipedia/commons/thumb/6/65/Portret_van_Charlotte_van_Belgi%C3%AB%2C_aartshertogin_van_Oostenrijk%2C_RP-P-1908-791.jpg/640px-Portret_van_Charlotte_van_Belgi%C3%AB%2C_aartshertogin_van_Oostenrijk%2C_RP-P-1908-791.jpg", "og:image:width": "640", "og:image:height": "1101", "og:title": "File:Portret van Charlotte van Belgi\u00eb, aartshertogin van Oostenrijk, RP-P-1908-791.jpg - Wikimedia Commons", "og:type": "website"}, "text": "\n\n\nDescriptionPortret van Charlotte van Belgi\u00eb, aartshertogin van Oostenrijk, RP-P-1908-791.jpg\n\nNederlands:  IdentificatieTitel(s): Portret van Charlotte van Belgi\u00eb, aartshertogin van OostenrijkObjecttype: prent boekillustratie Objectnummer: RP-P-1908-791Opschriften / Merken: verzamelaarsmerk, verso, gestempeld: Lugt 2228VervaardigingVervaardiger: prentmaker: Carl Mayer (vermeld op object)Plaats vervaardiging: NeurenbergDatering: 1840 - 1868Fysieke kenmerken: staalgravure en stippelwerkMateriaal: papier Techniek: staalgravure / stippelwerkAfmetingen: blad: h 106 mm \u00d7 b 74 mmToelichtingVermoedelijk afkomstig uit: Almanach de Gotha.OnderwerpWat: historical personsWie: Charlotte van Belgi\u00eb (aartshertogin van Oostenrijk)Verwerving en rechtenVerwerving: aankoop 1905Copyright: Publiek domein\n\n\nDate\n\nbetween 1840 and 1868date QS:P,+1850-00-00T00:00:00Z/7,P1319,+1840-00-00T00:00:00Z/9,P1326,+1868-00-00T00:00:00Z/9\n\n\nSource\n\nhttp://hdl.handle.net/10934/RM0001.COLLECT.151853\n\n\nAuthor\n\nRijksmuseum\n\n\n"}, {"url": "https://commons.wikimedia.org/wiki/File:Princess_Charlotte_of_Belgium_(1).jpg", "metadata": {"og:image": "https://upload.wikimedia.org/wikipedia/commons/2/2d/Princess_Charlotte_of_Belgium_%281%29.jpg", "og:image:width": "640", "og:image:height": "965", "og:title": "File:Princess Charlotte of Belgium (1).jpg - Wikimedia Commons", "og:type": "website"}, "text": "\n\n\nDescriptionPrincess Charlotte of Belgium (1).jpg\n\nEnglish:  Princess Charlotte of Belgium (later Empress of Mexico), 1846\n\n\nDate\n\n1846\n\n\nSource\n\nhttp://alzbeta-sisi.blog.cz/0909/charlotta-belgicka\n\n\nAuthor\n\nHermann Fidel Winterhalter (1808-1891)\n\n\n"}, {"url": "https://commons.wikimedia.org/wiki/File:Princess_Charlotte_of_Belgium_(1840-1927).jpg", "metadata": {"og:image": "https://upload.wikimedia.org/wikipedia/commons/1/12/Princess_Charlotte_of_Belgium_%281840-1927%29.jpg", "og:image:width": "640", "og:image:height": "816", "og:title": "File:Princess Charlotte of Belgium (1840-1927).jpg - Wikimedia Commons", "og:type": "website"}, "text": "\n\n\nDescriptionPrincess Charlotte of Belgium (1840-1927).jpg\n\nEnglish:  =Princess Charlotte of Belgium (later Empress of Mexico), 1852\n\n\nDate\n\n1852\n\n\nSource\n\nhttps://www.tumblr.com/search/charlotte%20of%20mexico\n\n\nAuthor\n\nJohn Phillip (1817\u20131867)\n\n\nOther versions\n\n\n\n\n"}, {"url": "https://commons.wikimedia.org/wiki/File:Princess_Charlotte_of_Belgium,_later_Empress_of_Mexico.jpg", "metadata": {"og:image": "https://upload.wikimedia.org/wikipedia/commons/thumb/c/ca/Princess_Charlotte_of_Belgium%2C_later_Empress_of_Mexico.jpg/640px-Princess_Charlotte_of_Belgium%2C_later_Empress_of_Mexico.jpg", "og:image:width": "640", "og:image:height": "881", "og:title": "File:Princess Charlotte of Belgium, later Empress of Mexico.jpg - Wikimedia Commons", "og:type": "website"}, "text": "\n\n\nDescriptionPrincess Charlotte of Belgium, later Empress of Mexico.jpg\n\nEnglish:  Princess Charlotte of Belgium, later Empress of Mexico\n\n\nDate\n\nlate 1840s\n\n\nSource\n\nRoyal Collection RCIN 614168 \n\n\nAuthor\n\n\n\n\n\nAfter Franz Xaver Winterhalter\n\u00a0(1805\u20131873)\u00a0\u00a0 \u00a0\n\n\n\n\n\nDescription\nGerman- painter, lithographer, drawer, portrait painter and visual artist\n\nDate of birth/death\n\n20 April 1805\u00a0\n8 July 1873\u00a0\n\nLocation of birth/death\n\nMenzenschwand\nFrankfurt\n\nWork period\n1863\u00a0\n\nWork location\n\nParis; Belgium; Freiburg im Breisgau; Karlsruhe; Munich; Kingdom of Italy; Russia; Spain; United Kingdom of Great Britain and Ireland\u00a0\n\nAuthority file\n\n: Q168659\nVIAF:\u200936949805\nISNI:\u20090000000116211257\nULAN:\u2009500007953\nLCCN:\u2009nr88006766\nWGA:\u2009w/winterhx\nWorldCat\n\n\n\ncreator QS:P170,Q4233718,P1877,Q168659\n\n\n"}, {"url": "https://commons.wikimedia.org/wiki/File:Retour_apr%C3%A8s_la_b%C3%A9n%C3%A9diction_nuptiale_lors_du_mariage_de_la_princesse_Charlotte_de_Belgique_avec_l%E2%80%99archiduc_Maximilien_d%E2%80%99Autriche_le_27_juillet_1857.jpg", "metadata": {"og:image": "https://upload.wikimedia.org/wikipedia/commons/thumb/b/b7/Retour_apr%C3%A8s_la_b%C3%A9n%C3%A9diction_nuptiale_lors_du_mariage_de_la_princesse_Charlotte_de_Belgique_avec_l%E2%80%99archiduc_Maximilien_d%E2%80%99Autriche_le_27_juillet_1857.jpg/640px-Retour_apr%C3%A8s_la_b%C3%A9n%C3%A9diction_nuptiale_lors_du_mariage_de_la_princesse_Charlotte_de_Belgique_avec_l%E2%80%99archiduc_Maximilien_d%E2%80%99Autriche_le_27_juillet_1857.jpg", "og:image:width": "640", "og:image:height": "443", "og:title": "File:Retour apr\u00e8s la b\u00e9n\u00e9diction nuptiale lors du mariage de la princesse Charlotte de Belgique avec l\u2019archiduc Maximilien d\u2019Autriche le 27 juillet 1857.jpg - Wikimedia Commons", "og:type": "website"}, "text": "\n\n\nDescriptionRetour apr\u00e8s la b\u00e9n\u00e9diction nuptiale lors du mariage de la princesse Charlotte de Belgique avec l\u2019archiduc Maximilien d\u2019Autriche le 27 juillet 1857.jpg\n\nFran\u00e7ais\u00a0:  Retour apr\u00e8s la b\u00e9n\u00e9diction nuptiale lors du mariage de la princesse Charlotte de Belgique avec l\u2019archiduc Maximilien d\u2019Autriche, Palais royal (Bruxelles), le 27 juillet 1857.\n\n\nDate\n\n1857\n\n\nSource\n\nLe Monde illustr\u00e9 (France), 15 August 1857, p.\u00a0 1.\n\n\nAuthor\n\nUnknown authorUnknown author\n\nTechniqueInfoFieldwood engraving print\n\nSizeInfoFieldheight: 16 cm (6.2 in); width: 23 cm (9 in)dimensions QS:P2048,16U174728dimensions QS:P2049,23U174728\n\nInscriptionsInfoFieldUnsigned\n\nOriginal captionInfoFieldMariage de LL.\u00a0AA.\u00a0I. et R., l\u2019archiduc Maximilien et la princesse Charlotte. Retour apr\u00e8s la b\u00e9n\u00e9diction nuptiale.\n\nScanned byInfoField\u00c9ric Dod\u00e9mont (Dodeeric)\n\n\n"}, {"url": "https://commons.wikimedia.org/wiki/File:The_Empress_of_Mexico_(Charlotte_of_Belgium).jpg", "metadata": {"og:image": "https://upload.wikimedia.org/wikipedia/commons/thumb/7/78/The_Empress_of_Mexico_%28Charlotte_of_Belgium%29.jpg/640px-The_Empress_of_Mexico_%28Charlotte_of_Belgium%29.jpg", "og:image:width": "640", "og:image:height": "986", "og:title": "File:The Empress of Mexico (Charlotte of Belgium).jpg - Wikimedia Commons", "og:type": "website"}, "text": "\n\n\nDescriptionThe Empress of Mexico (Charlotte of Belgium).jpg\n\nEnglish:  Charlotte of Belgium, Empress of Mexico\nDeutsch:  Charlotte, Prinzessin von Belgien, Kaiserin von Mexiko\n\n\nDate\n\ncirca 1864date QS:P,+1864-00-00T00:00:00Z/9,P1480,Q5727902\n\n\nSource\n\nFitzgerald Molloy: The Romance of Royalty, New York City, Dodd Mead & Co., 1904\n\n\nAuthor\n\nnot credited\n\n\n"}, {"url": "https://commons.wikimedia.org/wiki/File:Tlaxcala_-_Palacio_de_Gobierno_-_Kaiser_Maximilian.jpg", "metadata": {"og:image": "https://upload.wikimedia.org/wikipedia/commons/thumb/0/06/Tlaxcala_-_Palacio_de_Gobierno_-_Kaiser_Maximilian.jpg/640px-Tlaxcala_-_Palacio_de_Gobierno_-_Kaiser_Maximilian.jpg", "og:image:width": "640", "og:image:height": "480", "og:title": "File:Tlaxcala - Palacio de Gobierno - Kaiser Maximilian.jpg - Wikimedia Commons", "og:type": "website"}, "text": "\n\n\nDescriptionTlaxcala - Palacio de Gobierno - Kaiser Maximilian.jpg\n\nEnglish:  Tlaxcala city. Palacio de Gobierno: Murals - Mexican emperor Maximilian and empress Charlotte.\nDeutsch:  Tlaxcala city. Palacio de Gobierno: Wandgem\u00e4lde - Maximilian, Kaiser von Mexiko, und Kaiserin Charlotte.\n\n\nDate\n\n28 March 2008\n\n\nSource\n\nOwn work\n\n\nAuthor\n\nWolfgang Sauber\n\n\nPermission(Reusing this file)\n\nCOM:CRT/Mexico#Freedom of panorama\n\n\n"}, {"url": "https://commons.wikimedia.org/wiki/File:Visita_de_Maximiliano_y_Carlota_a_Pio_IX,_en_el_Vaticano_(cropped_2).png", "metadata": {"og:image": "https://upload.wikimedia.org/wikipedia/commons/4/4b/Visita_de_Maximiliano_y_Carlota_a_Pio_IX%2C_en_el_Vaticano_%28cropped_2%29.png", "og:image:width": "640", "og:image:height": "845", "og:title": "File:Visita de Maximiliano y Carlota a Pio IX, en el Vaticano (cropped 2).png - Wikimedia Commons", "og:type": "website"}, "text": "\n\n\n\nAgust\u00edn Casasola: Visita de Maximiliano y Carlota a Pio IX, en el Vaticano\n\u00a0\u00a0(  \u00a0)\n\n\nArtist\n\n\n\n\n\n\nAgust\u00edn Casasola\n\u00a0(1874\u20131938)\u00a0\u00a0 \u00a0\n\n\n\n\n\nAlternative names\n\nAgust\u00edn V\u00edctor Casasola\n\nDescription\nMexican painter, photographer and artist\n\nDate of birth/death\n\n28 July 1874 / 28 June 1874 / 1874\u00a0\n30 March 1938\u00a0\n\nLocation of birth/death\n\nMexico City\nMexico City\n\nWork period\n1983\u00a0\n\nWork location\n\nNetherlands\u00a0\n\nAuthority file\n\n: Q4694662\nVIAF:\u200961615089\nISNI:\u20090000000107825011\nULAN:\u2009500087066\nLCCN:\u2009n85161513\nOpen Library:\u2009OL6404378A\nWorldCat\n\n\n\nartist QS:P170,Q4694662\n\n\nAuthor\n\n\nInstituto Nacional de Antropolog\u00eda e Historia (INAH)\n\n\nTitle\n\n\nVisita de Maximiliano y Carlota a Pio IX, en el Vaticano\n\n\nDescription\n\n\nEnglish:  Fotografhy of a lithograph of Maximilian I and Charlotte of Mexico in RomeEspa\u00f1ol:  Fotograf\u00eda de una litograf\u00eda de Maximiliano I y Carlota de M\u00e9xico en Roma\n\n\nDate\n\nEnglish:  c. 1861 (lithograph's date) / 1950-1955 (fotography's date)Espa\u00f1ol:  c. 1861 (fecha de la litograf\u00eda) / 1950-1955 (fecha de la fotograf\u00eda)\n\n\nMedium\n\nEnglish:  FotographyEspa\u00f1ol:  Fotograf\u00eda\n\n\nCollection\n\n\n\n\nFototeca Nacional\n\u00a0\u00a0\n\n\n\n\n\nParent institution\nInstituto Nacional de Antropolog\u00eda e Historia\u00a0\n\nLocation\nHidalgo\u00a0, Mexico\n\nCoordinates\n20\u00b0\u00a007\u2032\u00a015.07\u2033\u00a0N, 98\u00b0\u00a043\u2032\u00a053.66\u2033\u00a0W  \u00a0\n\nEstablished\n1976\u00a0\n\nWebsite\nmediateca.inah.gob.mx\u00a0\n\nAuthority file\n\n: Q66432183\n\n\n\ninstitution QS:P195,Q66432183\n\n\nNotes\n\nEnglish:  The image compared to the original has been croppedEspa\u00f1ol:  La imagen en comparaci\u00f3n de la original ha sido recortada\n\n\nSource/Photographer\n\nhttps://mediateca.inah.gob.mx/islandora_74/islandora/object/fotografia%3A189501\n\n\n"}, {"url": "https://commons.wikimedia.org/wiki/File:Visita_de_Maximiliano_y_Carlota_a_Pio_IX,_en_el_Vaticano_(cropped).png", "metadata": {"og:image": "https://upload.wikimedia.org/wikipedia/commons/2/27/Visita_de_Maximiliano_y_Carlota_a_Pio_IX%2C_en_el_Vaticano_%28cropped%29.png", "og:image:width": "640", "og:image:height": "1013", "og:title": "File:Visita de Maximiliano y Carlota a Pio IX, en el Vaticano (cropped).png - Wikimedia Commons", "og:type": "website"}, "text": "\n\n\n\nAgust\u00edn Casasola: Visita de Maximiliano y Carlota a Pio IX, en el Vaticano\n\u00a0\u00a0(  \u00a0)\n\n\nArtist\n\n\n\n\n\n\nAgust\u00edn Casasola\n\u00a0(1874\u20131938)\u00a0\u00a0 \u00a0\n\n\n\n\n\nAlternative names\n\nAgust\u00edn V\u00edctor Casasola\n\nDescription\nMexican painter, photographer and artist\n\nDate of birth/death\n\n28 July 1874 / 28 June 1874 / 1874\u00a0\n30 March 1938\u00a0\n\nLocation of birth/death\n\nMexico City\nMexico City\n\nWork period\n1983\u00a0\n\nWork location\n\nNetherlands\u00a0\n\nAuthority file\n\n: Q4694662\nVIAF:\u200961615089\nISNI:\u20090000000107825011\nULAN:\u2009500087066\nLCCN:\u2009n85161513\nOpen Library:\u2009OL6404378A\nWorldCat\n\n\n\nartist QS:P170,Q4694662\n\n\nAuthor\n\n\nInstituto Nacional de Antropolog\u00eda e Historia (INAH)\n\n\nTitle\n\n\nVisita de Maximiliano y Carlota a Pio IX, en el Vaticano\n\n\nDescription\n\n\nEnglish:  Fotografhy of a lithograph of Maximilian I and Charlotte of Mexico in RomeEspa\u00f1ol:  Fotograf\u00eda de una litograf\u00eda de Maximiliano I y Carlota de M\u00e9xico en Roma\n\n\nDate\n\nEnglish:  c. 1861 (lithograph's date) / 1950-1955 (fotography's date)Espa\u00f1ol:  c. 1861 (fecha de la litograf\u00eda) / 1950-1955 (fecha de la fotograf\u00eda)\n\n\nMedium\n\nEnglish:  FotographyEspa\u00f1ol:  Fotograf\u00eda\n\n\nCollection\n\n\n\n\nFototeca Nacional\n\u00a0\u00a0\n\n\n\n\n\nParent institution\nInstituto Nacional de Antropolog\u00eda e Historia\u00a0\n\nLocation\nHidalgo\u00a0, Mexico\n\nCoordinates\n20\u00b0\u00a007\u2032\u00a015.07\u2033\u00a0N, 98\u00b0\u00a043\u2032\u00a053.66\u2033\u00a0W  \u00a0\n\nEstablished\n1976\u00a0\n\nWebsite\nmediateca.inah.gob.mx\u00a0\n\nAuthority file\n\n: Q66432183\n\n\n\ninstitution QS:P195,Q66432183\n\n\nNotes\n\nEnglish:  The image compared to the original has been croppedEspa\u00f1ol:  La imagen en comparaci\u00f3n de la original ha sido recortada\n\n\nSource/Photographer\n\nhttps://mediateca.inah.gob.mx/islandora_74/islandora/object/fotografia%3A189501\n\n\n"}, {"url": "https://commons.wikimedia.org/wiki/File:Visite_de_Maximilien_et_Charlotte_au_pape_Pie_IX_le_19_avril_1864.jpg", "metadata": {"og:image": "https://upload.wikimedia.org/wikipedia/commons/thumb/9/90/Visite_de_Maximilien_et_Charlotte_au_pape_Pie_IX_le_19_avril_1864.jpg/640px-Visite_de_Maximilien_et_Charlotte_au_pape_Pie_IX_le_19_avril_1864.jpg", "og:image:width": "640", "og:image:height": "451", "og:title": "File:Visite de Maximilien et Charlotte au pape Pie IX le 19 avril 1864.jpg - Wikimedia Commons", "og:type": "website"}, "text": "\n\n\nDescriptionVisite de Maximilien et Charlotte au pape Pie IX le 19 avril 1864.jpg\n\nFran\u00e7ais\u00a0:  Visite de l\u2019empereur Maximilien et de l\u2019imp\u00e9ratrice Charlotte du Mexique au pape Pie\u00a0IX, Palais Marescotti (Vatican), le 19 avril 1864. \u2014 Maximilien et Charlotte ont une conversation avec le pape et \u00e0 la fin de celle-ci, ils re\u00e7oivent sa b\u00e9n\u00e9diction. Apr\u00e8s cette visite, ils s\u2019embarqueront pour le Mexique. Charlotte porte une robe noire et une mantille d\u2019\u00e9tiquette sur la t\u00eate, tandis que Maximilien est en uniforme.\n\n\nDate\n\n1864\n\n\nSource\n\nL\u2019Illustration (France), 7 May 1864, p.\u00a0296/8.\n\n\nAuthor\n\nengraver: \n\n\n\nJoseph Burn Smeeton\n\u00a0(\u20131890)\u00a0\u00a0 \u00a0\n\n\n\n\n\nAlternative names\n\nBurn Smeeton; Cosson & Smeeton\n\nDescription\nscientific illustrator, engraver and painter\n\nDate of birth/death\n\n1815 / 1817\u00a0\nNovember 1890\u00a0\n\nLocation of birth/death\n\nLondon\nParis\n\nWork period\n1840\u00a0\u20131880\u00a0\n\nAuthority file\n\n: Q53507262\nVIAF:\u2009228059976\nGND:\u2009136058043\nSUDOC:\u2009137397186\nBNF:\u200913743684v\nBNE:\u2009XX1507918\n\n\n\ncreator QS:P170,Q53507262\n\n\n\nJoachim-Jean Cosson\n\u00a0(fl. 1840\u20131880)\u00a0\u00a0 \u00a0\n\n\nDescription\nFrench engraver\n\nWork period\n1840\u00a0\u20131880\u00a0\n\nAuthority file\n\n: Q124284714\n\n\n\ncreator QS:P170,Q124284714\nAfter (sketch): Laufberger\n\nTechniqueInfoFieldwood engraving print\n\nSizeInfoFieldheight: 22 cm (8.6 in); width: 32 cm (12.5 in)dimensions QS:P2048,22U174728dimensions QS:P2049,32U174728\n\nInscriptionsInfoFieldSignature bottom left:  \nPauquef\u00a0?\n\nSignature bottom center:  \n\nCOSSON SMEETON\n\n\nOriginal captionInfoFieldEntrevue de S.S. le pape et de LL. MM. l\u2019empereur et l\u2019imp\u00e9ratrice du Mexique au palais Marescotti. D\u2019apr\u00e8s un croquis de M. Laufberger.\n\nScanned byInfoField\u00c9ric Dod\u00e9mont (Dodeeric)\n\n\n"}, {"url": "https://commons.wikimedia.org/wiki/File:Visite_de_Maximilien_et_Charlotte_%C3%A0_l%27empereur_Napol%C3%A9on_III_le_5_mars_1864.jpg", "metadata": {"og:image": "https://upload.wikimedia.org/wikipedia/commons/thumb/9/93/Visite_de_Maximilien_et_Charlotte_%C3%A0_l%27empereur_Napol%C3%A9on_III_le_5_mars_1864.jpg/640px-Visite_de_Maximilien_et_Charlotte_%C3%A0_l%27empereur_Napol%C3%A9on_III_le_5_mars_1864.jpg", "og:image:width": "640", "og:image:height": "482", "og:title": "File:Visite de Maximilien et Charlotte \u00e0 l'empereur Napol\u00e9on III le 5 mars 1864.jpg - Wikimedia Commons", "og:type": "website"}, "text": "\n\n\nDescriptionVisite de Maximilien et Charlotte \u00e0 l'empereur Napol\u00e9on III le 5 mars 1864.jpg\n\nFran\u00e7ais\u00a0:  Visite de l\u2019empereur Maximilien et de l\u2019imp\u00e9ratrice Charlotte du Mexique \u00e0 l\u2019empereur Napol\u00e9on\u00a0III, palais des Tuileries (France), le 5 mars 1864. \u2014 L\u2019empereur Napol\u00e9on\u00a0III descend quelques marches pour accueillir Maximilien et Charlotte, tandis que l\u2019imp\u00e9ratrice Eug\u00e9nie attend \u00e0 la porte d\u2019un salon. Durant une semaine, Maximilien aura des discussions avec Napol\u00e9on\u00a0III concernant le Mexique, mais assistera aussi avec Charlotte \u00e0 des spectacles, des concerts, des visites de mus\u00e9es, et participera m\u00eame \u00e0 une classique chasse \u00e0 Versailles.\n\n\nDate\n\n1864\n\n\nSource\n\nL\u2019Illustration (France), 12 March 1864, p. 161 [front-page]\n\n\nAuthor\n\nengraver: \n\n\n\nJoseph Burn Smeeton\n\u00a0(\u20131890)\u00a0\u00a0 \u00a0\n\n\n\n\n\nAlternative names\n\nBurn Smeeton; Cosson & Smeeton\n\nDescription\nscientific illustrator, engraver and painter\n\nDate of birth/death\n\n1815 / 1817\u00a0\nNovember 1890\u00a0\n\nLocation of birth/death\n\nLondon\nParis\n\nWork period\n1840\u00a0\u20131880\u00a0\n\nAuthority file\n\n: Q53507262\nVIAF:\u2009228059976\nGND:\u2009136058043\nSUDOC:\u2009137397186\nBNF:\u200913743684v\nBNE:\u2009XX1507918\n\n\n\ncreator QS:P170,Q53507262\n\n\n\nJoachim-Jean Cosson\n\u00a0(fl. 1840\u20131880)\u00a0\u00a0 \u00a0\n\n\nDescription\nFrench engraver\n\nWork period\n1840\u00a0\u20131880\u00a0\n\nAuthority file\n\n: Q124284714\n\n\n\ncreator QS:P170,Q124284714\nAfter (sketch): L. Moullin\n\nTechniqueInfoFieldwood engraving print\n\nSizeInfoFieldheight: 16 cm (6.2 in); width: 22 cm (8.6 in)dimensions QS:P2048,16U174728dimensions QS:P2049,22U174728\n\nInscriptionsInfoFieldSignature bottom center:  \nCOSSON SMEETON\n\n\nOriginal captionInfoFieldR\u00e9ception de LL. AA. II. l\u2019archiduc Maximilien et l\u2019archiduchesse Charlotte au palais des Tuileries. D\u2019apr\u00e8s un croquis de M. L. Moullin.\n\nScanned byInfoField\u00c9ric Dod\u00e9mont (Dodeeric)\n\n\n"}, {"url": "https://commons.wikimedia.org/wiki/File:Visite_de_Maximilien_et_Charlotte_%C3%A0_T%C3%A9touan_en_mars_1860.jpg", "metadata": {"og:image": "https://upload.wikimedia.org/wikipedia/commons/thumb/7/74/Visite_de_Maximilien_et_Charlotte_%C3%A0_T%C3%A9touan_en_mars_1860.jpg/640px-Visite_de_Maximilien_et_Charlotte_%C3%A0_T%C3%A9touan_en_mars_1860.jpg", "og:image:width": "640", "og:image:height": "509", "og:title": "File:Visite de Maximilien et Charlotte \u00e0 T\u00e9touan en mars 1860.jpg - Wikimedia Commons", "og:type": "website"}, "text": "\n\n\nDescriptionVisite de Maximilien et Charlotte \u00e0 T\u00e9touan en mars 1860.jpg\n\nFran\u00e7ais\u00a0:  Visite des archiducs Maximilien et Charlotte \u00e0 T\u00e9touan (Maroc), mars 1860. \u2014 On aper\u00e7oit Charlotte et Maximilien, en uniforme d\u2019amiral, \u00e0 la sortie de l\u2019\u00e9glise, o\u00f9 les attend le mar\u00e9chal O\u2019Donnell, chef de l\u2019arm\u00e9e espagnole, et son \u00e9tat-major.\n\n\nDate\n\n1860\n\n\nSource\n\nLe Monde illustr\u00e9 (France), 7 April 1860, p.\u00a0225/1.\n\n\nAuthor\n\ndrawer: \n\n\n\nGustave Janet\n\u00a0(1829\u20131898)\u00a0\u00a0 \u00a0\n\n\n\n\n\nAlternative names\n\nJanet\n\nDescription\nFrench drawer\n\nDate of birth/death\n\n10 January 1829\u00a0\n2 April 1898\u00a0\n\nLocation of birth/death\n\nformer 10th arrondissement of Paris\nUnknown\n\nAuthority file\n\n: Q18508256\nVIAF:\u200991524218\nISNI:\u20090000000109241714\nULAN:\u2009500148102\nLCCN:\u2009nr92026023\nNLA:\u200935115829\nWorldCat\n\n\n\ncreator QS:P170,Q18508256\nengraver: Dumin.After (sketch): Charles Yriarte (1832-1898).\n\nTechniqueInfoFieldwood engraving print\n\nSizeInfoFieldheight: 18 cm (7 in); width: 22 cm (8.6 in)dimensions QS:P2048,18U174728dimensions QS:P2049,22U174728\n\nInscriptionsInfoFieldSignature bottom left:  \nGus Janet\n\nSignature bottom right:  \n\nDumin\n\n\nOriginal captionInfoFieldVisite du grand-duc (sic) Maximilien d\u2019Autriche et de la princesse Charlotte de Belgique \u00e0 T\u00e9tuan. Sortie de l\u2019\u00e9glise. D\u2019apr\u00e8s un croquis de notre correspondant M. Yriarte.\n\nScanned byInfoField\u00c9ric Dod\u00e9mont (Dodeeric)\n\n\n"}, {"url": "https://commons.wikimedia.org/wiki/File:%D0%A8%D0%B0%D1%80%D0%BB%D0%BE%D1%82%D1%82%D0%B0_%D0%91%D0%B5%D0%BB%D1%8C%D0%B3%D0%B8%D0%B9%D1%81%D0%BA%D0%B0%D1%8F,_%D0%B8%D0%BC%D0%BF%D0%B5%D1%80%D0%B0%D1%82%D1%80%D0%B8%D1%86%D0%B0_%D0%9C%D0%B5%D0%BA%D1%81%D0%B8%D0%BA%D0%B8.jpg", "metadata": {"og:image": "https://upload.wikimedia.org/wikipedia/commons/thumb/f/f8/%D0%A8%D0%B0%D1%80%D0%BB%D0%BE%D1%82%D1%82%D0%B0_%D0%91%D0%B5%D0%BB%D1%8C%D0%B3%D0%B8%D0%B9%D1%81%D0%BA%D0%B0%D1%8F%2C_%D0%B8%D0%BC%D0%BF%D0%B5%D1%80%D0%B0%D1%82%D1%80%D0%B8%D1%86%D0%B0_%D0%9C%D0%B5%D0%BA%D1%81%D0%B8%D0%BA%D0%B8.jpg/640px-%D0%A8%D0%B0%D1%80%D0%BB%D0%BE%D1%82%D1%82%D0%B0_%D0%91%D0%B5%D0%BB%D1%8C%D0%B3%D0%B8%D0%B9%D1%81%D0%BA%D0%B0%D1%8F%2C_%D0%B8%D0%BC%D0%BF%D0%B5%D1%80%D0%B0%D1%82%D1%80%D0%B8%D1%86%D0%B0_%D0%9C%D0%B5%D0%BA%D1%81%D0%B8%D0%BA%D0%B8.jpg", "og:image:width": "640", "og:image:height": "729", "og:title": "File:\u0428\u0430\u0440\u043b\u043e\u0442\u0442\u0430 \u0411\u0435\u043b\u044c\u0433\u0438\u0439\u0441\u043a\u0430\u044f, \u0438\u043c\u043f\u0435\u0440\u0430\u0442\u0440\u0438\u0446\u0430 \u041c\u0435\u043a\u0441\u0438\u043a\u0438.jpg - Wikimedia Commons", "og:type": "website"}, "text": "\n\n\nDescription\u0428\u0430\u0440\u043b\u043e\u0442\u0442\u0430 \u0411\u0435\u043b\u044c\u0433\u0438\u0439\u0441\u043a\u0430\u044f, \u0438\u043c\u043f\u0435\u0440\u0430\u0442\u0440\u0438\u0446\u0430 \u041c\u0435\u043a\u0441\u0438\u043a\u0438.jpg\n\nEnglish:  \u0428\u0430\u0440\u043b\u043e\u0442\u0442\u0430 \u0411\u0435\u043b\u044c\u0433\u0438\u0439\u0441\u043a\u0430\u044f, \u0438\u043c\u043f\u0435\u0440\u0430\u0442\u0440\u0438\u0446\u0430 \u041c\u0435\u043a\u0441\u0438\u043a\u0438\n\n\nDate\n\n1850\n\n\nSource\n\nhttps://www.pinterest.ru/DerekJuliElyar/him-empress-carlota-of-mexico/\n\n\nAuthor\n\nUnknown authorUnknown author\n\n\n"}]