[{"url": "https://commons.wikimedia.org/wiki/File:Accueil_de_la_princesse_St%C3%A9phanie_de_Belgique_par_le_bourgmestre_lors_de_son_mariage_avec_l%27archiduc_Rodolphe_d%27Autriche_le_10_mai_1881_-_The_Graphic.jpg", "metadata": {"og:image": "https://upload.wikimedia.org/wikipedia/commons/thumb/0/06/Accueil_de_la_princesse_St%C3%A9phanie_de_Belgique_par_le_bourgmestre_lors_de_son_mariage_avec_l%27archiduc_Rodolphe_d%27Autriche_le_10_mai_1881_-_The_Graphic.jpg/640px-Accueil_de_la_princesse_St%C3%A9phanie_de_Belgique_par_le_bourgmestre_lors_de_son_mariage_avec_l%27archiduc_Rodolphe_d%27Autriche_le_10_mai_1881_-_The_Graphic.jpg", "og:image:width": "640", "og:image:height": "474", "og:title": "File:Accueil de la princesse St\u00e9phanie de Belgique par le bourgmestre lors de son mariage avec l'archiduc Rodolphe d'Autriche le 10 mai 1881 - The Graphic.jpg - Wikimedia Commons", "og:type": "website"}, "text": "\n\n\n\nArtist\n\n\nsigned (bottom left)\n\n\nAuthor\n\n\nThe Graphic\n\n\nDescription\n\n\nEnglish:  The Royal Wedding in Austria. Illustration for The Graphic, 21 May 1881. reference\nPrincess St\u00e9phanie of Belgium is welcomed by the mayor during her marriage to Archduke Rudolph of Austria, Vienna (Austria), 10 May 1881.\nFran\u00e7ais\u00a0:  Accueil de la princesse St\u00e9phanie de Belgique par le bourgmestre lors de son mariage avec l\u2019archiduc Rodolphe d\u2019Autriche, Vienne (Autriche), le 10 mai 1881.\nNederlands:  Prinses Stefanie van Belgi\u00eb wordt verwelkomd door de burgemeester tijdens haar huwelijk met aartshertog Rudolf van Oostenrijk, Wenen (Oostenrijk), 10 mei 1881.\n\n\nDate\n\n21 May 1881date QS:P571,+1881-05-21T00:00:00Z/11\n\n\nSource/Photographer\n\nThe Graphic (United Kingdom), 21 May 1881, p.\u00a0492.\n\nTechniqueInfoFieldwood engraving print\n\nSizeInfoFieldheight: 17 cm (6.6 in); width: 23 cm (9 in)dimensions QS:P2048,17U174728dimensions QS:P2049,23U174728\n\nInscriptionsInfoField\n\nOriginal captionInfoFieldThe royal wedding in Austria. State entry of the Princess St\u00e9phanie into Vienna. The burgomaster presenting the address of welcome.\n\nScanned byInfoField\u00c9ric Dod\u00e9mont (Dodeeric)\n\n\n"}, {"url": "https://commons.wikimedia.org/wiki/File:Accueil_de_la_princesse_St%C3%A9phanie_de_Belgique_par_le_bourgmestre_lors_de_son_mariage_avec_l%E2%80%99archiduc_Rodolphe_d%E2%80%99Autriche_le_10_mai_1881.jpg", "metadata": {"og:image": "https://upload.wikimedia.org/wikipedia/commons/thumb/1/1f/Accueil_de_la_princesse_St%C3%A9phanie_de_Belgique_par_le_bourgmestre_lors_de_son_mariage_avec_l%E2%80%99archiduc_Rodolphe_d%E2%80%99Autriche_le_10_mai_1881.jpg/640px-Accueil_de_la_princesse_St%C3%A9phanie_de_Belgique_par_le_bourgmestre_lors_de_son_mariage_avec_l%E2%80%99archiduc_Rodolphe_d%E2%80%99Autriche_le_10_mai_1881.jpg", "og:image:width": "640", "og:image:height": "451", "og:title": "File:Accueil de la princesse St\u00e9phanie de Belgique par le bourgmestre lors de son mariage avec l\u2019archiduc Rodolphe d\u2019Autriche le 10 mai 1881.jpg - Wikimedia Commons", "og:type": "website"}, "text": "\n\n\nDescriptionAccueil de la princesse St\u00e9phanie de Belgique par le bourgmestre lors de son mariage avec l\u2019archiduc Rodolphe d\u2019Autriche le 10 mai 1881.jpg\n\nEnglish:  Princess St\u00e9phanie of Belgium is welcomed by the mayor during her marriage to Archduke Rudolph of Austria, Vienna (Austria), 10 May 1881.\nFran\u00e7ais\u00a0:  Accueil de la princesse St\u00e9phanie de Belgique par le bourgmestre lors de son mariage avec l\u2019archiduc Rodolphe d\u2019Autriche, Vienne (Autriche), le 10 mai 1881.\nNederlands:  Prinses Stefanie van Belgi\u00eb wordt verwelkomd door de burgemeester tijdens haar huwelijk met aartshertog Rudolf van Oostenrijk, Wenen (Oostenrijk), 10 mei 1881.\n\n\nDate\n\n1881\n\n\nSource\n\nLe Monde illustr\u00e9 (France), 21 May 1881, p.\u00a0344-345.\n\n\nAuthor\n\ndrawer: \n\n\n\nFr\u00e9d\u00e9ric de Haenen\n\u00a0(1853\u20131929)\u00a0\u00a0\u00a0 \u00a0\n\n\n\n\n\nAlternative names\n\nF. de Haenen\n\nDescription\nDutch-French painter and drawer\n\nDate of birth/death\n\n1853\u00a0\n1 June 1929\u00a0\n\nLocation of birth/death\n\nUtrecht\n\u00cele-de-Br\u00e9hat\n\nWork period\n1896\u00a0\n\nAuthority file\n\n: Q18115931\nVIAF:\u200976584192\nISNI:\u20090000000002707908\nLCCN:\u2009no2015080533\nGND:\u20091161044183\nSUDOC:\u2009165026472\nWorldCat\n\n\n\ncreator QS:P170,Q18115931\nengraver: \n\n\n\nAuguste-Louis Lep\u00e8re\n\u00a0(1849\u20131918)\u00a0\u00a0\u00a0 \u00a0\n\n\n\n\n\nDescription\nFrench painter, engraver, illustrator, graphic artist, drawer and visual artist\n\nDate of birth/death\n\n30 November 1849\u00a0\n20 November 1918 / 20 November 1919 / 1918\u00a0\n\nLocation of birth/death\n\nParis\nDomme\n\nWork period\n1869\u00a0\u20131918\u00a0\n\nWork location\n\nNetherlands (1901); Amsterdam (1901)\u00a0\n\nAuthority file\n\n: Q2871286\nVIAF:\u200959121898\nISNI:\u20090000000109054775\nULAN:\u2009500018893\nLCCN:\u2009n82240734\nOpen Library:\u2009OL2421891A\nWorldCat\n\n\n\ncreator QS:P170,Q2871286\nAfter (sketch):\n\n\n\nWilhelm Gause\n\u00a0(1853\u20131916)\u00a0\u00a0 \u00a0\n\n\n\n\n\nAlternative names\n\ngause wilhelm; wilhelm gause; w. gause\n\nDescription\nGerman-Austrian painter and illustrator\n\nDate of birth/death\n\n27 March 1853\u00a0\n13 June 1916\u00a0\n\nLocation of birth/death\n\nKrefeld\nStein an der Donau\n\nAuthority file\n\n: Q16853517\nVIAF:\u2009229494\nISNI:\u20090000000066560781\nULAN:\u2009500045274\nGND:\u2009123031427\nSUDOC:\u2009073391662\n\n\n\ncreator QS:P170,Q16853517\n\nTechniqueInfoFieldwood engraving print\n\nSizeInfoFieldheight: 31 cm (12.2 in); width: 45 cm (17.7 in)dimensions QS:P2048,31U174728dimensions QS:P2049,45U174728\n\nInscriptionsInfoFieldSignature bottom left:  \nHaenen / W Gause (Not visible on the scan)\n\nSignature bottom right:  \n\nA LEPERE (Not visible on the scan)\n\n\nOriginal captionInfoFieldAutriche-Hongrie. Le mariage du prince Rodolphe et de la princesse St\u00e9phanie. Entr\u00e9e solennelle \u00e0 Vienne. Le bourgmestre re\u00e7oit la princesse \u00e0 l\u2019entr\u00e9e du faubourg de la Wieden, pr\u00e8s du pont \u00c9lisabeth. Dessin de M. de Haenen, d\u2019apr\u00e8s le croquis de M. Gause, notre correspondant sp\u00e9cial.\n\nScanned byInfoField\u00c9ric Dod\u00e9mont (Dodeeric)\n\n\n"}, {"url": "https://commons.wikimedia.org/wiki/File:Aubade_%C3%A0_l%27occasion_du_mariage_de_la_princesse_St%C3%A9phanie_avec_l%27archiduc_Rodolphe_d%27Autriche_le_20_mai_1880.jpg", "metadata": {"og:image": "https://upload.wikimedia.org/wikipedia/commons/thumb/2/2d/Aubade_%C3%A0_l%27occasion_du_mariage_de_la_princesse_St%C3%A9phanie_avec_l%27archiduc_Rodolphe_d%27Autriche_le_20_mai_1880.jpg/640px-Aubade_%C3%A0_l%27occasion_du_mariage_de_la_princesse_St%C3%A9phanie_avec_l%27archiduc_Rodolphe_d%27Autriche_le_20_mai_1880.jpg", "og:image:width": "640", "og:image:height": "481", "og:title": "File:Aubade \u00e0 l'occasion du mariage de la princesse St\u00e9phanie avec l'archiduc Rodolphe d'Autriche le 20 mai 1880.jpg - Wikimedia Commons", "og:type": "website"}, "text": "\n\n\nDescriptionAubade \u00e0 l'occasion du mariage de la princesse St\u00e9phanie avec l'archiduc Rodolphe d'Autriche le 20 mai 1880.jpg\n\nFran\u00e7ais\u00a0:  Aubade \u00e0 l\u2019occasion du mariage de la princesse St\u00e9phanie de Belgique avec l\u2019archiduc Rodolphe d\u2019Autriche, ch\u00e2teau de Laeken, le 20 mai 1880.\n\n\nDate\n\n1880\n\n\nSource\n\nL\u2019Illustration nationale (Belgium), 30 May 1880, p.\u00a08.\n\n\nAuthor\n\nengraver: Joseph Smeeton, Auguste Tilly.\n\nTechniqueInfoFieldwood engraving print\n\nSizeInfoFieldheight: 15 cm (5.9 in); width: 21 cm (8.2 in)dimensions QS:P2048,15U174728dimensions QS:P2049,21U174728\n\nInscriptionsInfoFieldSignature bottom right:  \nSMEETON-Tilly\n\n\nOriginal captionInfoFieldLe \u00ab\u00a0Wiener Maennergesang-Verein\u00a0\u00bb \u00e0 Bruxelles. L\u2019aubade dans la grande serre du ch\u00e2teau royal de Laeken, le 20 mai 1880.\n\nScanned byInfoField\u00c9ric Dod\u00e9mont (Dodeeric)\n\n\n"}, {"url": "https://commons.wikimedia.org/wiki/File:Austria_Silver_Medal_1881_Wedding_of_Crown_Prince_Rudolf_%26_Stephanie_of_Belgium,_obverse.jpg", "metadata": {"og:image": "https://upload.wikimedia.org/wikipedia/commons/thumb/1/1d/Austria_Silver_Medal_1881_Wedding_of_Crown_Prince_Rudolf_%26_Stephanie_of_Belgium%2C_obverse.jpg/640px-Austria_Silver_Medal_1881_Wedding_of_Crown_Prince_Rudolf_%26_Stephanie_of_Belgium%2C_obverse.jpg", "og:image:width": "640", "og:image:height": "628", "og:title": "File:Austria Silver Medal 1881 Wedding of Crown Prince Rudolf & Stephanie of Belgium, obverse.jpg - Wikimedia Commons", "og:type": "website"}, "text": "\n\n\nDescriptionAustria Silver Medal 1881 Wedding of Crown Prince Rudolf & Stephanie of Belgium, obverse.jpg\n\nEnglish:  Austria Silver Medal 1881 Wedding of Crown Prince Rudolf & Stephanie of Belgium\nMedallion d. = 55 mm. 82.04 g Ag\nRudolf, Crown Prince of Austria, 1858 - 1889 and Stephanie of Belgium, 1864 Brussels, Belgium - 1945 Pannonhalma Archabbey, Pannonhalma, Kingdom of Hungary\nAround conjoined bust r.: \"RVDOLF PR IMP AVSTR PR REG HVNG BOH A A ET STEPHANIA BELG REG FILIA\" / Curved below Hymen, in Hellenistic religion god of marriage: \"MATRIMONIO IVNCTI VINDOR X MAII MDCCCLXXXI\". Hallmark on edge. Wurzbach 8055\nMedallist: \nJos. (Johann Josef)  Tautenhayn, 1837 Wien - 1911 Vienna\n\nCondition:  Almost EXTREMELY FINE, much lustre\n\n\nDate\n\n1881\n\n\nSource\n\nOwn work\n\n\nAuthor\n\nBerlin-George\n\n\n"}, {"url": "https://commons.wikimedia.org/wiki/File:Austria_Silver_Medal_1881_Wedding_of_Crown_Prince_Rudolf_%26_Stephanie_of_Belgium,_reverse.jpg", "metadata": {"og:image": "https://upload.wikimedia.org/wikipedia/commons/thumb/2/2d/Austria_Silver_Medal_1881_Wedding_of_Crown_Prince_Rudolf_%26_Stephanie_of_Belgium%2C_reverse.jpg/640px-Austria_Silver_Medal_1881_Wedding_of_Crown_Prince_Rudolf_%26_Stephanie_of_Belgium%2C_reverse.jpg", "og:image:width": "640", "og:image:height": "628", "og:title": "File:Austria Silver Medal 1881 Wedding of Crown Prince Rudolf & Stephanie of Belgium, reverse.jpg - Wikimedia Commons", "og:type": "website"}, "text": "\n\n\nDescriptionAustria Silver Medal 1881 Wedding of Crown Prince Rudolf & Stephanie of Belgium, reverse.jpg\n\nEnglish:  Austria Silver Medal 1881 Wedding of Crown Prince Rudolf & Stephanie of Belgium\nMedallion d. = 55 mm. 82.04 g Ag\nRudolf, Crown Prince of Austria, 1858 - 1889 and Stephanie of Belgium, 1864 Brussels, Belgium - 1945 Pannonhalma Archabbey, Pannonhalma, Kingdom of Hungary\nAround conjoined bust r.: \"RVDOLF PR IMP AVSTR PR REG HVNG BOH A A ET STEPHANIA BELG REG FILIA\" / Curved below Hymen, in Hellenistic religion god of marriage: \"MATRIMONIO IVNCTI VINDOR X MAII MDCCCLXXXI\". Hallmark on edge. Wurzbach 8055\nMedallist: \nJos. (Johann Josef)  Tautenhayn, 1837 Wien - 1911 Vienna\n\nCondition:  Almost EXTREMELY FINE, much lustre\n\n\nDate\n\n1881\n\n\nSource\n\nOwn work\n\n\nAuthor\n\nBerlin-George\n\n\n"}, {"url": "https://commons.wikimedia.org/wiki/File:Crown_Prince_Rudolf_and_Crown_Princess_Stephanie_of_Austria-Hungary.jpg", "metadata": {"og:image": "https://upload.wikimedia.org/wikipedia/commons/thumb/7/70/Crown_Prince_Rudolf_and_Crown_Princess_Stephanie_of_Austria-Hungary.jpg/640px-Crown_Prince_Rudolf_and_Crown_Princess_Stephanie_of_Austria-Hungary.jpg", "og:image:width": "640", "og:image:height": "432", "og:title": "File:Crown Prince Rudolf and Crown Princess Stephanie of Austria-Hungary.jpg - Wikimedia Commons", "og:type": "website"}, "text": "\n\n\nDescriptionCrown Prince Rudolf and Crown Princess Stephanie of Austria-Hungary.jpg\n\nEnglish:  Crown Prince Rudolf and Crown Princess Stephanie of Austria-Hungary\n\n\nDate\n\nmid 1880s\n\n\nSource\n\nhttp://erzsebet-kiralyne.blog.cz/0902\n\n\nAuthor\n\nUnknown authorUnknown author\n\n\n"}, {"url": "https://commons.wikimedia.org/wiki/File:Crown_Prince_Rudolf_of_Austria-Hungary_with_his_family.jpg", "metadata": {"og:image": "https://upload.wikimedia.org/wikipedia/commons/d/d6/Crown_Prince_Rudolf_of_Austria-Hungary_with_his_family.jpg", "og:image:width": "640", "og:image:height": "886", "og:title": "File:Crown Prince Rudolf of Austria-Hungary with his family.jpg - Wikimedia Commons", "og:type": "website"}, "text": "\n\n\nDescriptionCrown Prince Rudolf of Austria-Hungary with his family.jpg\n\nEnglish:  Rudolf - Crown Prince of Austria-Hungary, with wife Stephanie, parents Emperor Franz Joseph I and Empress Elisabeth, parents-in-law King Leopold II of Belgium and Queen Marie Henriette.\n\n\nDate\n\n1881\n\n\nSource\n\nhttps://www.alamy.com/stock-photo-rudolf-2181858-3011889-crown-prince-of-austria-hungary-with-wife-stephanie-58427069.html?pv=1&stamp=2&imageid=7DE3C0F7-78B1-4231-A67C-706687C3092C&p=58868&n=0&orientation=0&pn=1&searchtype=0&IsFromSearch=1&srch=foo%3dbar%26st%3d0%26pn%3d1%26ps%3d100%26sortby%3d2%26resultview%3dsortbyPopular%26npgs%3d0%26qt%3dking%2520leopold%2520ii%2520of%2520belgium%26qt_raw%3dking%2520leopold%2520ii%2520of%2520belgium%26lic%3d3%26mr%3d0%26pr%3d0%26ot%3d0%26creative%3d%26ag%3d0%26hc%3d0%26pc%3d%26blackwhite%3d%26cutout%3d%26tbar%3d1%26et%3d0x000000000000000000000%26vp%3d0%26loc%3d0%26imgt%3d0%26dtfr%3d%26dtto%3d%26size%3d0xFF%26archive%3d1%26groupid%3d%26pseudoid%3d%26a%3d%26cdid%3d%26cdsrt%3d%26name%3d%26qn%3d%26apalib%3d%26apalic%3d%26lightbox%3d%26gname%3d%26gtype%3d%26xstx%3d0%26simid%3d%26saveQry%3d%26editorial%3d1%26nu%3d%26t%3d%26edoptin%3d%26customgeoip%3d%26cap%3d1%26cbstore%3d1%26vd%3d0%26lb%3d%26fi%3d2%26edrf%3d%26ispremium%3d1%26flip%3d0%26pl%3d\n\n\nAuthor\n\nUnknown authorUnknown author\n\n\n"}, {"url": "https://commons.wikimedia.org/wiki/File:Fian%C3%A7ailles_de_la_princesse_St%C3%A9phanie_avec_l%27archiduc_Rodolphe_en_1880_-_Janet.jpg", "metadata": {"og:image": "https://upload.wikimedia.org/wikipedia/commons/thumb/e/e9/Fian%C3%A7ailles_de_la_princesse_St%C3%A9phanie_avec_l%27archiduc_Rodolphe_en_1880_-_Janet.jpg/640px-Fian%C3%A7ailles_de_la_princesse_St%C3%A9phanie_avec_l%27archiduc_Rodolphe_en_1880_-_Janet.jpg", "og:image:width": "640", "og:image:height": "435", "og:title": "File:Fian\u00e7ailles de la princesse St\u00e9phanie avec l'archiduc Rodolphe en 1880 - Janet.jpg - Wikimedia Commons", "og:type": "website"}, "text": "\n\n\nDescriptionFian\u00e7ailles de la princesse St\u00e9phanie avec l'archiduc Rodolphe en 1880 - Janet.jpg\n\nFran\u00e7ais\u00a0:  R\u00e9ception lors des fian\u00e7ailles de la princesse St\u00e9phanie de Belgique avec l\u2019archiduc Rodolphe d\u2019Autriche, ch\u00e2teau de Laeken, le 7 mars 1880. \u2014 La r\u00e9ception \u00e0 lieu dans le Jardin d\u2019hiver \u00e0 l\u2019occasion des fian\u00e7ailles de St\u00e9phanie et Rodolphe, mais aussi de l\u2019inauguration du Jardin d\u2019hiver des serres du ch\u00e2teau de Laeken.\n\n\nDate\n\n1880\n\n\nSource\n\nLe Monde illustr\u00e9 (France), 10 April 1880, p.\u00a0228.\n\n\nAuthor\n\ndrawer:\n\n\n\nGustave Janet\n\u00a0(1829\u20131898)\u00a0\u00a0 \u00a0\n\n\n\n\n\nAlternative names\n\nJanet\n\nDescription\nFrench drawer\n\nDate of birth/death\n\n10 January 1829\u00a0\n2 April 1898\u00a0\n\nLocation of birth/death\n\nformer 10th arrondissement of Paris\nUnknown\n\nAuthority file\n\n: Q18508256\nVIAF:\u200991524218\nISNI:\u20090000000109241714\nULAN:\u2009500148102\nLCCN:\u2009nr92026023\nNLA:\u200935115829\nWorldCat\n\n\n\ncreator QS:P170,Q18508256\nengraver:\n\n\n\nHippolyte Constant Dutheil\n\u00a0(1842\u20131917)\u00a0\u00a0 \u00a0\n\n\nDescription\nFrench wood engraver\n\nDate of birth/death\n\n21 July 1842\u00a0\n1 April 1917\u00a0\n\nLocation of birth/death\n\nParis\nParis\n\nAuthority file\n\n: Q97577418\nVIAF:\u2009216145003298661300110\nISNI:\u20090000000057664618\nSUDOC:\u2009189346558\nBNF:\u200915964099h\n\n\n\ncreator QS:P170,Q97577418\nAfter (sketch):\n\n\n\nLeo von Elliot\n\u00a0(1816\u20131890)\u00a0\u00a0 \u00a0\n\n\n\n\n\nDescription\npainter\n\nDate of birth/death\n\n16 October 1816\u00a0\n11 July 1890\u00a0\n\nAuthority file\n\n: Q19289081\nVIAF:\u200969801882\nISNI:\u20090000000047399777\nLCCN:\u2009no2001088974\nGND:\u2009122118413\nBNF:\u200916173882q\nWorldCat\n\n\n\ncreator QS:P170,Q19289081\n\n\nOther versions\n\n\n\n\nFile:Fian\u00e7ailles de la princesse St\u00e9phanie avec l'archiduc Rodolphe en 1880.jpg\n\n\n\n\nTechniqueInfoFieldwood engraving print\n\nSizeInfoFieldheight: 21 cm (8.2 in); width: 31 cm (12.2 in)dimensions QS:P2048,21U174728dimensions QS:P2049,31U174728\n\nInscriptionsInfoFieldSignature bottom left:  \nG Janet\n\nSignature bottom right:  \n\nH DUTHEIL\n\n\nOriginal captionInfoFieldBelgique. Les fian\u00e7ailles de la princesse St\u00e9phanie avec l\u2019archiduc Rodolphe d\u2019Autriche, au ch\u00e2teau de Laeken, le 7 mars dernier. Dessin de M. Gustave Janet, d\u2019apr\u00e8s le croquis de M. Leo von Elliot, notre correspondant.\n\nScanned byInfoField\u00c9ric Dod\u00e9mont (Dodeeric)\n\n\n"}, {"url": "https://commons.wikimedia.org/wiki/File:Fian%C3%A7ailles_de_la_princesse_St%C3%A9phanie_avec_l%27archiduc_Rodolphe_en_1880_-_UI_-_B.jpg", "metadata": {"og:image": "https://upload.wikimedia.org/wikipedia/commons/thumb/9/99/Fian%C3%A7ailles_de_la_princesse_St%C3%A9phanie_avec_l%27archiduc_Rodolphe_en_1880_-_UI_-_B.jpg/640px-Fian%C3%A7ailles_de_la_princesse_St%C3%A9phanie_avec_l%27archiduc_Rodolphe_en_1880_-_UI_-_B.jpg", "og:image:width": "640", "og:image:height": "454", "og:title": "File:Fian\u00e7ailles de la princesse St\u00e9phanie avec l'archiduc Rodolphe en 1880 - UI - B.jpg - Wikimedia Commons", "og:type": "website"}, "text": "\n\n\nDescriptionFian\u00e7ailles de la princesse St\u00e9phanie avec l'archiduc Rodolphe en 1880 - UI - B.jpg\n\nFran\u00e7ais\u00a0:  R\u00e9ception lors des fian\u00e7ailles de la princesse St\u00e9phanie de Belgique avec l\u2019archiduc Rodolphe d\u2019Autriche, ch\u00e2teau de Laeken, le 6 ou 7 mars 1880.\n\n\nDate\n\n1880\n\n\nSource\n\nL\u2019Univers illustr\u00e9 (France), 5 June 1880, p.\u00a0365.\n\n\nAuthor\n\nUnknown authorUnknown author\n\n\nOther versions\n\n\n\n\nFile:Fian\u00e7ailles de la princesse St\u00e9phanie avec l'archiduc Rodolphe en 1880 - UI.jpg\n\n\n\n\nTechniqueInfoFieldwood engraving print\n\nSizeInfoFieldheight: 22 cm (8.6 in); width: 31 cm (12.2 in)dimensions QS:P2048,22U174728dimensions QS:P2049,31U174728\n\nInscriptionsInfoFieldUnsigned\n\nOriginal captionInfoFieldUne r\u00e9ception de LL.\u00a0MM. le roi et la reine des Belges, au ch\u00e2teau de Laeken. Voir page\u00a0362.\n\nScanned byInfoField\u00c9ric Dod\u00e9mont (Dodeeric)\n\n\n"}, {"url": "https://commons.wikimedia.org/wiki/File:Fian%C3%A7ailles_de_la_princesse_St%C3%A9phanie_avec_l%27archiduc_Rodolphe_en_1880_-_UI.jpg", "metadata": {"og:image": "https://upload.wikimedia.org/wikipedia/commons/thumb/3/39/Fian%C3%A7ailles_de_la_princesse_St%C3%A9phanie_avec_l%27archiduc_Rodolphe_en_1880_-_UI.jpg/640px-Fian%C3%A7ailles_de_la_princesse_St%C3%A9phanie_avec_l%27archiduc_Rodolphe_en_1880_-_UI.jpg", "og:image:width": "640", "og:image:height": "451", "og:title": "File:Fian\u00e7ailles de la princesse St\u00e9phanie avec l'archiduc Rodolphe en 1880 - UI.jpg - Wikimedia Commons", "og:type": "website"}, "text": "\n\n\nDescriptionFian\u00e7ailles de la princesse St\u00e9phanie avec l'archiduc Rodolphe en 1880 - UI.jpg\n\nFran\u00e7ais\u00a0:  R\u00e9ception lors des fian\u00e7ailles de la princesse St\u00e9phanie de Belgique avec l\u2019archiduc Rodolphe d\u2019Autriche, ch\u00e2teau de Laeken, le 6 ou 7 mars 1880.\n\n\nDate\n\n1880\n\n\nSource\n\nL\u2019Univers illustr\u00e9 (France), 5 June 1880, p.\u00a0365.\n\n\nAuthor\n\nUnknown authorUnknown author\n\n\nOther versions\n\n\n\n\nFile:Fian\u00e7ailles de la princesse St\u00e9phanie avec l'archiduc Rodolphe en 1880 - UI - B.jpg\n\n\n\n\nTechniqueInfoFieldwood engraving print\n\nSizeInfoFieldheight: 22 cm (8.6 in); width: 31 cm (12.2 in)dimensions QS:P2048,22U174728dimensions QS:P2049,31U174728\n\nInscriptionsInfoFieldUnsigned\n\nOriginal captionInfoFieldUne r\u00e9ception de LL.\u00a0MM. le roi et la reine des Belges, au ch\u00e2teau de Laeken. Voir page\u00a0362.\n\nScanned byInfoField\u00c9ric Dod\u00e9mont (Dodeeric)\n\n\n"}, {"url": "https://commons.wikimedia.org/wiki/File:Fian%C3%A7ailles_de_la_princesse_St%C3%A9phanie_avec_l%27archiduc_Rodolphe_en_1880.jpg", "metadata": {"og:image": "https://upload.wikimedia.org/wikipedia/commons/thumb/2/23/Fian%C3%A7ailles_de_la_princesse_St%C3%A9phanie_avec_l%27archiduc_Rodolphe_en_1880.jpg/640px-Fian%C3%A7ailles_de_la_princesse_St%C3%A9phanie_avec_l%27archiduc_Rodolphe_en_1880.jpg", "og:image:width": "640", "og:image:height": "432", "og:title": "File:Fian\u00e7ailles de la princesse St\u00e9phanie avec l'archiduc Rodolphe en 1880.jpg - Wikimedia Commons", "og:type": "website"}, "text": "\n\n\nDescriptionFian\u00e7ailles de la princesse St\u00e9phanie avec l'archiduc Rodolphe en 1880.jpg\n\nFran\u00e7ais\u00a0:  R\u00e9ception lors des fian\u00e7ailles de la princesse St\u00e9phanie de Belgique avec l\u2019archiduc Rodolphe d\u2019Autriche, ch\u00e2teau de Laeken, le 7 mars 1880. \u2014 La r\u00e9ception \u00e0 lieu dans le Jardin d\u2019hiver \u00e0 l\u2019occasion des fian\u00e7ailles de St\u00e9phanie et Rodolphe, mais aussi de l\u2019inauguration du Jardin d\u2019hiver des serres du ch\u00e2teau de Laeken.\n\n\nDate\n\n1880\n\n\nSource\n\nLe Monde illustr\u00e9 (France), 10 April 1880, p.\u00a0228.\n\n\nAuthor\n\ndrawer:\n\n\n\nGustave Janet\n\u00a0(1829\u20131898)\u00a0\u00a0 \u00a0\n\n\n\n\n\nAlternative names\n\nJanet\n\nDescription\nFrench drawer\n\nDate of birth/death\n\n10 January 1829\u00a0\n2 April 1898\u00a0\n\nLocation of birth/death\n\nformer 10th arrondissement of Paris\nUnknown\n\nAuthority file\n\n: Q18508256\nVIAF:\u200991524218\nISNI:\u20090000000109241714\nULAN:\u2009500148102\nLCCN:\u2009nr92026023\nNLA:\u200935115829\nWorldCat\n\n\n\ncreator QS:P170,Q18508256\nengraver:\n\n\n\nHippolyte Constant Dutheil\n\u00a0(1842\u20131917)\u00a0\u00a0 \u00a0\n\n\nDescription\nFrench wood engraver\n\nDate of birth/death\n\n21 July 1842\u00a0\n1 April 1917\u00a0\n\nLocation of birth/death\n\nParis\nParis\n\nAuthority file\n\n: Q97577418\nVIAF:\u2009216145003298661300110\nISNI:\u20090000000057664618\nSUDOC:\u2009189346558\nBNF:\u200915964099h\n\n\n\ncreator QS:P170,Q97577418\nAfter (sketch):\n\n\n\nLeo von Elliot\n\u00a0(1816\u20131890)\u00a0\u00a0 \u00a0\n\n\n\n\n\nDescription\npainter\n\nDate of birth/death\n\n16 October 1816\u00a0\n11 July 1890\u00a0\n\nAuthority file\n\n: Q19289081\nVIAF:\u200969801882\nISNI:\u20090000000047399777\nLCCN:\u2009no2001088974\nGND:\u2009122118413\nBNF:\u200916173882q\nWorldCat\n\n\n\ncreator QS:P170,Q19289081\n\n\nOther versions\n\n\n\n\nFile:Fian\u00e7ailles de la princesse St\u00e9phanie avec l'archiduc Rodolphe en 1880 - Janet.jpg\n\n\n\n\nTechniqueInfoFieldwood engraving print\n\nSizeInfoFieldheight: 21 cm (8.2 in); width: 31 cm (12.2 in)dimensions QS:P2048,21U174728dimensions QS:P2049,31U174728\n\nInscriptionsInfoFieldSignature bottom left:  \nG Janet\n\nSignature bottom right:  \n\nH DUTHEIL\n\n\nOriginal captionInfoFieldBelgique. Les fian\u00e7ailles de la princesse St\u00e9phanie avec l\u2019archiduc Rodolphe d\u2019Autriche, au ch\u00e2teau de Laeken, le 7 mars dernier. Dessin de M. Gustave Janet, d\u2019apr\u00e8s le croquis de M. Leo von Elliot, notre correspondant.\n\nScanned byInfoField\u00c9ric Dod\u00e9mont (Dodeeric)\n\n\n"}, {"url": "https://commons.wikimedia.org/wiki/File:La_princesse_St%C3%A9phanie_de_Belgique_-_G%C3%A9ruzet.jpg", "metadata": {"og:image": "https://upload.wikimedia.org/wikipedia/commons/thumb/9/9e/La_princesse_St%C3%A9phanie_de_Belgique_-_G%C3%A9ruzet.jpg/640px-La_princesse_St%C3%A9phanie_de_Belgique_-_G%C3%A9ruzet.jpg", "og:image:width": "640", "og:image:height": "936", "og:title": "File:La princesse St\u00e9phanie de Belgique - G\u00e9ruzet.jpg - Wikimedia Commons", "og:type": "website"}, "text": "\n\n\nDescriptionLa princesse St\u00e9phanie de Belgique - G\u00e9ruzet.jpg\n\nFran\u00e7ais\u00a0:  S.A.R. la princesse St\u00e9phanie de Belgique. \u2014 Portrait de la princesse \u00e0 l\u2019\u00e2ge de 15\u00a0ans.\n\n\nDate\n\n1880\n\n\nSource\n\nL\u2019Illustration (France), 10 April 1880, p.\u00a0233.\n\n\nAuthor\n\nUnknown authorUnknown author (photo): \n\n\n\nG\u00e9ruzet Fr\u00e8res\n\u00a0(1817\u20131874)\u00a0\u00a0 \u00a0\n\n\nAlternative names\n\nAlbert G\u00e9ruzet et Alfred G\u00e9ruzet\u00a0; Jules G\u00e9ruzet\u00a0; Clich\u00e9 Boute\n\nDescription\nBelgian photographerFran\u00e7ais\u00a0:  Photographes de S.M. la Reine des Belges. 27B, Rue de l'Ecuyer, Bruxelles. Atelier de photographie fond\u00e9 par Albert G\u00e9ruzet (1842-1890) et Alfred G\u00e9ruzet (1845-1903), actif de 1866 \u00e0 1908. L\u2019atelier a continu\u00e9 de fonctionner apr\u00e8s la mort d\u2019Alfred, jusqu\u2019\u00e0 sa reprise par Eug\u00e8ne Boute autour de 1908. Leur p\u00e8re, Jules G\u00e9ruzet, avait d\u00e9ja commenc\u00e9 une activit\u00e9 de photographe d\u00e8s 1856.\n\nDate of birth/death\n\n31 March 1817\u00a0\n4 December 1874\u00a0\n\nLocation of birth/death\n\nBraine\nCity of Brussels\n\nWork period\nbetween 1866 and 1908date QS:P,+1500-00-00T00:00:00Z/6,P1319,+1866-00-00T00:00:00Z/9,P1326,+1908-00-00T00:00:00Z/9\n\nWork location\n\nCity of Brussels\n\nAuthority file\n\n: Q23901678\nVIAF:\u200968834819\nISNI:\u20090000000078909186\nULAN:\u2009500056712\nLCCN:\u2009nr97018960\nSELIBR:\u2009210391\nWorldCat\n\n\n\ncreator QS:P170,Q23901678\n\nTechniqueInfoFieldwood engraving print\n\nSizeInfoFieldheight: 17 cm (6.6 in); width: 12 cm (4.7 in)dimensions QS:P2048,17U174728dimensions QS:P2049,12U174728\n\nInscriptionsInfoFieldUnsigned\n\nOriginal captionInfoFieldLa princesse St\u00e9phanie. Les fian\u00e7ailles de la princesse St\u00e9phanie de Belgique et de l\u2019archiduc Rodolphe, prince imp\u00e9rial d\u2019Autriche. D\u2019apr\u00e8s la photographie de MM. G\u00e9ruzet fr\u00e8res, \u00e0 Bruxelles.\n\nScanned byInfoField\u00c9ric Dod\u00e9mont (Dodeeric)\n\n\n"}, {"url": "https://commons.wikimedia.org/wiki/File:La_princesse_St%C3%A9phanie_de_Belgique_-_Vuillier.jpg", "metadata": {"og:image": "https://upload.wikimedia.org/wikipedia/commons/thumb/b/b6/La_princesse_St%C3%A9phanie_de_Belgique_-_Vuillier.jpg/640px-La_princesse_St%C3%A9phanie_de_Belgique_-_Vuillier.jpg", "og:image:width": "640", "og:image:height": "828", "og:title": "File:La princesse St\u00e9phanie de Belgique - Vuillier.jpg - Wikimedia Commons", "og:type": "website"}, "text": "\n\n\nDescriptionLa princesse St\u00e9phanie de Belgique - Vuillier.jpg\n\nFran\u00e7ais\u00a0:  S.A.R. la princesse St\u00e9phanie de Belgique.\n\n\nDate\n\n1881\n\n\nSource\n\nLe Monde illustr\u00e9, 21 mai 1881, p.\u00a0341.\n\n\nAuthor\n\n\n\n\n\nGaston Vuillier\n\u00a0(1845\u20131915)\u00a0\u00a0\u00a0\u00a0 \u00a0\n\n\n\n\n\nAlternative names\n\nGaston Charles Vuillier; M. Vuillier\n\nDescription\nFrench illustrator, drawer, painter, traveler, ethnographer and historian\n\nDate of birth/death\n\n7 October 1845\u00a0\n2 February 1915\u00a0\n\nLocation of birth/death\n\nPerpignan\nGimel\n\nWork period\n1884\u00a0\n\nAuthority file\n\n: Q3099188\nVIAF:\u200961553691\nISNI:\u20090000000118333952\nULAN:\u2009500110585\nLCCN:\u2009n50013147\nGND:\u2009135827647\nWorldCat\n\n\n\ncreator QS:P170,Q3099188 (dessin), \n\n\n\nCharles Baude\n\u00a0(1853\u20131935)\u00a0\u00a0\u00a0 \u00a0\n\n\nDescription\nFrench printmaker\n\nDate of birth/death\n\n15 November 1853\u00a0\n13 November 1935\u00a0\n\nLocation of birth/death\n\n5th arrondissement of Paris\nMontfort-l'Amaury\n\nAuthority file\n\n: Q28836465\nVIAF:\u200971662356\nISNI:\u20090000000081519007\nLCCN:\u2009nr2002025704\nGND:\u2009133671577\nSUDOC:\u2009113619146\nWorldCat\n\n\n\ncreator QS:P170,Q28836465 (gravure).\n\n\n"}, {"url": "https://commons.wikimedia.org/wiki/File:La_princesse_St%C3%A9phanie_de_Belgique.jpg", "metadata": {"og:image": "https://upload.wikimedia.org/wikipedia/commons/thumb/1/1d/La_princesse_St%C3%A9phanie_de_Belgique.jpg/640px-La_princesse_St%C3%A9phanie_de_Belgique.jpg", "og:image:width": "640", "og:image:height": "842", "og:title": "File:La princesse St\u00e9phanie de Belgique.jpg - Wikimedia Commons", "og:type": "website"}, "text": "\n\n\nDescriptionLa princesse St\u00e9phanie de Belgique.jpg\n\nFran\u00e7ais\u00a0:  S.A.R. la princesse St\u00e9phanie de Belgique.\n\n\nDate\n\n1880\n\n\nSource\n\nL\u2019Illustration nationale, 15 mars 1880, p.\u00a05.\n\n\nAuthor\n\nArmand Heins (dessin), M. Weber (gravure).\n\n\n"}, {"url": "https://commons.wikimedia.org/wiki/File:La_princesse_St%C3%A9phanie_et_l%27archiduc_Rodolphe.jpg", "metadata": {"og:image": "https://upload.wikimedia.org/wikipedia/commons/thumb/5/5c/La_princesse_St%C3%A9phanie_et_l%27archiduc_Rodolphe.jpg/640px-La_princesse_St%C3%A9phanie_et_l%27archiduc_Rodolphe.jpg", "og:image:width": "640", "og:image:height": "961", "og:title": "File:La princesse St\u00e9phanie et l'archiduc Rodolphe.jpg - Wikimedia Commons", "og:type": "website"}, "text": "\n\n\nDescriptionLa princesse St\u00e9phanie et l'archiduc Rodolphe.jpg\n\nFran\u00e7ais\u00a0:  S.A.R. la princesse St\u00e9phanie de Belgique et S.A.I. et R. l\u2019archiduc Rodolphe d\u2019Autriche.\n\n\nDate\n\n1880\n\n\nSource\n\nL\u2019Illustration nationale, 13 juin 1880, entre pp.\u00a04 et 5.\n\n\nAuthor\n\nUnknown authorUnknown author, d\u2019apr\u00e8s une photographie de\u00a0:\n\n\n\nG\u00e9ruzet Fr\u00e8res\n\u00a0(1817\u20131874)\u00a0\u00a0 \u00a0\n\n\nAlternative names\n\nAlbert G\u00e9ruzet et Alfred G\u00e9ruzet\u00a0; Jules G\u00e9ruzet\u00a0; Clich\u00e9 Boute\n\nDescription\nBelgian photographerFran\u00e7ais\u00a0:  Photographes de S.M. la Reine des Belges. 27B, Rue de l'Ecuyer, Bruxelles. Atelier de photographie fond\u00e9 par Albert G\u00e9ruzet (1842-1890) et Alfred G\u00e9ruzet (1845-1903), actif de 1866 \u00e0 1908. L\u2019atelier a continu\u00e9 de fonctionner apr\u00e8s la mort d\u2019Alfred, jusqu\u2019\u00e0 sa reprise par Eug\u00e8ne Boute autour de 1908. Leur p\u00e8re, Jules G\u00e9ruzet, avait d\u00e9ja commenc\u00e9 une activit\u00e9 de photographe d\u00e8s 1856.\n\nDate of birth/death\n\n31 March 1817\u00a0\n4 December 1874\u00a0\n\nLocation of birth/death\n\nBraine\nCity of Brussels\n\nWork period\nbetween 1866 and 1908date QS:P,+1500-00-00T00:00:00Z/6,P1319,+1866-00-00T00:00:00Z/9,P1326,+1908-00-00T00:00:00Z/9\n\nWork location\n\nCity of Brussels\n\nAuthority file\n\n: Q23901678\nVIAF:\u200968834819\nISNI:\u20090000000078909186\nULAN:\u2009500056712\nLCCN:\u2009nr97018960\nSELIBR:\u2009210391\nWorldCat\n\n\n\ncreator QS:P170,Q23901678\n\n\nOther versions\n\n\n\n\n\n\n\n\n\n"}, {"url": "https://commons.wikimedia.org/wiki/File:Les_archiducs_Rodolphe_et_St%C3%A9phanie_en_promenade_%C3%A0_Salzbourg.jpg", "metadata": {"og:image": "https://upload.wikimedia.org/wikipedia/commons/thumb/0/09/Les_archiducs_Rodolphe_et_St%C3%A9phanie_en_promenade_%C3%A0_Salzbourg.jpg/640px-Les_archiducs_Rodolphe_et_St%C3%A9phanie_en_promenade_%C3%A0_Salzbourg.jpg", "og:image:width": "640", "og:image:height": "457", "og:title": "File:Les archiducs Rodolphe et St\u00e9phanie en promenade \u00e0 Salzbourg.jpg - Wikimedia Commons", "og:type": "website"}, "text": "\n\n\nDescriptionLes archiducs Rodolphe et St\u00e9phanie en promenade \u00e0 Salzbourg.jpg\n\nFran\u00e7ais\u00a0:  Les archiducs Rodolphe et St\u00e9phanie en promenade, Salzbourg (Autriche), 1881.\n\n\nDate\n\n1881\n\n\nSource\n\nL\u2019Illustration belge, 1881, p.\u00a0562.\n\n\nAuthor\n\nV. Katzen (dessin).\n\n\n"}, {"url": "https://commons.wikimedia.org/wiki/File:L%E2%80%99arciduchessa_Stefania.jpg", "metadata": {"og:image": "https://upload.wikimedia.org/wikipedia/commons/thumb/1/17/L%E2%80%99arciduchessa_Stefania.jpg/640px-L%E2%80%99arciduchessa_Stefania.jpg", "og:image:width": "640", "og:image:height": "965", "og:title": "File:L\u2019arciduchessa Stefania.jpg - Wikimedia Commons", "og:type": "website"}, "text": "\n\n\nDescriptionL\u2019arciduchessa Stefania.jpg\n\nItaliano:  L\u2019arciduchessa Stefania. Vedova del principe Rodolfo (xilografia).\n\n\nDate\n\n1889\n\n\nSource\n\nL\u2019illustrazione popolare, Fratelli Treves Editori - Milano, 1889.\n\n\nAuthor\n\nFrancesco Giovanni Cantagalli\n\n\n"}, {"url": "https://commons.wikimedia.org/wiki/File:Mariage_de_la_princesse_St%C3%A9phanie_avec_l%27archiduc_Rodolphe_d%27Autriche_le_10_mai_1881_-_Janet.jpg", "metadata": {"og:image": "https://upload.wikimedia.org/wikipedia/commons/thumb/d/dd/Mariage_de_la_princesse_St%C3%A9phanie_avec_l%27archiduc_Rodolphe_d%27Autriche_le_10_mai_1881_-_Janet.jpg/640px-Mariage_de_la_princesse_St%C3%A9phanie_avec_l%27archiduc_Rodolphe_d%27Autriche_le_10_mai_1881_-_Janet.jpg", "og:image:width": "640", "og:image:height": "782", "og:title": "File:Mariage de la princesse St\u00e9phanie avec l'archiduc Rodolphe d'Autriche le 10 mai 1881 - Janet.jpg - Wikimedia Commons", "og:type": "website"}, "text": "\n\n\nDescriptionMariage de la princesse St\u00e9phanie avec l'archiduc Rodolphe d'Autriche le 10 mai 1881 - Janet.jpg\n\nFran\u00e7ais\u00a0:  Mariage de la princesse St\u00e9phanie de Belgique avec l\u2019archiduc Rodolphe d\u2019Autriche, \u00e9glise des Augustins \u00e0 Vienne (Autriche), le 10 mai 1881.\n\n\nDate\n\n1881\n\n\nSource\n\nLe Monde illustr\u00e9 (France), 21 May 1881, p.\u00a0338/1.\n\n\nAuthor\n\ndrawer: \n\n\n\nGustave Janet\n\u00a0(1829\u20131898)\u00a0\u00a0 \u00a0\n\n\n\n\n\nAlternative names\n\nJanet\n\nDescription\nFrench drawer\n\nDate of birth/death\n\n10 January 1829\u00a0\n2 April 1898\u00a0\n\nLocation of birth/death\n\nformer 10th arrondissement of Paris\nUnknown\n\nAuthority file\n\n: Q18508256\nVIAF:\u200991524218\nISNI:\u20090000000109241714\nULAN:\u2009500148102\nLCCN:\u2009nr92026023\nNLA:\u200935115829\nWorldCat\n\n\n\ncreator QS:P170,Q18508256engraver: Ch. Bulloe? (sketch): \n\n\n\nWilhelm Gause\n\u00a0(1853\u20131916)\u00a0\u00a0 \u00a0\n\n\n\n\n\nAlternative names\n\ngause wilhelm; wilhelm gause; w. gause\n\nDescription\nGerman-Austrian painter and illustrator\n\nDate of birth/death\n\n27 March 1853\u00a0\n13 June 1916\u00a0\n\nLocation of birth/death\n\nKrefeld\nStein an der Donau\n\nAuthority file\n\n: Q16853517\nVIAF:\u2009229494\nISNI:\u20090000000066560781\nULAN:\u2009500045274\nGND:\u2009123031427\nSUDOC:\u2009073391662\n\n\n\ncreator QS:P170,Q16853517\n\n\nOther versions\n\n\n\n\nFile:Mariage de la princesse St\u00e9phanie avec l'archiduc Rodolphe d'Autriche le 10 mai 1881.jpg\n\n\n\n\nTechniqueInfoFieldwood engraving print\n\nSizeInfoFieldheight: 27 cm (10.6 in); width: 22 cm (8.6 in)dimensions QS:P2048,27U174728dimensions QS:P2049,22U174728\n\nInscriptionsInfoFieldSignature bottom left:  \nG Janet\n\nSignature bottom right:  \n\nCH. BULLOE\n\n\nOriginal captionInfoFieldAutriche. Le mariage du prince Rodolphe et de la princesse St\u00e9phanie dans la basilique des Augustins, \u00e0 Vienne. Dessin d\u2019apr\u00e8s le croquis de M. Gause, notre correspondant sp\u00e9cial en Autriche-Hongrie.\n\nScanned byInfoField\u00c9ric Dod\u00e9mont (Dodeeric)\n\n\n"}, {"url": "https://commons.wikimedia.org/wiki/File:Mariage_de_la_princesse_St%C3%A9phanie_avec_l%27archiduc_Rodolphe_d%27Autriche_le_10_mai_1881.jpg", "metadata": {"og:image": "https://upload.wikimedia.org/wikipedia/commons/thumb/1/1c/Mariage_de_la_princesse_St%C3%A9phanie_avec_l%27archiduc_Rodolphe_d%27Autriche_le_10_mai_1881.jpg/640px-Mariage_de_la_princesse_St%C3%A9phanie_avec_l%27archiduc_Rodolphe_d%27Autriche_le_10_mai_1881.jpg", "og:image:width": "640", "og:image:height": "685", "og:title": "File:Mariage de la princesse St\u00e9phanie avec l'archiduc Rodolphe d'Autriche le 10 mai 1881.jpg - Wikimedia Commons", "og:type": "website"}, "text": "\n\n\nDescriptionMariage de la princesse St\u00e9phanie avec l'archiduc Rodolphe d'Autriche le 10 mai 1881.jpg\n\nFran\u00e7ais\u00a0:  Mariage de la princesse St\u00e9phanie de Belgique avec l\u2019archiduc Rodolphe d\u2019Autriche, \u00e9glise des Augustins \u00e0 Vienne (Autriche), le 10 mai 1881.\n\n\nDate\n\n1881\n\n\nSource\n\nLe Monde illustr\u00e9 (France), 21 May 1881, p.\u00a0338/1.\n\n\nAuthor\n\ndrawer: \n\n\n\nGustave Janet\n\u00a0(1829\u20131898)\u00a0\u00a0 \u00a0\n\n\n\n\n\nAlternative names\n\nJanet\n\nDescription\nFrench drawer\n\nDate of birth/death\n\n10 January 1829\u00a0\n2 April 1898\u00a0\n\nLocation of birth/death\n\nformer 10th arrondissement of Paris\nUnknown\n\nAuthority file\n\n: Q18508256\nVIAF:\u200991524218\nISNI:\u20090000000109241714\nULAN:\u2009500148102\nLCCN:\u2009nr92026023\nNLA:\u200935115829\nWorldCat\n\n\n\ncreator QS:P170,Q18508256engraver: Ch. Bulloe? (sketch): \n\n\n\nWilhelm Gause\n\u00a0(1853\u20131916)\u00a0\u00a0 \u00a0\n\n\n\n\n\nAlternative names\n\ngause wilhelm; wilhelm gause; w. gause\n\nDescription\nGerman-Austrian painter and illustrator\n\nDate of birth/death\n\n27 March 1853\u00a0\n13 June 1916\u00a0\n\nLocation of birth/death\n\nKrefeld\nStein an der Donau\n\nAuthority file\n\n: Q16853517\nVIAF:\u2009229494\nISNI:\u20090000000066560781\nULAN:\u2009500045274\nGND:\u2009123031427\nSUDOC:\u2009073391662\n\n\n\ncreator QS:P170,Q16853517\n\n\nOther versions\n\n\n\n\nFile:Mariage de la princesse St\u00e9phanie avec l'archiduc Rodolphe d'Autriche le 10 mai 1881 - Janet.jpg\n\n\n\n\nTechniqueInfoFieldwood engraving print\n\nSizeInfoFieldheight: 27 cm (10.6 in); width: 22 cm (8.6 in)dimensions QS:P2048,27U174728dimensions QS:P2049,22U174728\n\nInscriptionsInfoFieldSignature bottom left:  \nG Janet\n\nSignature bottom right:  \n\nCH. BULLOE\n\n\nOriginal captionInfoFieldAutriche. Le mariage du prince Rodolphe et de la princesse St\u00e9phanie dans la basilique des Augustins, \u00e0 Vienne. Dessin d\u2019apr\u00e8s le croquis de M. Gause, notre correspondant sp\u00e9cial en Autriche-Hongrie.\n\nScanned byInfoField\u00c9ric Dod\u00e9mont (Dodeeric)\n\n\n"}, {"url": "https://commons.wikimedia.org/wiki/File:Mariage_de_la_princesse_St%C3%A9phanie_de_Belgique_avec_l%27archiduc_Rodolphe_d%27Autriche_le_10_mai_1881.jpg", "metadata": {"og:image": "https://upload.wikimedia.org/wikipedia/commons/thumb/f/f8/Mariage_de_la_princesse_St%C3%A9phanie_de_Belgique_avec_l%27archiduc_Rodolphe_d%27Autriche_le_10_mai_1881.jpg/640px-Mariage_de_la_princesse_St%C3%A9phanie_de_Belgique_avec_l%27archiduc_Rodolphe_d%27Autriche_le_10_mai_1881.jpg", "og:image:width": "640", "og:image:height": "350", "og:title": "File:Mariage de la princesse St\u00e9phanie de Belgique avec l'archiduc Rodolphe d'Autriche le 10 mai 1881.jpg - Wikimedia Commons", "og:type": "website"}, "text": "\n\n\n\nThe Wedding Ceremony in the Church of St. Augustine.\n\n\n\nAuthor\n\n\nThe Graphic\n\n\nTitle\n\n\nThe Wedding Ceremony in the Church of St. Augustine.\n\n\nObject type\n\nprintobject_type QS:P31,Q11060274\n\n\nDescription\n\n\nEnglish:  The Royal Wedding in Austria. Illustration for The Graphic, 21 May 1881.\nWedding Ceremony Church of St Augustine, Princess Stephanie, Vienna.\nFran\u00e7ais\u00a0:  Mariage de la princesse St\u00e9phanie de Belgique avec l\u2019archiduc Rodolphe d\u2019Autriche, \u00e9glise des Augustins \u00e0 Vienne (Autriche), le 10 mai 1881.\n\n\nDate\n\n21 May 1881date QS:P571,+1881-05-21T00:00:00Z/11\n\n\nMedium\n\nWood engraving\n\n\nSource/Photographer\n\nThe Graphic (United Kingdom), 21 May 1881, p.\u00a0492.\n\nTechniqueInfoFieldwood engraving print\n\nSizeInfoFieldheight: 13 cm (5.1 in); width: 23 cm (9 in)dimensions QS:P2048,13U174728dimensions QS:P2049,23U174728\n\nInscriptionsInfoFieldUnsigned\n\nOriginal captionInfoFieldThe royal wedding in Austria. The wedding ceremony in the church of St. Augustine.\n\nScanned byInfoField\u00c9ric Dod\u00e9mont (Dodeeric)\n\n\n"}, {"url": "https://commons.wikimedia.org/wiki/File:Olomouc,_kr%C3%A1lovsk%C3%A9_hlavn%C3%AD_m%C4%9Bsto_Moravy_-_Princezna_Stefanie.png", "metadata": {"og:image": "https://upload.wikimedia.org/wikipedia/commons/thumb/a/a4/Olomouc%2C_kr%C3%A1lovsk%C3%A9_hlavn%C3%AD_m%C4%9Bsto_Moravy_-_Princezna_Stefanie.png/640px-Olomouc%2C_kr%C3%A1lovsk%C3%A9_hlavn%C3%AD_m%C4%9Bsto_Moravy_-_Princezna_Stefanie.png", "og:image:width": "640", "og:image:height": "878", "og:title": "File:Olomouc, kr\u00e1lovsk\u00e9 hlavn\u00ed m\u011bsto Moravy - Princezna Stefanie.png - Wikimedia Commons", "og:type": "website"}, "text": "\n\n\nDescriptionOlomouc, kr\u00e1lovsk\u00e9 hlavn\u00ed m\u011bsto Moravy - Princezna Stefanie.png\n\n\u010ce\u0161tina:  Obr\u00e1zek Princezna Stefanie z knihy Olomouc, kr\u00e1lovsk\u00e9 hlavn\u00ed m\u011bsto Moravy\n\n\nDate\n\n1881\n\n\nSource\n\nMoravian Library in Brno\n\n\nAuthor\n\nX.J. Zibikr\n\n\n"}, {"url": "https://commons.wikimedia.org/wiki/File:Princesse_St%C3%A9phanie_de_Belgique.jpg", "metadata": {"og:image": "https://upload.wikimedia.org/wikipedia/commons/thumb/c/c3/Princesse_St%C3%A9phanie_de_Belgique.jpg/640px-Princesse_St%C3%A9phanie_de_Belgique.jpg", "og:image:width": "640", "og:image:height": "887", "og:title": "File:Princesse St\u00e9phanie de Belgique.jpg - Wikimedia Commons", "og:type": "website"}, "text": "\n\n\nDescriptionPrincesse St\u00e9phanie de Belgique.jpg\n\nFran\u00e7ais\u00a0:  S.A.I. et R. la princesse St\u00e9phanie de Belgique. \u2014 Portrait publi\u00e9 \u00e0 l\u2019occasion du d\u00e9c\u00e8s de Rodolphe, son \u00e9poux.\n\n\nDate\n\n1889\n\n\nSource\n\nLe Journal illustr\u00e9 (France), 10 February 1889, p.\u00a045.\n\n\nAuthor\n\ndrawer: \n\n\n\nHenri Meyer\n\u00a0(1841\u20131899)\u00a0\u00a0\u00a0 \u00a0\n\n\nAlternative names\n\nReyem; Henri Mayer; Jacques Meyer\n\nDescription\nFrench caricaturist and illustrator\n\nDate of birth/death\n\n6 March 1841\u00a0\n18 July 1899\u00a0\n\nLocation of birth/death\n\nMulhouse\nThiais\n\nAuthority file\n\n: Q3131638\nVIAF:\u200996603524\nISNI:\u20090000000110574911\nULAN:\u2009500124916\nLCCN:\u2009no2016080312\nNLA:\u200967444760\nWorldCat\n\n\n\ncreator QS:P170,Q3131638\nengraver: Narcisse Navellier.\n\n\nOther versions\n\n\n\n\n\n\n\n\n\n\n\n\n\n\n\n\n\n\n\n\nTechniqueInfoFieldwood engraving print\n\nSizeInfoFieldheight: 19 cm (7.4 in); width: 14 cm (5.5 in)dimensions QS:P2048,19U174728dimensions QS:P2049,14U174728\n\nInscriptionsInfoFieldUnsigned\n\nOriginal captionInfoFieldL\u2019archiduchesse St\u00e9phanie. Femme du prince h\u00e9ritier. La famille imp\u00e9riale d\u2019Autriche. Dessins de Henri Meyer, d\u2019apr\u00e8s les photographies communiqu\u00e9es par M. Nilsson, \u00e9diteur. Gravure de Navellier. Voir l\u2019article, page\u00a042.\n\nScanned byInfoField\u00c9ric Dod\u00e9mont (Dodeeric)\n\n\n"}, {"url": "https://commons.wikimedia.org/wiki/File:Spectacle_de_gala_%C3%A0_l%27occasion_des_fian%C3%A7ailles_de_la_princesse_St%C3%A9phanie_de_Belgique_avec_l%27archiduc_Rodolphe_d%27Autriche_le_8_mars_1880.jpg", "metadata": {"og:image": "https://upload.wikimedia.org/wikipedia/commons/thumb/a/a9/Spectacle_de_gala_%C3%A0_l%27occasion_des_fian%C3%A7ailles_de_la_princesse_St%C3%A9phanie_de_Belgique_avec_l%27archiduc_Rodolphe_d%27Autriche_le_8_mars_1880.jpg/640px-Spectacle_de_gala_%C3%A0_l%27occasion_des_fian%C3%A7ailles_de_la_princesse_St%C3%A9phanie_de_Belgique_avec_l%27archiduc_Rodolphe_d%27Autriche_le_8_mars_1880.jpg", "og:image:width": "640", "og:image:height": "689", "og:title": "File:Spectacle de gala \u00e0 l'occasion des fian\u00e7ailles de la princesse St\u00e9phanie de Belgique avec l'archiduc Rodolphe d'Autriche le 8 mars 1880.jpg - Wikimedia Commons", "og:type": "website"}, "text": "\n\n\nDescriptionSpectacle de gala \u00e0 l'occasion des fian\u00e7ailles de la princesse St\u00e9phanie de Belgique avec l'archiduc Rodolphe d'Autriche le 8 mars 1880.jpg\n\nFran\u00e7ais\u00a0:  Spectacle de gala \u00e0 l\u2019occasion des fian\u00e7ailles de la princesse St\u00e9phanie de Belgique avec l\u2019archiduc Rodolphe d\u2019Autriche, th\u00e9\u00e2tre de la Monnaie (Bruxelles), le 8 mars 1880.\n\n\nDate\n\n1880\n\n\nSource\n\nL\u2019Illustration nationale (Belgium), 31 March 1880, p.\u00a01.\n\n\nAuthor\n\ndrawer: Armand Heins.engraver: Joseph Smeeton, Auguste Tilly.\n\nTechniqueInfoFieldwood engraving print\n\nSizeInfoFieldheight: 23 cm (9 in); width: 21 cm (8.2 in)dimensions QS:P2048,23U174728dimensions QS:P2049,21U174728\n\nInscriptionsInfoFieldSignature bottom left:  \nA. Heins\n\nSignature bottom right:  \n\nSMEETON TILLY sc\n\n\nOriginal captionInfoFieldLe spectacle de gala au th\u00e9atre royal de la Monnaie.\n\nScanned byInfoField\u00c9ric Dod\u00e9mont (Dodeeric)\n\n\n"}, {"url": "https://commons.wikimedia.org/wiki/File:StephanieBELGIQUE_ANVERSEXPO.jpg", "metadata": {"og:image": "https://upload.wikimedia.org/wikipedia/commons/thumb/b/b8/StephanieBELGIQUE_ANVERSEXPO.jpg/640px-StephanieBELGIQUE_ANVERSEXPO.jpg", "og:image:width": "640", "og:image:height": "749", "og:title": "File:StephanieBELGIQUE ANVERSEXPO.jpg - Wikimedia Commons", "og:type": "website"}, "text": "\n\n\nDescriptionStephanieBELGIQUE ANVERSEXPO.jpg\n\nNederlands:  Ex Catalogus\n\n\nDate\n\n11 February 2014, 00:53:18\n\n\nSource\n\nCatalogus EXPO Exposition Universelle d'Anvers 1885\n\n\nAuthor\n\nExposition Universelle d'Anvers\n\n\n"}, {"url": "https://commons.wikimedia.org/wiki/File:T%C3%B6r%C3%B6k_szoba.jpg", "metadata": {"og:image": "https://upload.wikimedia.org/wikipedia/commons/thumb/c/c2/T%C3%B6r%C3%B6k_szoba.jpg/640px-T%C3%B6r%C3%B6k_szoba.jpg", "og:image:width": "640", "og:image:height": "476", "og:title": "File:T\u00f6r\u00f6k szoba.jpg - Wikimedia Commons", "og:type": "website"}, "text": "\n\n\nDescriptionT\u00f6r\u00f6k szoba.jpg\n\nMagyar:  Rudolf dolgoz\u00f3szob\u00e1ja a Hofburgban (T\u00f6r\u00f6kszoba)\n\n\nDate\n\n1886\n\n\nSource\n\nPortr\u00e4t von Kronprinz Rudolf und Kronprinzessin Stephanie im Arbeitszimmer des Kronprinzen in der Wiener Hofburg. \n\nNeue Illustrirte Zeitung, So, 17. Februar 1889, 421. oldal\n\n\nAuthor\n\nWilhelm Gause\n\n\n"}]