[{"url": "https://commons.wikimedia.org/wiki/File:Koninklijk_bezoek_naar_Zeeland,_met_burgemeester_Adrie_de_Kamp_van_Veere_(r),_Bestanddeelnr_920-7040.jpg", "metadata": {"og:image": "https://upload.wikimedia.org/wikipedia/commons/thumb/0/06/Koninklijk_bezoek_naar_Zeeland%2C_met_burgemeester_Adrie_de_Kamp_van_Veere_%28r%29%2C_Bestanddeelnr_920-7040.jpg/640px-Koninklijk_bezoek_naar_Zeeland%2C_met_burgemeester_Adrie_de_Kamp_van_Veere_%28r%29%2C_Bestanddeelnr_920-7040.jpg", "og:image:width": "640", "og:image:height": "424", "og:title": "File:Koninklijk bezoek naar Zeeland, met burgemeester Adrie de Kamp van Veere (r), Bestanddeelnr 920-7040.jpg - Wikimedia Commons", "og:type": "website"}, "text": "\n\n\nDescriptionKoninklijk bezoek naar Zeeland, met burgemeester Adrie de Kamp van Veere (r), Bestanddeelnr 920-7040.jpg\n\nNederlands:  Collectie / Archief\u00a0: Fotocollectie Anefo\nReportage / Serie\u00a0: [ onbekend ]\nBeschrijving\u00a0: Koninklijk bezoek naar Zeeland v\nDatum\u00a0: 14 september 1967\nLocatie\u00a0: Zeeland\nTrefwoorden\u00a0: bezoeken, prinsen, prinsessen\nPersoonsnaam\u00a0: Beatrix, prinses\nFotograaf\u00a0: Koch, Eric / Anefo\nAuteursrechthebbende\u00a0: Nationaal Archief\nMateriaalsoort\u00a0: Negatief (zwart/wit)\nNummer archiefinventaris\u00a0: bekijk toegang 2.24.01.05\n\nBestanddeelnummer\u00a0: 920-7040\n\n\nDate\n\n14 September 1967\n\n\nSource\n\nhttp://proxy.handle.net/10648/ab273d6a-d0b4-102d-bcf8-003048976d84\n\n\nAuthor\n\nEric Koch for Anefo \n\n\nOther versions\n\n\nThis file has an extracted image: Adrie de Kam (1967).jpg.\n\n\n\n"}, {"url": "https://commons.wikimedia.org/wiki/File:Koninklijk_bezoek_naar_Zeeland._Groothertogin,_prinses_Beatrix_,_prins_Claus_en_,_Bestanddeelnr_920-7025.jpg", "metadata": {"og:image": "https://upload.wikimedia.org/wikipedia/commons/thumb/f/f0/Koninklijk_bezoek_naar_Zeeland._Groothertogin%2C_prinses_Beatrix_%2C_prins_Claus_en_%2C_Bestanddeelnr_920-7025.jpg/640px-Koninklijk_bezoek_naar_Zeeland._Groothertogin%2C_prinses_Beatrix_%2C_prins_Claus_en_%2C_Bestanddeelnr_920-7025.jpg", "og:image:width": "640", "og:image:height": "424", "og:title": "File:Koninklijk bezoek naar Zeeland. Groothertogin, prinses Beatrix , prins Claus en , Bestanddeelnr 920-7025.jpg - Wikimedia Commons", "og:type": "website"}, "text": "\n\n\nDescriptionKoninklijk bezoek naar Zeeland. Groothertogin, prinses Beatrix , prins Claus en , Bestanddeelnr 920-7025.jpg\n\nNederlands:  Collectie / Archief\u00a0: Fotocollectie Anefo\nReportage / Serie\u00a0: [ onbekend ]\nBeschrijving\u00a0: Koninklijk bezoek naar Zeeland. Groothertogin, prinses Beatrix , prins Claus en Groothertog vol belangstelling voor ringsteken\nDatum\u00a0: 14 september 1967\nLocatie\u00a0: Zeeland\nTrefwoorden\u00a0: Groothertoginnen, RINGSTEKEN, bezoeken, groothertogen, prinsessen\nPersoonsnaam\u00a0: Beatrix, prinses, Claus, prins\nFotograaf\u00a0: Koch, Eric / Anefo\nAuteursrechthebbende\u00a0: Nationaal Archief\nMateriaalsoort\u00a0: Negatief (zwart/wit)\nNummer archiefinventaris\u00a0: bekijk toegang 2.24.01.05\nBestanddeelnummer\u00a0: 920-7025\nReacties\nGeplaatst door Maaike op 17 juli 2013 - 21:02.\nPlaats: Middelburg\n\nPersoonsnamen: Groothertogin van Luxemburg, Josephine Charlotte; Groothertog van Luxemburg, Jan\n\n\nDate\n\n14 September 1967\n\n\nSource\n\nhttp://proxy.handle.net/10648/ab272f50-d0b4-102d-bcf8-003048976d84\n\n\nAuthor\n\nEric Koch for Anefo \n\n\n"}, {"url": "https://commons.wikimedia.org/wiki/File:Koninklijk_bezoek_naar_Zeeland._Groothertogin,_prinses_Beatrix_en_prins_Claus_op,_Bestanddeelnr_920-7020.jpg", "metadata": {"og:image": "https://upload.wikimedia.org/wikipedia/commons/thumb/a/a7/Koninklijk_bezoek_naar_Zeeland._Groothertogin%2C_prinses_Beatrix_en_prins_Claus_op%2C_Bestanddeelnr_920-7020.jpg/640px-Koninklijk_bezoek_naar_Zeeland._Groothertogin%2C_prinses_Beatrix_en_prins_Claus_op%2C_Bestanddeelnr_920-7020.jpg", "og:image:width": "640", "og:image:height": "876", "og:title": "File:Koninklijk bezoek naar Zeeland. Groothertogin, prinses Beatrix en prins Claus op, Bestanddeelnr 920-7020.jpg - Wikimedia Commons", "og:type": "website"}, "text": "\n\n\nDescriptionKoninklijk bezoek naar Zeeland. Groothertogin, prinses Beatrix en prins Claus op, Bestanddeelnr 920-7020.jpg\n\nNederlands:  Collectie / Archief\u00a0: Fotocollectie Anefo\nReportage / Serie\u00a0: [ onbekend ]\nBeschrijving\u00a0: Koninklijk bezoek naar Zeeland. Groothertogin, prinses Beatrix en prins Claus op de weg naar het vliegtuig\nDatum\u00a0: 14 september 1967\nLocatie\u00a0: Zeeland\nPersoonsnaam\u00a0: Beatrix, prinses, Claus, prins\nFotograaf\u00a0: Kroon, Ron / Anefo\nAuteursrechthebbende\u00a0: Nationaal Archief \nMateriaalsoort\u00a0: Negatief (zwart/wit)\nNummer archiefinventaris\u00a0: bekijk toegang 2.24.01.05\nBestanddeelnummer\u00a0: 920-7020\nReacties\nGeplaatst door Maaike op 17 juli 2013 - 20:20.\n\nPersoonsnamen: Groothertogin van Luxemburg, Josephine Charlotte\n\n\nDate\n\n14 September 1967\n\n\nSource\n\nhttp://proxy.handle.net/10648/ab272a6e-d0b4-102d-bcf8-003048976d84\n\n\nAuthor\n\nRon Kroon for Anefo \n\n\n"}, {"url": "https://commons.wikimedia.org/wiki/File:Staatsbezoek_Groothertog_en_Groothertogin_Luxemburg_aan_ons_land_Bezoek_aan_Rij,_Bestanddeelnr_920-6939.jpg", "metadata": {"og:image": "https://upload.wikimedia.org/wikipedia/commons/thumb/2/2e/Staatsbezoek_Groothertog_en_Groothertogin_Luxemburg_aan_ons_land_Bezoek_aan_Rij%2C_Bestanddeelnr_920-6939.jpg/640px-Staatsbezoek_Groothertog_en_Groothertogin_Luxemburg_aan_ons_land_Bezoek_aan_Rij%2C_Bestanddeelnr_920-6939.jpg", "og:image:width": "640", "og:image:height": "422", "og:title": "File:Staatsbezoek Groothertog en Groothertogin Luxemburg aan ons land Bezoek aan Rij, Bestanddeelnr 920-6939.jpg - Wikimedia Commons", "og:type": "website"}, "text": "\n\n\nDescriptionStaatsbezoek Groothertog en Groothertogin Luxemburg aan ons land Bezoek aan Rij, Bestanddeelnr 920-6939.jpg\n\nNederlands:  Collectie / Archief\u00a0: Fotocollectie Anefo\nReportage / Serie\u00a0: [ onbekend ]\nBeschrijving\u00a0: Staatsbezoek Groothertog en Groothertogin Luxemburg aan ons land. Bezoek aan Rijksmuseum. koningin Juliana vertelt haar gasten iets over schilderij\nDatum\u00a0: 12 september 1967\nLocatie\u00a0: Amsterdam, Noord-Holland\nTrefwoorden\u00a0: GASTEN, Groothertoginnen, groothertogen, koninginnen, schilderijen, staatsbezoeken\nPersoonsnaam\u00a0: Juliana (koningin Nederland)\nInstellingsnaam\u00a0: Rijksmuseum\nFotograaf\u00a0: Kroon, Ron / Anefo\nAuteursrechthebbende\u00a0: Nationaal Archief \nMateriaalsoort\u00a0: Negatief (zwart/wit)\nNummer archiefinventaris\u00a0: bekijk toegang 2.24.01.05\nBestanddeelnummer\u00a0: 920-6939\nReacties\nGeplaatst door Maaike op 17 juli 2013 - 20:53.\n\nPersoonsnamen: Groothertogin van Luxemburg, Josephine Charlotte; Groothertog van Luxemburg, Jan; Juliana, koningin; Bernhard, prins\n\n\nDate\n\n12 September 1967\n\n\nSource\n\nhttp://proxy.handle.net/10648/ab26dc6c-d0b4-102d-bcf8-003048976d84\n\n\nAuthor\n\nRon Kroon / Anefo\n\n\n"}, {"url": "https://commons.wikimedia.org/wiki/File:Staatsbezoek_Groothertog_en_Groothertogin_Luxemburg_aan_ons_land_Bezoek_aan_Rij,_Bestanddeelnr_920-6940.jpg", "metadata": {"og:image": "https://upload.wikimedia.org/wikipedia/commons/thumb/8/87/Staatsbezoek_Groothertog_en_Groothertogin_Luxemburg_aan_ons_land_Bezoek_aan_Rij%2C_Bestanddeelnr_920-6940.jpg/640px-Staatsbezoek_Groothertog_en_Groothertogin_Luxemburg_aan_ons_land_Bezoek_aan_Rij%2C_Bestanddeelnr_920-6940.jpg", "og:image:width": "640", "og:image:height": "970", "og:title": "File:Staatsbezoek Groothertog en Groothertogin Luxemburg aan ons land Bezoek aan Rij, Bestanddeelnr 920-6940.jpg - Wikimedia Commons", "og:type": "website"}, "text": "\n\n\nDescriptionStaatsbezoek Groothertog en Groothertogin Luxemburg aan ons land Bezoek aan Rij, Bestanddeelnr 920-6940.jpg\n\nNederlands:  Collectie / Archief\u00a0: Fotocollectie Anefo\nReportage / Serie\u00a0: [ onbekend ]\nBeschrijving\u00a0: Staatsbezoek Groothertog en Groothertogin Luxemburg aan ons land. Bezoek aan Rijksmuseum. koningin Juliana vertelt haar gasten iets over schilderij /\nDatum\u00a0: 12 september 1967\nLocatie\u00a0: Amsterdam, Noord-Holland\nTrefwoorden\u00a0: GASTEN, Groothertoginnen, groothertogen, koninginnen, staatsbezoeken\nPersoonsnaam\u00a0: Juliana (koningin Nederland)\nInstellingsnaam\u00a0: Rijksmuseum\nFotograaf\u00a0: Kroon, Ron / Anefo\nAuteursrechthebbende\u00a0: Nationaal Archief \nMateriaalsoort\u00a0: Negatief (zwart/wit)\nNummer archiefinventaris\u00a0: bekijk toegang 2.24.01.05\nBestanddeelnummer\u00a0: 920-6940\nReacties\nGeplaatst door Maaike op 17 juli 2013 - 20:53.\n\nPersoonsnamen: Groothertogin van Luxemburg, Josephine Charlotte; Groothertog van Luxemburg, Jan\n\n\nDate\n\n12 September 1967\n\n\nSource\n\nhttp://proxy.handle.net/10648/ab26dd34-d0b4-102d-bcf8-003048976d84\n\n\nAuthor\n\nRon Kroon / Anefo\n\n\n"}, {"url": "https://commons.wikimedia.org/wiki/File:Staatsbezoek_Groothertog_en_Groothertogin_Luxemburg_aan_ons_land_Bezoek_aan_Rij,_Bestanddeelnr_920-6942.jpg", "metadata": {"og:image": "https://upload.wikimedia.org/wikipedia/commons/thumb/b/bd/Staatsbezoek_Groothertog_en_Groothertogin_Luxemburg_aan_ons_land_Bezoek_aan_Rij%2C_Bestanddeelnr_920-6942.jpg/640px-Staatsbezoek_Groothertog_en_Groothertogin_Luxemburg_aan_ons_land_Bezoek_aan_Rij%2C_Bestanddeelnr_920-6942.jpg", "og:image:width": "640", "og:image:height": "422", "og:title": "File:Staatsbezoek Groothertog en Groothertogin Luxemburg aan ons land Bezoek aan Rij, Bestanddeelnr 920-6942.jpg - Wikimedia Commons", "og:type": "website"}, "text": "\n\n\nDescriptionStaatsbezoek Groothertog en Groothertogin Luxemburg aan ons land Bezoek aan Rij, Bestanddeelnr 920-6942.jpg\n\nNederlands:  Collectie / Archief\u00a0: Fotocollectie Anefo\nReportage / Serie\u00a0: [ onbekend ]\nBeschrijving\u00a0: Staatsbezoek Groothertog en Groothertogin Luxemburg aan ons land. Bezoek aan Rijksmuseum. koningin Juliana vertelt haar gasten iets over schilderij\nDatum\u00a0: 12 september 1967\nLocatie\u00a0: Amsterdam, Noord-Holland\nTrefwoorden\u00a0: GASTEN, Groothertoginnen, groothertogen, koninginnen, schilderijen, staatsbezoeken\nPersoonsnaam\u00a0: Juliana (koningin Nederland)\nInstellingsnaam\u00a0: Rijksmuseum\nFotograaf\u00a0: Kroon, Ron / Anefo\nAuteursrechthebbende\u00a0: Nationaal Archief \nMateriaalsoort\u00a0: Negatief (zwart/wit)\nNummer archiefinventaris\u00a0: bekijk toegang 2.24.01.05\nBestanddeelnummer\u00a0: 920-6942\nReacties\nGeplaatst door Maaike op 17 juli 2013 - 20:57.\n\nPersoonsnamen: Groothertogin van Luxemburg, Josephine Charlotte; Groothertog van Luxemburg, Jan\n\n\nDate\n\n12 September 1967\n\n\nSource\n\nhttp://proxy.handle.net/10648/ab26df50-d0b4-102d-bcf8-003048976d84\n\n\nAuthor\n\nRon Kroon / Anefo\n\n\n"}, {"url": "https://commons.wikimedia.org/wiki/File:Staatsbezoek_Groothertog_en_Groothertogin_Luxemburg_aan_ons_land._Bij_aankomst_b,_Bestanddeelnr_920-6923.jpg", "metadata": {"og:image": "https://upload.wikimedia.org/wikipedia/commons/thumb/8/8a/Staatsbezoek_Groothertog_en_Groothertogin_Luxemburg_aan_ons_land._Bij_aankomst_b%2C_Bestanddeelnr_920-6923.jpg/640px-Staatsbezoek_Groothertog_en_Groothertogin_Luxemburg_aan_ons_land._Bij_aankomst_b%2C_Bestanddeelnr_920-6923.jpg", "og:image:width": "640", "og:image:height": "422", "og:title": "File:Staatsbezoek Groothertog en Groothertogin Luxemburg aan ons land. Bij aankomst b, Bestanddeelnr 920-6923.jpg - Wikimedia Commons", "og:type": "website"}, "text": "\n\n\nDescriptionStaatsbezoek Groothertog en Groothertogin Luxemburg aan ons land. Bij aankomst b, Bestanddeelnr 920-6923.jpg\n\nNederlands:  Collectie / Archief\u00a0: Fotocollectie Anefo\nReportage / Serie\u00a0: [ onbekend ]\nBeschrijving\u00a0: Staatsbezoek Groothertog en Groothertogin Luxemburg aan ons land. Bij aankomst beatrix, Claus, koningin, groothertog en groothertogin\nDatum\u00a0: 12 september 1967\nTrefwoorden\u00a0: Groothertoginnen, aankomsten, groothertogen, koninginnen, staatsbezoeken\nPersoonsnaam\u00a0: Beatrix, prinses, Claus, prins\nFotograaf\u00a0: Kroon, Ron / Anefo\nAuteursrechthebbende\u00a0: Nationaal Archief \nMateriaalsoort\u00a0: Negatief (zwart/wit)\nNummer archiefinventaris\u00a0: bekijk toegang 2.24.01.05\nBestanddeelnummer\u00a0: 920-6923\nReacties\nGeplaatst door Maaike op 17 juli 2013 - 20:26.\nPersoonsnamen: Groothertogin van Luxemburg, Josephine Charlotte; Groothertog van Luxemburg, Jan; Juliana, koningin; Bernhard, prins\nLocatie: Dam\n\nPlaats: Amsterdam; Noord-Holland\n\n\nDate\n\n12 September 1967\n\n\nSource\n\nhttp://proxy.handle.net/10648/ab26ccfe-d0b4-102d-bcf8-003048976d84\n\n\nAuthor\n\nRon Kroon / Anefo\n\n\n"}, {"url": "https://commons.wikimedia.org/wiki/File:Staatsbezoek_Groothertog_en_Groothertogin_Luxemburg_aan_ons_land._De_koninklijke,_Bestanddeelnr_920-6926.jpg", "metadata": {"og:image": "https://upload.wikimedia.org/wikipedia/commons/thumb/e/e0/Staatsbezoek_Groothertog_en_Groothertogin_Luxemburg_aan_ons_land._De_koninklijke%2C_Bestanddeelnr_920-6926.jpg/640px-Staatsbezoek_Groothertog_en_Groothertogin_Luxemburg_aan_ons_land._De_koninklijke%2C_Bestanddeelnr_920-6926.jpg", "og:image:width": "640", "og:image:height": "422", "og:title": "File:Staatsbezoek Groothertog en Groothertogin Luxemburg aan ons land. De koninklijke, Bestanddeelnr 920-6926.jpg - Wikimedia Commons", "og:type": "website"}, "text": "\n\n\nDescriptionStaatsbezoek Groothertog en Groothertogin Luxemburg aan ons land. De koninklijke, Bestanddeelnr 920-6926.jpg\n\nNederlands:  Collectie / Archief\u00a0: Fotocollectie Anefo\nReportage / Serie\u00a0: [ onbekend ]\nBeschrijving\u00a0: Staatsbezoek Groothertog en Groothertogin Luxemburg aan ons land. De koninklijke gasten op balkon, lachen om chauffeur die koffertje liet vallen\nDatum\u00a0: 12 september 1967\nTrefwoorden\u00a0: GASTEN, Groothertoginnen, LACHEN, groothertogen, staatsbezoeken\nFotograaf\u00a0: Kroon, Ron / Anefo\nAuteursrechthebbende\u00a0: Nationaal Archief \nMateriaalsoort\u00a0: Negatief (zwart/wit)\nNummer archiefinventaris\u00a0: bekijk toegang 2.24.01.05\nBestanddeelnummer\u00a0: 920-6926\nReacties\nGeplaatst door Maaike op 17 juli 2013 - 20:44.\nPersoonsnamen: Groothertogin van Luxemburg, Josephine Charlotte; Groothertog van Luxemburg, Jan; Juliana, koningin\nLocatie: Koninklijk Paleis\n\nPlaats: Amsterdam; Noord-Holland\n\n\nDate\n\n12 September 1967\n\n\nSource\n\nhttp://proxy.handle.net/10648/ab26d01e-d0b4-102d-bcf8-003048976d84\n\n\nAuthor\n\nRon Kroon / Anefo\n\n\n"}, {"url": "https://commons.wikimedia.org/wiki/File:Staatsbezoek_Groothertog_en_Groothertogin_Luxemburg_aan_ons_land._Ontvangst_op_s,_Bestanddeelnr_920-6938.jpg", "metadata": {"og:image": "https://upload.wikimedia.org/wikipedia/commons/thumb/4/4b/Staatsbezoek_Groothertog_en_Groothertogin_Luxemburg_aan_ons_land._Ontvangst_op_s%2C_Bestanddeelnr_920-6938.jpg/640px-Staatsbezoek_Groothertog_en_Groothertogin_Luxemburg_aan_ons_land._Ontvangst_op_s%2C_Bestanddeelnr_920-6938.jpg", "og:image:width": "640", "og:image:height": "422", "og:title": "File:Staatsbezoek Groothertog en Groothertogin Luxemburg aan ons land. Ontvangst op s, Bestanddeelnr 920-6938.jpg - Wikimedia Commons", "og:type": "website"}, "text": "\n\n\nDescriptionStaatsbezoek Groothertog en Groothertogin Luxemburg aan ons land. Ontvangst op s, Bestanddeelnr 920-6938.jpg\n\nNederlands:  Collectie / Archief\u00a0: Fotocollectie Anefo\nReportage / Serie\u00a0: [ onbekend ]\nBeschrijving\u00a0: Staatsbezoek Groothertog en Groothertogin Luxemburg aan ons land. Ontvangst op stadhuis\nDatum\u00a0: 12 september 1967\nLocatie\u00a0: Amsterdam, Noord-Holland\nTrefwoorden\u00a0: Groothertoginnen, groothertogen, koninginnen, staatsbezoeken, stadhuizen\nFotograaf\u00a0: Nijs, Jac. de / Anefo\nAuteursrechthebbende\u00a0: Nationaal Archief \nMateriaalsoort\u00a0: Negatief (zwart/wit)\nNummer archiefinventaris\u00a0: bekijk toegang 2.24.01.05\nBestanddeelnummer\u00a0: 920-6938\nReacties\nGeplaatst door Maaike op 17 juli 2013 - 20:52.\n\nPersoonsnamen: Groothertogin van Luxemburg, Josephine Charlotte; Groothertog van Luxemburg, Jan; Juliana, koningin; Bernhard, prins\n\n\nDate\n\n12 September 1967\n\n\nSource\n\nhttp://proxy.handle.net/10648/ab26db86-d0b4-102d-bcf8-003048976d84\n\n\nAuthor\n\nJack de Nijs for Anefo  / Anefo\n\n\n"}, {"url": "https://commons.wikimedia.org/wiki/File:Staatsbezoek_Groothertog_en_Groothertogin_Luxemburg_aan_ons_land._Statiefoto_ko,_Bestanddeelnr_920-6947.jpg", "metadata": {"og:image": "https://upload.wikimedia.org/wikipedia/commons/thumb/c/cb/Staatsbezoek_Groothertog_en_Groothertogin_Luxemburg_aan_ons_land._Statiefoto_ko%2C_Bestanddeelnr_920-6947.jpg/640px-Staatsbezoek_Groothertog_en_Groothertogin_Luxemburg_aan_ons_land._Statiefoto_ko%2C_Bestanddeelnr_920-6947.jpg", "og:image:width": "640", "og:image:height": "422", "og:title": "File:Staatsbezoek Groothertog en Groothertogin Luxemburg aan ons land. Statiefoto ko, Bestanddeelnr 920-6947.jpg - Wikimedia Commons", "og:type": "website"}, "text": "\n\n\nDescriptionStaatsbezoek Groothertog en Groothertogin Luxemburg aan ons land. Statiefoto ko, Bestanddeelnr 920-6947.jpg\n\nNederlands:  Collectie / Archief\u00a0: Fotocollectie Anefo\nReportage / Serie\u00a0: [ onbekend ]\nBeschrijving\u00a0: Staatsbezoek Groothertog en Groothertogin Luxemburg aan ons land. Statiefoto: koningin Juliana , Groothertog,Groothertogin en Bernhard\nDatum\u00a0: 12 september 1967\nTrefwoorden\u00a0: Groothertoginnen, groothertogen, koninginnen\nPersoonsnaam\u00a0: Juliana (koningin Nederland)\nFotograaf\u00a0: Koch, Eric / Anefo\nAuteursrechthebbende\u00a0: Nationaal Archief \nMateriaalsoort\u00a0: Negatief (zwart/wit)\nNummer archiefinventaris\u00a0: bekijk toegang 2.24.01.05\nBestanddeelnummer\u00a0: 920-6947\nReacties\nGeplaatst door Maaike op 17 juli 2013 - 20:36.\nPersoonsnamen: Groothertogin van Luxemburg, Josephine Charlotte; Groothertog van Luxemburg, Jan; Juliana, koningin; Bernhard, prins\nLocatie: Koninklijk Paleis\n\nPlaats: Amsterdam; Noord-Holland\n\n\nDate\n\n12 September 1967\n\n\nSource\n\nhttp://proxy.handle.net/10648/ab26e478-d0b4-102d-bcf8-003048976d84\n\n\nAuthor\n\nEric Koch / Anefo\n\n\nOther versions\n\n\nThis file has an extracted image: GD Jean September 1967.jpg.\n\n\n\n"}, {"url": "https://commons.wikimedia.org/wiki/File:Staatsbezoek_Groothertog_en_Groothertogin_Luxemburg,_Claus,_Beatrix,_Margriet,_P,_Bestanddeelnr_920-6946.jpg", "metadata": {"og:image": "https://upload.wikimedia.org/wikipedia/commons/thumb/b/be/Staatsbezoek_Groothertog_en_Groothertogin_Luxemburg%2C_Claus%2C_Beatrix%2C_Margriet%2C_P%2C_Bestanddeelnr_920-6946.jpg/640px-Staatsbezoek_Groothertog_en_Groothertogin_Luxemburg%2C_Claus%2C_Beatrix%2C_Margriet%2C_P%2C_Bestanddeelnr_920-6946.jpg", "og:image:width": "640", "og:image:height": "422", "og:title": "File:Staatsbezoek Groothertog en Groothertogin Luxemburg, Claus, Beatrix, Margriet, P, Bestanddeelnr 920-6946.jpg - Wikimedia Commons", "og:type": "website"}, "text": "\n\n\nDescriptionStaatsbezoek Groothertog en Groothertogin Luxemburg, Claus, Beatrix, Margriet, P, Bestanddeelnr 920-6946.jpg\n\nNederlands:  Collectie / Archief\u00a0: Fotocollectie Anefo\nReportage / Serie\u00a0: [ onbekend ]\nBeschrijving\u00a0: Staatsbezoek Groothertog en Groothertogin Luxemburg, Claus, Beatrix, Margriet, Pieter, koningin Juliana, Groothertog, Groothertogin en Bernhard\nDatum\u00a0: 12 september 1967\nTrefwoorden\u00a0: Groothertoginnen, groothertogen, koninginnen\nPersoonsnaam\u00a0: Beatrix, prinses, Bernhard, prins, Claus, prins, Juliana (koningin Nederland), Margriet, prinses, Pieter\nFotograaf\u00a0: Koch, Eric / Anefo\nAuteursrechthebbende\u00a0: Nationaal Archief \nMateriaalsoort\u00a0: Negatief (zwart/wit)\nNummer archiefinventaris\u00a0: bekijk toegang 2.24.01.05\nBestanddeelnummer\u00a0: 920-6946\nReacties\nGeplaatst door Maaike op 17 juli 2013 - 20:34.\nPersoonsnamen: Groothertogin van Luxemburg, Josephine Charlotte; Groothertog van Luxemburg, Jan; Juliana, koningin; Bernhard, prins; Marijke (Christina), prinses\nLocatie: Koninklijk Paleis\n\nPlaats: Amsterdam; Noord-Holland\n\n\nDate\n\n12 September 1967\n\n\nSource\n\nhttp://proxy.handle.net/10648/ab26e37e-d0b4-102d-bcf8-003048976d84\n\n\nAuthor\n\nEric Koch / Anefo\n\n\n"}, {"url": "https://commons.wikimedia.org/wiki/File:Staatsbezoek_Groothertog_en_Groothertogin_van_Luxemburg_aan_ons_land_Ontvangst_,_Bestanddeelnr_920-6936.jpg", "metadata": {"og:image": "https://upload.wikimedia.org/wikipedia/commons/thumb/7/7a/Staatsbezoek_Groothertog_en_Groothertogin_van_Luxemburg_aan_ons_land_Ontvangst_%2C_Bestanddeelnr_920-6936.jpg/640px-Staatsbezoek_Groothertog_en_Groothertogin_van_Luxemburg_aan_ons_land_Ontvangst_%2C_Bestanddeelnr_920-6936.jpg", "og:image:width": "640", "og:image:height": "422", "og:title": "File:Staatsbezoek Groothertog en Groothertogin van Luxemburg aan ons land Ontvangst , Bestanddeelnr 920-6936.jpg - Wikimedia Commons", "og:type": "website"}, "text": "\n\n\nDescriptionStaatsbezoek Groothertog en Groothertogin van Luxemburg aan ons land Ontvangst , Bestanddeelnr 920-6936.jpg\n\nNederlands:  Collectie / Archief\u00a0: Fotocollectie Anefo\nReportage / Serie\u00a0: [ onbekend ]\nBeschrijving\u00a0: Staatsbezoek Groothertog en Groothertogin van Luxemburg aan ons land. Ontvangst op stadhuis. Samkalden geschenk aan koninklijk paar\nDatum\u00a0: 12 september 1967\nLocatie\u00a0: Amsterdam, Noord-Holland\nTrefwoorden\u00a0: Groothertoginnen, Ontvangsten, aanbiedingen, geschenken, groothertogen, staatsbezoeken\nFotograaf\u00a0: Nijs, Jac. de / Anefo\nAuteursrechthebbende\u00a0: Nationaal Archief \nMateriaalsoort\u00a0: Negatief (zwart/wit)\nNummer archiefinventaris\u00a0: bekijk toegang 2.24.01.05\nBestanddeelnummer\u00a0: 920-6936\nReacties\nGeplaatst door Maaike op 17 juli 2013 - 20:50.\n\nPersoonsnamen: Groothertogin van Luxemburg, Josephine Charlotte; Groothertog van Luxemburg, Jan; Juliana, koningin; Bernhard, prins; Samkalden, Ivo\n\n\nDate\n\n12 September 1967\n\n\nSource\n\nhttp://proxy.handle.net/10648/ab26d99c-d0b4-102d-bcf8-003048976d84\n\n\nAuthor\n\nJack de Nijs for Anefo  / Anefo\n\n\n"}, {"url": "https://commons.wikimedia.org/wiki/File:Staatsbezoek_van_Groothertog_en_Groothertogin_van_Luxemburg_aan_ons_land_De_kon,_Bestanddeelnr_920-6928.jpg", "metadata": {"og:image": "https://upload.wikimedia.org/wikipedia/commons/thumb/2/2f/Staatsbezoek_van_Groothertog_en_Groothertogin_van_Luxemburg_aan_ons_land_De_kon%2C_Bestanddeelnr_920-6928.jpg/640px-Staatsbezoek_van_Groothertog_en_Groothertogin_van_Luxemburg_aan_ons_land_De_kon%2C_Bestanddeelnr_920-6928.jpg", "og:image:width": "640", "og:image:height": "422", "og:title": "File:Staatsbezoek van Groothertog en Groothertogin van Luxemburg aan ons land De kon, Bestanddeelnr 920-6928.jpg - Wikimedia Commons", "og:type": "website"}, "text": "\n\n\nDescriptionStaatsbezoek van Groothertog en Groothertogin van Luxemburg aan ons land De kon, Bestanddeelnr 920-6928.jpg\n\nNederlands:  Collectie / Archief\u00a0: Fotocollectie Anefo\nReportage / Serie\u00a0: [ onbekend ]\nBeschrijving\u00a0: Staatsbezoek van Groothertog en Groothertogin van Luxemburg aan ons land. De koninklijke gasten op balkon op de Dam\nDatum\u00a0: 12 september 1967\nLocatie\u00a0: Amsterdam, Noord-Holland\nTrefwoorden\u00a0: GASTEN, Groothertoginnen, balkons, groothertogen\nFotograaf\u00a0: Kroon, Ron / Anefo\nAuteursrechthebbende\u00a0: Nationaal Archief \nMateriaalsoort\u00a0: Negatief (zwart/wit)\nNummer archiefinventaris\u00a0: bekijk toegang 2.24.01.05\nBestanddeelnummer\u00a0: 920-6928\nReacties\nGeplaatst door Maaike op 17 juli 2013 - 20:46.\nPersoonsnamen: Groothertogin van Luxemburg, Josephine Charlotte; Groothertog van Luxemburg, Jan; Juliana, koningin\n\nLocatie: Koninklijk Paleis\n\n\nDate\n\n12 September 1967\n\n\nSource\n\nhttp://proxy.handle.net/10648/ab26d1fe-d0b4-102d-bcf8-003048976d84\n\n\nAuthor\n\nRon Kroon / Anefo\n\n\nOther versions\n\n\nThis file has an extracted image: GD Jean 1967.jpg.\n\n\n\n"}, {"url": "https://commons.wikimedia.org/wiki/File:Staatsbezoek_van_Groothertog_en_Groothertogin_van_Luxemburg_aan_ons_land._Aankom,_Bestanddeelnr_920-6918.jpg", "metadata": {"og:image": "https://upload.wikimedia.org/wikipedia/commons/thumb/e/ef/Staatsbezoek_van_Groothertog_en_Groothertogin_van_Luxemburg_aan_ons_land._Aankom%2C_Bestanddeelnr_920-6918.jpg/640px-Staatsbezoek_van_Groothertog_en_Groothertogin_van_Luxemburg_aan_ons_land._Aankom%2C_Bestanddeelnr_920-6918.jpg", "og:image:width": "640", "og:image:height": "422", "og:title": "File:Staatsbezoek van Groothertog en Groothertogin van Luxemburg aan ons land. Aankom, Bestanddeelnr 920-6918.jpg - Wikimedia Commons", "og:type": "website"}, "text": "\n\n\nDescriptionStaatsbezoek van Groothertog en Groothertogin van Luxemburg aan ons land. Aankom, Bestanddeelnr 920-6918.jpg\n\nNederlands:  Collectie / Archief\u00a0: Fotocollectie Anefo\nReportage / Serie\u00a0: [ onbekend ]\nBeschrijving\u00a0: Staatsbezoek van Groothertog en Groothertogin van Luxemburg aan ons land. Aankomst\nDatum\u00a0: 12 september 1967\nTrefwoorden\u00a0: Groothertoginnen, aankomsten, groothertogen\nFotograaf\u00a0: Nijs, Jac. de / Anefo\nAuteursrechthebbende\u00a0: Nationaal Archief \nMateriaalsoort\u00a0: Negatief (zwart/wit)\nNummer archiefinventaris\u00a0: bekijk toegang 2.24.01.05\nBestanddeelnummer\u00a0: 920-6918\nReacties\nGeplaatst door Maaike op 17 juli 2013 - 20:39.\nPersoonsnamen: Groothertogin van Luxemburg, Josephine Charlotte; Groothertog van Luxemburg, Jan; Juliana, koningin; Bernhard, prins; Beatrix, prinses; Claus, Prins; Samkalden, Ivo\nLocatie: Centraal Station\n\nPlaats: Amsterdam; Noord-Holland\n\n\nDate\n\n12 September 1967\n\n\nSource\n\nhttp://proxy.handle.net/10648/ab26c6e6-d0b4-102d-bcf8-003048976d84\n\n\nAuthor\n\nJack de Nijs for Anefo  / Anefo\n\n\n"}, {"url": "https://commons.wikimedia.org/wiki/File:Staatsbezoek_van_Groothertog_en_Groothertogin_van_Luxemburg_aan_ons_land._Aankom,_Bestanddeelnr_920-6919.jpg", "metadata": {"og:image": "https://upload.wikimedia.org/wikipedia/commons/thumb/f/fc/Staatsbezoek_van_Groothertog_en_Groothertogin_van_Luxemburg_aan_ons_land._Aankom%2C_Bestanddeelnr_920-6919.jpg/640px-Staatsbezoek_van_Groothertog_en_Groothertogin_van_Luxemburg_aan_ons_land._Aankom%2C_Bestanddeelnr_920-6919.jpg", "og:image:width": "640", "og:image:height": "422", "og:title": "File:Staatsbezoek van Groothertog en Groothertogin van Luxemburg aan ons land. Aankom, Bestanddeelnr 920-6919.jpg - Wikimedia Commons", "og:type": "website"}, "text": "\n\n\nDescriptionStaatsbezoek van Groothertog en Groothertogin van Luxemburg aan ons land. Aankom, Bestanddeelnr 920-6919.jpg\n\nNederlands:  Collectie / Archief\u00a0: Fotocollectie Anefo\nReportage / Serie\u00a0: [ onbekend ]\nBeschrijving\u00a0: Staatsbezoek van Groothertog en Groothertogin van Luxemburg aan ons land. Aankomst\nDatum\u00a0: 12 september 1967\nTrefwoorden\u00a0: Groothertoginnen, aankomsten, groothertogen\nFotograaf\u00a0: Nijs, Jac. de / Anefo\nAuteursrechthebbende\u00a0: Nationaal Archief \nMateriaalsoort\u00a0: Negatief (zwart/wit)\nNummer archiefinventaris\u00a0: bekijk toegang 2.24.01.05\nBestanddeelnummer\u00a0: 920-6919\nReacties\nGeplaatst door Maaike op 17 juli 2013 - 20:40.\nPersoonsnamen: Groothertogin van Luxemburg, Josephine Charlotte; Groothertog van Luxemburg, Jan; Juliana, koningin; Bernhard, prins\nLocatie: Centraal Station\n\nPlaats: Amsterdam; Noord-Holland\n\n\nDate\n\n12 September 1967\n\n\nSource\n\nhttp://proxy.handle.net/10648/ab26c81c-d0b4-102d-bcf8-003048976d84\n\n\nAuthor\n\nJack de Nijs for Anefo  / Anefo\n\n\n"}, {"url": "https://commons.wikimedia.org/wiki/File:Staatsbezoek_van_Groothertog_en_Groothertogin_van_Luxemburg_aan_ons_land._Balkon,_Bestanddeelnr_920-6933_CROP_Jos%C3%A9pine_Charlotte.jpg", "metadata": {"og:image": "https://upload.wikimedia.org/wikipedia/commons/9/9c/Staatsbezoek_van_Groothertog_en_Groothertogin_van_Luxemburg_aan_ons_land._Balkon%2C_Bestanddeelnr_920-6933_CROP_Jos%C3%A9pine_Charlotte.jpg", "og:image:width": "640", "og:image:height": "996", "og:title": "File:Staatsbezoek van Groothertog en Groothertogin van Luxemburg aan ons land. Balkon, Bestanddeelnr 920-6933 CROP Jos\u00e9pine Charlotte.jpg - Wikimedia Commons", "og:type": "website"}, "text": "\n\n\nDescriptionStaatsbezoek van Groothertog en Groothertogin van Luxemburg aan ons land. Balkon, Bestanddeelnr 920-6933 CROP Jos\u00e9pine Charlotte.jpg\n\nEnglish:  Jos\u00e9phine Charlotte of Belgium. Grand-Duchess of Luxembourg in 1967 (on a state visit to the Netherlands, Staatsbezoek van Groothertog en Groothertogin van Luxemburg aan ons land. Balkon en inspectie erewacht Datum\u00a0: 12 september 1967\n\n\nDate\n\n12 September 1967\n\n\nSource\n\n\n\n\nThis file has been extracted from another file: Staatsbezoek van Groothertog en Groothertogin van Luxemburg aan ons land. Balkon, Bestanddeelnr 920-6933.jpg\n\n\n\n\n\n\nAuthor\n\nRon Kroon / Anefo\n\n\n\n\n\nThis is an image from the Nationaal Archief, the Dutch National Archives, donated in the context of a partnership program. This tag does not indicate the copyright status of the attached work. A normal copyright tag is still required. See Commons:Licensing.\n\n\u0627\u0644\u0639\u0631\u0628\u064a\u0629\u00a0\u2219 Deutsch\u00a0\u2219 English\u00a0\u2219 fran\u00e7ais\u00a0\u2219 galego\u00a0\u2219 Bahasa Indonesia\u00a0\u2219 italiano\u00a0\u2219 \u65e5\u672c\u8a9e\u00a0\u2219 \u043c\u0430\u043a\u0435\u0434\u043e\u043d\u0441\u043a\u0438\u00a0\u2219 Nederlands\u00a0\u2219 portugu\u00eas\u00a0\u2219 \u0440\u0443\u0441\u0441\u043a\u0438\u0439\u00a0\u2219 \u0443\u043a\u0440\u0430\u0457\u043d\u0441\u044c\u043a\u0430\u00a0\u2219 \u7b80\u4f53\u4e2d\u6587\u00a0\u2219 \u7e41\u9ad4\u4e2d\u6587\u00a0\u2219 \u6b63\u9ad4\u4e2d\u6587\uff08\u81fa\u7063\uff09\u00a0\u2219 +/\u2212\n\n\n\n\n"}, {"url": "https://commons.wikimedia.org/wiki/File:Staatsbezoek_van_Groothertog_en_Groothertogin_van_Luxemburg_aan_ons_land._Balkon,_Bestanddeelnr_920-6933.jpg", "metadata": {"og:image": "https://upload.wikimedia.org/wikipedia/commons/thumb/d/da/Staatsbezoek_van_Groothertog_en_Groothertogin_van_Luxemburg_aan_ons_land._Balkon%2C_Bestanddeelnr_920-6933.jpg/640px-Staatsbezoek_van_Groothertog_en_Groothertogin_van_Luxemburg_aan_ons_land._Balkon%2C_Bestanddeelnr_920-6933.jpg", "og:image:width": "640", "og:image:height": "422", "og:title": "File:Staatsbezoek van Groothertog en Groothertogin van Luxemburg aan ons land. Balkon, Bestanddeelnr 920-6933.jpg - Wikimedia Commons", "og:type": "website"}, "text": "\n\n\nDescriptionStaatsbezoek van Groothertog en Groothertogin van Luxemburg aan ons land. Balkon, Bestanddeelnr 920-6933.jpg\n\nNederlands:  Collectie / Archief\u00a0: Fotocollectie Anefo\nReportage / Serie\u00a0: [ onbekend ]\nBeschrijving\u00a0: Staatsbezoek van Groothertog en Groothertogin van Luxemburg aan ons land. Balkon en inspectie erewacht\nDatum\u00a0: 12 september 1967\nTrefwoorden\u00a0: Groothertoginnen, balkons, groothertogen, staatsbezoeken\nFotograaf\u00a0: Kroon, Ron / Anefo\nAuteursrechthebbende\u00a0: Nationaal Archief \nMateriaalsoort\u00a0: Negatief (zwart/wit)\nNummer archiefinventaris\u00a0: bekijk toegang 2.24.01.05\nBestanddeelnummer\u00a0: 920-6933\nReacties\nGeplaatst door Maaike op 17 juli 2013 - 20:48.\nPersoonsnamen: Groothertogin van Luxemburg, Josephine Charlotte; Groothertog van Luxemburg, Jan; Juliana, koningin; Bernhard, prins\nLocatie: Koninklijk Paleis\n\nPlaats: Amsterdam; Noord-Holland\n\n\nDate\n\n12 September 1967\n\n\nSource\n\nhttp://proxy.handle.net/10648/ab26d6cc-d0b4-102d-bcf8-003048976d84\n\n\nAuthor\n\nRon Kroon / Anefo\n\n\nOther versions\n\n\nThis file has an extracted image: Jean, Grand Duke of Luxembourg 1967.jpg.\n\n\n\n"}, {"url": "https://commons.wikimedia.org/wiki/File:Staatsbezoek_van_Groothertog_en_Groothertogin_van_Luxemburg_aan_ons_land._Balkon,_Bestanddeelnr_920-6935.jpg", "metadata": {"og:image": "https://upload.wikimedia.org/wikipedia/commons/thumb/b/ba/Staatsbezoek_van_Groothertog_en_Groothertogin_van_Luxemburg_aan_ons_land._Balkon%2C_Bestanddeelnr_920-6935.jpg/640px-Staatsbezoek_van_Groothertog_en_Groothertogin_van_Luxemburg_aan_ons_land._Balkon%2C_Bestanddeelnr_920-6935.jpg", "og:image:width": "640", "og:image:height": "422", "og:title": "File:Staatsbezoek van Groothertog en Groothertogin van Luxemburg aan ons land. Balkon, Bestanddeelnr 920-6935.jpg - Wikimedia Commons", "og:type": "website"}, "text": "\n\n\nDescriptionStaatsbezoek van Groothertog en Groothertogin van Luxemburg aan ons land. Balkon, Bestanddeelnr 920-6935.jpg\n\nNederlands:  Collectie / Archief\u00a0: Fotocollectie Anefo\nReportage / Serie\u00a0: [ onbekend ]\nBeschrijving\u00a0: Staatsbezoek van Groothertog en Groothertogin van Luxemburg aan ons land. Balkon en kranslegging\nDatum\u00a0: 12 september 1967\nLocatie\u00a0: Amsterdam, Noord-Holland\nTrefwoorden\u00a0: Groothertoginnen, balkons, groothertogen, staatsbezoeken\nFotograaf\u00a0: Kroon, Ron / Anefo\nAuteursrechthebbende\u00a0: Nationaal Archief \nMateriaalsoort\u00a0: Negatief (zwart/wit)\nNummer archiefinventaris\u00a0: bekijk toegang 2.24.01.05\nBestanddeelnummer\u00a0: 920-6935\nReacties\nGeplaatst door Maaike op 17 juli 2013 - 20:49.\nPersoonsnamen: Groothertogin van Luxemburg, Josephine Charlotte; Groothertog van Luxemburg, Jan; Juliana, koningin; Bernhard, prins\nLocatie: Dam\n\nPlaats: Amsterdam; Noord-Holland\n\n\nDate\n\n12 September 1967\n\n\nSource\n\nhttp://proxy.handle.net/10648/ab26d8ac-d0b4-102d-bcf8-003048976d84\n\n\nAuthor\n\nRon Kroon / Anefo\n\n\n"}, {"url": "https://commons.wikimedia.org/wiki/File:Staatsbezoek._Bezoek_aan_Delft._koningin_Juliana_en_Groothertogelijk_paar_en_bur,_Bestanddeelnr_920-7006.jpg", "metadata": {"og:image": "https://upload.wikimedia.org/wikipedia/commons/thumb/3/32/Staatsbezoek._Bezoek_aan_Delft._koningin_Juliana_en_Groothertogelijk_paar_en_bur%2C_Bestanddeelnr_920-7006.jpg/640px-Staatsbezoek._Bezoek_aan_Delft._koningin_Juliana_en_Groothertogelijk_paar_en_bur%2C_Bestanddeelnr_920-7006.jpg", "og:image:width": "640", "og:image:height": "424", "og:title": "File:Staatsbezoek. Bezoek aan Delft. koningin Juliana en Groothertogelijk paar en bur, Bestanddeelnr 920-7006.jpg - Wikimedia Commons", "og:type": "website"}, "text": "\n\n\nDescriptionStaatsbezoek. Bezoek aan Delft. koningin Juliana en Groothertogelijk paar en bur, Bestanddeelnr 920-7006.jpg\n\nNederlands:  Collectie / Archief\u00a0: Fotocollectie Anefo\nReportage / Serie\u00a0: [ onbekend ]\nBeschrijving\u00a0: Staatsbezoek. Bezoek aan Delft. koningin Juliana en Groothertogelijk paar en burgemeester Ravensloot wandelen door Delft\nDatum\u00a0: 13 september 1967\nLocatie\u00a0: Delft, Zuid-Holland\nTrefwoorden\u00a0: bezoeken, koninginnen\nPersoonsnaam\u00a0: Juliana (koningin Nederland)\nFotograaf\u00a0: Nijs, Jac. de / Anefo\nAuteursrechthebbende\u00a0: Nationaal Archief\nMateriaalsoort\u00a0: Negatief (zwart/wit)\nNummer archiefinventaris\u00a0: bekijk toegang 2.24.01.05\n\nBestanddeelnummer\u00a0: 920-7006\n\n\nDate\n\n13 September 1967\n\n\nSource\n\nhttp://proxy.handle.net/10648/ab271ca4-d0b4-102d-bcf8-003048976d84\n\n\nAuthor\n\nJack de Nijs for Anefo \n\n\n"}, {"url": "https://commons.wikimedia.org/wiki/File:Staatsbezoek._Concertbezoek_t.g.v._bezoek_koninklijke_gasten_in_Concertgebouw,_Groothertogelijk_paar-_Jan_van_Luxemburg_en_Jos%C3%A9phine-Charlotte_van_Belgie,_Bestanddeelnr_920-7013.jpg", "metadata": {"og:image": "https://upload.wikimedia.org/wikipedia/commons/thumb/5/54/Staatsbezoek._Concertbezoek_t.g.v._bezoek_koninklijke_gasten_in_Concertgebouw%2C_Groothertogelijk_paar-_Jan_van_Luxemburg_en_Jos%C3%A9phine-Charlotte_van_Belgie%2C_Bestanddeelnr_920-7013.jpg/640px-thumbnail.jpg", "og:image:width": "640", "og:image:height": "424", "og:title": "File:Staatsbezoek. Concertbezoek t.g.v. bezoek koninklijke gasten in Concertgebouw, Groothertogelijk paar- Jan van Luxemburg en Jos\u00e9phine-Charlotte van Belgie, Bestanddeelnr 920-7013.jpg - Wikimedia Commons", "og:type": "website"}, "text": "\n\n\nDescriptionStaatsbezoek. Concertbezoek t.g.v. bezoek koninklijke gasten in Concertgebouw, Groothertogelijk paar- Jan van Luxemburg en Jos\u00e9phine-Charlotte van Belgie, Bestanddeelnr 920-7013.jpg\n\nNederlands:  Collectie / Archief\u00a0: Fotocollectie Anefo\nReportage / Serie\u00a0: [ onbekend ]\nBeschrijving\u00a0: Staatsbezoek. Concertbezoek t.g.v. bezoek koninklijke gasten in Concertgebouw. Het Groothertogelijk paar, prins Bernhard , koningin Juliana , prinses\nDatum\u00a0: 13 september 1967\nTrefwoorden\u00a0: CONCERTGEBOUWEN, PRINSEN, PRINSESSEN, bezoeken, koninginnen\nPersoonsnaam\u00a0: Beatrix, prinses, Bernhard, prins, Claus, prins, Juliana (koningin Nederland)\nFotograaf\u00a0: Nijs, Jac. de / Anefo\nAuteursrechthebbende\u00a0: Nationaal Archief\nMateriaalsoort\u00a0: Negatief (zwart/wit)\nNummer archiefinventaris\u00a0: bekijk toegang 2.24.01.05\n\nBestanddeelnummer\u00a0: 920-7013\n\n\nDate\n\n13 September 1967\n\n\nSource\n\nhttp://proxy.handle.net/10648/ab2723c0-d0b4-102d-bcf8-003048976d84\n\n\nAuthor\n\nJack de Nijs for Anefo \n\n\n"}, {"url": "https://commons.wikimedia.org/wiki/File:Staatsbezoek._Concertbezoek_t.g.v._bezoek_koninklijke_gasten_in_Concertgebouw._H,_Bestanddeelnr_920-7011.jpg", "metadata": {"og:image": "https://upload.wikimedia.org/wikipedia/commons/thumb/b/ba/Staatsbezoek._Concertbezoek_t.g.v._bezoek_koninklijke_gasten_in_Concertgebouw._H%2C_Bestanddeelnr_920-7011.jpg/640px-Staatsbezoek._Concertbezoek_t.g.v._bezoek_koninklijke_gasten_in_Concertgebouw._H%2C_Bestanddeelnr_920-7011.jpg", "og:image:width": "640", "og:image:height": "422", "og:title": "File:Staatsbezoek. Concertbezoek t.g.v. bezoek koninklijke gasten in Concertgebouw. H, Bestanddeelnr 920-7011.jpg - Wikimedia Commons", "og:type": "website"}, "text": "\n\n\nDescriptionStaatsbezoek. Concertbezoek t.g.v. bezoek koninklijke gasten in Concertgebouw. H, Bestanddeelnr 920-7011.jpg\n\nNederlands:  Collectie / Archief\u00a0: Fotocollectie Anefo\nReportage / Serie\u00a0: [ onbekend ]\nBeschrijving\u00a0: Staatsbezoek. Concertbezoek t.g.v. bezoek koninklijke gasten in Concertgebouw. Het Groothertogelijk paar, prins Bernhard , koningin Juliana , prinses\nDatum\u00a0: 13 september 1967\nTrefwoorden\u00a0: CONCERTGEBOUWEN, bezoeken, koninginnen, prinsen, prinsessen\nPersoonsnaam\u00a0: Beatrix, prinses, Bernhard, prins, Claus, prins, Juliana (koningin Nederland)\nFotograaf\u00a0: Nijs, Jac. de / Anefo\nAuteursrechthebbende\u00a0: Nationaal Archief\nMateriaalsoort\u00a0: Negatief (zwart/wit)\nNummer archiefinventaris\u00a0: bekijk toegang 2.24.01.05\n\nBestanddeelnummer\u00a0: 920-7011\n\n\nDate\n\n13 September 1967\n\n\nSource\n\nhttp://proxy.handle.net/10648/ab2721c2-d0b4-102d-bcf8-003048976d84\n\n\nAuthor\n\nJack de Nijs for Anefo \n\n\n"}, {"url": "https://commons.wikimedia.org/wiki/File:Staatsbezoek._Concertbezoek_t.g.v._bezoek_koninklijke_gasten_in_Concertgebouw._H,_Bestanddeelnr_920-7014.jpg", "metadata": {"og:image": "https://upload.wikimedia.org/wikipedia/commons/thumb/9/99/Staatsbezoek._Concertbezoek_t.g.v._bezoek_koninklijke_gasten_in_Concertgebouw._H%2C_Bestanddeelnr_920-7014.jpg/640px-Staatsbezoek._Concertbezoek_t.g.v._bezoek_koninklijke_gasten_in_Concertgebouw._H%2C_Bestanddeelnr_920-7014.jpg", "og:image:width": "640", "og:image:height": "421", "og:title": "File:Staatsbezoek. Concertbezoek t.g.v. bezoek koninklijke gasten in Concertgebouw. H, Bestanddeelnr 920-7014.jpg - Wikimedia Commons", "og:type": "website"}, "text": "\n\n\nDescriptionStaatsbezoek. Concertbezoek t.g.v. bezoek koninklijke gasten in Concertgebouw. H, Bestanddeelnr 920-7014.jpg\n\nNederlands:  Collectie / Archief\u00a0: Fotocollectie Anefo\nReportage / Serie\u00a0: [ onbekend ]\nBeschrijving\u00a0: Staatsbezoek. Concertbezoek t.g.v. bezoek koninklijke gasten in Concertgebouw. Het Groothertogelijk paar, prins Bernhard , koningin Juliana , prinses\nDatum\u00a0: 13 september 1967\nTrefwoorden\u00a0: CONCERTGEBOUWEN, bezoeken, koninginnen, prinsen, prinsessen\nPersoonsnaam\u00a0: Beatrix, prinses, Bernhard, prins, Claus, prins, Juliana (koningin Nederland)\nFotograaf\u00a0: Nijs, Jac. de / Anefo\nAuteursrechthebbende\u00a0: Nationaal Archief\nMateriaalsoort\u00a0: Negatief (zwart/wit)\nNummer archiefinventaris\u00a0: bekijk toegang 2.24.01.05\n\nBestanddeelnummer\u00a0: 920-7014\n\n\nDate\n\n13 September 1967\n\n\nSource\n\nhttp://proxy.handle.net/10648/ab2724a6-d0b4-102d-bcf8-003048976d84\n\n\nAuthor\n\nJack de Nijs for Anefo \n\n\n"}, {"url": "https://commons.wikimedia.org/wiki/File:Staatsbezoek._Concertbezoek_t.g.v._bezoek_koninklijke_gasten_in_Concertgebouw._H,_Bestanddeelnr_920-7015.jpg", "metadata": {"og:image": "https://upload.wikimedia.org/wikipedia/commons/thumb/5/59/Staatsbezoek._Concertbezoek_t.g.v._bezoek_koninklijke_gasten_in_Concertgebouw._H%2C_Bestanddeelnr_920-7015.jpg/640px-Staatsbezoek._Concertbezoek_t.g.v._bezoek_koninklijke_gasten_in_Concertgebouw._H%2C_Bestanddeelnr_920-7015.jpg", "og:image:width": "640", "og:image:height": "422", "og:title": "File:Staatsbezoek. Concertbezoek t.g.v. bezoek koninklijke gasten in Concertgebouw. H, Bestanddeelnr 920-7015.jpg - Wikimedia Commons", "og:type": "website"}, "text": "\n\n\nDescriptionStaatsbezoek. Concertbezoek t.g.v. bezoek koninklijke gasten in Concertgebouw. H, Bestanddeelnr 920-7015.jpg\n\nNederlands:  Collectie / Archief\u00a0: Fotocollectie Anefo\nReportage / Serie\u00a0: [ onbekend ]\nBeschrijving\u00a0: Staatsbezoek. Concertbezoek t.g.v. bezoek koninklijke gasten in Concertgebouw. Het Groothertogelijk paar, prins Bernhard , koningin Juliana , prinses\nDatum\u00a0: 13 september 1967\nTrefwoorden\u00a0: CONCERTGEBOUWEN, bezoeken, koninginnen, prinsen, prinsessen\nPersoonsnaam\u00a0: Beatrix, prinses, Bernhard, prins, Claus, prins, Juliana (koningin Nederland)\nFotograaf\u00a0: Nijs, Jac. de / Anefo\nAuteursrechthebbende\u00a0: Nationaal Archief\nMateriaalsoort\u00a0: Negatief (zwart/wit)\nNummer archiefinventaris\u00a0: bekijk toegang 2.24.01.05\n\nBestanddeelnummer\u00a0: 920-7015\n\n\nDate\n\n13 September 1967\n\n\nSource\n\nhttp://proxy.handle.net/10648/ab2725a0-d0b4-102d-bcf8-003048976d84\n\n\nAuthor\n\nJack de Nijs for Anefo \n\n\n"}, {"url": "https://commons.wikimedia.org/wiki/File:Staatsbezoek._koningin_Juliana_en_Groothertogin_op_bloemenveiling_te_Aalsmeer,_i,_Bestanddeelnr_920-6994.jpg", "metadata": {"og:image": "https://upload.wikimedia.org/wikipedia/commons/thumb/9/90/Staatsbezoek._koningin_Juliana_en_Groothertogin_op_bloemenveiling_te_Aalsmeer%2C_i%2C_Bestanddeelnr_920-6994.jpg/640px-Staatsbezoek._koningin_Juliana_en_Groothertogin_op_bloemenveiling_te_Aalsmeer%2C_i%2C_Bestanddeelnr_920-6994.jpg", "og:image:width": "640", "og:image:height": "422", "og:title": "File:Staatsbezoek. koningin Juliana en Groothertogin op bloemenveiling te Aalsmeer, i, Bestanddeelnr 920-6994.jpg - Wikimedia Commons", "og:type": "website"}, "text": "\n\n\nDescriptionStaatsbezoek. koningin Juliana en Groothertogin op bloemenveiling te Aalsmeer, i, Bestanddeelnr 920-6994.jpg\n\nNederlands:  Collectie / Archief\u00a0: Fotocollectie Anefo\nReportage / Serie\u00a0: [ onbekend ]\nBeschrijving\u00a0: Staatsbezoek. koningin Juliana en Groothertogin op bloemenveiling te Aalsmeer, in de veilingbanken\nDatum\u00a0: 13 september 1967\nLocatie\u00a0: Aalsmeer, Noord-Holland\nTrefwoorden\u00a0: BLOEMENVEILINGEN, Groothertoginnen, koninginnen\nPersoonsnaam\u00a0: Juliana (koningin Nederland)\nFotograaf\u00a0: Kroon, Ron / Anefo\nAuteursrechthebbende\u00a0: Nationaal Archief \nMateriaalsoort\u00a0: Negatief (zwart/wit)\nNummer archiefinventaris\u00a0: bekijk toegang 2.24.01.05\nBestanddeelnummer\u00a0: 920-6994\nReacties\nGeplaatst door Maaike op 17 juli 2013 - 21:00.\n\nPersoonsnamen: Groothertogin van Luxemburg, Josephine Charlotte; Juliana, koningin\n\n\nDate\n\n13 September 1967\n\n\nSource\n\nhttp://proxy.handle.net/10648/ab2710ec-d0b4-102d-bcf8-003048976d84\n\n\nAuthor\n\nRon Kroon for Anefo \n\n\n"}, {"url": "https://commons.wikimedia.org/wiki/File:Staatsbezoek._Koninklijke_gasten_wandelen_door_de_grote_hal_waar_bloemen_klaar_l,_Bestanddeelnr_920-6998.jpg", "metadata": {"og:image": "https://upload.wikimedia.org/wikipedia/commons/thumb/8/8d/Staatsbezoek._Koninklijke_gasten_wandelen_door_de_grote_hal_waar_bloemen_klaar_l%2C_Bestanddeelnr_920-6998.jpg/640px-Staatsbezoek._Koninklijke_gasten_wandelen_door_de_grote_hal_waar_bloemen_klaar_l%2C_Bestanddeelnr_920-6998.jpg", "og:image:width": "640", "og:image:height": "422", "og:title": "File:Staatsbezoek. Koninklijke gasten wandelen door de grote hal waar bloemen klaar l, Bestanddeelnr 920-6998.jpg - Wikimedia Commons", "og:type": "website"}, "text": "\n\n\nDescriptionStaatsbezoek. Koninklijke gasten wandelen door de grote hal waar bloemen klaar l, Bestanddeelnr 920-6998.jpg\n\nNederlands:  Collectie / Archief\u00a0: Fotocollectie Anefo\nReportage / Serie\u00a0: [ onbekend ]\nBeschrijving\u00a0: Staatsbezoek. Koninklijke gasten wandelen door de grote hal waar bloemen klaar liggen voor de veiling\nDatum\u00a0: 13 september 1967\nTrefwoorden\u00a0: BLOEMEN, GASTEN, staatsbezoeken, veilingen\nFotograaf\u00a0: Kroon, Ron / Anefo\nAuteursrechthebbende\u00a0: Nationaal Archief \nMateriaalsoort\u00a0: Negatief (zwart/wit)\nNummer archiefinventaris\u00a0: bekijk toegang 2.24.01.05\n\nBestanddeelnummer\u00a0: 920-6998\n\n\nDate\n\n13 September 1967\n\n\nSource\n\nhttp://proxy.handle.net/10648/ab2714de-d0b4-102d-bcf8-003048976d84\n\n\nAuthor\n\nRon Kroon for Anefo \n\n\n"}]