[{"url": "https://commons.wikimedia.org/wiki/File:Camille_van_Camp_(1834-1891)_Vijftigste_verjaardag_der_Belgische_onafhankelijkheid_-_Parlement_Brussel_21-07-2018.JPG", "metadata": {"og:image": "https://upload.wikimedia.org/wikipedia/commons/thumb/3/38/Camille_van_Camp_%281834-1891%29_Vijftigste_verjaardag_der_Belgische_onafhankelijkheid_-_Parlement_Brussel_21-07-2018.JPG/640px-Camille_van_Camp_%281834-1891%29_Vijftigste_verjaardag_der_Belgische_onafhankelijkheid_-_Parlement_Brussel_21-07-2018.JPG", "og:image:width": "640", "og:image:height": "376", "og:title": "File:Camille van Camp (1834-1891) Vijftigste verjaardag der Belgische onafhankelijkheid - Parlement Brussel 21-07-2018.JPG - Wikimedia Commons", "og:type": "website"}, "text": "\n\n\n\nCamille Van Camp: The patriotic celebration of the fiftieth anniversary of the Belgian independence\n\u00a0\u00a0\n\n\nArtist\n\n\n\n\n\n\nCamille Van Camp\n\u00a0(1834\u20131891)\u00a0\u00a0 \u00a0\n\n\n\n\n\nAlternative names\n\nCamille J.B. Van Camp\n\nDescription\nBelgian painter and engraver\n\nDate of birth/death\n\n3 June 1834\u00a0\n16 November 1891\u00a0\n\nLocation of birth/death\n\nTongeren\nMontreux\n\nWork period\nCity of Brussels, Florence (September 1857-October 1857), Paris (1859), Tervuren (1863), Florence (1887-1888), Rome (1887-1888)\n\nAuthority file\n\n: Q2604346\nVIAF:\u200976260108\nISNI:\u20090000000067088765\nULAN:\u2009500201563\nLCCN:\u2009nr2003022526\nGND:\u2009174192436\nWorldCat\n\n\n\ncreator QS:P170,Q2604346\u00a0\n\n\nTitle\n\n\nThe patriotic celebration of the fiftieth anniversary of the Belgian independencelabel QS:Len,\"The patriotic celebration of the fiftieth anniversary of the Belgian independence\"\nlabel QS:Lfr,\"La f\u00eate patriotique du cinquantenaire de l'ind\u00e9pendance belge\"\nlabel QS:Lnl,\"De patriottische viering van de vijftigste verjaardag van de Belgische onafhankelijkheid\"\n\n\nObject type\n\npainting\u00a0\n\n\nDescription\n\n\nEnglish:  The patriotic celebration of the fiftieth anniversary of the Belgian independence, Parc du Cinquantenaire (Brussels), 16 August 1880.[1] This file has annotations. Move the mouse pointer over the image to see them.\nFran\u00e7ais\u00a0:  La f\u00eate patriotique du cinquantenaire de l\u2019ind\u00e9pendance belge, Parc du Cinquantenaire (Bruxelles), le 16 ao\u00fbt 1880.[2] Les personnages repr\u00e9sent\u00e9s dans le tableau sont\u00a0: L\u00e9opold II de Belgique (1835-1909), roi des Belges, Marie-Henriette d\u2019Autriche (1836-1902), reine des Belges, le prince Baudouin (1869-1891), fils du comte et de la comtesse de Flandre, Walth\u00e8re Fr\u00e8re-Orban (1812-1896), homme politique lib\u00e9ral, Charles Graux (1837-1910), homme politique lib\u00e9ral, avocat et professeur, Charles Faider (1811-1897), homme politique lib\u00e9ral et procureur g\u00e9n\u00e9ral pr\u00e8s la Cour de cassation, Guillaume de Long\u00e9 (1815-1890), pr\u00e9sident de la Cour de cassation, D\u00e9sir\u00e9 De Haerne (1804-1890), pr\u00eatre, homme politique catholique et inspecteur g\u00e9n\u00e9ral de l\u2019enseignement catholique, Jules Bara (1835-1900), homme politique lib\u00e9ral, Alexandre-Guillaume Nicaise (1827-1902), lieutenant-g\u00e9n\u00e9ral de l\u2019artillerie, Pierre Van Humbeeck (1829-1890), homme politique lib\u00e9ral, Charles Buls (1837-1914), homme politique lib\u00e9ral et bourgmestre de Bruxelles, Franz Servais(1846-1901), compositeur et chef d\u2019orchestre, Pierre Philippe Bourson (1801-1888), \u00e9diteur, notamment de L\u2019Observateur, La Revue trimestrielle et Le Moniteur belge, Edmond Picard (1836-1924), juriste, \u00e9crivain et m\u00e9c\u00e8ne, Camille Lemonnier (1844-1913), \u00e9crivain et critique d\u2019art, Camille Van Camp (1834-1891), artiste peintre et auteur de la toile, Mathieu Leclercq (1796-1889), homme politique lib\u00e9ral, magistrat et membre du Congr\u00e8s national, Charles Rogier (1800-1885), homme politique lib\u00e9ral, un des fondateurs de l\u2019\u00c9tat belge, Jules Malou (1810-1886), homme politique catholique; Jean Joseph Thonissen (1816-1891), juriste et homme politique catholique, H\u00e9l\u00e8ne Vautier (1844-1919), \u00e9pouse de l\u2019homme politique lib\u00e9ral, avocat et professeur, Charles Graux, Louise Van Overbeke, \u00e9pouse de l\u2019artiste peintre Camille Van Camp, Jacques-Pierre-Louis Van Camp (1881), fils de l\u2019artiste peintre Camille Van Camp, \u00c9lisabeth Van Camp (1879), fille de l'artiste peintre Camille Van Camp, Victor Jacobs (1838-1891), juriste et homme politique catholique, Ernest Slingeneyer (1820-1894), artiste peintre, Baron Alfred van der Smissen (1823-1895), officier de l\u2019arm\u00e9e, Baron Louis de Gericke van Herwijnen (1814-1899), homme politique catholique et diplomate n\u00e9erlandais, Charles Woeste (1837-1922), avocat et homme politique catholique, Auguste Beernaert (1829-1912), homme politique catholique, juriste et militant des droits humains, prix Nobel de la paix en 1909. Non identifi\u00e9s, \u00e0 proximit\u00e9 du couple royal\u00a0: la Princesse St\u00e9phanie de Belgique (1864-1945), la Princesse Cl\u00e9mentine de Belgique (1872-1955), Philippe de Belgique (1837-1905), comte de Flandre, Marie de Hohenzollern-Sigmaringen (1845-1912), comtesse de Flandre, Henriette de Belgique (1870-1948), fille du comte et de la comtesse de Flandre, Jos\u00e9phine de Belgique (1872-1958), fille du comte et de la comtesse de Flandre, les Ministres d\u2019Angleterre et d\u2019Autriche, Joseph-\u00c9mile Lequime (1802-1886), m\u00e9decin, professeur \u00e0 l\u2019Universit\u00e9 libre de Bruxelles et collectionneur d\u2019art, Caroline Corbisier, \u00e9pouse de l\u2019homme politique lib\u00e9ral et avocat Charles-Xavier Sainctelette, Mme Jules Guillery, \u00e9pouse de l\u2019homme politique lib\u00e9ral, Claire H\u00e9l\u00e8ne Orban (1815-1890), \u00e9pouse de l\u2019homme politique lib\u00e9ral Walth\u00e8re Fr\u00e8re-Orban, \u00c9milie Jaequemyns (1842-1906), \u00e9pouse de l\u2019homme politique lib\u00e9ral, juriste et diplomate, Gustave Rolin-Jaecquemyns, Comtesse Olympe Isabelle d\u2019Oultremont (1841-1909), dame de compagnie de la reine MarieHenriette et \u00e9pouse de Paul Edmond de Borchgrave d\u2019Altena, diplomate et chef de cabinet du roi L\u00e9opold II. -- Ce fichier contient des annotations. D\u00e9placez le pointeur de la souris sur l'image pour les voir.\nNederlands:  De patriottische viering van de vijftigste verjaardag van de Belgische onafhankelijkheid, Jubelpark (Brussel), 16 augustus 1880.[3] Dit bestand bevat annotaties. Beweeg de muisaanwijzer over de afbeelding om ze te zien.\n\n\nDate\n\n1890\u00a0\n\n\nMedium\n\noil  on  canvas\u00a0\n\n\nDimensions\n\nheight: 303 cm (119.2 in)\u00a0; width: 480 cm (15.7 ft)\u00a0dimensions QS:P2048,+303U174728dimensions QS:P2049,+480U174728\n\n\nCollection\n\n\n\n\nPalace of the Nation\n\u00a0\n\n\n\n\n\nLocation\nCity of Brussels\u00a0, Belgium\n\nCoordinates\n50\u00b0\u00a050\u2032\u00a048\u2033\u00a0N, 4\u00b0\u00a021\u2032\u00a053\u2033\u00a0E  \u00a0\n\nAuthority file\n\n: Q910603\nVIAF:\u2009173517132\nOSM:\u20093000389\nGND:\u20094211165-1\n\n\n\n\n\n\nReferences\n\nBALaT object ID:  20040834\u00a0\n\n\nSource/Photographer\n\nPicture taken at the parlement in Brussel on 21 July 2018 (National Day) and uploaded by Paul Hermans\n\n\nOther versions\n\n\n\n\n\n\n\n\n\n\n\n\n\n\n\n\n\n"}, {"url": "https://commons.wikimedia.org/wiki/File:Cantate_patriotique_chant%C3%A9e_lors_du_cinquanti%C3%A8me_anniversaire_de_l%27ind%C3%A9pendance_nationale_belge,_1830-1880,_ND6576(1).jpg", "metadata": {"og:image": "https://upload.wikimedia.org/wikipedia/commons/thumb/8/89/Cantate_patriotique_chant%C3%A9e_lors_du_cinquanti%C3%A8me_anniversaire_de_l%27ind%C3%A9pendance_nationale_belge%2C_1830-1880%2C_ND6576%281%29.jpg/640px-Cantate_patriotique_chant%C3%A9e_lors_du_cinquanti%C3%A8me_anniversaire_de_l%27ind%C3%A9pendance_nationale_belge%2C_1830-1880%2C_ND6576%281%29.jpg", "og:image:width": "640", "og:image:height": "426", "og:title": "File:Cantate patriotique chant\u00e9e lors du cinquanti\u00e8me anniversaire de l'ind\u00e9pendance nationale belge, 1830-1880, ND6576(1).jpg - Wikimedia Commons", "og:type": "website"}, "text": "\n\n\nDescriptionCantate patriotique chant\u00e9e lors du cinquanti\u00e8me anniversaire de l'ind\u00e9pendance nationale belge, 1830-1880, ND6576(1).jpg\n\n\n\nAuteur(s):\n\nFisch, Antoine (12\u201304\u20131827 - Bruxelles, 12\u201303\u20131892), graveur en m\u00e9dailles - M\u00e9dailleur\n\n\nDate de production:\n\nEn 1880\n\n\nType(s) d'objet(s):\n\nNumismatique\n\n\nD\u00e9nomination(s):\n\nM\u00e9daille\n\n\nDimensions - Oeuvre:\n\n\n   Diam\u00e8tre\u00a0: 5.1 cm\n   Poids (type dimension)\u00a0: 57.87 g\n\n\n\nDescription:\n\n\nRelief, droit, revers.\n\n\n\nMarques, inscriptions, poin\u00e7ons:\n\nL\u00e9gende - Au droit circulaire\u00a0: \"MDCCCXXX / MDCCCLXXX\"\u00a0; au revers circulaire\u00a0: \"CINQUANTIEME ANNIVERSAIRE DE L'INDEPENDANCE NATIONALE\"\u00a0; au revers dans le champ\u00a0: \"CANTATE PATRIOTIQUE / MUSIQUE / DE / ED.RD MASSEN / PAROLES / DE / L.S HYMANS / DIRECTEUR / J. FISCHER\".\nSignature - Au droit, sur la tranche du cou\u00a0: \"A. FISCH\".\n\n\n\nDescription iconographique:\n\n\nDroit\u00a0: bustes accol\u00e9s de L\u00e9opold II de Belgique et de Guillaume Ier des Pays-Bas, \u00e0 gauche\u00a0; revers\u00a0: inscription sur neuf lignes.\n\n\n\nMode d'acquisition:\n\nMode d'acquisition inconnu\n\n\nInstitution:\n\nMus\u00e9e Carnavalet, Histoire de Paris\n\n\nNum\u00e9ro d\u2019inventaire:\n\nND6576\n\n\nIIIF Manifest:\n\nhttps://apicollections.parismusees.paris.fr/iiif/320089726/manifest\n\n\n\nDate\n\nEn 1880\n\n\nSource\n\nhttps://www.parismuseescollections.paris.fr/fr/musee-carnavalet/oeuvres/cantate-patriotique-chantee-lors-du-cinquantieme-anniversaire-de-l#infos-principales\n\n\nAuthor\n\nFisch, Antoine (12\u201304\u20131827 - Bruxelles, 12\u201303\u20131892), graveur en m\u00e9dailles - M\u00e9dailleur\n\n\n"}, {"url": "https://commons.wikimedia.org/wiki/File:Cantate_patriotique_chant%C3%A9e_lors_du_cinquanti%C3%A8me_anniversaire_de_l%27ind%C3%A9pendance_nationale_belge,_1830-1880,_ND6576(2).jpg", "metadata": {"og:image": "https://upload.wikimedia.org/wikipedia/commons/thumb/b/b8/Cantate_patriotique_chant%C3%A9e_lors_du_cinquanti%C3%A8me_anniversaire_de_l%27ind%C3%A9pendance_nationale_belge%2C_1830-1880%2C_ND6576%282%29.jpg/640px-Cantate_patriotique_chant%C3%A9e_lors_du_cinquanti%C3%A8me_anniversaire_de_l%27ind%C3%A9pendance_nationale_belge%2C_1830-1880%2C_ND6576%282%29.jpg", "og:image:width": "640", "og:image:height": "426", "og:title": "File:Cantate patriotique chant\u00e9e lors du cinquanti\u00e8me anniversaire de l'ind\u00e9pendance nationale belge, 1830-1880, ND6576(2).jpg - Wikimedia Commons", "og:type": "website"}, "text": "\n\n\nDescriptionCantate patriotique chant\u00e9e lors du cinquanti\u00e8me anniversaire de l'ind\u00e9pendance nationale belge, 1830-1880, ND6576(2).jpg\n\n\n\nAuteur(s):\n\nFisch, Antoine (12\u201304\u20131827 - Bruxelles, 12\u201303\u20131892), graveur en m\u00e9dailles - M\u00e9dailleur\n\n\nDate de production:\n\nEn 1880\n\n\nType(s) d'objet(s):\n\nNumismatique\n\n\nD\u00e9nomination(s):\n\nM\u00e9daille\n\n\nDimensions - Oeuvre:\n\n\n   Diam\u00e8tre\u00a0: 5.1 cm\n   Poids (type dimension)\u00a0: 57.87 g\n\n\n\nDescription:\n\n\nRelief, droit, revers.\n\n\n\nMarques, inscriptions, poin\u00e7ons:\n\nL\u00e9gende - Au droit circulaire\u00a0: \"MDCCCXXX / MDCCCLXXX\"\u00a0; au revers circulaire\u00a0: \"CINQUANTIEME ANNIVERSAIRE DE L'INDEPENDANCE NATIONALE\"\u00a0; au revers dans le champ\u00a0: \"CANTATE PATRIOTIQUE / MUSIQUE / DE / ED.RD MASSEN / PAROLES / DE / L.S HYMANS / DIRECTEUR / J. FISCHER\".\nSignature - Au droit, sur la tranche du cou\u00a0: \"A. FISCH\".\n\n\n\nDescription iconographique:\n\n\nDroit\u00a0: bustes accol\u00e9s de L\u00e9opold II de Belgique et de Guillaume Ier des Pays-Bas, \u00e0 gauche\u00a0; revers\u00a0: inscription sur neuf lignes.\n\n\n\nMode d'acquisition:\n\nMode d'acquisition inconnu\n\n\nInstitution:\n\nMus\u00e9e Carnavalet, Histoire de Paris\n\n\nNum\u00e9ro d\u2019inventaire:\n\nND6576\n\n\nIIIF Manifest:\n\nhttps://apicollections.parismusees.paris.fr/iiif/320089726/manifest\n\n\n\nDate\n\nEn 1880\n\n\nSource\n\nhttps://www.parismuseescollections.paris.fr/fr/musee-carnavalet/oeuvres/cantate-patriotique-chantee-lors-du-cinquantieme-anniversaire-de-l#infos-principales\n\n\nAuthor\n\nFisch, Antoine (12\u201304\u20131827 - Bruxelles, 12\u201303\u20131892), graveur en m\u00e9dailles - M\u00e9dailleur\n\n\n"}, {"url": "https://commons.wikimedia.org/wiki/File:Cinquantenaire_de_l%27ind%C3%A9pendance_16_ao%C3%BBt_1880_(d%C3%A9tail)_-_greyscale.jpg", "metadata": {"og:image": "https://upload.wikimedia.org/wikipedia/commons/thumb/e/ec/Cinquantenaire_de_l%27ind%C3%A9pendance_16_ao%C3%BBt_1880_%28d%C3%A9tail%29_-_greyscale.jpg/640px-Cinquantenaire_de_l%27ind%C3%A9pendance_16_ao%C3%BBt_1880_%28d%C3%A9tail%29_-_greyscale.jpg", "og:image:width": "640", "og:image:height": "479", "og:title": "File:Cinquantenaire de l'ind\u00e9pendance 16 ao\u00fbt 1880 (d\u00e9tail) - greyscale.jpg - Wikimedia Commons", "og:type": "website"}, "text": "\n\n\nDescriptionCinquantenaire de l'ind\u00e9pendance 16 ao\u00fbt 1880 (d\u00e9tail) - greyscale.jpg\n\nFran\u00e7ais\u00a0:  Camille Van Camp, Cinquantenaire de l'ind\u00e9pendance 16 ao\u00fbt 1880 (d\u00e9tail).\n\n\nDate\n\n1890\n\n\nSource\n\nBaLAT - KIK-IRPA, Brussels (Belgium), clich\u00e9 B092781 - CC BY 4.0\n\n\nAuthor\n\nCamille Van Camp\n\n\n"}, {"url": "https://commons.wikimedia.org/wiki/File:Cinquantenaire_de_l%27ind%C3%A9pendance_16_ao%C3%BBt_1880_-_greyscale.jpg", "metadata": {"og:image": "https://upload.wikimedia.org/wikipedia/commons/thumb/8/86/Cinquantenaire_de_l%27ind%C3%A9pendance_16_ao%C3%BBt_1880_-_greyscale.jpg/640px-Cinquantenaire_de_l%27ind%C3%A9pendance_16_ao%C3%BBt_1880_-_greyscale.jpg", "og:image:width": "640", "og:image:height": "473", "og:title": "File:Cinquantenaire de l'ind\u00e9pendance 16 ao\u00fbt 1880 - greyscale.jpg - Wikimedia Commons", "og:type": "website"}, "text": "\n\n\nDescriptionCinquantenaire de l'ind\u00e9pendance 16 ao\u00fbt 1880 - greyscale.jpg\n\nFran\u00e7ais\u00a0:  Camille Van Camp, Cinquantenaire de l'ind\u00e9pendance 16 ao\u00fbt 1880.\n\n\nDate\n\n1890\n\n\nSource\n\nBaLAT / KIK-IRPA, Brussels (Belgium), clich\u00e9 B092780 - CC BY 4.0\n\n\nAuthor\n\nCamille Van Camp\n\n\n"}, {"url": "https://commons.wikimedia.org/wiki/File:Cinquantenaire_de_l%27ind%C3%A9pendance_16_ao%C3%BBt_1880.jpg", "metadata": {"og:image": "https://upload.wikimedia.org/wikipedia/commons/thumb/2/25/Cinquantenaire_de_l%27ind%C3%A9pendance_16_ao%C3%BBt_1880.jpg/640px-Cinquantenaire_de_l%27ind%C3%A9pendance_16_ao%C3%BBt_1880.jpg", "og:image:width": "640", "og:image:height": "377", "og:title": "File:Cinquantenaire de l'ind\u00e9pendance 16 ao\u00fbt 1880.jpg - Wikimedia Commons", "og:type": "website"}, "text": "\n\n\n\nCamille Van Camp: The patriotic celebration of the fiftieth anniversary of the Belgian independence\n\u00a0\u00a0\n\n\nArtist\n\n\n\n\n\n\nCamille Van Camp\n\u00a0(1834\u20131891)\u00a0\u00a0 \u00a0\n\n\n\n\n\nAlternative names\n\nCamille J.B. Van Camp\n\nDescription\nBelgian painter and engraver\n\nDate of birth/death\n\n3 June 1834\u00a0\n16 November 1891\u00a0\n\nLocation of birth/death\n\nTongeren\nMontreux\n\nWork period\nCity of Brussels, Florence (September 1857-October 1857), Paris (1859), Tervuren (1863), Florence (1887-1888), Rome (1887-1888)\n\nAuthority file\n\n: Q2604346\nVIAF:\u200976260108\nISNI:\u20090000000067088765\nULAN:\u2009500201563\nLCCN:\u2009nr2003022526\nGND:\u2009174192436\nWorldCat\n\n\n\ncreator QS:P170,Q2604346\u00a0\n\n\nTitle\n\n\nThe patriotic celebration of the fiftieth anniversary of the Belgian independencelabel QS:Len,\"The patriotic celebration of the fiftieth anniversary of the Belgian independence\"\nlabel QS:Lfr,\"La f\u00eate patriotique du cinquantenaire de l'ind\u00e9pendance belge\"\nlabel QS:Lnl,\"De patriottische viering van de vijftigste verjaardag van de Belgische onafhankelijkheid\"\n\n\nObject type\n\npainting\u00a0\n\n\nDescription\n\n\nEnglish:  The patriotic celebration of the fiftieth anniversary of the Belgian independence, Parc du Cinquantenaire (Brussels), 16 August 1880.[1].\nFran\u00e7ais\u00a0:  La f\u00eate patriotique du cinquantenaire de l\u2019ind\u00e9pendance belge, Parc du Cinquantenaire (Bruxelles), le 16 ao\u00fbt 1880.[2].\nNederlands:  De patriottische viering van de vijftigste verjaardag van de Belgische onafhankelijkheid, Jubelpark (Brussel), 16 augustus 1880.[3].\n\n\nDate\n\n1890\u00a0\n\n\nMedium\n\noil  on  canvas\u00a0\n\n\nDimensions\n\nheight: 303 cm (119.2 in)\u00a0; width: 480 cm (15.7 ft)\u00a0dimensions QS:P2048,+303U174728dimensions QS:P2049,+480U174728\n\n\nCollection\n\n\n\n\nPalace of the Nation\n\u00a0\n\n\n\n\n\nLocation\nCity of Brussels\u00a0, Belgium\n\nCoordinates\n50\u00b0\u00a050\u2032\u00a048\u2033\u00a0N, 4\u00b0\u00a021\u2032\u00a053\u2033\u00a0E  \u00a0\n\nAuthority file\n\n: Q910603\nVIAF:\u2009173517132\nOSM:\u20093000389\nGND:\u20094211165-1\n\n\n\n\n\n\nReferences\n\nBALaT object ID:  20040834\u00a0\n\n\nSource/Photographer\n\nBaLAT / KIK-IRPA, Brussels (Belgium), clich\u00e9 X003442 - CC BY 4.0\n\n\nOther versions\n\n\n\n\n\n\n\n\n\n\n\n\n\n\n\n\n\n"}, {"url": "https://commons.wikimedia.org/wiki/File:Inauguration_du_monument_du_roi_L%C3%A9opold_Ier_au_parc_de_Laeken_le_21_juillet_1880.jpg", "metadata": {"og:image": "https://upload.wikimedia.org/wikipedia/commons/thumb/6/63/Inauguration_du_monument_du_roi_L%C3%A9opold_Ier_au_parc_de_Laeken_le_21_juillet_1880.jpg/640px-Inauguration_du_monument_du_roi_L%C3%A9opold_Ier_au_parc_de_Laeken_le_21_juillet_1880.jpg", "og:image:width": "640", "og:image:height": "434", "og:title": "File:Inauguration du monument du roi L\u00e9opold Ier au parc de Laeken le 21 juillet 1880.jpg - Wikimedia Commons", "og:type": "website"}, "text": "\n\n\nDescriptionInauguration du monument du roi L\u00e9opold Ier au parc de Laeken le 21 juillet 1880.jpg\n\nFran\u00e7ais\u00a0:  Inauguration du monument du roi L\u00e9opold\u00a0Ier de Belgique au parc de Laeken, le 21 juillet 1880.\n\n\nDate\n\n1880\n\n\nSource\n\nL\u2019Illustration nationale, 1 ao\u00fbt 1880, p.\u00a05.\n\n\nAuthor\n\nArmand Heins (dessin), M. Weber (gravure).\n\n\n"}, {"url": "https://commons.wikimedia.org/wiki/File:La_f%C3%AAte_patriotique_du_cinquantenaire_de_l%E2%80%99ind%C3%A9pendance_belge_en_1880_-_Claverie.jpg", "metadata": {"og:image": "https://upload.wikimedia.org/wikipedia/commons/thumb/9/93/La_f%C3%AAte_patriotique_du_cinquantenaire_de_l%E2%80%99ind%C3%A9pendance_belge_en_1880_-_Claverie.jpg/640px-La_f%C3%AAte_patriotique_du_cinquantenaire_de_l%E2%80%99ind%C3%A9pendance_belge_en_1880_-_Claverie.jpg", "og:image:width": "640", "og:image:height": "1006", "og:title": "File:La f\u00eate patriotique du cinquantenaire de l\u2019ind\u00e9pendance belge en 1880 - Claverie.jpg - Wikimedia Commons", "og:type": "website"}, "text": "\n\n\nDescriptionLa f\u00eate patriotique du cinquantenaire de l\u2019ind\u00e9pendance belge en 1880 - Claverie.jpg\n\nEnglish:  The patriotic celebration of the fiftieth anniversary of the Belgian independence, Parc du Cinquantenaire (Brussels), 16 August 1880. \u2014 We can see King Leopold\u00a0II and Queen Marie-Henriette in the center.\nFran\u00e7ais\u00a0:  La f\u00eate patriotique du cinquantenaire de l\u2019ind\u00e9pendance belge, Parc du Cinquantenaire (Bruxelles), le 16 ao\u00fbt 1880. \u2014 On aper\u00e7oit le roi L\u00e9opold\u00a0II et la reine Marie-Henriette au centre.\nNederlands:  De patriottische viering van de vijftigste verjaardag van de Belgische onafhankelijkheid, Jubelpark (Brussel), 16 augustus 1880.\n\n\nDate\n\n1880\n\n\nSource\n\nL\u2019Illustration nationale (Belgium), 5 September 1880, p.\u00a04-5.\n\n\nAuthor\n\ndrawer: Martin Claverie.\n\n\nOther versions\n\n\n\n\nFran\u00e7ais\u00a0:  Scan original\n\n\n\nFran\u00e7ais\u00a0:  Gravure trait\u00e9e graphiquement\n\n\n\nFran\u00e7ais\u00a0:  Version coloris\u00e9e\n\n\n\nTechniqueInfoFieldwood engraving print\n\nSizeInfoFieldheight: 48 cm (18.8 in); width: 30 cm (11.8 in)dimensions QS:P2048,48U174728dimensions QS:P2049,30U174728\n\nInscriptionsInfoFieldSignature bottom left:  \nCLAVERIE\n\n\nOriginal captionInfoFieldLa f\u00eate patriotique du 16 ao\u00fbt 1880. 1.\u00a0Dans le parc\u00a0: distribution des m\u00e9dailles aux bourgmestres de Belgique. 2.\u00a0L\u2019ovation \u00e0 Rogier. 3.\u00a0Types de ghildes pris dans le parc. 4.\u00a0Lecture de l\u2019adresse au Roi avant le d\u00e9fil\u00e9 des drapeaux. 5.\u00a0L\u2019illumination de la place du Congr\u00e8s, le 17 ao\u00fbt. 6.\u00a0Le vieux Sauvelon, porte-drapeau des volontaires de Fleurus.\n\nScanned byInfoField\u00c9ric Dod\u00e9mont (Dodeeric)\n\n\n"}, {"url": "https://commons.wikimedia.org/wiki/File:La_f%C3%AAte_patriotique_du_cinquantenaire_de_l%E2%80%99ind%C3%A9pendance_belge_en_1880_-_original-scan.jpg", "metadata": {"og:image": "https://upload.wikimedia.org/wikipedia/commons/thumb/2/25/La_f%C3%AAte_patriotique_du_cinquantenaire_de_l%E2%80%99ind%C3%A9pendance_belge_en_1880_-_original-scan.jpg/640px-La_f%C3%AAte_patriotique_du_cinquantenaire_de_l%E2%80%99ind%C3%A9pendance_belge_en_1880_-_original-scan.jpg", "og:image:width": "640", "og:image:height": "498", "og:title": "File:La f\u00eate patriotique du cinquantenaire de l\u2019ind\u00e9pendance belge en 1880 - original-scan.jpg - Wikimedia Commons", "og:type": "website"}, "text": "\n\n\nDescriptionLa f\u00eate patriotique du cinquantenaire de l\u2019ind\u00e9pendance belge en 1880 - original-scan.jpg\n\nEnglish:  The patriotic celebration of the fiftieth anniversary of the Belgian independence, Parc du Cinquantenaire (Brussels), 16 August 1880. \u2014 Reading of the speech to the King before the parade of flags. We can see King Leopold\u00a0II and Queen Marie-Henriette in the center.\nFran\u00e7ais\u00a0:  La f\u00eate patriotique du cinquantenaire de l\u2019ind\u00e9pendance belge, Parc du Cinquantenaire (Bruxelles), le 16 ao\u00fbt 1880. \u2014 On aper\u00e7oit le roi L\u00e9opold\u00a0II et la reine Marie-Henriette au centre.\nNederlands:  De patriottische viering van de vijftigste verjaardag van de Belgische onafhankelijkheid, Jubelpark (Brussel), 16 augustus 1880.\n\n\nDate\n\n1880\n\n\nSource\n\nL\u2019Illustration nationale (Belgium), 5 September 1880, p.\u00a04-5.\n\n\nAuthor\n\ndrawer: Martin Claverie.\n\n\nOther versions\n\n\n\n\nFran\u00e7ais\u00a0:  Gravure trait\u00e9e graphiquement\n\n\n\nFran\u00e7ais\u00a0:  Gravure enti\u00e8re\n\n\n\nFran\u00e7ais\u00a0:  Version coloris\u00e9e\n\n\n\nTechniqueInfoFieldwood engraving print\n\nSizeInfoFieldheight: 20 cm (7.8 in); width: 30 cm (11.8 in)dimensions QS:P2048,20U174728dimensions QS:P2049,30U174728\n\nInscriptionsInfoFieldSignature bottom left:  \nCLAVERIE (Not visible on the scan)\n\n\nOriginal captionInfoFieldLa f\u00eate patriotique du 16 ao\u00fbt 1880. 1.\u00a0Dans le parc\u00a0: distribution des m\u00e9dailles aux bourgmestres de Belgique. 2.\u00a0L\u2019ovation \u00e0 Rogier. 3.\u00a0Types de ghildes pris dans le parc. 4.\u00a0Lecture de l\u2019adresse au Roi avant le d\u00e9fil\u00e9 des drapeaux. 5.\u00a0L\u2019illumination de la place du Congr\u00e8s, le 17 ao\u00fbt. 6.\u00a0Le vieux Sauvelon, porte-drapeau des volontaires de Fleurus.\n\nScanned byInfoField\u00c9ric Dod\u00e9mont (Dodeeric)\n\n\n"}, {"url": "https://commons.wikimedia.org/wiki/File:La_f%C3%AAte_patriotique_du_cinquantenaire_de_l%E2%80%99ind%C3%A9pendance_belge_en_1880_-_Version_coloris%C3%A9e.jpg", "metadata": {"og:image": "https://upload.wikimedia.org/wikipedia/commons/thumb/8/86/La_f%C3%AAte_patriotique_du_cinquantenaire_de_l%E2%80%99ind%C3%A9pendance_belge_en_1880_-_Version_coloris%C3%A9e.jpg/640px-La_f%C3%AAte_patriotique_du_cinquantenaire_de_l%E2%80%99ind%C3%A9pendance_belge_en_1880_-_Version_coloris%C3%A9e.jpg", "og:image:width": "640", "og:image:height": "423", "og:title": "File:La f\u00eate patriotique du cinquantenaire de l\u2019ind\u00e9pendance belge en 1880 - Version coloris\u00e9e.jpg - Wikimedia Commons", "og:type": "website"}, "text": "\n\n\nDescriptionLa f\u00eate patriotique du cinquantenaire de l\u2019ind\u00e9pendance belge en 1880 - Version coloris\u00e9e.jpg\n\nEnglish:  The patriotic celebration of the fiftieth anniversary of the Belgian independence, Parc du Cinquantenaire (Brussels), 16 August 1880. \u2014 Reading of the speech to the King before the parade of flags. We can see King Leopold\u00a0II and Queen Marie-Henriette in the center. \u2014 Colorized version.\nFran\u00e7ais\u00a0:  La f\u00eate patriotique du cinquantenaire de l\u2019ind\u00e9pendance belge, Parc du Cinquantenaire (Bruxelles), le 16 ao\u00fbt 1880. \u2014 On aper\u00e7oit le roi L\u00e9opold\u00a0II et la reine Marie-Henriette au centre. \u2014 Version coloris\u00e9e.\nNederlands:  De patriottische viering van de vijftigste verjaardag van de Belgische onafhankelijkheid, Jubelpark (Brussel), 16 augustus 1880. \u2014 Ingekleurd versie.\n\n\nDate\n\n1880, colorized / coloris\u00e9e / ingekleurd: 2016\n\n\nSource\n\nL\u2019Illustration nationale (Belgium), 5 September 1880, p.\u00a04-5.\n\n\nAuthor\n\ndrawer: Martin Claverie.Colorized by / coloris\u00e9e par / ingekleurd door: \u00c9ric Dod\u00e9mont.\n\n\nOther versions\n\n\n\n\nFran\u00e7ais\u00a0:  Scan original\n\n\n\nFran\u00e7ais\u00a0:  Gravure trait\u00e9e graphiquement\n\n\n\nFran\u00e7ais\u00a0:  Gravure enti\u00e8re\n\n\n\nTechniqueInfoFieldwood engraving print\n\nSizeInfoFieldheight: 20 cm (7.8 in); width: 30 cm (11.8 in)dimensions QS:P2048,20U174728dimensions QS:P2049,30U174728\n\nInscriptionsInfoFieldSignature bottom left:  \nCLAVERIE (Not visible on the scan)\n\n\nOriginal captionInfoFieldLa f\u00eate patriotique du 16 ao\u00fbt 1880. 1.\u00a0Dans le parc\u00a0: distribution des m\u00e9dailles aux bourgmestres de Belgique. 2.\u00a0L\u2019ovation \u00e0 Rogier. 3.\u00a0Types de ghildes pris dans le parc. 4.\u00a0Lecture de l\u2019adresse au Roi avant le d\u00e9fil\u00e9 des drapeaux. 5.\u00a0L\u2019illumination de la place du Congr\u00e8s, le 17 ao\u00fbt. 6.\u00a0Le vieux Sauvelon, porte-drapeau des volontaires de Fleurus.\n\nScanned byInfoField\u00c9ric Dod\u00e9mont (Dodeeric)\n\n\n"}, {"url": "https://commons.wikimedia.org/wiki/File:La_f%C3%AAte_patriotique_du_cinquantenaire_de_l%E2%80%99ind%C3%A9pendance_belge_en_1880.jpg", "metadata": {"og:image": "https://upload.wikimedia.org/wikipedia/commons/thumb/f/f6/La_f%C3%AAte_patriotique_du_cinquantenaire_de_l%E2%80%99ind%C3%A9pendance_belge_en_1880.jpg/640px-La_f%C3%AAte_patriotique_du_cinquantenaire_de_l%E2%80%99ind%C3%A9pendance_belge_en_1880.jpg", "og:image:width": "640", "og:image:height": "423", "og:title": "File:La f\u00eate patriotique du cinquantenaire de l\u2019ind\u00e9pendance belge en 1880.jpg - Wikimedia Commons", "og:type": "website"}, "text": "\n\n\nDescriptionLa f\u00eate patriotique du cinquantenaire de l\u2019ind\u00e9pendance belge en 1880.jpg\n\nEnglish:  The patriotic celebration of the fiftieth anniversary of the Belgian independence, Parc du Cinquantenaire (Brussels), 16 August 1880. \u2014 Reading of the speech to the King before the parade of flags. We can see King Leopold\u00a0II and Queen Marie-Henriette in the center. \u2014 There is a painting of this event, painted in 1890 by Camille Van Camp entitled \u201cPatriotic Celebration of the Fiftieth anniversary of the Belgian Independence\u201d (House of Representatives, Brussels).\nFran\u00e7ais\u00a0:  La f\u00eate patriotique du cinquantenaire de l\u2019ind\u00e9pendance belge, Parc du Cinquantenaire (Bruxelles), le 16 ao\u00fbt 1880. \u2014 On aper\u00e7oit le roi L\u00e9opold\u00a0II et la reine Marie-Henriette au centre. \u2014 Il existe une peinture repr\u00e9sentant cet \u00e9v\u00e9nement, peinte en 1890 par Camille Van Camp et intitul\u00e9e  \u00ab\u00a0F\u00eate patriotique du cinquantenaire de l\u2019ind\u00e9pendance belge\u00a0\u00bb (Chambre des Repr\u00e9sentants, Bruxelles).\nNederlands:  De patriottische viering van de vijftigste verjaardag van de Belgische onafhankelijkheid, Jubelpark (Brussel), 16 augustus 1880.\n\n\nDate\n\n1880\n\n\nSource\n\nL\u2019Illustration nationale (Belgium), 5 September 1880, p.\u00a04-5.\n\n\nAuthor\n\ndrawer: Martin Claverie.\n\n\nOther versions\n\n\n\n\nFran\u00e7ais\u00a0:  Scan original\n\n\n\nFran\u00e7ais\u00a0:  Gravure enti\u00e8re\n\n\n\nFran\u00e7ais\u00a0:  Version coloris\u00e9e\n\n\n\nFran\u00e7ais\u00a0:  Camille Van Camp\u00a0: La f\u00eate patriotique du cinquantenaire de l\u2019ind\u00e9pendance belge, le 16 ao\u00fbt 1880, huile sur toile, 1890.\n\n\n\nTechniqueInfoFieldwood engraving print\n\nSizeInfoFieldheight: 20 cm (7.8 in); width: 30 cm (11.8 in)dimensions QS:P2048,20U174728dimensions QS:P2049,30U174728\n\nInscriptionsInfoFieldSignature bottom left:  \nCLAVERIE (Not visible on the scan)\n\n\nOriginal captionInfoFieldLa f\u00eate patriotique du 16 ao\u00fbt 1880. 1.\u00a0Dans le parc\u00a0: distribution des m\u00e9dailles aux bourgmestres de Belgique. 2.\u00a0L\u2019ovation \u00e0 Rogier. 3.\u00a0Types de ghildes pris dans le parc. 4.\u00a0Lecture de l\u2019adresse au Roi avant le d\u00e9fil\u00e9 des drapeaux. 5.\u00a0L\u2019illumination de la place du Congr\u00e8s, le 17 ao\u00fbt. 6.\u00a0Le vieux Sauvelon, porte-drapeau des volontaires de Fleurus.\n\nScanned byInfoField\u00c9ric Dod\u00e9mont (Dodeeric)\n\n\n"}, {"url": "https://commons.wikimedia.org/wiki/File:L%E2%80%99Illustration_nationale_(Belgique),_5_septembre_1880,_page_2_-_La_f%C3%AAte_patriotique_du_16_ao%C3%BBt.jpg", "metadata": {"og:image": "https://upload.wikimedia.org/wikipedia/commons/thumb/e/ee/L%E2%80%99Illustration_nationale_%28Belgique%29%2C_5_septembre_1880%2C_page_2_-_La_f%C3%AAte_patriotique_du_16_ao%C3%BBt.jpg/640px-L%E2%80%99Illustration_nationale_%28Belgique%29%2C_5_septembre_1880%2C_page_2_-_La_f%C3%AAte_patriotique_du_16_ao%C3%BBt.jpg", "og:image:width": "640", "og:image:height": "853", "og:title": "File:L\u2019Illustration nationale (Belgique), 5 septembre 1880, page 2 - La f\u00eate patriotique du 16 ao\u00fbt.jpg - Wikimedia Commons", "og:type": "website"}, "text": "\n\n\nDescriptionL\u2019Illustration nationale (Belgique), 5 septembre 1880, page 2 - La f\u00eate patriotique du 16 ao\u00fbt.jpg\n\nFran\u00e7ais\u00a0:  Cinquantenaire de l'ind\u00e9pendance de la Belgique\u00a0: La f\u00eate patriotique du 16 ao\u00fbt 1880\n\n\nDate\n\n5 September 1880\n\n\nSource\n\nL\u2019Illustration nationale (Belgique), 5 septembre 1880, page 2.\n\n\nAuthor\n\nEug\u00e8ne Landoy\n\n\nOther versions\n\n\n\n\nFran\u00e7ais\u00a0:  Deuxi\u00e8me page de l'article.\n\n\n\n\n"}, {"url": "https://commons.wikimedia.org/wiki/File:L%E2%80%99Illustration_nationale_(Belgique),_5_septembre_1880,_page_3_-_La_f%C3%AAte_patriotique_du_16_ao%C3%BBt.jpg", "metadata": {"og:image": "https://upload.wikimedia.org/wikipedia/commons/thumb/9/9e/L%E2%80%99Illustration_nationale_%28Belgique%29%2C_5_septembre_1880%2C_page_3_-_La_f%C3%AAte_patriotique_du_16_ao%C3%BBt.jpg/640px-L%E2%80%99Illustration_nationale_%28Belgique%29%2C_5_septembre_1880%2C_page_3_-_La_f%C3%AAte_patriotique_du_16_ao%C3%BBt.jpg", "og:image:width": "640", "og:image:height": "853", "og:title": "File:L\u2019Illustration nationale (Belgique), 5 septembre 1880, page 3 - La f\u00eate patriotique du 16 ao\u00fbt.jpg - Wikimedia Commons", "og:type": "website"}, "text": "\n\n\nDescriptionL\u2019Illustration nationale (Belgique), 5 septembre 1880, page 3 - La f\u00eate patriotique du 16 ao\u00fbt.jpg\n\nFran\u00e7ais\u00a0:  Cinquantenaire de l'ind\u00e9pendance de la Belgique\u00a0: La f\u00eate patriotique du 16 ao\u00fbt 1880\n\n\nDate\n\n5 September 1880\n\n\nSource\n\nL\u2019Illustration nationale (Belgique), 5 septembre 1880, page 3.\n\n\nAuthor\n\nEug\u00e8ne Landoy\n\n\nOther versions\n\n\n\n\nFran\u00e7ais\u00a0:  Premi\u00e8re page de l'article.\n\n\n\n\n"}]