[{"url": "https://commons.wikimedia.org/wiki/File:ElemerLonyay.jpg", "metadata": {"og:image": "https://upload.wikimedia.org/wikipedia/commons/c/ca/ElemerLonyay.jpg", "og:image:width": "640", "og:image:height": "938", "og:title": "File:ElemerLonyay.jpg - Wikimedia Commons", "og:type": "website"}, "text": ""}, {"url": "https://commons.wikimedia.org/wiki/File:Lonyay_Grafen_Wappen.jpg", "metadata": {"og:image": "https://upload.wikimedia.org/wikipedia/commons/thumb/a/af/Lonyay_Grafen_Wappen.jpg/640px-Lonyay_Grafen_Wappen.jpg", "og:image:width": "640", "og:image:height": "770", "og:title": "File:Lonyay Grafen Wappen.jpg - Wikimedia Commons", "og:type": "website"}, "text": "\n\n\nDescriptionLonyay Grafen Wappen.jpg\n\nDeutsch:  Grafen-Wappen derer von L\u00f3nyay.\n\n\nDate\n\ncirca 1871date QS:P,+1871-00-00T00:00:00Z/9,P1480,Q5727902\n\n\nSource\n\nAdelsdiplom\n\n\nAuthor\n\nUnknown authorUnknown author\n\n\n"}, {"url": "https://commons.wikimedia.org/wiki/File:Der_F%C3%BCrst_von_L%C3%B3nyay_de_Nagy-L%C3%B3nya_%C3%A9s_V%C3%A1s%C3%A1rosnam%C3%A9ny_1917_Franz_X._Setzer.png", "metadata": {"og:image": "https://upload.wikimedia.org/wikipedia/commons/thumb/a/ae/Der_F%C3%BCrst_von_L%C3%B3nyay_de_Nagy-L%C3%B3nya_%C3%A9s_V%C3%A1s%C3%A1rosnam%C3%A9ny_1917_Franz_X._Setzer.png/640px-Der_F%C3%BCrst_von_L%C3%B3nyay_de_Nagy-L%C3%B3nya_%C3%A9s_V%C3%A1s%C3%A1rosnam%C3%A9ny_1917_Franz_X._Setzer.png", "og:image:width": "640", "og:image:height": "973", "og:title": "File:Der F\u00fcrst von L\u00f3nyay de Nagy-L\u00f3nya \u00e9s V\u00e1s\u00e1rosnam\u00e9ny 1917 Franz X. Setzer.png - Wikimedia Commons", "og:type": "website"}, "text": "\n\n\nDescriptionDer F\u00fcrst von L\u00f3nyay de Nagy-L\u00f3nya \u00e9s V\u00e1s\u00e1rosnam\u00e9ny 1917 Franz X. Setzer.png\n\nElm\u00e9r L\u00f3nyay de Nagy-L\u00f3nya \u00e9s V\u00e1s\u00e1rosnam\u00e9ny (1863\u20131946), Hungarian aristocrat\n\n\nDate\n\nby 1917date QS:P,+1917-00-00T00:00:00Z/7,P1326,+1917-00-00T00:00:00Z/9\n\n\nSource\n\nWiener Salonblatt, vol. 48, nr. 37 (15 September 1917), p. 2http://anno.onb.ac.at/cgi-content/anno?aid=wsb&datum=19170915&seite=3\n\n\nAuthor\n\nKunstatelier Franz X. Setzer, Wien VII., Hofstallstra\u00dfe 5 \n\n\n\nFranz Xaver Setzer\n\u00a0(1886\u20131939)\u00a0\u00a0 \u00a0\n\n\n\n\n\nAlternative names\n\nFranz X. Setzer\n\nDescription\nAustrian photographer\n\nDate of birth/death\n\n6 August 1886\u00a0\n10 January 1939\u00a0\n\nLocation of birth/death\n\nVienna\nVienna\n\nAuthority file\n\n: Q1449736\nVIAF:\u2009232212382\nGND:\u20091019648570\n\n\n\ncreator QS:P170,Q1449736\n\n\nPermission(Reusing this file)\n\n\n\nPublic domainPublic domainfalsefalse\n\n\n\n\n\n\nThe author died in 1939, so this work is in the public domain in its country of origin and other countries and areas where the copyright term is the author's life plus 80 years or fewer.\n\n\nThis work is in the public domain in the United States because it was published (or registered with the U.S. Copyright Office) before January 1, 1929.\n\n\n\nThis file has been identified as being free of known restrictions under copyright law, including all related and neighboring rights.\nhttps://creativecommons.org/publicdomain/mark/1.0/PDMCreative Commons Public Domain Mark 1.0falsefalse\n\n\nOther versions\n\n\n\n\n\n\n\n\n\n"}, {"url": "https://commons.wikimedia.org/wiki/File:Elemer_Graf_Lonyay_von_Nagy-Lonya_(Wiener_Bilder_1900).png", "metadata": {"og:image": "https://upload.wikimedia.org/wikipedia/commons/thumb/2/2a/Elemer_Graf_Lonyay_von_Nagy-Lonya_%28Wiener_Bilder_1900%29.png/640px-Elemer_Graf_Lonyay_von_Nagy-Lonya_%28Wiener_Bilder_1900%29.png", "og:image:width": "640", "og:image:height": "903", "og:title": "File:Elemer Graf Lonyay von Nagy-Lonya (Wiener Bilder 1900).png - Wikimedia Commons", "og:type": "website"}, "text": "\n\n\nDescriptionElemer Graf Lonyay von Nagy-Lonya (Wiener Bilder 1900).png\n\nDeutsch:  Elem\u00e9r Edmund L\u00f3nyay, Graf und F\u00fcrst von Nagy-L\u00f3nya und V\u00e1s\u00e1ros-Nam\u00e9ny (1863-1946), ungarischer Adliger\nMagyar:  Nagyl\u00f3nyai \u00e9s v\u00e1s\u00e1rosnam\u00e9nyi herceg (kor\u00e1bban gr\u00f3f) L\u00f3nyay Elem\u00e9r \u00d6d\u00f6n (Elem\u00e9r Edmund L\u00f3nyay, Graf und F\u00fcrst von Nagy-L\u00f3nya und V\u00e1s\u00e1ros-Nam\u00e9ny) (1863.-1946.), Magyar f\u00f6ldbirtokos, f\u0151rendih\u00e1zi tag, osztr\u00e1k-magyar diplomata, Stef\u00e1nia belga kir\u00e1lyi hercegn\u0151nek, Rudolf tr\u00f3n\u00f6r\u00f6k\u00f6s \u00f6zvegy\u00e9nek m\u00e1sodik f\u00e9rje\n\n\nDate\n\nby 1 April 1900date QS:P,+1900-04-01T00:00:00Z/7,P1326,+1900-04-01T00:00:00Z/11 (date of printing)\n\n\nSource\n\nWiener Bilder, 1. April 1900, S. 2http://anno.onb.ac.at/cgi-content/anno?aid=wrb&datum=19000401&seite=2\n\n\nAuthor\n\n\"Atelier Brogi, Florenz\" Carlo Brogi (1850\u20131925) \n\n\n\nCarlo Brogi\n\u00a0(1850\u20131925)\u00a0\u00a0 \u00a0\n\n\n\n\n\nDescription\nItalian photographer\n\nDate of birth/death\n\n1850\u00a0\n25 April 1925\u00a0\n\nLocation of birth/death\n\nFlorence\nFlorence\n\nWork location\n\nFlorence\u00a0\n\nAuthority file\n\n: Q2939166\nVIAF:\u200988847632\nISNI:\u20090000000062337347\nULAN:\u2009500372767\nGND:\u2009122095871\nBNF:\u200914878230z\n\n\n\ncreator QS:P170,Q2939166\n\n\nPermission(Reusing this file)\n\n\n\nPublic domainPublic domainfalsefalse\n\n\n\n\n\n\nThe author died in 1925, so this work is in the public domain in its country of origin and other countries and areas where the copyright term is the author's life plus 95 years or fewer.\n\n\nThis work is in the public domain in the United States because it was published (or registered with the U.S. Copyright Office) before January 1, 1929.\n\n\n\nThis file has been identified as being free of known restrictions under copyright law, including all related and neighboring rights.\nhttps://creativecommons.org/publicdomain/mark/1.0/PDMCreative Commons Public Domain Mark 1.0falsefalse\n\n\n"}, {"url": "https://commons.wikimedia.org/wiki/File:ElemerLonyay.jpg", "metadata": {"og:image": "https://upload.wikimedia.org/wikipedia/commons/c/ca/ElemerLonyay.jpg", "og:image:width": "640", "og:image:height": "938", "og:title": "File:ElemerLonyay.jpg - Wikimedia Commons", "og:type": "website"}, "text": ""}, {"url": "https://commons.wikimedia.org/wiki/File:Graf_Elem%C3%A9r_L%C3%B3nyay_und_Gattin_Stephanie_auf_Schloss_Oroszvar,_1906.jpg", "metadata": {"og:image": "https://upload.wikimedia.org/wikipedia/commons/thumb/1/1f/Graf_Elem%C3%A9r_L%C3%B3nyay_und_Gattin_Stephanie_auf_Schloss_Oroszvar%2C_1906.jpg/640px-Graf_Elem%C3%A9r_L%C3%B3nyay_und_Gattin_Stephanie_auf_Schloss_Oroszvar%2C_1906.jpg", "og:image:width": "640", "og:image:height": "973", "og:title": "File:Graf Elem\u00e9r L\u00f3nyay und Gattin Stephanie auf Schloss Oroszvar, 1906.jpg - Wikimedia Commons", "og:type": "website"}, "text": "\n\n\nDescriptionGraf Elem\u00e9r L\u00f3nyay und Gattin Stephanie auf Schloss Oroszvar, 1906.jpg\n\nEnglish:  Count Elem\u00e9r L\u00f3nyay with his wife Princess St\u00e9phanie of Belgium, 1906\nDeutsch:  Graf Elem\u00e9r L\u00f3nyay und Gattin Stephanie auf Schloss Oroszvar, 1906\n\n\nDate\n\n1906\n\n\nSource\n\nebay\n\n\nAuthor\n\nnot credited\n\n\n"}, {"url": "https://commons.wikimedia.org/wiki/File:L%C3%B3nyay_Elem%C3%A9r_M%C3%A1ndy.jpg", "metadata": {"og:image": "https://upload.wikimedia.org/wikipedia/commons/6/64/L%C3%B3nyay_Elem%C3%A9r_M%C3%A1ndy.jpg", "og:image:width": "640", "og:image:height": "983", "og:title": "File:L\u00f3nyay Elem\u00e9r M\u00e1ndy.jpg - Wikimedia Commons", "og:type": "website"}, "text": "\n\n\nDescriptionL\u00f3nyay Elem\u00e9r M\u00e1ndy.jpg\n\nMagyar:  gr\u00f3f L\u00f3nyay Elem\u00e9r (1863\u20131946) portr\u00e9ja. M\u00e1ndy Ferenc (rom\u00e1n kir\u00e1lyi \u00e9s udvari f\u00e9nyk\u00e9p\u00e9sz) felv\u00e9tele (1900)\n\n\nDate\n\n1900\n\n\nSource\n\nVas\u00e1rnapi Ujs\u00e1g, 1900/12\n\n\nAuthor\n\n\n\n\n\nFranz Mandy\n\u00a0(1848\u20131910)\u00a0\u00a0 \u00a0\n\n\nAlternative names\n\nMandy\n\nDescription\nRomanian photographer\n\nDate of birth/death\n\n1848\u00a0\n1910\u00a0\n\nWork location\n\nBucharest\u00a0\n\nAuthority file\n\n: Q18508194\nVIAF:\u2009220524739\nISNI:\u2009000000036018449X\nGND:\u20091080156852\nBNF:\u200916556633z\n\n\n\ncreator QS:P170,Q18508194\n\n\n"}, {"url": "https://commons.wikimedia.org/wiki/File:L%C3%B3nyay_Elem%C3%A9r_%C3%A9s_Stef%C3%A1nia_1903-4.jpg", "metadata": {"og:image": "https://upload.wikimedia.org/wikipedia/commons/thumb/3/3e/L%C3%B3nyay_Elem%C3%A9r_%C3%A9s_Stef%C3%A1nia_1903-4.jpg/640px-L%C3%B3nyay_Elem%C3%A9r_%C3%A9s_Stef%C3%A1nia_1903-4.jpg", "og:image:width": "640", "og:image:height": "439", "og:title": "File:L\u00f3nyay Elem\u00e9r \u00e9s Stef\u00e1nia 1903-4.jpg - Wikimedia Commons", "og:type": "website"}, "text": "\n\n\nDescriptionL\u00f3nyay Elem\u00e9r \u00e9s Stef\u00e1nia 1903-4.jpg\n\nMagyar:  L\u00f3nyay Elem\u00e9r gr\u00f3f \u00e9s Stef\u00e1nia belga kir\u00e1lyi hercegn\u0151 English:  Elem\u00e9r L\u00f3nyay and Princess St\u00e9phanie of Belgium\n\n\nDate\n\n1903\n\n\nSource\n\nVas\u00e1rnapi Ujs\u00e1g 1903-4 [1] Transferred from hu.wikipedia to Commons.\n\n\nAuthor\n\nUnknown authorUnknown author\n\n\n"}, {"url": "https://commons.wikimedia.org/wiki/File:L%C3%B3nyay_Elem%C3%A9r.jpg", "metadata": {"og:image": "https://upload.wikimedia.org/wikipedia/commons/thumb/9/9e/L%C3%B3nyay_Elem%C3%A9r.jpg/640px-L%C3%B3nyay_Elem%C3%A9r.jpg", "og:image:width": "640", "og:image:height": "1139", "og:title": "File:L\u00f3nyay Elem\u00e9r.jpg - Wikimedia Commons", "og:type": "website"}, "text": "\n\n\n\nJ\u00f3zsef \u00c1rp\u00e1d Koppay: Portrait of Elem\u00e9r L\u00f3nyay\n\u00a0\u00a0(  \u00a0)\n\n\nArtist\n\n\n\n\n\n\nJ\u00f3zsef \u00c1rp\u00e1d Koppay\n\u00a0(1859\u20131927)\u00a0\u00a0 \u00a0\n\n\n\n\n\nAlternative names\n\nBaron J\u00f3zsef \u00c1rp\u00e1d Koppay von Dr\u00e9toma; Josef Arpad Koppay\n\nDescription\nHungarian painter and illustrator\n\nDate of birth/death\n\n15 March 1859\n2 September 1927\u00a0\n\nLocation of birth/death\n\nVienna\nBad Gastein\n\nWork period\n1874\u00a0\u20131917\u00a0\n\nWork location\n\nMunich; Madrid; Paris; Berlin; Vienna; Z\u00fcrich; Bern\u00a0\n\nAuthority file\n\n: Q1704224\nVIAF:\u200917971385\nISNI:\u20090000000020548736\nULAN:\u2009500107532\nLCCN:\u2009nb2007026206\nGND:\u2009116338695\nWorldCat\n\n\n\nartist QS:P170,Q1704224\n\n\nTitle\n\n\nPortrait of Elem\u00e9r L\u00f3nyaylabel QS:Len,\"Portrait of Elem\u00e9r L\u00f3nyay\"\nlabel QS:Lhu,\"L\u00f3nyay Elem\u00e9r k\u00e9pm\u00e1sa\"\n\n\nObject type\n\npaintingobject_type QS:P31,Q3305213\n\n\nDescription\n\n\nCount Elem\u00e9r L\u00f3nyay de Nagyl\u00f3nya et V\u00e1s\u00e1rosnam\u00e9ny (1863\u20131944), Hungarian landowner and privy councillor.\n\n\nDate\n\ncirca 1900date QS:P571,+1900-00-00T00:00:00Z/9,P1480,Q5727902\n\n\nMedium\n\noil on canvasmedium QS:P186,Q296955;P186,Q12321255,P518,Q861259\n\n\nDimensions\n\nheight: 185 cm (72.8 in); width: 104 cm (40.9 in)dimensions QS:P2048,185U174728dimensions QS:P2049,104U174728\n\n\nCollection\n\n\n\n\nPannonhalma Archabbey\n\u00a0\u00a0\n\n\n\n\n\nNative name\nPannonhalmi Benc\u00e9s F\u0151ap\u00e1ts\u00e1g\u00a0\n\nLocation\nPannonhalma\n\nCoordinates\n47\u00b0\u00a033\u2032\u00a010\u2033\u00a0N, 17\u00b0\u00a045\u2032\u00a040\u2033\u00a0E  \u00a0\n\nEstablished\n10th centurydate QS:P,+950-00-00T00:00:00Z/7\u00a0\n\nWebsite\nwww.bences.hu\u00a0\n\nAuthority file\n\n: Q936285\nVIAF:\u2009126296757\nISNI:\u2009000000012348013X\nLCCN:\u2009n85091292\nOSM:\u20097286674\nUNESCO:\u2009758\nWorldCat\n\n\n\ninstitution QS:P195,Q936285\n\n\nObject history\n\n1945/46:  bequeathed to Pannonhalmi F\u0151ap\u00e1ts\u00e1g by L\u00f3nyay\n\n\nNotes\n\nMagyar:  \u201eL\u00f3nyay Elem\u00e9r a majdnem eg\u00e9sz alakos k\u00e9pen balra fordul. D\u00edszmagyart visel, ment\u00e9j\u00e9t pr\u00e9m d\u00edsz\u00edti. Fej\u00e9n tollas, pr\u00e9mes kalpag, bajusza barna. Kardj\u00e1t bal karj\u00e1val test\u00e9hez szor\u00edtja.\u201d\n\n\nReferences\n\nF\u0151ap\u00e1ts\u00e1gi Gy\u0171jtem\u00e9nyek\n\n\nSource/Photographer\n\n[1]\n\n\nPermission(Reusing this file)\n\n\n\nPublic domainPublic domainfalsefalse\n\n\n\n\n\n\nThis work is in the public domain in its country of origin and other countries and areas where the copyright term is the author's life plus 70 years or fewer.\n\n\n You must also include a United States public domain tag to indicate why this work is in the public domain in the United States.\u00a0Note that a few countries have copyright terms longer than 70 years: Mexico has 100 years, Jamaica has 95 years, Colombia has 80 years, and Guatemala and Samoa have 75 years. This image may not be in the public domain in these countries, which moreover do not implement the rule of the shorter term. Honduras has a general copyright term of 75 years, but it does implement the rule of the shorter term. Copyright may extend on works created by French who died for France in World War II (more information), Russians who served in the Eastern Front of World War II (known as the Great Patriotic War in Russia) and posthumously rehabilitated victims of Soviet repressions (more information).\n\n\n\nThis file has been identified as being free of known restrictions under copyright law, including all related and neighboring rights.\nhttps://creativecommons.org/publicdomain/mark/1.0/PDMCreative Commons Public Domain Mark 1.0falsefalse\n\n\n\nThis is a faithful photographic reproduction of a two-dimensional, public domain work of art. The work of art itself is in the public domain for the following reason:\n\n\n\nPublic domainPublic domainfalsefalse\n\n\n\n\n\n\nThis work is in the public domain in its country of origin and other countries and areas where the copyright term is the author's life plus 70 years or fewer.\n\n\n You must also include a United States public domain tag to indicate why this work is in the public domain in the United States.\u00a0Note that a few countries have copyright terms longer than 70 years: Mexico has 100 years, Jamaica has 95 years, Colombia has 80 years, and Guatemala and Samoa have 75 years. This image may not be in the public domain in these countries, which moreover do not implement the rule of the shorter term. Honduras has a general copyright term of 75 years, but it does implement the rule of the shorter term. Copyright may extend on works created by French who died for France in World War II (more information), Russians who served in the Eastern Front of World War II (known as the Great Patriotic War in Russia) and posthumously rehabilitated victims of Soviet repressions (more information).\n\n\n\nThis file has been identified as being free of known restrictions under copyright law, including all related and neighboring rights.\nhttps://creativecommons.org/publicdomain/mark/1.0/PDMCreative Commons Public Domain Mark 1.0falsefalse\n\nThe official position taken by the Wikimedia Foundation is that \"faithful reproductions of two-dimensional public domain works of art are public domain\".This photographic reproduction is therefore also considered to be in the public domain in the United States. In other jurisdictions, re-use of this content may be restricted; see Reuse of PD-Art photographs for details.{{PD-Art}} template without license parameter: please specify why the underlying work is public domain in both the source country and the United States  (Usage: {{PD-Art|1=|deathyear=''year of author's death''|country=''source country''}}, where parameter 1= can be PD-old-auto, PD-old-auto-expired, PD-old-auto-1996, PD-old-100 or similar. See Commons:Multi-license copyright tags for more information.)\n\n\n\n"}, {"url": "https://commons.wikimedia.org/wiki/File:Princess_St%C3%A9phanie_with_her_second_husband.jpg", "metadata": {"og:image": "https://upload.wikimedia.org/wikipedia/commons/thumb/8/8d/Princess_St%C3%A9phanie_with_her_second_husband.jpg/640px-Princess_St%C3%A9phanie_with_her_second_husband.jpg", "og:image:width": "640", "og:image:height": "399", "og:title": "File:Princess St\u00e9phanie with her second husband.jpg - Wikimedia Commons", "og:type": "website"}, "text": "\n\n\nDescriptionPrincess St\u00e9phanie with her second husband.jpg\n\nEnglish:  St\u00e9phanie of Belgium, Crown Princess of Austria, Hungary and Bohemia with her second husband, Elem\u00e9r, Prince L\u00f3nyay de Nagy-L\u00f3nya.\n\n\nDate\n\nmid 1900s\n\n\nSource\n\nCollection Ralf De Jonge\n\n\nAuthor\n\nUnknown authorUnknown author\n\n\n"}, {"url": "https://commons.wikimedia.org/wiki/File:Stef%C3%A1nia_%C3%A9s_L%C3%B3nyay_Elem%C3%A9r.jpg", "metadata": {"og:image": "https://upload.wikimedia.org/wikipedia/commons/thumb/b/b3/Stef%C3%A1nia_%C3%A9s_L%C3%B3nyay_Elem%C3%A9r.jpg/640px-Stef%C3%A1nia_%C3%A9s_L%C3%B3nyay_Elem%C3%A9r.jpg", "og:image:width": "640", "og:image:height": "472", "og:title": "File:Stef\u00e1nia \u00e9s L\u00f3nyay Elem\u00e9r.jpg - Wikimedia Commons", "og:type": "website"}, "text": "\n\n\nDescriptionStef\u00e1nia \u00e9s L\u00f3nyay Elem\u00e9r.jpg\n\nMagyar:  L\u00f3nyay Elem\u00e9r (1896 k\u00f6r\u00fcl) \u00e9s leend\u0151 neje Stef\u00e1nia English:  Elem\u00e9r L\u00f3nyay (circa 1896) and Princess St\u00e9phanie of Belgium\n\n\nDate\n\n1900\n\n\nSource\n\nVas\u00e1rnapi Ujs\u00e1g 1900/12. sz\u00e1m [1] Transferred from hu.wikipedia to Commons.\n\n\nAuthor\n\n\n\n\n\nK\u00e1roly Koller\n\u00a0(1838\u20131889)\u00a0\u00a0 \u00a0\n\n\n\n\n\nAlternative names\n\nCarl Koller, Karl Koller\n\nDescription\nHungarian photographer and painter\n\nDate of birth/death\n\n28 January 1838\u00a0\n26 November 1889\u00a0\n\nLocation of birth/death\n\nHermannstadt, Austrian Empire\nBudapest, Austria-Hungary\n\nWork period\n1867 - 1889\n\nWork location\n\nBistritz, Hermannstadt, Budapest\n\nAuthority file\n\n: Q1115301\nVIAF:\u200924903436\nISNI:\u2009000000004591128X\nLCCN:\u2009no2007069029\nGND:\u2009102127089X\nBNF:\u2009153657760\nWorldCat\n\n\n\ncreator QS:P170,Q1115301 and \n\n\n\nFranz Mandy\n\u00a0(1848\u20131910)\u00a0\u00a0 \u00a0\n\n\nAlternative names\n\nMandy\n\nDescription\nRomanian photographer\n\nDate of birth/death\n\n1848\u00a0\n1910\u00a0\n\nWork location\n\nBucharest\u00a0\n\nAuthority file\n\n: Q18508194\nVIAF:\u2009220524739\nISNI:\u2009000000036018449X\nGND:\u20091080156852\nBNF:\u200916556633z\n\n\n\ncreator QS:P170,Q18508194. The original uploader was Hogyisne at Hungarian Wikipedia.\n\n\n"}, {"url": "https://commons.wikimedia.org/wiki/File:Zur_Erinnerung_an_die_Wiederverm%C3%A4hlung_1900.jpg", "metadata": {"og:image": "https://upload.wikimedia.org/wikipedia/commons/thumb/f/f6/Zur_Erinnerung_an_die_Wiederverm%C3%A4hlung_1900.jpg/640px-Zur_Erinnerung_an_die_Wiederverm%C3%A4hlung_1900.jpg", "og:image:width": "640", "og:image:height": "409", "og:title": "File:Zur Erinnerung an die Wiederverm\u00e4hlung 1900.jpg - Wikimedia Commons", "og:type": "website"}, "text": "\n\n\nDescriptionZur Erinnerung an die Wiederverm\u00e4hlung 1900.jpg\n\nWien Kalksburg, Villa Zichy, Elemer Graf Lonyay, Witwe Stephanie\n\n\nDate\n\n22 March 1900\n\n\nSource\n\nalte Postkarte https://web.archive.org/web/20240210150704/https://www.ebay.de/itm/235248606324\n\n\nAuthor\n\nVerlag Wilhelm Pleyer (siehe https://web.archive.org/web/20240211145706/https://www.alamy.de/wien-kalksburg-villa-zichy-elemer-graf-lonyay-witwe-stephanie22-marz-1900-verwendung-weltweit-image381718040.html)\n\n\n"}]