[{"url": "https://commons.wikimedia.org/wiki/File:Amiens,_mus%C3%A9e_de_Picardie,_Une_Danse,_souvenir_d%27Espagne_par_Charles_Porion_(1844)_01.jpg", "metadata": {"og:image": "https://upload.wikimedia.org/wikipedia/commons/thumb/a/a5/Amiens%2C_mus%C3%A9e_de_Picardie%2C_Une_Danse%2C_souvenir_d%27Espagne_par_Charles_Porion_%281844%29_01.jpg/640px-Amiens%2C_mus%C3%A9e_de_Picardie%2C_Une_Danse%2C_souvenir_d%27Espagne_par_Charles_Porion_%281844%29_01.jpg", "og:image:width": "640", "og:image:height": "774", "og:title": "File:Amiens, mus\u00e9e de Picardie, Une Danse, souvenir d'Espagne par Charles Porion (1844) 01.jpg - Wikimedia Commons", "og:type": "website"}, "text": "\n\n\n\nCharles Porion: Une Danse, souvenir d'Espagne\n\u00a0\u00a0\n\n\nArtist\n\n\n\n\n\n\nCharles Porion\n\u00a0(1814\u20131908)\u00a0\u00a0 \u00a0\n\n\nAlternative names\n\nLouis-\u00c9tienne-Charles Porion; Louis \u00c9tienne Charles Porion; Louis Etinne Charles Porion; Louis Etienne Charles Porion\n\nDescription\nFrench painter\n\nDate of birth/death\n\n1 May 1814\u00a0\n1908\u00a0\n\nLocation of birth/death\n\nAmiens\nParis\n\nWork location\n\nParis (1844\u20131868)\u00a0\n\nAuthority file\n\n: Q18711197\nVIAF:\u200941622707\nULAN:\u2009500185132\nLCCN:\u2009no2007084976\nGND:\u20091136596003\nL\u00e9onore:\u2009[ LH//2201/45]\nWorldCat\n\n\n\ncreator QS:P170,Q18711197\u00a0\n\n\nTitle\n\n\nUne Danse, souvenir d'Espagnelabel QS:Lfr,\"Une Danse, souvenir d'Espagne\"\nlabel QS:Len,\"Une Danse, souvenir d'Espagne\"\nlabel QS:Lde,\"Une Danse, souvenir d'Espagne\"\nlabel QS:Lnl,\"Une Danse, souvenir d'Espagne\"\n\n\nObject type\n\npainting\u00a0\n\n\nGenre\n\ngenre art\u00a0\n\n\nDescription\n\n\nFran\u00e7ais\u00a0:  Amiens, mus\u00e9e de Picardie, Une Danse, souvenir d'Espagne par Charles Porion (1844)\n\n\nDate\n\n1844\u00a0\n\n\nMedium\n\noil\u00a0\n\n\nCollection\n\n\n\n\nMus\u00e9e de Picardie\n\u00a0\u00a0\n\n\n\n\n\nNative name\nMus\u00e9e de Picardie\n\nLocation\nAmiens\n\nCoordinates\n49\u00b0\u00a053\u2032\u00a026.02\u2033\u00a0N, 2\u00b0\u00a017\u2032\u00a043.51\u2033\u00a0E  \u00a0\n\nEstablished\n1802\n\nWebsite\nwww.amiens.fr/Vivre-a-Amiens/Culture-Patrimoine/Etablissements-culturels/Musee-de-Picardie\u00a0\n\nAuthority file\n\n: Q3107709\nVIAF:\u2009129619871\nISNI:\u20090000000121560603\nLCCN:\u2009n82158272\nSUDOC:\u2009026393697\nBNF:\u2009118649518\nWorldCat\n\n\n\ninstitution QS:P195,Q3107709\n\n\n\nReferences\n\nCatalogue descriptif des tableaux & sculptures du Mus\u00e9e de Picardie,  234\u00a0\n\n\n\n\n\nDescriptionAmiens, mus\u00e9e de Picardie, Une Danse, souvenir d'Espagne par Charles Porion (1844) 01.jpg\n\nFran\u00e7ais: Amiens, mus\u00e9e de Picardie, Une Danse, souvenir d'Espagne par Charles Porion (1844)\u00a0\n\n\nDate\n\n3 October 2021, 16:26:32\n\n\nSource\n\nOwn work\n\n\nAuthor\n\nBycro\n\n\n"}, {"url": "https://commons.wikimedia.org/wiki/File:Charles_Porion_-_The_kings_of_Europe_in_Paris_for_the_opening_of_the_Exposition_of_1867_(detail).jpg", "metadata": {"og:image": "https://upload.wikimedia.org/wikipedia/commons/thumb/7/73/Charles_Porion_-_The_kings_of_Europe_in_Paris_for_the_opening_of_the_Exposition_of_1867_%28detail%29.jpg/640px-Charles_Porion_-_The_kings_of_Europe_in_Paris_for_the_opening_of_the_Exposition_of_1867_%28detail%29.jpg", "og:image:width": "640", "og:image:height": "736", "og:title": "File:Charles Porion - The kings of Europe in Paris for the opening of the Exposition of 1867 (detail).jpg - Wikimedia Commons", "og:type": "website"}, "text": "\n\n\nDescriptionCharles Porion - The kings of Europe in Paris for the opening of the Exposition of 1867 (detail).jpg\n\nEnglish:  The kings of Europe in Paris for the opening of the Universal Exposition of 1867\nFran\u00e7ais\u00a0:  Charles Porion, Napol\u00e9on III et les souverains \u00e9trangers invit\u00e9s \u00e0 l'Exposition universelle de 1867 dit aussi Sortie des empereurs et des rois, 1895, huile sur toile, 1,65 m \u00d7 3,93 m, Ch\u00e2teau de Compi\u00e8gne[1]. -- Le tableau de Charles Porion pr\u00e9sente (de gauche \u00e0 droite) Fran\u00e7ois-Joseph Ier d'Autriche, Napol\u00e9on III, Alexandre II de Russie.\n\n\nDate\n\n1895\n\n\nSource\n\nSee here. (Archived 2024-01-23 at the Wayback Machine)\n\n\nAuthor\n\n\n\n\n\nCharles Porion\n\u00a0(1814\u20131908)\u00a0\u00a0 \u00a0\n\n\nAlternative names\n\nLouis-\u00c9tienne-Charles Porion; Louis \u00c9tienne Charles Porion; Louis Etinne Charles Porion; Louis Etienne Charles Porion\n\nDescription\nFrench painter\n\nDate of birth/death\n\n1 May 1814\u00a0\n1908\u00a0\n\nLocation of birth/death\n\nAmiens\nParis\n\nWork location\n\nParis (1844\u20131868)\u00a0\n\nAuthority file\n\n: Q18711197\nVIAF:\u200941622707\nULAN:\u2009500185132\nLCCN:\u2009no2007084976\nGND:\u20091136596003\nL\u00e9onore:\u2009[ LH//2201/45]\nWorldCat\n\n\n\ncreator QS:P170,Q18711197\n\n\nOther versions\n\n\n\n\nEnglish:  Entire painting\n\n\n\n\n"}, {"url": "https://commons.wikimedia.org/wiki/File:Charles_Porion_-_The_kings_of_Europe_in_Paris_for_the_opening_of_the_Exposition_of_1867.jpg", "metadata": {"og:image": "https://upload.wikimedia.org/wikipedia/commons/thumb/e/e7/Charles_Porion_-_The_kings_of_Europe_in_Paris_for_the_opening_of_the_Exposition_of_1867.jpg/640px-Charles_Porion_-_The_kings_of_Europe_in_Paris_for_the_opening_of_the_Exposition_of_1867.jpg", "og:image:width": "640", "og:image:height": "260", "og:title": "File:Charles Porion - The kings of Europe in Paris for the opening of the Exposition of 1867.jpg - Wikimedia Commons", "og:type": "website"}, "text": "\n\n\n\nCharles Porion: The kings of Europe in Paris for the opening of the Universal Exposition of 1867\n\u00a0\u00a0\n\n\nArtist\n\n\n\n\n\n\nCharles Porion\n\u00a0(1814\u20131908)\u00a0\u00a0 \u00a0\n\n\nAlternative names\n\nLouis-\u00c9tienne-Charles Porion; Louis \u00c9tienne Charles Porion; Louis Etinne Charles Porion; Louis Etienne Charles Porion\n\nDescription\nFrench painter\n\nDate of birth/death\n\n1 May 1814\u00a0\n1908\u00a0\n\nLocation of birth/death\n\nAmiens\nParis\n\nWork location\n\nParis (1844\u20131868)\u00a0\n\nAuthority file\n\n: Q18711197\nVIAF:\u200941622707\nULAN:\u2009500185132\nLCCN:\u2009no2007084976\nGND:\u20091136596003\nL\u00e9onore:\u2009[ LH//2201/45]\nWorldCat\n\n\n\ncreator QS:P170,Q18711197\u00a0\n\n\nTitle\n\n\nThe kings of Europe in Paris for the opening of the Universal Exposition of 1867label QS:Len,\"The kings of Europe in Paris for the opening of the Universal Exposition of 1867\"\nlabel QS:Lfr,\"Les souverains d'Europe venus \u00e0 Paris pour l'ouverture de l'exposition universelle de 1867\"\nlabel QS:Lnl,\"De koningen van Europa in Parijs voor de opening van de Wereldtentoonstelling van 1867\"\n\n\nObject type\n\npainting\u00a0\n\n\nDescription\n\n\nEnglish:  The kings of Europe in Paris for the opening of the Universal Exposition of 1867. -- In the first row, from left to right: Leopold II, King of the Belgians (1865-1909) - William I, King of Prussia (1861-1888) - Franz Joseph I, Emperor of Austria (1848-1916) and King of Hungary (1867-1916) - Napol\u00e9on III, Emperor of the French (1852-1870) - Alexander II, Emperor of Russia (1855-1881) - Abdulaziz, Sultan of the Ottoman Empire (1861-1876) - Charles XV, King of Sweden (1859-1872). In the second row, from left to right: Francis of Assisi of Bourbon, King consort of Spain (1822-1902) - William of Orange, Crown Prince of the Netherlands (1840-1879) - Otto von Bismarck, Minister-President of Prussia (1862-1870) - Frederick William of Hohenzollern, Crown Prince of Prussia (Frederick III, King of Prussia and German Emperor, 1888) - Edward, Prince of Wales (Edward VII, King of the United Kingdom and Emperor of India, 1901-1910) - Prince Napoleon, cousin of Napoleon III (1822-1891) - Tsarevich Alexander (Alexander III, Tsar of Russia, 1881-1894) - Humbert, Duke of Aosta (Humbert I, King of Italy, 1878-1900) - George I, King of the Hellenes (1863-1913) - Charles-Alexandre, King of W\u00fcrttemberg (1864-1891) - Isma\u00efl Pasha, viceroy of Egypt (1863-1879). In the third row, from left to right: Marshal Canrobert (1809-1895) - General Fleury (1815-1884) - Marshal de Mac Mahon, Duke of Magenta (1808-1893, President of the Republic from 1873 to 1879) - Prince Frederick-Charles of Prussia, general and nephew of William I (1828-1885) - unidentified person - General Cousin-Montauban, Count of Palikao (1796-1878) - Marshal Forey (1804-1872) - Marshal Randon (1795-1871), Minister of War - Marshal Bazaine (1811-1888) - Marshal Niel (1802-1869).[1]\nFran\u00e7ais\u00a0:  Charles Porion, Napol\u00e9on III et les souverains \u00e9trangers invit\u00e9s \u00e0 l'Exposition universelle de 1867 dit aussi Sortie des empereurs et des rois, 1895, huile sur toile, 1,65 m \u00d7 3,93 m, Ch\u00e2teau de Compi\u00e8gne[2]. -- L'Exposition Universelle de 1867 s'est d\u00e9roul\u00e9e du 1er avril au 3 novembre 1867. Les souverains et princes ne sont pas tous venus en m\u00eame temps, mais la peinture les repr\u00e9sente tous r\u00e9unis autour de Napol\u00e9on III devant les Tuileries. Le tableau pr\u00e9sente (de gauche \u00e0 droite) L\u00e9opold II de Belgique, Guillaume Ier de Prusse, Fran\u00e7ois-Joseph Ier d'Autriche, Napol\u00e9on III, Alexandre II de Russie, Isma\u00efl Pacha, vice-roi d'\u00c9gypte, Charles XV de Su\u00e8de et Norv\u00e8ge.\n\n\nDate\n\n1895\u00a0\n\n\nMedium\n\noil  on  canvas\u00a0\n\n\nDimensions\n\nheight: 165 cm (64.9 in)\u00a0; width: 393 cm (12.8 ft)\u00a0dimensions QS:P2048,+165U174728dimensions QS:P2049,+393U174728\n\n\nCollection\n\n\n\n\nCh\u00e2teau de Compi\u00e8gne\n\u00a0\u00a0\n\n\n\n\n\nNative name\nCh\u00e2teau de Compi\u00e8gne\n\nLocation\nCompi\u00e8gne dans l'Oise (Nord-Pas-de-Calais-Picardie, France)\n\nCoordinates\n49\u00b0\u00a025\u2032\u00a009\u2033\u00a0N, 2\u00b0\u00a049\u2032\u00a052\u2033\u00a0E  \u00a0\n\nEstablished\n1751-1788:  built\n\nAuthority file\n\n: Q516697\nVIAF:\u2009150854014\nISNI:\u20090000000119422383\nLCCN:\u2009nr88003801\nOSM:\u2009194640\nGND:\u20091049711-0\nWorldCat\n\n\n\ninstitution QS:P195,Q516697\n\n\n\nSource/Photographer\n\nSee here. (Archived 2024-01-23 at the Wayback Machine)\n\n\nOther versions\n\n\n\n\nEnglish:  Detail\n\n\n\n\n"}, {"url": "https://commons.wikimedia.org/wiki/File:Charles_Porion_Le_prince_imperial.jpg", "metadata": {"og:image": "https://upload.wikimedia.org/wikipedia/commons/thumb/3/39/Charles_Porion_Le_prince_imperial.jpg/640px-Charles_Porion_Le_prince_imperial.jpg", "og:image:width": "640", "og:image:height": "843", "og:title": "File:Charles Porion Le prince imperial.jpg - Wikimedia Commons", "og:type": "website"}, "text": "\n\n\n\nCharles Porion: Le prince imp\u00e9rial \u00e0 cheval\n\u00a0\u00a0(  \u00a0)\n\n\nArtist\n\n\n\n\n\n\nCharles Porion\n\u00a0(1814\u20131908)\u00a0\u00a0 \u00a0\n\n\nAlternative names\n\nLouis-\u00c9tienne-Charles Porion; Louis \u00c9tienne Charles Porion; Louis Etinne Charles Porion; Louis Etienne Charles Porion\n\nDescription\nFrench painter\n\nDate of birth/death\n\n1 May 1814\u00a0\n1908\u00a0\n\nLocation of birth/death\n\nAmiens\nParis\n\nWork location\n\nParis (1844\u20131868)\u00a0\n\nAuthority file\n\n: Q18711197\nVIAF:\u200941622707\nULAN:\u2009500185132\nLCCN:\u2009no2007084976\nGND:\u20091136596003\nL\u00e9onore:\u2009[ LH//2201/45]\nWorldCat\n\n\n\nartist QS:P170,Q18711197\n\n\nTitle\n\n\nLe prince imp\u00e9rial \u00e0 cheval\n\n\nObject type\n\npaintingobject_type QS:P31,Q3305213\n\n\nDate\n\nthird quarter of 19th centurydate QS:P571,+1850-00-00T00:00:00Z/7\n\n\nMedium\n\noil on canvasmedium QS:P186,Q296955;P186,Q12321255,P518,Q861259\n\n\nDimensions\n\nheight: 63 cm (24.8 in); width: 48 cm (18.8 in)dimensions QS:P2048,63U174728dimensions QS:P2049,48U174728\n\n\nCollection\n\n\n\n\nCh\u00e2teau de Compi\u00e8gne\n\u00a0\u00a0\n\n\n\n\n\nNative name\nCh\u00e2teau de Compi\u00e8gne\n\nLocation\nCompi\u00e8gne dans l'Oise (Nord-Pas-de-Calais-Picardie, France)\n\nCoordinates\n49\u00b0\u00a025\u2032\u00a009\u2033\u00a0N, 2\u00b0\u00a049\u2032\u00a052\u2033\u00a0E  \u00a0\n\nEstablished\n1751-1788:  built\n\nAuthority file\n\n: Q516697\nVIAF:\u2009150854014\nISNI:\u20090000000119422383\nLCCN:\u2009nr88003801\nOSM:\u2009194640\nGND:\u20091049711-0\nWorldCat\n\n\n\ninstitution QS:P195,Q516697\nMus\u00e9e du Second Empire\n\n\nObject history\n\nDate acquisition: 1933\n\nAnciennes appartenances: Mme Sasias\n\n\nReferences\n\nJoconde database:  entry  M5009002046\n\n\nSource/Photographer\n\nOwn work (own photograph). Photo: Andreas Praefcke, March 2008\n\n\nPermission(Reusing this file)\n\nPublic Domain\n\n\n"}, {"url": "https://commons.wikimedia.org/wiki/File:Hoche_%C3%A0_Quiberon.jpg", "metadata": {"og:image": "https://upload.wikimedia.org/wikipedia/commons/6/6b/Hoche_%C3%A0_Quiberon.jpg", "og:image:width": "640", "og:image:height": "684", "og:title": "File:Hoche \u00e0 Quiberon.jpg - Wikimedia Commons", "og:type": "website"}, "text": "\n\n\n\nCharles Porion: Q117531100\n\u00a0\u00a0\n\n\nArtist\n\n\n\n\n\n\nCharles Porion\n\u00a0(1814\u20131908)\u00a0\u00a0 \u00a0\n\n\nAlternative names\n\nLouis-\u00c9tienne-Charles Porion; Louis \u00c9tienne Charles Porion; Louis Etinne Charles Porion; Louis Etienne Charles Porion\n\nDescription\nFrench painter\n\nDate of birth/death\n\n1 May 1814\u00a0\n1908\u00a0\n\nLocation of birth/death\n\nAmiens\nParis\n\nWork location\n\nParis (1844\u20131868)\u00a0\n\nAuthority file\n\n: Q18711197\nVIAF:\u200941622707\nULAN:\u2009500185132\nLCCN:\u2009no2007084976\nGND:\u20091136596003\nL\u00e9onore:\u2009[ LH//2201/45]\nWorldCat\n\n\n\nartist QS:P170,Q18711197\n\n\nTitle\n\n\nFrench:  Le g\u00e9n\u00e9ral Hoche \u00e0 la bataille de Quiberon en 1795title QS:P1476,fr:\"Le g\u00e9n\u00e9ral Hoche \u00e0 la bataille de Quiberon en 1795\"\nlabel QS:Lfr,\"Le g\u00e9n\u00e9ral Hoche \u00e0 la bataille de Quiberon en 1795\"\n\n\nObject type\n\npaintingobject_type QS:P31,Q3305213\n\n\nDate\n\n1879date QS:P571,+1879-00-00T00:00:00Z/9\n\n\nCollection\n\nH\n\n\nSource/Photographer\n\ninc\n\n\nPermission(Reusing this file)\n\n\n\nPublic domainPublic domainfalsefalse\n\n\n\n\n\n\nThis work is in the public domain in its country of origin and other countries and areas where the copyright term is the author's life plus 100 years or fewer.\n\n You must also include a United States public domain tag to indicate why this work is in the public domain in the United States.\n\n\nThis file has been identified as being free of known restrictions under copyright law, including all related and neighboring rights.\nhttps://creativecommons.org/publicdomain/mark/1.0/PDMCreative Commons Public Domain Mark 1.0falsefalse\n\n\n"}, {"url": "https://commons.wikimedia.org/wiki/File:Isabel_II_dirigiendo_una_revista_militar_(1867)_Porion.jpg", "metadata": {"og:image": "https://upload.wikimedia.org/wikipedia/commons/thumb/e/ed/Isabel_II_dirigiendo_una_revista_militar_%281867%29_Porion.jpg/640px-Isabel_II_dirigiendo_una_revista_militar_%281867%29_Porion.jpg", "og:image:width": "640", "og:image:height": "765", "og:title": "File:Isabel II dirigiendo una revista militar (1867) Porion.jpg - Wikimedia Commons", "og:type": "website"}, "text": "\n\n\n\nCharles Porion: Isabel II dirigiendo una revista militar\n\u00a0\u00a0(  \u00a0)\n\n\nArtist\n\n\n\n\n\n\nCharles Porion\n\u00a0(1814\u20131908)\u00a0\u00a0 \u00a0\n\n\nAlternative names\n\nLouis-\u00c9tienne-Charles Porion; Louis \u00c9tienne Charles Porion; Louis Etinne Charles Porion; Louis Etienne Charles Porion\n\nDescription\nFrench painter\n\nDate of birth/death\n\n1 May 1814\u00a0\n1908\u00a0\n\nLocation of birth/death\n\nAmiens\nParis\n\nWork location\n\nParis (1844\u20131868)\u00a0\n\nAuthority file\n\n: Q18711197\nVIAF:\u200941622707\nULAN:\u2009500185132\nLCCN:\u2009no2007084976\nGND:\u20091136596003\nL\u00e9onore:\u2009[ LH//2201/45]\nWorldCat\n\n\n\nartist QS:P170,Q18711197\n\n\nTitle\n\n\nIsabel II dirigiendo una revista militar\n\n\nObject type\n\npaintingobject_type QS:P31,Q3305213\n\n\nDescription\n\n\nEspa\u00f1ol:  Retrato ecuestre de la reina Isabel II de Espa\u00f1a (1830-1904), que aparece acompa\u00f1ada por su esposo, el rey consorte Francisco de As\u00eds de Borb\u00f3n.\n\n\nDate\n\n1867date QS:P571,+1867-00-00T00:00:00Z/9\n\n\nMedium\n\noil on canvasmedium QS:P186,Q296955;P186,Q12321255,P518,Q861259\n\n\nDimensions\n\nheight: 333 cm (10.9 ft); width: 277 cm (109 in)dimensions QS:P2048,333U174728dimensions QS:P2049,277U174728\n\n\nCollection\n\n\n\n\nMuseum of Romanticism\n\u00a0\u00a0\u00a0 (Inventory)\n\n\n\n\n\nNative name\nMuseo del Romanticismo de Madrid\n\nLocation\nMadrid (Spain)\n\nCoordinates\n40\u00b0\u00a025\u2032\u00a033.13\u2033\u00a0N, 3\u00b0\u00a041\u2032\u00a055.82\u2033\u00a0W  \u00a0\n\nEstablished\n1924\n\nWebsite\nmuseoromanticismo.mcu.es\n\nAuthority file\n\n: Q6974501\nVIAF:\u2009122723079\nISNI:\u20090000000122847649\nLCCN:\u2009no2010062686\nGND:\u200916173616-6\nSUDOC:\u2009035604506\nWorldCat\n\n\n\ninstitution QS:P195,Q6974501\n\n\nAccession number\n\n\nCE0122\n\n\nReferences\n\n[1]\n\n\nSource/Photographer\n\n[2]\n\n\nPermission(Reusing this file)\n\n\n\n\nThis is a faithful photographic reproduction of a two-dimensional, public domain work of art. The work of art itself is in the public domain for the following reason:\n\n\n\nPublic domainPublic domainfalsefalse\n\n\n\n\n\n\nThis work is in the public domain in its country of origin and other countries and areas where the copyright term is the author's life plus 100 years or fewer.\n\n You must also include a United States public domain tag to indicate why this work is in the public domain in the United States.\n\n\nThis file has been identified as being free of known restrictions under copyright law, including all related and neighboring rights.\nhttps://creativecommons.org/publicdomain/mark/1.0/PDMCreative Commons Public Domain Mark 1.0falsefalse\n\nThe official position taken by the Wikimedia Foundation is that \"faithful reproductions of two-dimensional public domain works of art are public domain\".This photographic reproduction is therefore also considered to be in the public domain in the United States. In other jurisdictions, re-use of this content may be restricted; see Reuse of PD-Art photographs for details.\n\n\n\n"}, {"url": "https://commons.wikimedia.org/wiki/File:Isabel_II_dirigiendo_una_revista_militar_(Detalle).JPG", "metadata": {"og:image": "https://upload.wikimedia.org/wikipedia/commons/thumb/9/98/Isabel_II_dirigiendo_una_revista_militar_%28Detalle%29.JPG/640px-Isabel_II_dirigiendo_una_revista_militar_%28Detalle%29.JPG", "og:image:width": "640", "og:image:height": "480", "og:title": "File:Isabel II dirigiendo una revista militar (Detalle).JPG - Wikimedia Commons", "og:type": "website"}, "text": "\n\n\nDescriptionIsabel II dirigiendo una revista militar (Detalle).JPG\n\nDetalle de Isabel II dirigiendo una revista militar, de Charles Porion. \u00d3leo sobre lienzo.\n\n\nDate\n\n1867\n\n\nSource\n\nPhotograph taken at \n\n\nMuseum of Romanticism\n\u00a0\u00a0\u00a0 (Inventory)\n\n\n\n\n\nNative name\nMuseo del Romanticismo de Madrid\n\nLocation\nMadrid (Spain)\n\nCoordinates\n40\u00b0\u00a025\u2032\u00a033.13\u2033\u00a0N, 3\u00b0\u00a041\u2032\u00a055.82\u2033\u00a0W  \u00a0\n\nEstablished\n1924\n\nWebsite\nmuseoromanticismo.mcu.es\n\nAuthority file\n\n: Q6974501\nVIAF:\u2009122723079\nISNI:\u20090000000122847649\nLCCN:\u2009no2010062686\nGND:\u200916173616-6\nSUDOC:\u2009035604506\nWorldCat\n\n\n\ninstitution QS:P195,Q6974501\nOwn work\n\n\nAuthor\n\nCharles Porion (1814-1868)\n\n\nPermission(Reusing this file)\n\n\n\n\nThis is a faithful photographic reproduction of a two-dimensional, public domain work of art. The work of art itself is in the public domain for the following reason:\n\n\n\nPublic domainPublic domainfalsefalse\n\n\n\n\n\n\nThis work is in the public domain in its country of origin and other countries and areas where the copyright term is the author's life plus 100 years or fewer.\n\n You must also include a United States public domain tag to indicate why this work is in the public domain in the United States.\n\n\nThis file has been identified as being free of known restrictions under copyright law, including all related and neighboring rights.\nhttps://creativecommons.org/publicdomain/mark/1.0/PDMCreative Commons Public Domain Mark 1.0falsefalse\n\nThe official position taken by the Wikimedia Foundation is that \"faithful reproductions of two-dimensional public domain works of art are public domain\".This photographic reproduction is therefore also considered to be in the public domain in the United States. In other jurisdictions, re-use of this content may be restricted; see Reuse of PD-Art photographs for details.\n\n\n\n"}, {"url": "https://commons.wikimedia.org/wiki/File:Isabel_II_y_su_Estado_Mayor,_a_caballo.jpg", "metadata": {"og:image": "https://upload.wikimedia.org/wikipedia/commons/thumb/5/5c/Isabel_II_y_su_Estado_Mayor%2C_a_caballo.jpg/640px-Isabel_II_y_su_Estado_Mayor%2C_a_caballo.jpg", "og:image:width": "640", "og:image:height": "364", "og:title": "File:Isabel II y su Estado Mayor, a caballo.jpg - Wikimedia Commons", "og:type": "website"}, "text": "\n\n\n\nCharles Porion: Q59828597\n\u00a0\u00a0\n\n\nArtist\n\n\n\n\n\n\nCharles Porion\n\u00a0(1814\u20131908)\u00a0\u00a0 \u00a0\n\n\nAlternative names\n\nLouis-\u00c9tienne-Charles Porion; Louis \u00c9tienne Charles Porion; Louis Etinne Charles Porion; Louis Etienne Charles Porion\n\nDescription\nFrench painter\n\nDate of birth/death\n\n1 May 1814\u00a0\n1908\u00a0\n\nLocation of birth/death\n\nAmiens\nParis\n\nWork location\n\nParis (1844\u20131868)\u00a0\n\nAuthority file\n\n: Q18711197\nVIAF:\u200941622707\nULAN:\u2009500185132\nLCCN:\u2009no2007084976\nGND:\u20091136596003\nL\u00e9onore:\u2009[ LH//2201/45]\nWorldCat\n\n\n\ncreator QS:P170,Q18711197\u00a0\n\n\nTitle\n\n\nSpanish:  Isabel II y su Estado Mayor a caballolabel QS:Les,\"Isabel II y su Estado Mayor a caballo\"\n\n\nObject type\n\npainting\u00a0\n\n\nDescription\n\n\nEspa\u00f1ol:  Este retrato de grupo de gran formato es una representaci\u00f3n ideal del Estado Mayor General del Ej\u00e9rcito espa\u00f1ol. En el centro de la composici\u00f3n la reina Isabel II de Espa\u00f1a, ataviada con el uniforme de capit\u00e1n general, encabeza la cabalgata acompa\u00f1ada de su esposo Francisco de As\u00eds de Borb\u00f3n y Borb\u00f3n Dos Sicilias, igualmente uniformado de capit\u00e1n general, y por Francisco de Paula, infante de Espa\u00f1a. Acompa\u00f1ando a la joven reina Porion retrata algunos de los militares que intervinieron en los finales del gobierno de Isabel II: Narv\u00e1ez, O\u00b4Donell y Prim que aparecen destacados junto a otros generales que ya hab\u00edan fallecido en el momento en que se realiza la obra como es el caso de Diego de Le\u00f3n y Palafox.\n\n\nDate\n\ncirca 1862\u00a0\n\n\nMedium\n\noil  on  canvas\u00a0\n\n\nDimensions\n\nheight: 225 cm (88.5 in)\u00a0; width: 393 cm (12.8 ft)\u00a0dimensions QS:P2048,+225U174728dimensions QS:P2049,+393U174728\n\n\nCollection\n\n\n\n\nMuseo del Prado\n\u00a0\u00a0\u00a0 (Inventory)\n\n\n\n\n\nNative name\nMuseo Nacional del Prado\n\nLocation\nMadrid, (Spain)\n\nCoordinates\n40\u00b0\u00a024\u2032\u00a050\u2033\u00a0N, 3\u00b0\u00a041\u2032\u00a032\u2033\u00a0W  \u00a0\n\nEstablished\n1819\n\nWebsite\nmuseodelprado.es\n\nAuthority file\n\n: Q160112\nVIAF:\u2009147181932\nISNI:\u20090000000122942419\nULAN:\u2009500270885\nLCCN:\u2009n79064568\nNLA:\u200936514982\nWorldCat\n\n\n\ninstitution QS:P195,Q160112\n\n\n\nCurrent location\n\n\nDepositado en el \n\n\nMinistry of Foreign Affairs of Spain\n\u00a0\n\n\n\n\n\nNative name\nMinisterio de Asuntos Exteriores\u00a0\n\nLocation\nSanta Cruz Palace\u00a0, Spain\n\nCoordinates\n40\u00b0\u00a025\u2032\u00a049.8\u2033\u00a0N, 3\u00b0\u00a040\u2032\u00a045.1\u2033\u00a0W  \u00a0\n\nEstablished\n30 November 1714\u00a0\n\nAuthority file\n\n: Q6017179\nVIAF:\u2009304605810\nISNI:\u20090000000121073565\nLCCN:\u2009n89636388\nBNE:\u2009XX136493\nJ9U:\u2009987007369165505171\nWorldCat\n\n\n\ninstitution QS:P195,Q6017179\n\n\nAccession number\n\n\nP004720 (Museo del Prado)\u00a0\n\n\nReferences\n\nInv. Real Museo. Adiciones. 1857-1868,  3033\u00a0\nActas del env\u00edo de cuadros del Prado al Museo de Arte Moderno,  8/3033\nCat\u00e1logo Museo de Arte Moderno. 1899,  324\nCatalog Museo de Arte Moderno, 1900,  525\nRegistros-Inventarios Museo Nacional de Arte Moderno. 1900-1936,  40-P\nRegistros-Inventarios Museo Nacional de Arte Moderno. 1900-1936,  64-P\nMuseo del Prado artwork ID:  c6714459-4cb3-4687-bda8-3d9dab60e80f\u00a0\n\n\nSource/Photographer\n\nhttps://www.museodelprado.es/coleccion/obra-de-arte/isabel-ii-y-su-estado-mayor-a-caballo/c6714459-4cb3-4687-bda8-3d9dab60e80f\n\n\n"}]