[{"url": "https://commons.wikimedia.org/wiki/File:Marie_Jos%C3%A9_of_Belgium,_Queen_of_Italy.jpg", "metadata": {"og:image": "https://upload.wikimedia.org/wikipedia/commons/c/c3/Marie_Jos%C3%A9_of_Belgium%2C_Queen_of_Italy.jpg", "og:image:width": "640", "og:image:height": "1047", "og:title": "File:Marie Jos\u00e9 of Belgium, Queen of Italy.jpg - Wikimedia Commons", "og:type": "website"}, "text": "\n\n\nDescriptionMarie Jos\u00e9 of Belgium, Queen of Italy.jpg\n\nEnglish:  Princess Marie Jos\u00e9 of Belgium (later Queen of Italy)\n\n\nDate\n\n1936\n\n\nSource\n\nhttp://www.ernandes.net/mantellini/Regina%20Maria%20Jos%C3%A8.htm\n\n\nAuthor\n\nUnknown authorUnknown author\n\n\n"}]