[{"url": "https://commons.wikimedia.org/wiki/File:De_troonwisseling_in_Luxemburg,_de_Hertogelijke_familie,_Bestanddeelnr_917-1195.jpg", "metadata": {"og:image": "https://upload.wikimedia.org/wikipedia/commons/thumb/c/c3/De_troonwisseling_in_Luxemburg%2C_de_Hertogelijke_familie%2C_Bestanddeelnr_917-1195.jpg/640px-De_troonwisseling_in_Luxemburg%2C_de_Hertogelijke_familie%2C_Bestanddeelnr_917-1195.jpg", "og:image:width": "640", "og:image:height": "970", "og:title": "File:De troonwisseling in Luxemburg, de Hertogelijke familie, Bestanddeelnr 917-1195.jpg - Wikimedia Commons", "og:type": "website"}, "text": "\n\n\nDescriptionDe troonwisseling in Luxemburg, de Hertogelijke familie, Bestanddeelnr 917-1195.jpg\n\nEnglish:  Josephine-Charlotte of Luxembourg during the inthronisation ceremony of her husband, Grand-Duke Jean of Luxembourg, 12 Nov 1964.Nederlands:  Collectie / Archief\u00a0: Fotocollectie Anefo\nReportage / Serie\u00a0: [ onbekend ]\nBeschrijving\u00a0: De troonwisseling in Luxemburg, de Hertogelijke familie\nDatum\u00a0: 12 november 1964\nLocatie\u00a0: Luxemburg\nTrefwoorden\u00a0: families, troonwisselingen\nFotograaf\u00a0: Nijs, Jac. de / Anefo\nAuteursrechthebbende\u00a0: Nationaal Archief\nMateriaalsoort\u00a0: Negatief (zwart/wit)\nNummer archiefinventaris\u00a0: bekijk toegang 2.24.01.05\n\nBestanddeelnummer\u00a0: 917-1195\n\n\nDate\n\n12 November 1964\n\n\nSource\n\nhttp://proxy.handle.net/10648/aa828bb2-d0b4-102d-bcf8-003048976d84\n\n\nAuthor\n\nJack de Nijs for Anefo \n\n\n"}, {"url": "https://commons.wikimedia.org/wiki/File:De_troonwisseling_in_Luxemburg,_de_Hertogelijke_familie,_Bestanddeelnr_917-1197.jpg", "metadata": {"og:image": "https://upload.wikimedia.org/wikipedia/commons/thumb/2/2e/De_troonwisseling_in_Luxemburg%2C_de_Hertogelijke_familie%2C_Bestanddeelnr_917-1197.jpg/640px-De_troonwisseling_in_Luxemburg%2C_de_Hertogelijke_familie%2C_Bestanddeelnr_917-1197.jpg", "og:image:width": "640", "og:image:height": "422", "og:title": "File:De troonwisseling in Luxemburg, de Hertogelijke familie, Bestanddeelnr 917-1197.jpg - Wikimedia Commons", "og:type": "website"}, "text": "\n\n\nDescriptionDe troonwisseling in Luxemburg, de Hertogelijke familie, Bestanddeelnr 917-1197.jpg\n\nNederlands:  Collectie / Archief\u00a0: Fotocollectie Anefo\nReportage / Serie\u00a0: [ onbekend ]\nBeschrijving\u00a0: De troonwisseling in Luxemburg, de Hertogelijke familie\nDatum\u00a0: 12 november 1964\nLocatie\u00a0: Luxemburg\nTrefwoorden\u00a0: families, troonwisselingen\nFotograaf\u00a0: Nijs, Jac. de / Anefo\nAuteursrechthebbende\u00a0: Nationaal Archief\nMateriaalsoort\u00a0: Negatief (zwart/wit)\nNummer archiefinventaris\u00a0: bekijk toegang 2.24.01.05\n\nBestanddeelnummer\u00a0: 917-1197\n\n\nDate\n\n12 November 1964\n\n\nSource\n\nhttp://proxy.handle.net/10648/aa828dc4-d0b4-102d-bcf8-003048976d84\n\n\nAuthor\n\nJack de Nijs for Anefo \n\n\n"}, {"url": "https://commons.wikimedia.org/wiki/File:De_troonwisseling_in_Luxemburg,_Groot_Hertog_Jean_en_echtgenote_en_kinderen_op_b,_Bestanddeelnr_917-1225.jpg", "metadata": {"og:image": "https://upload.wikimedia.org/wikipedia/commons/thumb/c/c0/De_troonwisseling_in_Luxemburg%2C_Groot_Hertog_Jean_en_echtgenote_en_kinderen_op_b%2C_Bestanddeelnr_917-1225.jpg/640px-De_troonwisseling_in_Luxemburg%2C_Groot_Hertog_Jean_en_echtgenote_en_kinderen_op_b%2C_Bestanddeelnr_917-1225.jpg", "og:image:width": "640", "og:image:height": "612", "og:title": "File:De troonwisseling in Luxemburg, Groot Hertog Jean en echtgenote en kinderen op b, Bestanddeelnr 917-1225.jpg - Wikimedia Commons", "og:type": "website"}, "text": "\n\n\nDescriptionDe troonwisseling in Luxemburg, Groot Hertog Jean en echtgenote en kinderen op b, Bestanddeelnr 917-1225.jpg\n\nNederlands:  Collectie / Archief\u00a0: Fotocollectie Anefo\nReportage / Serie\u00a0: [ onbekend ]\nBeschrijving\u00a0: De troonwisseling in Luxemburg, Groot Hertog Jean en echtgenote en kinderen op balkon\nDatum\u00a0: 12 november 1964\nLocatie\u00a0: Luxemburg\nTrefwoorden\u00a0: balkons, families, troonwisselingen\nPersoonsnaam\u00a0: Groot Hertog Jean\nFotograaf\u00a0: Nijs, Jac. de / Anefo\nAuteursrechthebbende\u00a0: Nationaal Archief\nMateriaalsoort\u00a0: Negatief (zwart/wit)\nNummer archiefinventaris\u00a0: bekijk toegang 2.24.01.03\n\nBestanddeelnummer\u00a0: 917-1225\n\n\nDate\n\n12 November 1964\n\n\nSource\n\nhttp://proxy.handle.net/10648/aa82a7d2-d0b4-102d-bcf8-003048976d84\n\n\nAuthor\n\nJack de Nijs for Anefo \n\n\n"}, {"url": "https://commons.wikimedia.org/wiki/File:GD_Jean_of_Luxembourg_and_his_wife_Josephine-Charlotte_1964-11-12.jpg", "metadata": {"og:image": "https://upload.wikimedia.org/wikipedia/commons/thumb/3/36/GD_Jean_of_Luxembourg_and_his_wife_Josephine-Charlotte_1964-11-12.jpg/640px-GD_Jean_of_Luxembourg_and_his_wife_Josephine-Charlotte_1964-11-12.jpg", "og:image:width": "640", "og:image:height": "535", "og:title": "File:GD Jean of Luxembourg and his wife Josephine-Charlotte 1964-11-12.jpg - Wikimedia Commons", "og:type": "website"}, "text": "\n\n\nDescriptionGD Jean of Luxembourg and his wife Josephine-Charlotte 1964-11-12.jpg\n\nNederlands:  De troonwisseling in Luxemburg, de [Groot-]Hertogelijke familie\n\n\nDate\n\n12 November 1964\n\n\nSource\n\nGaHetNa Bestanddeelnummer: 917-1197\n\n\nAuthor\n\nJack de Nijs for Anefo \n\n\nOther versions\n\n\n\n\nThis file has been extracted from another file: De troonwisseling in Luxemburg, de Hertogelijke familie, Bestanddeelnr 917-1197.jpg\n\n\n\n\n\n\n"}]