[{"url": "https://commons.wikimedia.org/wiki/File:BELGIAN_ROYAL_FAMILY._KING_AND_ROYAL_FAMILY_LCCN2016865963.jpg", "metadata": {"og:image": "https://upload.wikimedia.org/wikipedia/commons/thumb/a/ad/BELGIAN_ROYAL_FAMILY._KING_AND_ROYAL_FAMILY_LCCN2016865963.jpg/640px-BELGIAN_ROYAL_FAMILY._KING_AND_ROYAL_FAMILY_LCCN2016865963.jpg", "og:image:width": "640", "og:image:height": "479", "og:title": "File:BELGIAN ROYAL FAMILY. KING AND ROYAL FAMILY LCCN2016865963.jpg - Wikimedia Commons", "og:type": "website"}, "text": "\n\n\nDescriptionBELGIAN ROYAL FAMILY. KING AND ROYAL FAMILY LCCN2016865963.jpg\n\nEnglish:  Title: BELGIAN ROYAL FAMILY. KING AND ROYAL FAMILY\nAbstract/medium: 1 negative\u00a0: glass\u00a0; 5 x 7 in. or smaller\n\n\nDate\n\n1914\n\n\nSource\n\nLibrary of Congress\n\nCatalog: https://lccn.loc.gov/2016865963\nImage download: https://cdn.loc.gov/service/pnp/hec/05000/05082v.jpg\nOriginal url: https://www.loc.gov/pictures/item/2016865963/\n\n\nAuthor\n\nHarris & Ewing Collection\n\n\nPermission(Reusing this file)\n\nNo known restrictions on publication. For more information, see Harris & Ewing Photographs - Rights and Restrictions Information https://www.loc.gov/rr/print/res/140_harr.html\n\n\n\n \u00a0\n\nThis image  is available from the United States Library of Congress's Prints and Photographs division under the digital ID hec.05082.This tag does not indicate the copyright status of the attached work. A normal copyright tag is still required. See Commons:Licensing.\n\n\u0627\u0644\u0639\u0631\u0628\u064a\u0629\u00a0\u2219 \u0431\u0435\u043b\u0430\u0440\u0443\u0441\u043a\u0430\u044f (\u0442\u0430\u0440\u0430\u0448\u043a\u0435\u0432\u0456\u0446\u0430)\u00a0\u2219 \u09ac\u09be\u0982\u09b2\u09be\u00a0\u2219 \u010de\u0161tina\u00a0\u2219 Deutsch\u00a0\u2219 English\u00a0\u2219 espa\u00f1ol\u00a0\u2219 \u0641\u0627\u0631\u0633\u06cc\u00a0\u2219 suomi\u00a0\u2219 fran\u00e7ais\u00a0\u2219 galego\u00a0\u2219 \u05e2\u05d1\u05e8\u05d9\u05ea\u00a0\u2219 magyar\u00a0\u2219 Bahasa Indonesia\u00a0\u2219 italiano\u00a0\u2219 \u65e5\u672c\u8a9e\u00a0\u2219 lietuvi\u0173\u00a0\u2219 \u043c\u0430\u043a\u0435\u0434\u043e\u043d\u0441\u043a\u0438\u00a0\u2219 \u0d2e\u0d32\u0d2f\u0d3e\u0d33\u0d02\u00a0\u2219 Nederlands\u00a0\u2219 polski\u00a0\u2219 portugu\u00eas\u00a0\u2219 portugu\u00eas do Brasil\u00a0\u2219 rom\u00e2n\u0103\u00a0\u2219 \u0440\u0443\u0441\u0441\u043a\u0438\u0439\u00a0\u2219 sicilianu\u00a0\u2219 sloven\u010dina\u00a0\u2219 sloven\u0161\u010dina\u00a0\u2219 T\u00fcrk\u00e7e\u00a0\u2219 \u0443\u043a\u0440\u0430\u0457\u043d\u0441\u044c\u043a\u0430\u00a0\u2219 \u7b80\u4f53\u4e2d\u6587\u00a0\u2219 \u7e41\u9ad4\u4e2d\u6587\u00a0\u2219 +/\u2212\n\n\n\n\nOther versions\n\n\n\n\ntif10,161 \u00d7 7,602\n\n\n\nNotesInfoField\nTitle from unverified caption data received with the Harris & Ewing Collection.\nCOPY.\nGift; Harris & Ewing, Inc. 1955.\nGeneral information about the Harris & Ewing Collection is available at https://hdl.loc.gov/loc.pnp/pp.hec\nTemp. note: Batch one.\n\nPart ofInfoFieldharris & ewing collection \u00b7 prints and photographs division\n\nSubjectInfoFieldglass negatives\n\nGenreInfoFieldGlass negatives\n\n\n"}, {"url": "https://commons.wikimedia.org/wiki/File:Vorstenhuizen,_Koningshuis_Belgi%C3%AB,_SFA022821517.jpg", "metadata": {"og:image": "https://upload.wikimedia.org/wikipedia/commons/thumb/1/1e/Vorstenhuizen%2C_Koningshuis_Belgi%C3%AB%2C_SFA022821517.jpg/640px-Vorstenhuizen%2C_Koningshuis_Belgi%C3%AB%2C_SFA022821517.jpg", "og:image:width": "640", "og:image:height": "930", "og:title": "File:Vorstenhuizen, Koningshuis Belgi\u00eb, SFA022821517.jpg - Wikimedia Commons", "og:type": "website"}, "text": "\n\n\nDescriptionVorstenhuizen, Koningshuis Belgi\u00eb, SFA022821517.jpg\n\nNederlands:  Omschrijving: Vorstenhuizen, Koningshuis Belgi\u00eb. Portret van het Koninklijk Belgisch vorstenhuis. Koning Albert I met Koningin Elisabeth, links kroonprins Leopold, midden prins Karel Theodor en rechts prinses Marie Charlotte. Plaats onbekend, Belgi\u00eb, 1909.\n\n\nDate\n\n1909\n\n\nSource\n\nhttps://beeldbank.spaarnestadphoto.com/search.pp?flush=1&multikeyword=SFA022821517&searchtype=0#ctr-thumbnails\n\n\nAuthor\n\nCharles Chusseau-Flaviens\n\n\n"}]