[{"url": "https://commons.wikimedia.org/wiki/File:Statue_of_King_Albert_I_at_confluence_of_Albert_Canal_and_Meuse_river,_Li%C3%A8ge,_Belgium._-_panoramio_(1).jpg", "metadata": {"og:image": "https://upload.wikimedia.org/wikipedia/commons/thumb/4/4b/Statue_of_King_Albert_I_at_confluence_of_Albert_Canal_and_Meuse_river%2C_Li%C3%A8ge%2C_Belgium._-_panoramio_%281%29.jpg/640px-Statue_of_King_Albert_I_at_confluence_of_Albert_Canal_and_Meuse_river%2C_Li%C3%A8ge%2C_Belgium._-_panoramio_%281%29.jpg", "og:image:width": "640", "og:image:height": "1055", "og:title": "File:Statue of King Albert I at confluence of Albert Canal and Meuse river, Li\u00e8ge, Belgium. - panoramio (1).jpg - Wikimedia Commons", "og:type": "website"}, "text": "\n\n\nDescriptionStatue of King Albert I at confluence of Albert Canal and Meuse river, Li\u00e8ge, Belgium. - panoramio (1).jpg\n\nStatue of King Albert I at confluence of Albert Canal and Meuse river, Li\u00e8ge, Belgium.\n\n\nDate\n\nTaken on\u00a025 August 2007\n\n\nSource\n\nhttps://web.archive.org/web/20161024032446/http://www.panoramio.com/photo/62499970\n\n\nAuthor\n\nMaarten Sepp\n\nTags(from Panoramio photo page)InfoFieldLi\u00e8ge, Belgium, Maas, Meuse, monument statue sculpture\n\n\n"}, {"url": "https://commons.wikimedia.org/wiki/File:20170512_liege01.jpg", "metadata": {"og:image": "https://upload.wikimedia.org/wikipedia/commons/thumb/8/8b/20170512_liege01.jpg/640px-20170512_liege01.jpg", "og:image:width": "640", "og:image:height": "428", "og:title": "File:20170512 liege01.jpg - Wikimedia Commons", "og:type": "website"}, "text": "\n\n\nDescription20170512 liege01.jpg\n\nFran\u00e7ais\u00a0:  Vue de l'entr\u00e9e du Canal Albert \u00e0 Li\u00e8ge.\n\n\nDate\n\n12 May 2017, 20:01:57\n\n\nSource\n\nOwn work\n\n\nAuthor\n\nJean Housen\n\n\n"}, {"url": "https://commons.wikimedia.org/wiki/File:20170512_liege02.jpg", "metadata": {"og:image": "https://upload.wikimedia.org/wikipedia/commons/thumb/4/43/20170512_liege02.jpg/640px-20170512_liege02.jpg", "og:image:width": "640", "og:image:height": "428", "og:title": "File:20170512 liege02.jpg - Wikimedia Commons", "og:type": "website"}, "text": "\n\n\nDescription20170512 liege02.jpg\n\nFran\u00e7ais\u00a0:  Vue de l'entr\u00e9e du Canal Albert \u00e0 Li\u00e8ge.\n\n\nDate\n\n12 May 2017, 20:02:01\n\n\nSource\n\nOwn work\n\n\nAuthor\n\nJean Housen\n\n\n"}, {"url": "https://commons.wikimedia.org/wiki/File:20170512_liege05.jpg", "metadata": {"og:image": "https://upload.wikimedia.org/wikipedia/commons/thumb/5/53/20170512_liege05.jpg/640px-20170512_liege05.jpg", "og:image:width": "640", "og:image:height": "956", "og:title": "File:20170512 liege05.jpg - Wikimedia Commons", "og:type": "website"}, "text": "\n\n\nDescription20170512 liege05.jpg\n\nFran\u00e7ais\u00a0:  Vue de l'entr\u00e9e du Canal Albert \u00e0 Li\u00e8ge.\n\n\nDate\n\n12 May 2017, 20:03:41\n\n\nSource\n\nOwn work\n\n\nAuthor\n\nJean Housen\n\n\n"}, {"url": "https://commons.wikimedia.org/wiki/File:20170512_liege06.jpg", "metadata": {"og:image": "https://upload.wikimedia.org/wikipedia/commons/thumb/4/48/20170512_liege06.jpg/640px-20170512_liege06.jpg", "og:image:width": "640", "og:image:height": "956", "og:title": "File:20170512 liege06.jpg - Wikimedia Commons", "og:type": "website"}, "text": "\n\n\nDescription20170512 liege06.jpg\n\nFran\u00e7ais\u00a0:  Vue de l'entr\u00e9e du Canal Albert \u00e0 Li\u00e8ge.\n\n\nDate\n\n12 May 2017, 20:03:53\n\n\nSource\n\nOwn work\n\n\nAuthor\n\nJean Housen\n\n\n"}, {"url": "https://commons.wikimedia.org/wiki/File:20170512_liege21.jpg", "metadata": {"og:image": "https://upload.wikimedia.org/wikipedia/commons/thumb/d/d9/20170512_liege21.jpg/640px-20170512_liege21.jpg", "og:image:width": "640", "og:image:height": "428", "og:title": "File:20170512 liege21.jpg - Wikimedia Commons", "og:type": "website"}, "text": "\n\n\nDescription20170512 liege21.jpg\n\nFran\u00e7ais\u00a0:  Vue de l'entr\u00e9e du Canal Albert \u00e0 Li\u00e8ge.\n\n\nDate\n\n12 May 2017, 20:07:07\n\n\nSource\n\nOwn work\n\n\nAuthor\n\nJean Housen\n\n\n"}, {"url": "https://commons.wikimedia.org/wiki/File:20170512_liege22.jpg", "metadata": {"og:image": "https://upload.wikimedia.org/wikipedia/commons/thumb/5/51/20170512_liege22.jpg/640px-20170512_liege22.jpg", "og:image:width": "640", "og:image:height": "428", "og:title": "File:20170512 liege22.jpg - Wikimedia Commons", "og:type": "website"}, "text": "\n\n\nDescription20170512 liege22.jpg\n\nFran\u00e7ais\u00a0:  Vue de l'entr\u00e9e du Canal Albert \u00e0 Li\u00e8ge.\n\n\nDate\n\n12 May 2017, 20:07:09\n\n\nSource\n\nOwn work\n\n\nAuthor\n\nJean Housen\n\n\n"}, {"url": "https://commons.wikimedia.org/wiki/File:20170512_liege24.jpg", "metadata": {"og:image": "https://upload.wikimedia.org/wikipedia/commons/thumb/4/40/20170512_liege24.jpg/640px-20170512_liege24.jpg", "og:image:width": "640", "og:image:height": "428", "og:title": "File:20170512 liege24.jpg - Wikimedia Commons", "og:type": "website"}, "text": "\n\n\nDescription20170512 liege24.jpg\n\nFran\u00e7ais\u00a0:  Vue de l'entr\u00e9e du Canal Albert \u00e0 Li\u00e8ge.\n\n\nDate\n\n12 May 2017, 20:09:54\n\n\nSource\n\nOwn work\n\n\nAuthor\n\nJean Housen\n\n\n"}, {"url": "https://commons.wikimedia.org/wiki/File:20170512_liege25.jpg", "metadata": {"og:image": "https://upload.wikimedia.org/wikipedia/commons/thumb/a/a9/20170512_liege25.jpg/640px-20170512_liege25.jpg", "og:image:width": "640", "og:image:height": "428", "og:title": "File:20170512 liege25.jpg - Wikimedia Commons", "og:type": "website"}, "text": "\n\n\nDescription20170512 liege25.jpg\n\nFran\u00e7ais\u00a0:  Vue de l'entr\u00e9e du Canal Albert \u00e0 Li\u00e8ge.\n\n\nDate\n\n12 May 2017, 20:10:01\n\n\nSource\n\nOwn work\n\n\nAuthor\n\nJean Housen\n\n\n"}, {"url": "https://commons.wikimedia.org/wiki/File:20170512_liege26.jpg", "metadata": {"og:image": "https://upload.wikimedia.org/wikipedia/commons/thumb/8/8b/20170512_liege26.jpg/640px-20170512_liege26.jpg", "og:image:width": "640", "og:image:height": "428", "og:title": "File:20170512 liege26.jpg - Wikimedia Commons", "og:type": "website"}, "text": "\n\n\nDescription20170512 liege26.jpg\n\nFran\u00e7ais\u00a0:  Vue de l'entr\u00e9e du Canal Albert \u00e0 Li\u00e8ge.\n\n\nDate\n\n12 May 2017, 20:10:33\n\n\nSource\n\nOwn work\n\n\nAuthor\n\nJean Housen\n\n\n"}, {"url": "https://commons.wikimedia.org/wiki/File:20170512_liege27.jpg", "metadata": {"og:image": "https://upload.wikimedia.org/wikipedia/commons/thumb/8/8a/20170512_liege27.jpg/640px-20170512_liege27.jpg", "og:image:width": "640", "og:image:height": "428", "og:title": "File:20170512 liege27.jpg - Wikimedia Commons", "og:type": "website"}, "text": "\n\n\nDescription20170512 liege27.jpg\n\nFran\u00e7ais\u00a0:  Vue de l'entr\u00e9e du Canal Albert \u00e0 Li\u00e8ge.\n\n\nDate\n\n12 May 2017, 20:11:06\n\n\nSource\n\nOwn work\n\n\nAuthor\n\nJean Housen\n\n\n"}, {"url": "https://commons.wikimedia.org/wiki/File:20170512_liege28.jpg", "metadata": {"og:image": "https://upload.wikimedia.org/wikipedia/commons/thumb/7/79/20170512_liege28.jpg/640px-20170512_liege28.jpg", "og:image:width": "640", "og:image:height": "428", "og:title": "File:20170512 liege28.jpg - Wikimedia Commons", "og:type": "website"}, "text": "\n\n\nDescription20170512 liege28.jpg\n\nFran\u00e7ais\u00a0:  Vue de l'entr\u00e9e du Canal Albert \u00e0 Li\u00e8ge.\n\n\nDate\n\n12 May 2017, 20:11:10\n\n\nSource\n\nOwn work\n\n\nAuthor\n\nJean Housen\n\n\n"}, {"url": "https://commons.wikimedia.org/wiki/File:20170512_liege29.jpg", "metadata": {"og:image": "https://upload.wikimedia.org/wikipedia/commons/thumb/3/39/20170512_liege29.jpg/640px-20170512_liege29.jpg", "og:image:width": "640", "og:image:height": "428", "og:title": "File:20170512 liege29.jpg - Wikimedia Commons", "og:type": "website"}, "text": "\n\n\nDescription20170512 liege29.jpg\n\nFran\u00e7ais\u00a0:  Vue de l'entr\u00e9e du Canal Albert \u00e0 Li\u00e8ge.\n\n\nDate\n\n12 May 2017, 20:11:54\n\n\nSource\n\nOwn work\n\n\nAuthor\n\nJean Housen\n\n\n"}, {"url": "https://commons.wikimedia.org/wiki/File:20170512_liege30.jpg", "metadata": {"og:image": "https://upload.wikimedia.org/wikipedia/commons/thumb/6/6f/20170512_liege30.jpg/640px-20170512_liege30.jpg", "og:image:width": "640", "og:image:height": "428", "og:title": "File:20170512 liege30.jpg - Wikimedia Commons", "og:type": "website"}, "text": "\n\n\nDescription20170512 liege30.jpg\n\nFran\u00e7ais\u00a0:  Vue de l'entr\u00e9e du Canal Albert \u00e0 Li\u00e8ge.\n\n\nDate\n\n12 May 2017, 20:12:15\n\n\nSource\n\nOwn work\n\n\nAuthor\n\nJean Housen\n\n\n"}, {"url": "https://commons.wikimedia.org/wiki/File:20170512_liege31.jpg", "metadata": {"og:image": "https://upload.wikimedia.org/wikipedia/commons/thumb/9/95/20170512_liege31.jpg/640px-20170512_liege31.jpg", "og:image:width": "640", "og:image:height": "428", "og:title": "File:20170512 liege31.jpg - Wikimedia Commons", "og:type": "website"}, "text": "\n\n\nDescription20170512 liege31.jpg\n\nFran\u00e7ais\u00a0:  Vue de l'entr\u00e9e du Canal Albert \u00e0 Li\u00e8ge.\n\n\nDate\n\n12 May 2017, 20:12:19\n\n\nSource\n\nOwn work\n\n\nAuthor\n\nJean Housen\n\n\n"}, {"url": "https://commons.wikimedia.org/wiki/File:Albertkanaal_Monument_Monsin_R01.jpg", "metadata": {"og:image": "https://upload.wikimedia.org/wikipedia/commons/thumb/8/83/Albertkanaal_Monument_Monsin_R01.jpg/640px-Albertkanaal_Monument_Monsin_R01.jpg", "og:image:width": "640", "og:image:height": "415", "og:title": "File:Albertkanaal Monument Monsin R01.jpg - Wikimedia Commons", "og:type": "website"}, "text": "\n\n\nDescriptionAlbertkanaal Monument Monsin R01.jpg\n\nNederlands:  Monsin (Luik, Belgi\u00eb): Koning Albert I monument bij het begin van het Albertkanaal\nEnglish:  Monsin (Li\u00e8ge, Belgium): King Albert I memorial at the beginning of the Albert Canal\nFran\u00e7ais\u00a0:  Monsin (Li\u00e8ge, Belgique)\u00a0: m\u00e9morial Roi Albert I \u00e0 l'entr\u00e9e du Canal Albert\n\n\nDate\n\n14 June 2022, 17:39:02\n\n\nSource\n\nOwn work\n\n\nAuthor\n\nMarc Ryckaert\n\n\n"}, {"url": "https://commons.wikimedia.org/wiki/File:Albertkanaal_Monument_Monsin_R02.jpg", "metadata": {"og:image": "https://upload.wikimedia.org/wikipedia/commons/thumb/8/8b/Albertkanaal_Monument_Monsin_R02.jpg/640px-Albertkanaal_Monument_Monsin_R02.jpg", "og:image:width": "640", "og:image:height": "425", "og:title": "File:Albertkanaal Monument Monsin R02.jpg - Wikimedia Commons", "og:type": "website"}, "text": "\n\n\nDescriptionAlbertkanaal Monument Monsin R02.jpg\n\nNederlands:  Monsin (Luik, Belgi\u00eb): Koning Albert I monument bij het begin van het Albertkanaal\nEnglish:  Monsin (Li\u00e8ge, Belgium): King Albert I memorial at the beginning of the Albert Canal\nFran\u00e7ais\u00a0:  Monsin (Li\u00e8ge, Belgique)\u00a0: m\u00e9morial Roi Albert I \u00e0 l'entr\u00e9e du Canal Albert\n\n\nDate\n\n14 June 2022, 17:41:00\n\n\nSource\n\nOwn work\n\n\nAuthor\n\nMarc Ryckaert\n\n\n"}, {"url": "https://commons.wikimedia.org/wiki/File:Albertkanaal_Monument_Monsin_R03.jpg", "metadata": {"og:image": "https://upload.wikimedia.org/wikipedia/commons/thumb/3/3d/Albertkanaal_Monument_Monsin_R03.jpg/640px-Albertkanaal_Monument_Monsin_R03.jpg", "og:image:width": "640", "og:image:height": "964", "og:title": "File:Albertkanaal Monument Monsin R03.jpg - Wikimedia Commons", "og:type": "website"}, "text": "\n\n\nDescriptionAlbertkanaal Monument Monsin R03.jpg\n\nNederlands:  Monsin (Luik, Belgi\u00eb): Koning Albert I monument bij het begin van het Albertkanaal\nEnglish:  Monsin (Li\u00e8ge, Belgium): King Albert I memorial at the beginning of the Albert Canal\nFran\u00e7ais\u00a0:  Monsin (Li\u00e8ge, Belgique)\u00a0: m\u00e9morial Roi Albert I \u00e0 l'entr\u00e9e du Canal Albert\n\n\nDate\n\n14 June 2022, 17:43:04\n\n\nSource\n\nOwn work\n\n\nAuthor\n\nMarc Ryckaert\n\n\n"}, {"url": "https://commons.wikimedia.org/wiki/File:Albertkanaal_Monument_Monsin_R04.jpg", "metadata": {"og:image": "https://upload.wikimedia.org/wikipedia/commons/thumb/5/5a/Albertkanaal_Monument_Monsin_R04.jpg/640px-Albertkanaal_Monument_Monsin_R04.jpg", "og:image:width": "640", "og:image:height": "948", "og:title": "File:Albertkanaal Monument Monsin R04.jpg - Wikimedia Commons", "og:type": "website"}, "text": "\n\n\nDescriptionAlbertkanaal Monument Monsin R04.jpg\n\nNederlands:  Monsin (Luik, Belgi\u00eb): Koning Albert I monument bij het begin van het Albertkanaal\nEnglish:  Monsin (Li\u00e8ge, Belgium): King Albert I memorial at the beginning of the Albert Canal\nFran\u00e7ais\u00a0:  Monsin (Li\u00e8ge, Belgique)\u00a0: m\u00e9morial Roi Albert I \u00e0 l'entr\u00e9e du Canal Albert\n\n\nDate\n\n14 June 2022, 17:43:53\n\n\nSource\n\nOwn work\n\n\nAuthor\n\nMarc Ryckaert\n\n\n"}, {"url": "https://commons.wikimedia.org/wiki/File:Albertkanaal_Monument_Monsin_R05.jpg", "metadata": {"og:image": "https://upload.wikimedia.org/wikipedia/commons/thumb/4/44/Albertkanaal_Monument_Monsin_R05.jpg/640px-Albertkanaal_Monument_Monsin_R05.jpg", "og:image:width": "640", "og:image:height": "964", "og:title": "File:Albertkanaal Monument Monsin R05.jpg - Wikimedia Commons", "og:type": "website"}, "text": "\n\n\nDescriptionAlbertkanaal Monument Monsin R05.jpg\n\nNederlands:  Monsin (Luik, Belgi\u00eb): Koning Albert I monument bij het begin van het Albertkanaal\nEnglish:  Monsin (Li\u00e8ge, Belgium): King Albert I memorial at the beginning of the Albert Canal\nFran\u00e7ais\u00a0:  Monsin (Li\u00e8ge, Belgique)\u00a0: m\u00e9morial Roi Albert I \u00e0 l'entr\u00e9e du Canal Albert\n\n\nDate\n\n14 June 2022, 17:44:40\n\n\nSource\n\nOwn work\n\n\nAuthor\n\nMarc Ryckaert\n\n\n"}, {"url": "https://commons.wikimedia.org/wiki/File:Albertkanaal_Monument_Monsin_R06.jpg", "metadata": {"og:image": "https://upload.wikimedia.org/wikipedia/commons/thumb/b/b1/Albertkanaal_Monument_Monsin_R06.jpg/640px-Albertkanaal_Monument_Monsin_R06.jpg", "og:image:width": "640", "og:image:height": "964", "og:title": "File:Albertkanaal Monument Monsin R06.jpg - Wikimedia Commons", "og:type": "website"}, "text": "\n\n\nDescriptionAlbertkanaal Monument Monsin R06.jpg\n\nNederlands:  Monsin (Luik, Belgi\u00eb): Koning Albert I monument bij het begin van het Albertkanaal\nEnglish:  Monsin (Li\u00e8ge, Belgium): King Albert I memorial at the beginning of the Albert Canal\nFran\u00e7ais\u00a0:  Monsin (Li\u00e8ge, Belgique)\u00a0: m\u00e9morial Roi Albert I \u00e0 l'entr\u00e9e du Canal Albert\n\n\nDate\n\n14 June 2022, 17:45:18\n\n\nSource\n\nOwn work\n\n\nAuthor\n\nMarc Ryckaert\n\n\n"}, {"url": "https://commons.wikimedia.org/wiki/File:Canal_albert_i_monument.jpg", "metadata": {"og:image": "https://upload.wikimedia.org/wikipedia/commons/thumb/c/ca/Canal_albert_i_monument.jpg/640px-Canal_albert_i_monument.jpg", "og:image:width": "640", "og:image:height": "498", "og:title": "File:Canal albert i monument.jpg - Wikimedia Commons", "og:type": "website"}, "text": "\n\n\nDescriptionCanal albert i monument.jpg\n\nPlattd\u00fc\u00fctsch:  L\u00fcttick-Monsin,  K\u00f6nigriek vun Belgien: Denkmaal an n' Beg\u00fcnn vun 'n Alberkanal bi 'n Maas\nCatal\u00e0:  Lieja (Monsin), B\u00e8lgica: Entrada del Canal Albert (esquerra) al Mosa\nEnglish:  Li\u00e8ge (Monsin),  Belgium: Entrance of the Canal Albert (left) at the Meuse. The architect of this monument is Joseph Moutschen (1895-1977) and the sculptor is Louis Dupont (1896-1967).\nNederlands:  Luik (Monsin),  Belgi\u00eb: Monument bij het begin van het Albertkanaal aan de Maas\nFran\u00e7ais\u00a0:  Li\u00e8ge (Monsin),  Belgique: Monument \u00e0 l'entr\u00e9e du Canal Albert sur la Meuse. L'architecte de ce monument est Joseph Moutschen (1895-1977) et le sculpteur est Louis Dupont (1896-1967).\nDeutsch:  L\u00fcttich-Monsin,  Belgien: Denkmal beim Anfang des Albertkanals a Maas\n\n\nDate\n\n6 October 2007\n\n\nSource\n\nOwn work\n\n\nAuthor\n\nuser:flamenc\n\n\n"}, {"url": "https://commons.wikimedia.org/wiki/File:Canal_Albert_t%C3%AAte_de_garde_amont_entr%C3%A9e_vers_le_canal_au_fond_%C3%A0_droite_le_barrage_Monsin.jpg", "metadata": {"og:image": "https://upload.wikimedia.org/wikipedia/commons/f/fc/Canal_Albert_t%C3%AAte_de_garde_amont_entr%C3%A9e_vers_le_canal_au_fond_%C3%A0_droite_le_barrage_Monsin.jpg", "og:image:width": "640", "og:image:height": "427", "og:title": "File:Canal Albert t\u00eate de garde amont entr\u00e9e vers le canal au fond \u00e0 droite le barrage Monsin.jpg - Wikimedia Commons", "og:type": "website"}, "text": "\n\n\nDescriptionCanal Albert t\u00eate de garde amont entr\u00e9e vers le canal au fond \u00e0 droite le barrage Monsin.jpg\n\nL\u00ebtzebuergesch:  D'Afahrt vum Kanal zu L\u00e9ck an den Hafen op der Monsin-Insel.English:  The architect of this monument is Joseph Moutschen (1895-1977) and the sculptor in Louis Dupont (1896-1967).\n\n\nDate\n\n18 July 2006 (original upload date)\n\n\nSource\n\nOwn work\n\n\nAuthor\n\nLes Meloures at lb.wikipedia\n\n\n"}, {"url": "https://commons.wikimedia.org/wiki/File:Canal_albert-mosa-monument.jpg", "metadata": {"og:image": "https://upload.wikimedia.org/wikipedia/commons/thumb/b/be/Canal_albert-mosa-monument.jpg/640px-Canal_albert-mosa-monument.jpg", "og:image:width": "640", "og:image:height": "370", "og:title": "File:Canal albert-mosa-monument.jpg - Wikimedia Commons", "og:type": "website"}, "text": "\n\n\nDescriptionCanal albert-mosa-monument.jpg\n\ninici canal albert, monument i Mosa Nederlands:  1 Maaskade in Luik, 2 Brug van Marexhe, 3 Begin van Albertkanaal, 4 Standbeeld Albert I, 5 Eiland Monsin, 6 Stuwdam van Monsin, 7 Maas.Fran\u00e7ais\u00a0:  1 Li\u00e8ge, 2 Pont Marexhe, 3 Canal du Albert, 4 Albert I, 5 \u00cele Monsin, 6 Pont-barrage Monsin, 7 Meuse.\n\n\nDate\n\n6-10-2007\n\n\nSource\n\nOwn work\n\n\nAuthor\n\nFlamenc\n\n\n"}, {"url": "https://commons.wikimedia.org/wiki/File:Canal_Albert.jpg", "metadata": {"og:image": "https://upload.wikimedia.org/wikipedia/commons/thumb/e/e8/Canal_Albert.jpg/640px-Canal_Albert.jpg", "og:image:width": "640", "og:image:height": "397", "og:title": "File:Canal Albert.jpg - Wikimedia Commons", "og:type": "website"}, "text": "\n\n\nDescriptionCanal Albert.jpg\n\nFran\u00e7ais\u00a0:  Le Canal Albert \u00e0 son origine\u00a0: Li\u00e8ge\n\n\n\nDescriptionCanal Albert.jpg\n\nLe Canal Albert \u00e0 son origine\u00a0: Li\u00e8ge\n\n\nDate\n\n1 May 2005\n\n\nSource\n\nPhoto prise par un priv\u00e9\n\n\nAuthor\n\nJacques Renier\n\n\nPermission(Reusing this file)\n\nlibre diffusion mais citer l'auteur\n\n\n\n\n\nDate\n\n12 May 2005 (original upload date)\n\n\nSource\n\nTransferred from fr.wikipedia to Commons by Bloody-libu using CommonsHelper.\n\n\nAuthor\n\nThe original uploader was Jrenier at French Wikipedia.\n\n\n"}, {"url": "https://commons.wikimedia.org/wiki/File:Entr%C3%A9e_du_canal_Albert_%C3%A0_Li%C3%A8ge.jpg", "metadata": {"og:image": "https://upload.wikimedia.org/wikipedia/commons/thumb/b/ba/Entr%C3%A9e_du_canal_Albert_%C3%A0_Li%C3%A8ge.jpg/640px-Entr%C3%A9e_du_canal_Albert_%C3%A0_Li%C3%A8ge.jpg", "og:image:width": "640", "og:image:height": "480", "og:title": "File:Entr\u00e9e du canal Albert \u00e0 Li\u00e8ge.jpg - Wikimedia Commons", "og:type": "website"}, "text": "\n\n\nDescriptionEntr\u00e9e du canal Albert \u00e0 Li\u00e8ge.jpg\n\nFran\u00e7ais\u00a0:  entr\u00e9e du canal Albert \u00e0 Li\u00e8ge.jpg, Architecte Joseph Moutschen, Exposition de 1939\n\n\nDate\n\n31 July 2007\n\n\nSource\n\nOwn work\n\n\nAuthor\n\nJ.M.Merlin\n\n\n"}, {"url": "https://commons.wikimedia.org/wiki/File:Esplanade_du_m%C3%A9morial_Albert_1er_%C3%A0_Li%C3%A8ge.jpg", "metadata": {"og:image": "https://upload.wikimedia.org/wikipedia/commons/thumb/7/79/Esplanade_du_m%C3%A9morial_Albert_1er_%C3%A0_Li%C3%A8ge.jpg/640px-Esplanade_du_m%C3%A9morial_Albert_1er_%C3%A0_Li%C3%A8ge.jpg", "og:image:width": "640", "og:image:height": "480", "og:title": "File:Esplanade du m\u00e9morial Albert 1er \u00e0 Li\u00e8ge.jpg - Wikimedia Commons", "og:type": "website"}, "text": "\n\n\nDescriptionEsplanade du m\u00e9morial Albert 1er \u00e0 Li\u00e8ge.jpg\n\nFran\u00e7ais\u00a0:  Esplanade du m\u00e9morial Albert 1er \u00e0 Li\u00e8ge\n\n\nDate\n\n20 January 2020\n\n\nSource\n\nOwn work\n\n\nAuthor\n\nEd1707\n\n\n"}, {"url": "https://commons.wikimedia.org/wiki/File:King_Albert_esplanade_by_night_3.jpg", "metadata": {"og:image": "https://upload.wikimedia.org/wikipedia/commons/thumb/0/0e/King_Albert_esplanade_by_night_3.jpg/640px-King_Albert_esplanade_by_night_3.jpg", "og:image:width": "640", "og:image:height": "427", "og:title": "File:King Albert esplanade by night 3.jpg - Wikimedia Commons", "og:type": "website"}, "text": "\n\n\nDescriptionKing Albert esplanade by night 3.jpg\n\nEsplanade du Roi Albert\n\n\nDate\n\n24 June 2007, 22:19:34\n\n\nSource\n\nFlickr: King Albert esplanade by night 3\n\n\nAuthor\n\nJean-Etienne Minh-Duy Poirrier\n\n\nPermission(Reusing this file)\n\n\n\n\n\nThis image, which was originally posted to Flickr, was uploaded to Commons using Flickr upload bot on 20 December 2012, 23:18 by CrucialFriend. On that date, it was confirmed to be licensed under the terms of the license indicated.\n\n\n This file is licensed under the Creative Commons Attribution-Share Alike 2.0 Generic license.\nYou are free:\nto share \u2013 to copy, distribute and transmit the work\nto remix \u2013 to adapt the work\nUnder the following conditions:\nattribution \u2013 You must give appropriate credit, provide a link to the license, and indicate if changes were made. You may do so in any reasonable manner, but not in any way that suggests the licensor endorses you or your use.\nshare alike \u2013 If you remix, transform, or build upon the material, you must distribute your contributions under the same or compatible license as the original.https://creativecommons.org/licenses/by-sa/2.0CC BY-SA 2.0 Creative Commons Attribution-Share Alike 2.0 truetrue\n\n\n"}, {"url": "https://commons.wikimedia.org/wiki/File:L%27union_fait_la_force,_devise_de_la_Belgique.jpg", "metadata": {"og:image": "https://upload.wikimedia.org/wikipedia/commons/thumb/d/d6/L%27union_fait_la_force%2C_devise_de_la_Belgique.jpg/640px-L%27union_fait_la_force%2C_devise_de_la_Belgique.jpg", "og:image:width": "640", "og:image:height": "480", "og:title": "File:L'union fait la force, devise de la Belgique.jpg - Wikimedia Commons", "og:type": "website"}, "text": "\n\n\nDescriptionL'union fait la force, devise de la Belgique.jpg\n\nFran\u00e7ais\u00a0:  L'union fait la force, devise de la Belgique\n\n\nDate\n\n20 January 2020\n\n\nSource\n\nOwn work\n\n\nAuthor\n\nEd1707\n\n\n"}, {"url": "https://commons.wikimedia.org/wiki/File:M%C3%A9morial_Albert_Ier,_Pont_Marexhe_(DSCF7679).jpg", "metadata": {"og:image": "https://upload.wikimedia.org/wikipedia/commons/thumb/e/eb/M%C3%A9morial_Albert_Ier%2C_Pont_Marexhe_%28DSCF7679%29.jpg/640px-M%C3%A9morial_Albert_Ier%2C_Pont_Marexhe_%28DSCF7679%29.jpg", "og:image:width": "640", "og:image:height": "327", "og:title": "File:M\u00e9morial Albert Ier, Pont Marexhe (DSCF7679).jpg - Wikimedia Commons", "og:type": "website"}, "text": "\n\n\nDescriptionM\u00e9morial Albert Ier, Pont Marexhe (DSCF7679).jpg\n\nFran\u00e7ais\u00a0:  M\u00e9morial Albert Ier et Pont Marexhe: entr\u00e9e du canal Albert \u00e0 Li\u00e8ge\n\n\n\n\nThis photo of maritime heritage has been taken in the Walloon Region \n\n\nEnglish:  Albert 1st memorial and Marexhe bridge in Li\u00e8ge (Belgium)\n\n\nDate\n\n9 August 2020, 15:40:33\n\n\nSource\n\nOwn work\n\n\nAuthor\n\nTrougnouf (Benoit Brummer)\n\n\n"}, {"url": "https://commons.wikimedia.org/wiki/File:Statue_of_King_Albert_I_at_confluence_of_Albert_Canal_and_Meuse_river,_Li%C3%A8ge,_Belgium._-_panoramio_(1).jpg", "metadata": {"og:image": "https://upload.wikimedia.org/wikipedia/commons/thumb/4/4b/Statue_of_King_Albert_I_at_confluence_of_Albert_Canal_and_Meuse_river%2C_Li%C3%A8ge%2C_Belgium._-_panoramio_%281%29.jpg/640px-Statue_of_King_Albert_I_at_confluence_of_Albert_Canal_and_Meuse_river%2C_Li%C3%A8ge%2C_Belgium._-_panoramio_%281%29.jpg", "og:image:width": "640", "og:image:height": "1055", "og:title": "File:Statue of King Albert I at confluence of Albert Canal and Meuse river, Li\u00e8ge, Belgium. - panoramio (1).jpg - Wikimedia Commons", "og:type": "website"}, "text": "\n\n\nDescriptionStatue of King Albert I at confluence of Albert Canal and Meuse river, Li\u00e8ge, Belgium. - panoramio (1).jpg\n\nStatue of King Albert I at confluence of Albert Canal and Meuse river, Li\u00e8ge, Belgium.\n\n\nDate\n\nTaken on\u00a025 August 2007\n\n\nSource\n\nhttps://web.archive.org/web/20161024032446/http://www.panoramio.com/photo/62499970\n\n\nAuthor\n\nMaarten Sepp\n\nTags(from Panoramio photo page)InfoFieldLi\u00e8ge, Belgium, Maas, Meuse, monument statue sculpture\n\n\n"}, {"url": "https://commons.wikimedia.org/wiki/File:Statue_of_King_Albert_I_at_confluence_of_Albert_Canal_and_Meuse_river,_Li%C3%A8ge,_Belgium._-_panoramio.jpg", "metadata": {"og:image": "https://upload.wikimedia.org/wikipedia/commons/thumb/8/8f/Statue_of_King_Albert_I_at_confluence_of_Albert_Canal_and_Meuse_river%2C_Li%C3%A8ge%2C_Belgium._-_panoramio.jpg/640px-Statue_of_King_Albert_I_at_confluence_of_Albert_Canal_and_Meuse_river%2C_Li%C3%A8ge%2C_Belgium._-_panoramio.jpg", "og:image:width": "640", "og:image:height": "326", "og:title": "File:Statue of King Albert I at confluence of Albert Canal and Meuse river, Li\u00e8ge, Belgium. - panoramio.jpg - Wikimedia Commons", "og:type": "website"}, "text": "\n\n\nDescriptionStatue of King Albert I at confluence of Albert Canal and Meuse river, Li\u00e8ge, Belgium. - panoramio.jpg\n\nStatue of King Albert I at confluence of Albert Canal and Meuse river, Li\u00e8ge, Belgium.\n\n\nDate\n\nTaken on\u00a025 August 2007\n\n\nSource\n\nhttps://web.archive.org/web/20161021201326/http://www.panoramio.com/photo/62499962\n\n\nAuthor\n\nMaarten Sepp\n\n\nPermission(Reusing this file)\n\n\n This file is licensed under the Creative Commons Attribution-Share Alike 3.0 Unported license.Attribution: Maarten Sepp\nYou are free:\nto share \u2013 to copy, distribute and transmit the work\nto remix \u2013 to adapt the work\nUnder the following conditions:\nattribution \u2013 You must give appropriate credit, provide a link to the license, and indicate if changes were made. You may do so in any reasonable manner, but not in any way that suggests the licensor endorses you or your use.\nshare alike \u2013 If you remix, transform, or build upon the material, you must distribute your contributions under the same or compatible license as the original.https://creativecommons.org/licenses/by-sa/3.0CC BY-SA 3.0 Creative Commons Attribution-Share Alike 3.0 truetrue\n\n\n\n\n\nThis image, which was originally posted to Panoramio, was automatically reviewed on 24 December 2016 by Panoramio upload bot, who confirmed that it was available on Panoramio under the above license on that date.\n\n\nTags(from Panoramio photo page)InfoFieldLi\u00e8ge, Belgium, monument statue sculpture\n\n\n"}]