[{"url": "https://commons.wikimedia.org/wiki/File:Arms_of_the_Duchess_of_Brabant.svg", "metadata": {"og:image": "https://upload.wikimedia.org/wikipedia/commons/thumb/8/8a/Arms_of_the_Duchess_of_Brabant.svg/640px-Arms_of_the_Duchess_of_Brabant.svg.png", "og:image:width": "640", "og:image:height": "701", "og:title": "File:Arms of the Duchess of Brabant.svg - Wikimedia Commons", "og:type": "website"}, "text": "\n\n\nDescriptionArms of the Duchess of Brabant.svg\n\nEnglish:  Arms of the Duchess of Brabant\n\n\nDate\n\n24 July 2019\n\n\nSource\n\nOwn work\n\n\nAuthor\n\nSodacan\n\n\n"}, {"url": "https://commons.wikimedia.org/wiki/File:Arms_of_the_Duke_of_Brabant.svg", "metadata": {"og:image": "https://upload.wikimedia.org/wikipedia/commons/thumb/3/3c/Arms_of_the_Duke_of_Brabant.svg/640px-Arms_of_the_Duke_of_Brabant.svg.png", "og:image:width": "640", "og:image:height": "780", "og:title": "File:Arms of the Duke of Brabant.svg - Wikimedia Commons", "og:type": "website"}, "text": "\n\n\nDescriptionArms of the Duke of Brabant.svg\n\nEnglish:  Arms of the Duke of Brabant\n\n\nDate\n\n24 July 2019\n\n\nSource\n\nOwn work\n\n\nAuthor\n\nSodacan\n\n\n"}, {"url": "https://commons.wikimedia.org/wiki/File:Coat_of_Arms_of_Prince_Leopold,_Duke_of_Brabant_(1859-1869).svg", "metadata": {"og:image": "https://upload.wikimedia.org/wikipedia/commons/thumb/0/0a/Coat_of_Arms_of_Prince_Leopold%2C_Duke_of_Brabant_%281859-1869%29.svg/640px-Coat_of_Arms_of_Prince_Leopold%2C_Duke_of_Brabant_%281859-1869%29.svg.png", "og:image:width": "640", "og:image:height": "698", "og:title": "File:Coat of Arms of Prince Leopold, Duke of Brabant (1859-1869).svg - Wikimedia Commons", "og:type": "website"}, "text": "\n\n\nDescriptionCoat of Arms of Prince Leopold, Duke of Brabant (1859-1869).svg\n\nEnglish:  Coat of Arms of the Duke of Brabant (1880-1910)\n\n\nDate\n\n28 September 2013, 11:41:32\n\n\nSource\n\nOwn work\n\n\nAuthor\n\nSodacan\n\n\nPermission(Reusing this file)\n\n\n\n\n\nThis image shows a flag, a coat of arms, a seal or some other official insignia. The use of such symbols is restricted in many countries. These restrictions are independent of the copyright status.\n I, the copyright holder of this work, hereby publish it under the following license:\n\n This file is licensed under the Creative Commons Attribution-Share Alike 3.0 Unported license.\nYou are free:\nto share \u2013 to copy, distribute and transmit the work\nto remix \u2013 to adapt the work\nUnder the following conditions:\nattribution \u2013 You must give appropriate credit, provide a link to the license, and indicate if changes were made. You may do so in any reasonable manner, but not in any way that suggests the licensor endorses you or your use.\nshare alike \u2013 If you remix, transform, or build upon the material, you must distribute your contributions under the same or compatible license as the original.https://creativecommons.org/licenses/by-sa/3.0CC BY-SA 3.0 Creative Commons Attribution-Share Alike 3.0 truetrue\n\n\n"}, {"url": "https://commons.wikimedia.org/wiki/File:Coat_of_arms_of_the_Duchess_of_Brabant.svg", "metadata": {"og:image": "https://upload.wikimedia.org/wikipedia/commons/thumb/f/f3/Coat_of_arms_of_the_Duchess_of_Brabant.svg/640px-Coat_of_arms_of_the_Duchess_of_Brabant.svg.png", "og:image:width": "640", "og:image:height": "698", "og:title": "File:Coat of arms of the Duchess of Brabant.svg - Wikimedia Commons", "og:type": "website"}, "text": "\n\n\nDescriptionCoat of arms of the Duchess of Brabant.svg\n\nEnglish:  Coat of arms of the Duchess of Brabant, in accordance with the Royal Decree published on 19 July and signed on 12 July 2019. Given by her father: Philippe, King of the Belgians.\n\n\nDate\n\n24 July 2019\n\n\nSource\n\nOwn work\n\n\nAuthor\n\nSodacan\n\n\n"}, {"url": "https://commons.wikimedia.org/wiki/File:Coat_of_Arms_of_the_Duke_of_Brabant_(1921-2019).svg", "metadata": {"og:image": "https://upload.wikimedia.org/wikipedia/commons/thumb/b/b6/Coat_of_Arms_of_the_Duke_of_Brabant_%281921-2019%29.svg/640px-Coat_of_Arms_of_the_Duke_of_Brabant_%281921-2019%29.svg.png", "og:image:width": "640", "og:image:height": "698", "og:title": "File:Coat of Arms of the Duke of Brabant (1921-2019).svg - Wikimedia Commons", "og:type": "website"}, "text": "\n\n\nDescriptionCoat of Arms of the Duke of Brabant (1921-2019).svg\n\nEnglish:  Coat of Arms of the Duke of Brabant\n\n\nDate\n\n28 September 2013, 11:42:49\n\n\nSource\n\nOwn work\n\n\nAuthor\n\nSodacan\n\n\nPermission(Reusing this file)\n\n\n\n\n\nThis image shows a flag, a coat of arms, a seal or some other official insignia. The use of such symbols is restricted in many countries. These restrictions are independent of the copyright status.\n I, the copyright holder of this work, hereby publish it under the following license:\n\n This file is licensed under the Creative Commons Attribution-Share Alike 3.0 Unported license.\nYou are free:\nto share \u2013 to copy, distribute and transmit the work\nto remix \u2013 to adapt the work\nUnder the following conditions:\nattribution \u2013 You must give appropriate credit, provide a link to the license, and indicate if changes were made. You may do so in any reasonable manner, but not in any way that suggests the licensor endorses you or your use.\nshare alike \u2013 If you remix, transform, or build upon the material, you must distribute your contributions under the same or compatible license as the original.https://creativecommons.org/licenses/by-sa/3.0CC BY-SA 3.0 Creative Commons Attribution-Share Alike 3.0 truetrue\n\n\n"}, {"url": "https://commons.wikimedia.org/wiki/File:Coat_of_Arms_of_the_Duke_of_Brabant_(before_1921).svg", "metadata": {"og:image": "https://upload.wikimedia.org/wikipedia/commons/thumb/0/0a/Coat_of_Arms_of_the_Duke_of_Brabant_%28before_1921%29.svg/640px-Coat_of_Arms_of_the_Duke_of_Brabant_%28before_1921%29.svg.png", "og:image:width": "640", "og:image:height": "698", "og:title": "File:Coat of Arms of the Duke of Brabant (before 1921).svg - Wikimedia Commons", "og:type": "website"}, "text": "\n\n\nDescriptionCoat of Arms of the Duke of Brabant (before 1921).svg\n\nEnglish:  Coat of Arms of the Duke of Brabant (1910-1921)\n\n\nDate\n\n28 September 2013, 11:41:51\n\n\nSource\n\nOwn work\n\n\nAuthor\n\nSodacan\n\n\nPermission(Reusing this file)\n\n\n\n\n\nThis image shows a flag, a coat of arms, a seal or some other official insignia. The use of such symbols is restricted in many countries. These restrictions are independent of the copyright status.\n I, the copyright holder of this work, hereby publish it under the following license:\n\n This file is licensed under the Creative Commons Attribution-Share Alike 3.0 Unported license.\nYou are free:\nto share \u2013 to copy, distribute and transmit the work\nto remix \u2013 to adapt the work\nUnder the following conditions:\nattribution \u2013 You must give appropriate credit, provide a link to the license, and indicate if changes were made. You may do so in any reasonable manner, but not in any way that suggests the licensor endorses you or your use.\nshare alike \u2013 If you remix, transform, or build upon the material, you must distribute your contributions under the same or compatible license as the original.https://creativecommons.org/licenses/by-sa/3.0CC BY-SA 3.0 Creative Commons Attribution-Share Alike 3.0 truetrue\n\n\n"}, {"url": "https://commons.wikimedia.org/wiki/File:Coat_of_arms_of_the_Duke_of_Brabant.svg", "metadata": {"og:image": "https://upload.wikimedia.org/wikipedia/commons/thumb/1/1d/Coat_of_arms_of_the_Duke_of_Brabant.svg/640px-Coat_of_arms_of_the_Duke_of_Brabant.svg.png", "og:image:width": "640", "og:image:height": "698", "og:title": "File:Coat of arms of the Duke of Brabant.svg - Wikimedia Commons", "og:type": "website"}, "text": "\n\n\nDescriptionCoat of arms of the Duke of Brabant.svg\n\nEnglish:  Coat of arms of the Duke of Brabant, in accordance with the Royal Decree published on 19 July and signed on 12 July 2019, by King Philippe of Belgium.\n\n\nDate\n\n24 July 2019\n\n\nSource\n\nOwn work\n\n\nAuthor\n\nSodacan\n\n\n"}, {"url": "https://commons.wikimedia.org/wiki/File:Frans_Hogenberg,_Traiectum_ad_Mosam_(FL167448711_2370135)_-_coats_of_arms.jpg", "metadata": {"og:image": "https://upload.wikimedia.org/wikipedia/commons/thumb/1/10/Frans_Hogenberg%2C_Traiectum_ad_Mosam_%28FL167448711_2370135%29_-_coats_of_arms.jpg/640px-Frans_Hogenberg%2C_Traiectum_ad_Mosam_%28FL167448711_2370135%29_-_coats_of_arms.jpg", "og:image:width": "640", "og:image:height": "386", "og:title": "File:Frans Hogenberg, Traiectum ad Mosam (FL167448711 2370135) - coats of arms.jpg - Wikimedia Commons", "og:type": "website"}, "text": "\n\n\n\nFrans Hogenberg: Traiectum ad Mosam (detail)\n\u00a0\u00a0(  \u00a0)\n\n\nArtist\n\n\n\n\n\n\nFrans Hogenberg\n\u00a0(1535\u20131590)\u00a0\u00a0 \u00a0\n\n\nDescription\nprintmaker, cartographer, painter and copper engraver\n\nDate of birth/death\n\n1535\u00a0\n1590\u00a0\n\nLocation of birth/death\n\nMechelen\nCologne\n\nWork period\n1576\u00a0\n\nWork location\n\nCologne\u00a0\n\nAuthority file\n\n: Q959748\nVIAF:\u2009100197099\nISNI:\u20090000000118391431\nULAN:\u2009500000956\nLCCN:\u2009n50043890\nNLA:\u200935870121\nWorldCat\n\n\n\nartist QS:P170,Q959748ContributorsInfoFieldGeorg Braun (1540/1541-1622) and Simon de Beaumont/Bellomonte (1526-1615)\n\n\nTitle\n\n\nTraiectum ad Mosam (detail)\n\n\nDescription\n\n\nEnglish:  Centre: so-called \"city virgin\" (Dutch: stedemaagd) with coat of arms of the city of Maastricht (Latin: \"Traiectum ad Mosam\"). Left and right: coats of arms of the Prince-Bishops of Li\u00e8ge (left) and the Dukes of Brabant (right). Detail of a panorama of Maastricht, first published in 1575 (and reprinted multiple times) in Part 2 of Braun & Hogenberg's atlas of world cities Civitates orbis terrarum. Based on a drawing/sketch by the Maastricht canon Simon de Bellomonte, c. 1570.\n\n\nLanguage\n\nLatin\n\n\nPublication date\n\n1575date QS:P,+1575-00-00T00:00:00Z/9\n\n\nDimensions\n\n360 \u00d7 500 mm (14.17 \u00d7 19.68 in)\n\n\nCollection\n\n\n\n\nEran Laor Cartographic Collection\n\u00a0\u00a0\n\n\nEstablished\n1975\u00a0\n\nAuthority file\n\n: Q111677119\nVIAF:\u2009128054327\nLCCN:\u2009nr2001010730\nGND:\u200916139112-6\nSUDOC:\u2009236919849\nBIBSYS:\u200990824740\nWorldCat\n\n\n\ninstitution QS:P195,Q111677119\n\n\nCurrent location\n\n\n\n\n\nNational Library of Israel\n\u00a0\u00a0\n\n\n\n\n\nNative name\n\u05d4\u05e1\u05e4\u05e8\u05d9\u05d9\u05d4 \u05d4\u05dc\u05d0\u05d5\u05de\u05d9\u05ea\n\nLocation\nJerusalem\u00a0, Israel\n\nCoordinates\n31\u00b0\u00a046\u2032\u00a038.88\u2033\u00a0N, 35\u00b0\u00a012\u2032\u00a011.48\u2033\u00a0E  \u00a0\n\nEstablished\n1892\u00a0\n\nWebsite\nwww.nli.org.il\u00a0\n\nAuthority file\n\n: Q188915\nVIAF:\u2009128054327\nISNI:\u20090000000086207344\nLCCN:\u2009no2009197324\nGND:\u2009106122161X\nSUDOC:\u2009028381750\nWorldCat\n\n\n\ninstitution QS:P195,Q188915\n\n\nNotes\n\nFrom: Braun and Hogenberg, Civitates Orbis Terrarum vol.II, p.21, 1575IE PIDInfoFieldIE167448709\nRosetta filenameInfoFieldFL167448711\nNNL item ID (P3959)InfoField990023701350205171\nsearch Merhav catalogInfoFieldLatin, Frans Hogenberg\n\n\nSource/Photographer\n\n\n\n\n\nThis map is available from Eran Laor Cartographic Collection of the National Library of Israel. link to the source:Traiectum ad Mosam\nThis tag does not indicate the copyright status of the attached work. A normal copyright tag is still required. See Commons:Licensing.\n\nEnglish\u00a0| \u05e2\u05d1\u05e8\u05d9\u05ea\u00a0| +/\u2212\n\n\n\n\n\nOther versions\n\n\n\n\nThis file has been extracted from another file: Frans Hogenberg, Traiectum ad Mosam (FL167448711 2370135).jpg\n\n\n\n\n\n\n"}, {"url": "https://commons.wikimedia.org/wiki/File:Prince_belgium_1880_brabant.svg", "metadata": {"og:image": "https://upload.wikimedia.org/wikipedia/commons/thumb/7/71/Prince_belgium_1880_brabant.svg/640px-Prince_belgium_1880_brabant.svg.png", "og:image:width": "640", "og:image:height": "662", "og:title": "File:Prince belgium 1880 brabant.svg - Wikimedia Commons", "og:type": "website"}, "text": "\n\n\nDescriptionPrince belgium 1880 brabant.svg\n\nEnglish:  wapen prins belgie hertog brabant (1880)\n\n\nDate\n\n30 April 2013, 23:50:21\n\n\nSource\n\nOwn work\n\n\nAuthor\n\nMtl3praktica\n\n\nOther versions\n\n\n\n\n"}, {"url": "https://commons.wikimedia.org/wiki/File:Prince_belgium_1910_brabant.svg", "metadata": {"og:image": "https://upload.wikimedia.org/wikipedia/commons/thumb/9/93/Prince_belgium_1910_brabant.svg/640px-Prince_belgium_1910_brabant.svg.png", "og:image:width": "640", "og:image:height": "662", "og:title": "File:Prince belgium 1910 brabant.svg - Wikimedia Commons", "og:type": "website"}, "text": "\n\n\nDescriptionPrince belgium 1910 brabant.svg\n\nEnglish:  wapen prins belgie hertog brabant (1910)\n\n\nDate\n\n30 April 2013, 23:50:21\n\n\nSource\n\nOwn work\n\n\nAuthor\n\nMtl3praktica\n\n\nOther versions\n\n\n\n\n"}, {"url": "https://commons.wikimedia.org/wiki/File:Prince_belgium_1921_brabant.svg", "metadata": {"og:image": "https://upload.wikimedia.org/wikipedia/commons/thumb/c/c2/Prince_belgium_1921_brabant.svg/640px-Prince_belgium_1921_brabant.svg.png", "og:image:width": "640", "og:image:height": "662", "og:title": "File:Prince belgium 1921 brabant.svg - Wikimedia Commons", "og:type": "website"}, "text": "\n\n\nDescriptionPrince belgium 1921 brabant.svg\n\nEnglish:  wapen prins belgie hertog brabant 1921\n\n\nDate\n\n30 April 2013, 23:50:21\n\n\nSource\n\nOwn work\n\n\nAuthor\n\nMtl3praktica\n\n\nOther versions\n\n\n\n\n"}, {"url": "https://commons.wikimedia.org/wiki/File:Prince-belgium-1880-brabant-(notflat).svg", "metadata": {"og:image": "https://upload.wikimedia.org/wikipedia/commons/thumb/3/37/Prince-belgium-1880-brabant-%28notflat%29.svg/640px-Prince-belgium-1880-brabant-%28notflat%29.svg.png", "og:image:width": "640", "og:image:height": "681", "og:title": "File:Prince-belgium-1880-brabant-(notflat).svg - Wikimedia Commons", "og:type": "website"}, "text": "\n\n\nDescriptionPrince-belgium-1880-brabant-(notflat).svg\n\nEnglish:  wapen prins belgie 1880 hertog brabant\n\n\nDate\n\n2 May 2013, 17:41:05\n\n\nSource\n\nOwn work\n\n\nAuthor\n\nMtl3praktica\n\n\nOther versions\n\n\n\n\n"}, {"url": "https://commons.wikimedia.org/wiki/File:Prince-belgium-1910-brabant-(notflat).svg", "metadata": {"og:image": "https://upload.wikimedia.org/wikipedia/commons/thumb/a/a8/Prince-belgium-1910-brabant-%28notflat%29.svg/640px-Prince-belgium-1910-brabant-%28notflat%29.svg.png", "og:image:width": "640", "og:image:height": "681", "og:title": "File:Prince-belgium-1910-brabant-(notflat).svg - Wikimedia Commons", "og:type": "website"}, "text": "\n\n\nDescriptionPrince-belgium-1910-brabant-(notflat).svg\n\nEnglish:  wapen prins belgie 1910 hertog brabant\n\n\nDate\n\n2 May 2013, 17:41:05\n\n\nSource\n\nOwn work\n\n\nAuthor\n\nMtl3praktica\n\n\nOther versions\n\n\n\n\n"}, {"url": "https://commons.wikimedia.org/wiki/File:Prince-belgium-1921-brabant-(notflat).svg", "metadata": {"og:image": "https://upload.wikimedia.org/wikipedia/commons/thumb/c/c2/Prince-belgium-1921-brabant-%28notflat%29.svg/640px-Prince-belgium-1921-brabant-%28notflat%29.svg.png", "og:image:width": "640", "og:image:height": "681", "og:title": "File:Prince-belgium-1921-brabant-(notflat).svg - Wikimedia Commons", "og:type": "website"}, "text": "\n\n\nDescriptionPrince-belgium-1921-brabant-(notflat).svg\n\nEnglish:  wapen prins belgie 1921 hertog brabant\n\n\nDate\n\n2 May 2013, 18:10:38\n\n\nSource\n\nOwn work\n\n\nAuthor\n\nMtl3praktica\n\n\nOther versions\n\n\n\n\n"}]