[{"url": "https://commons.wikimedia.org/wiki/File:Clementina_da_B%C3%A9lgica,_Princesa_Napole%C3%A3o.jpg", "metadata": {"og:image": "https://upload.wikimedia.org/wikipedia/commons/c/c5/Clementina_da_B%C3%A9lgica%2C_Princesa_Napole%C3%A3o.jpg", "og:image:width": "640", "og:image:height": "828", "og:title": "File:Clementina da B\u00e9lgica, Princesa Napole\u00e3o.jpg - Wikimedia Commons", "og:type": "website"}, "text": "\n\n\nDescriptionClementina da B\u00e9lgica, Princesa Napole\u00e3o.jpg\n\nPortugu\u00eas:  Clementina da B\u00e9lgica, Princesa Napole\u00e3o\n\n\nDate\n\n4 September 1921\n\n\nSource\n\nNational Portrait Gallery: NPG x37338\n\n\n\n\n\u00a0\n\n\nWhile Commons policy accepts the use of this media, one or more third parties have made copyright claims against Wikimedia Commons in relation to the work from which this is sourced or a purely mechanical reproduction thereof. This may be due to recognition of the \"sweat of the brow\" doctrine, allowing works to be eligible for protection through skill and labour, and not purely by originality as is the case in the United States (where this website is hosted). These claims may or may not be valid in all jurisdictions.\nAs such, use of this image in the jurisdiction of the claimant or other countries may be regarded as copyright infringement. Please see Commons:When to use the PD-Art tag for more information.See User:Dcoetzee/NPG legal threat for original threat and National Portrait Gallery and Wikimedia Foundation copyright dispute for more information.\n\n\nThis tag does not indicate the copyright status of the attached work. A normal copyright tag is still required. See Commons:Licensing.\n\n\n\nAuthor\n\n\n\n\n\nBassano Ltd\n\u00a0(fl. 1901\u20131962)\u00a0\u00a0 \u00a0\n\n\nAlternative names\n\nBassano Ltd, Royal Photographers; Bassano; Bassano Limited; Bassano Studio\n\nDescription\nBritish photographic portrait studio\n\nWork period\n1901\u00a0\u20131962\u00a0\n\nWork location\n\n38 Dover StreetLondonUnited Kingdom\n\nAuthority file\n\n: Q64919076\nVIAF:\u20096091149198302674940002\nBNF:\u200917114016v\n\n\n\ncreator QS:P170,Q64919076\n\n\n"}, {"url": "https://commons.wikimedia.org/wiki/File:Blason_de_Cl%C3%A9mentine_de_Belgique.svg", "metadata": {"og:image": "https://upload.wikimedia.org/wikipedia/commons/thumb/c/c1/Blason_de_Cl%C3%A9mentine_de_Belgique.svg/640px-Blason_de_Cl%C3%A9mentine_de_Belgique.svg.png", "og:image:width": "640", "og:image:height": "665", "og:title": "File:Blason de Cl\u00e9mentine de Belgique.svg - Wikimedia Commons", "og:type": "website"}, "text": "\n\n\nCoat\u00a0of\u00a0armsInfoFieldEnglish:  Cl\u00e9mentine de Belgique,Fran\u00e7ais\u00a0:  Cl\u00e9mentine de Belgique,\n\nBlazon referenceInfoFieldFran\u00e7ais\u00a0:  demande de Dunkerqueenflandre, travail d\u00e9riv\u00e9 de File:Blason Imp\u00e9ratrice Marie-Louise.svg (dessinateurs Jimmy44\u00a0; Sodacan) par ajout du blason de Cl\u00e9mentine de Belgique\n\nDate\n\n27 October 2012, 16:13:52\n\nArtistInfoFieldTretinville\n\nSource\n\nOwn work\n\nSVG\u00a0developmentInfoField\u00a0The SVG code is valid.\u00a0This  coat of arms was created with Inkscape.\u00a0\u00a0Coat of arms created for the Blazon Project of the French Wikipedia.\u00a0\n\n\n"}, {"url": "https://commons.wikimedia.org/wiki/File:Clementine_of_Belgium.jpg", "metadata": {"og:image": "https://upload.wikimedia.org/wikipedia/commons/thumb/c/c5/Clementine_of_Belgium.jpg/640px-Clementine_of_Belgium.jpg", "og:image:width": "640", "og:image:height": "882", "og:title": "File:Clementine of Belgium.jpg - Wikimedia Commons", "og:type": "website"}, "text": "\n\n\n\nAuthor\n\n\nThe original uploader was Alexvonf at Polish Wikipedia.\n\n\nPhotographer\n\n\nUnknown photographerUnknown photographer\n\n\nDescription\n\n\nEnglish:  Portrait of Cl\u00e9mentine of Belgium (1872-1955)Polski:  Klementyna Belgijska-Bonaparte, fotografia ok. 1895\n\n\nDate\n\ncirca 1895date QS:P571,+1895-00-00T00:00:00Z/9,P1480,Q5727902\n\n\nSource\n\nTransferred from pl.wikipedia to Commons by Masur using CommonsHelper. (Original text: F.W.von Wrangel, Les maisons souveraines d'Europe, Stockholm, 1900)\n\n\n"}, {"url": "https://commons.wikimedia.org/wiki/File:Cl%C3%A9mentine_of_Belgium_-_Princess_Napoleon.jpg", "metadata": {"og:image": "https://upload.wikimedia.org/wikipedia/commons/thumb/d/d6/Cl%C3%A9mentine_of_Belgium_-_Princess_Napoleon.jpg/640px-Cl%C3%A9mentine_of_Belgium_-_Princess_Napoleon.jpg", "og:image:width": "640", "og:image:height": "1008", "og:title": "File:Cl\u00e9mentine of Belgium - Princess Napoleon.jpg - Wikimedia Commons", "og:type": "website"}, "text": "\n\n\nDescriptionCl\u00e9mentine of Belgium - Princess Napoleon.jpg\n\nEnglish:  Cl\u00e9mentine of Belgium - Princess Napoleon\n\n\nDate\n\n1910\n\n\nSource\n\nhttps://www.gettyimages.com/detail/news-photo/cl%C3%A9mentine-de-belgique-fille-a%C3%AEn%C3%A9e-du-roi-l%C3%A9opold-ii-de-news-photo/949972148\n\n\nAuthor\n\nUnknown authorUnknown author\n\n\n"}, {"url": "https://commons.wikimedia.org/wiki/File:VICTOR_ET_CLEMENTINE.jpg", "metadata": {"og:image": "https://upload.wikimedia.org/wikipedia/commons/e/e9/VICTOR_ET_CLEMENTINE.jpg", "og:image:width": "640", "og:image:height": "447", "og:title": "File:VICTOR ET CLEMENTINE.jpg - Wikimedia Commons", "og:type": "website"}, "text": "\n\n\nDescriptionVICTOR ET CLEMENTINE.jpg\n\nEnglish:  Napol\u00e9on Victor Bonaparte and his wife Cl\u00e9mentine of Belgium\nFran\u00e7ais\u00a0:  LL.AA.II. le prince et la princesse Napol\u00e9on.\n\n\nDate\n\nafter 1910date QS:P,+1910-00-00T00:00:00Z/7,P1319,+1910-00-00T00:00:00Z/9\n\n\nSource\n\nUnknown sourceUnknown source\n\n\nAuthor\n\nUnknown authorUnknown author\n\n\n"}, {"url": "https://commons.wikimedia.org/wiki/File:Acte_de_naissance_de_la_Princesse_Cl%C3%A9mentine_de_Belgique.png", "metadata": {"og:image": "https://upload.wikimedia.org/wikipedia/commons/thumb/b/b6/Acte_de_naissance_de_la_Princesse_Cl%C3%A9mentine_de_Belgique.png/640px-Acte_de_naissance_de_la_Princesse_Cl%C3%A9mentine_de_Belgique.png", "og:image:width": "640", "og:image:height": "417", "og:title": "File:Acte de naissance de la Princesse Cl\u00e9mentine de Belgique.png - Wikimedia Commons", "og:type": "website"}, "text": "\n\n\nDescriptionActe de naissance de la Princesse Cl\u00e9mentine de Belgique.png\n\nFran\u00e7ais\u00a0:  Acte de naissance de la Princesse Cl\u00e9mentine de Belgique (30 juillet 1872) dress\u00e9 sous l'autorit\u00e9 du Bourgmestre Charles Joseph Herry, Officier d'\u00c9tat civil de Laeken\nEnglish:  Birth act of Princess Cl\u00e9mentine of Belgium (30th july 1872) laid under the authority of Burgomaster Charles Joseph Herry, Civil Record Officer of Laeken\n\n\nDate\n\n30 July 1872\n\n\nSource\n\n\u00c9tat civil de Laeken, actes de naissance, 30 juillet 1872 (open a \"familysearch.org\" account to read the link)\n\n\nAuthor\n\nCharles Joseph Herry, Bourgmestre de Laeken\n\n\n"}, {"url": "https://commons.wikimedia.org/wiki/File:Bapt%C3%AAme_de_la_princesse_Cl%C3%A9mentine_de_Belgique_le_3_septembre_1872.jpg", "metadata": {"og:image": "https://upload.wikimedia.org/wikipedia/commons/thumb/3/34/Bapt%C3%AAme_de_la_princesse_Cl%C3%A9mentine_de_Belgique_le_3_septembre_1872.jpg/640px-Bapt%C3%AAme_de_la_princesse_Cl%C3%A9mentine_de_Belgique_le_3_septembre_1872.jpg", "og:image:width": "640", "og:image:height": "446", "og:title": "File:Bapt\u00eame de la princesse Cl\u00e9mentine de Belgique le 3 septembre 1872.jpg - Wikimedia Commons", "og:type": "website"}, "text": "\n\n\nDescriptionBapt\u00eame de la princesse Cl\u00e9mentine de Belgique le 3 septembre 1872.jpg\n\nFran\u00e7ais\u00a0:  Bapt\u00eame de la princesse Cl\u00e9mentine de Belgique, ch\u00e2teau de Laeken, le 3 septembre 1872.\n\n\nDate\n\n1872\n\n\nSource\n\nLe Monde illustr\u00e9 (France), 21 September 1872, p.\u00a0180.\n\n\nAuthor\n\ndrawer: \n\n\n\nGustave Janet\n\u00a0(1829\u20131898)\u00a0\u00a0 \u00a0\n\n\n\n\n\nAlternative names\n\nJanet\n\nDescription\nFrench drawer\n\nDate of birth/death\n\n10 January 1829\u00a0\n2 April 1898\u00a0\n\nLocation of birth/death\n\nformer 10th arrondissement of Paris\nUnknown\n\nAuthority file\n\n: Q18508256\nVIAF:\u200991524218\nISNI:\u20090000000109241714\nULAN:\u2009500148102\nLCCN:\u2009nr92026023\nNLA:\u200935115829\nWorldCat\n\n\n\ncreator QS:P170,Q18508256\nengraver: \n\n\n\nAm\u00e9d\u00e9e Daudenarde\n\u00a0(1839\u20131907)\u00a0\u00a0 \u00a0\n\n\nAlternative names\n\nLouis Joseph Am\u00e9d\u00e9e Daudenarde\n\nDescription\nFrench engraver\n\nDate of birth/death\n\n1 October 1839\u00a0\n6 July 1907\u00a0\n\nLocation of birth/death\n\nformer 4th arrondissement of Paris\n6th arrondissement of Paris\n\nAuthority file\n\n: Q17560546\nVIAF:\u200969136321\nISNI:\u20090000000001337108\nSUDOC:\u2009137747667\nBNF:\u2009140909858\n\n\n\ncreator QS:P170,Q17560546\nAfter (sketch): Leo von Elliot.\n\nTechniqueInfoFieldwood engraving print\n\nSizeInfoFieldheight: 16 cm (6.2 in); width: 22 cm (8.6 in)dimensions QS:P2048,16U174728dimensions QS:P2049,22U174728\n\nInscriptionsInfoFieldSignature bottom left:  \nG Janet\n\nSignature bottom center:  \n\nA. DAUDENARDE\n\n\nOriginal captionInfoFieldBelgique. Bruxelles. Bapt\u00eame de la princesse Cl\u00e9mentine dans la chapelle du ch\u00e2teau de Laeken. D\u2019apr\u00e8s le croquis de M. von Elliot, notre correspondant.\n\nScanned byInfoField\u00c9ric Dod\u00e9mont (Dodeeric)\n\n\n"}, {"url": "https://commons.wikimedia.org/wiki/File:CFP_Cl%C3%A9mentine,_princesse_de_Belgique_(1).jpg", "metadata": {"og:image": "https://upload.wikimedia.org/wikipedia/commons/d/da/CFP_Cl%C3%A9mentine%2C_princesse_de_Belgique_%281%29.jpg", "og:image:width": "640", "og:image:height": "1188", "og:title": "File:CFP Cl\u00e9mentine, princesse de Belgique (1).jpg - Wikimedia Commons", "og:type": "website"}, "text": "\n\n\nDescriptionCFP Cl\u00e9mentine, princesse de Belgique (1).jpg\n\nFran\u00e7ais\u00a0:  Cl\u00e9mentine, princesse de Belgique\n\n\nDate\n\ncirca 1900date QS:P,+1900-00-00T00:00:00Z/9,P1480,Q5727902\n\n\nSource\n\nOwn work (Private post-card collection)\n\n\nAuthor\n\nF\u00e9lix Potin et Cie (vers 1900)\n\n\n"}, {"url": "https://commons.wikimedia.org/wiki/File:CFP_Cl%C3%A9mentine,_princesse_de_Belgique_(2).jpg", "metadata": {"og:image": "https://upload.wikimedia.org/wikipedia/commons/thumb/f/fc/CFP_Cl%C3%A9mentine%2C_princesse_de_Belgique_%282%29.jpg/640px-CFP_Cl%C3%A9mentine%2C_princesse_de_Belgique_%282%29.jpg", "og:image:width": "640", "og:image:height": "1199", "og:title": "File:CFP Cl\u00e9mentine, princesse de Belgique (2).jpg - Wikimedia Commons", "og:type": "website"}, "text": "\n\n\nDescriptionCFP Cl\u00e9mentine, princesse de Belgique (2).jpg\n\nFran\u00e7ais\u00a0:  Cl\u00e9mentine, princesse de Belgique\n\n\nDate\n\ncirca 1900date QS:P,+1900-00-00T00:00:00Z/9,P1480,Q5727902\n\n\nSource\n\nOwn work (Private post-card collection)\n\n\nAuthor\n\nF\u00e9lix Potin et Cie (vers 1900)\n\n\n"}, {"url": "https://commons.wikimedia.org/wiki/File:Clementina_da_B%C3%A9lgica,_Princesa_Napole%C3%A3o.jpg", "metadata": {"og:image": "https://upload.wikimedia.org/wikipedia/commons/c/c5/Clementina_da_B%C3%A9lgica%2C_Princesa_Napole%C3%A3o.jpg", "og:image:width": "640", "og:image:height": "828", "og:title": "File:Clementina da B\u00e9lgica, Princesa Napole\u00e3o.jpg - Wikimedia Commons", "og:type": "website"}, "text": "\n\n\nDescriptionClementina da B\u00e9lgica, Princesa Napole\u00e3o.jpg\n\nPortugu\u00eas:  Clementina da B\u00e9lgica, Princesa Napole\u00e3o\n\n\nDate\n\n4 September 1921\n\n\nSource\n\nNational Portrait Gallery: NPG x37338\n\n\n\n\n\u00a0\n\n\nWhile Commons policy accepts the use of this media, one or more third parties have made copyright claims against Wikimedia Commons in relation to the work from which this is sourced or a purely mechanical reproduction thereof. This may be due to recognition of the \"sweat of the brow\" doctrine, allowing works to be eligible for protection through skill and labour, and not purely by originality as is the case in the United States (where this website is hosted). These claims may or may not be valid in all jurisdictions.\nAs such, use of this image in the jurisdiction of the claimant or other countries may be regarded as copyright infringement. Please see Commons:When to use the PD-Art tag for more information.See User:Dcoetzee/NPG legal threat for original threat and National Portrait Gallery and Wikimedia Foundation copyright dispute for more information.\n\n\nThis tag does not indicate the copyright status of the attached work. A normal copyright tag is still required. See Commons:Licensing.\n\n\n\nAuthor\n\n\n\n\n\nBassano Ltd\n\u00a0(fl. 1901\u20131962)\u00a0\u00a0 \u00a0\n\n\nAlternative names\n\nBassano Ltd, Royal Photographers; Bassano; Bassano Limited; Bassano Studio\n\nDescription\nBritish photographic portrait studio\n\nWork period\n1901\u00a0\u20131962\u00a0\n\nWork location\n\n38 Dover StreetLondonUnited Kingdom\n\nAuthority file\n\n: Q64919076\nVIAF:\u20096091149198302674940002\nBNF:\u200917114016v\n\n\n\ncreator QS:P170,Q64919076\n\n\n"}, {"url": "https://commons.wikimedia.org/wiki/File:Clementine_Napol%C3%A9on_vers_1930.jpg", "metadata": {"og:image": "https://upload.wikimedia.org/wikipedia/commons/d/da/Clementine_Napol%C3%A9on_vers_1930.jpg", "og:image:width": "640", "og:image:height": "1029", "og:title": "File:Clementine Napol\u00e9on vers 1930.jpg - Wikimedia Commons", "og:type": "website"}, "text": "\n\n\nDescriptionClementine Napol\u00e9on vers 1930.jpg\n\nFran\u00e7ais\u00a0:  Cl\u00e9mentine Napol\u00e9on vers 1930.\n\n\nDate\n\n27 December 2020\n\n\nSource\n\nSelf-scanned\n\n\nAuthor\n\nUnknown authorUnknown author\n\n\n"}, {"url": "https://commons.wikimedia.org/wiki/File:Clementine_of_Belgium,_Princess_Napol%C3%A9on.jpg", "metadata": {"og:image": "https://upload.wikimedia.org/wikipedia/commons/thumb/7/7e/Clementine_of_Belgium%2C_Princess_Napol%C3%A9on.jpg/640px-Clementine_of_Belgium%2C_Princess_Napol%C3%A9on.jpg", "og:image:width": "640", "og:image:height": "1016", "og:title": "File:Clementine of Belgium, Princess Napol\u00e9on.jpg - Wikimedia Commons", "og:type": "website"}, "text": "\n\n\nDescriptionClementine of Belgium, Princess Napol\u00e9on.jpg\n\nEnglish:  Clementine of Belgium, Princess Napol\u00e9on\n\n\nDate\n\n1908\n\n\nSource\n\nhttps://www.akpool.co.uk/postcards/26599689-postcard-sar-madame-la-princesse-clmentine-de-belgique\n\n\nAuthor\n\nUnknown authorUnknown author\n\n\n"}, {"url": "https://commons.wikimedia.org/wiki/File:Clementine_of_Belgium,_round-frame_portrait_LCCN2014680667.jpg", "metadata": {"og:image": "https://upload.wikimedia.org/wikipedia/commons/thumb/b/b7/Clementine_of_Belgium%2C_round-frame_portrait_LCCN2014680667.jpg/640px-Clementine_of_Belgium%2C_round-frame_portrait_LCCN2014680667.jpg", "og:image:width": "640", "og:image:height": "869", "og:title": "File:Clementine of Belgium, round-frame portrait LCCN2014680667.jpg - Wikimedia Commons", "og:type": "website"}, "text": "\n\n\nDescriptionClementine of Belgium, round-frame portrait LCCN2014680667.jpg\n\nEnglish:  Title: Clementine of Belgium, round-frame portrait\nAbstract/medium: 1 negative\u00a0: glass\u00a0; 5 x 7 in. or smaller.\n\n\nSource\n\nLibrary of Congress\n\nCatalog: https://lccn.loc.gov/2014680667\nImage download: https://cdn.loc.gov/service/pnp/ggbain/00600/00671v.jpg\nOriginal url: https://www.loc.gov/pictures/item/2014680667/\n\n\nAuthor\n\nBain News Service, publisher\n\n\nPermission(Reusing this file)\n\nNo known restrictions on publication. For more information, see George Grantham Bain Collection - Rights and Restrictions Information https://www.loc.gov/rr/print/res/274_bain.html\n\n\n\n \u00a0\n\nThis image  is available from the United States Library of Congress's Prints and Photographs division under the digital ID ggbain.00671.This tag does not indicate the copyright status of the attached work. A normal copyright tag is still required. See Commons:Licensing.\n\n\u0627\u0644\u0639\u0631\u0628\u064a\u0629\u00a0\u2219 \u0431\u0435\u043b\u0430\u0440\u0443\u0441\u043a\u0430\u044f (\u0442\u0430\u0440\u0430\u0448\u043a\u0435\u0432\u0456\u0446\u0430)\u00a0\u2219 \u09ac\u09be\u0982\u09b2\u09be\u00a0\u2219 \u010de\u0161tina\u00a0\u2219 Deutsch\u00a0\u2219 English\u00a0\u2219 espa\u00f1ol\u00a0\u2219 \u0641\u0627\u0631\u0633\u06cc\u00a0\u2219 suomi\u00a0\u2219 fran\u00e7ais\u00a0\u2219 galego\u00a0\u2219 \u05e2\u05d1\u05e8\u05d9\u05ea\u00a0\u2219 magyar\u00a0\u2219 Bahasa Indonesia\u00a0\u2219 italiano\u00a0\u2219 \u65e5\u672c\u8a9e\u00a0\u2219 lietuvi\u0173\u00a0\u2219 \u043c\u0430\u043a\u0435\u0434\u043e\u043d\u0441\u043a\u0438\u00a0\u2219 \u0d2e\u0d32\u0d2f\u0d3e\u0d33\u0d02\u00a0\u2219 Nederlands\u00a0\u2219 polski\u00a0\u2219 portugu\u00eas\u00a0\u2219 portugu\u00eas do Brasil\u00a0\u2219 rom\u00e2n\u0103\u00a0\u2219 \u0440\u0443\u0441\u0441\u043a\u0438\u0439\u00a0\u2219 sicilianu\u00a0\u2219 sloven\u010dina\u00a0\u2219 sloven\u0161\u010dina\u00a0\u2219 T\u00fcrk\u00e7e\u00a0\u2219 \u0443\u043a\u0440\u0430\u0457\u043d\u0441\u044c\u043a\u0430\u00a0\u2219 \u7b80\u4f53\u4e2d\u6587\u00a0\u2219 \u7e41\u9ad4\u4e2d\u6587\u00a0\u2219 +/\u2212\n\n\n\n\nOther versions\n\n\n\n\ntif4,247 \u00d7 5,766\n\n\n\nCollectionInfoFieldGeorge Grantham Bain Collection\n\nNotesInfoField\nForms part of: George Grantham Bain Collection (Library of Congress).\nTitle from unverified data provided by the Bain News Service on the negatives or caption cards.\nGeneral information about the George Grantham Bain Collection is available at https://hdl.loc.gov/loc.pnp/pp.ggbain\n\nPart ofInfoFieldbain collection \u00b7 prints and photographs division\n\nSubjectInfoFieldglass negatives\n\nGenreInfoFieldGlass negatives\n\n\n"}, {"url": "https://commons.wikimedia.org/wiki/File:Cl%C3%A9mentine_de_Belgique_en_1935.jpg", "metadata": {"og:image": "https://upload.wikimedia.org/wikipedia/commons/thumb/e/ee/Cl%C3%A9mentine_de_Belgique_en_1935.jpg/640px-Cl%C3%A9mentine_de_Belgique_en_1935.jpg", "og:image:width": "640", "og:image:height": "1054", "og:title": "File:Cl\u00e9mentine de Belgique en 1935.jpg - Wikimedia Commons", "og:type": "website"}, "text": "\n\n\nDescriptionCl\u00e9mentine de Belgique en 1935.jpg\n\nFran\u00e7ais\u00a0:  Cl\u00e9mentine de Belgique \u00e0 Namur en 1935.\n\n\nDate\n\n25 December 2020\n\n\nSource\n\nSelf-scanned\n\n\nAuthor\n\nUnknown authorUnknown author\n\n\n"}, {"url": "https://commons.wikimedia.org/wiki/File:Cl%C3%A9mentine_et_Louis_Napol%C3%A9on_vers_1935.jpg", "metadata": {"og:image": "https://upload.wikimedia.org/wikipedia/commons/thumb/0/04/Cl%C3%A9mentine_et_Louis_Napol%C3%A9on_vers_1935.jpg/640px-Cl%C3%A9mentine_et_Louis_Napol%C3%A9on_vers_1935.jpg", "og:image:width": "640", "og:image:height": "885", "og:title": "File:Cl\u00e9mentine et Louis Napol\u00e9on vers 1935.jpg - Wikimedia Commons", "og:type": "website"}, "text": "\n\n\nDescriptionCl\u00e9mentine et Louis Napol\u00e9on vers 1935.jpg\n\nFran\u00e7ais\u00a0:  Cl\u00e9mentine et son fils Louis Napol\u00e9on vers 1935\n\n\nDate\n\n2 May 2015\n\n\nSource\n\nSelf-scanned\n\n\nAuthor\n\nUnknown authorUnknown author\n\n\n"}, {"url": "https://commons.wikimedia.org/wiki/File:Cl%C3%A9mentine_of_Belgium_-_Princess_Napoleon_with_her_children.jpg", "metadata": {"og:image": "https://upload.wikimedia.org/wikipedia/commons/8/85/Cl%C3%A9mentine_of_Belgium_-_Princess_Napoleon_with_her_children.jpg", "og:image:width": "640", "og:image:height": "824", "og:title": "File:Cl\u00e9mentine of Belgium - Princess Napoleon with her children.jpg - Wikimedia Commons", "og:type": "website"}, "text": "\n\n\nDescriptionCl\u00e9mentine of Belgium - Princess Napoleon with her children.jpg\n\nEnglish:  Cl\u00e9mentine of Belgium - Princess Napoleon with her children (Louis and Marie Clotilde)\n\n\nDate\n\n4 September 1921\n\n\nSource\n\nNational Portrait Gallery: NPG x37341\n\n\n\n\n\u00a0\n\n\nWhile Commons policy accepts the use of this media, one or more third parties have made copyright claims against Wikimedia Commons in relation to the work from which this is sourced or a purely mechanical reproduction thereof. This may be due to recognition of the \"sweat of the brow\" doctrine, allowing works to be eligible for protection through skill and labour, and not purely by originality as is the case in the United States (where this website is hosted). These claims may or may not be valid in all jurisdictions.\nAs such, use of this image in the jurisdiction of the claimant or other countries may be regarded as copyright infringement. Please see Commons:When to use the PD-Art tag for more information.See User:Dcoetzee/NPG legal threat for original threat and National Portrait Gallery and Wikimedia Foundation copyright dispute for more information.\n\n\nThis tag does not indicate the copyright status of the attached work. A normal copyright tag is still required. See Commons:Licensing.\n\n\n\nAuthor\n\n\n\n\n\nBassano Ltd\n\u00a0(fl. 1901\u20131962)\u00a0\u00a0 \u00a0\n\n\nAlternative names\n\nBassano Ltd, Royal Photographers; Bassano; Bassano Limited; Bassano Studio\n\nDescription\nBritish photographic portrait studio\n\nWork period\n1901\u00a0\u20131962\u00a0\n\nWork location\n\n38 Dover StreetLondonUnited Kingdom\n\nAuthority file\n\n: Q64919076\nVIAF:\u20096091149198302674940002\nBNF:\u200917114016v\n\n\n\ncreator QS:P170,Q64919076\n\n\n"}, {"url": "https://commons.wikimedia.org/wiki/File:Cl%C3%A9mentine_of_Belgium_-_Princess_Napol%C3%A9on.jpg", "metadata": {"og:image": "https://upload.wikimedia.org/wikipedia/commons/thumb/d/d5/Cl%C3%A9mentine_of_Belgium_-_Princess_Napol%C3%A9on.jpg/640px-Cl%C3%A9mentine_of_Belgium_-_Princess_Napol%C3%A9on.jpg", "og:image:width": "640", "og:image:height": "655", "og:title": "File:Cl\u00e9mentine of Belgium - Princess Napol\u00e9on.jpg - Wikimedia Commons", "og:type": "website"}, "text": "\n\n\nDescriptionCl\u00e9mentine of Belgium - Princess Napol\u00e9on.jpg\n\nEnglish:  Princess Cl\u00e9mentine of Belgium, Princess Napol\u00e9on.\n\n\nDate\n\n1910sdate QS:P,+1910-00-00T00:00:00Z/8\n\n\nSource\n\nhttps://www.pinterest.com/pin/63824519695514549/\n\n\nAuthor\n\nUnknown authorUnknown author\n\n\n"}, {"url": "https://commons.wikimedia.org/wiki/File:Cl%C3%A9mentine_of_Belgium,_Princess_Napoleon_with_her_children.jpg", "metadata": {"og:image": "https://upload.wikimedia.org/wikipedia/commons/2/2b/Cl%C3%A9mentine_of_Belgium%2C_Princess_Napoleon_with_her_children.jpg", "og:image:width": "640", "og:image:height": "838", "og:title": "File:Cl\u00e9mentine of Belgium, Princess Napoleon with her children.jpg - Wikimedia Commons", "og:type": "website"}, "text": "\n\n\nDescriptionCl\u00e9mentine of Belgium, Princess Napoleon with her children.jpg\n\nEnglish:  Cl\u00e9mentine of Belgium, Princess Napoleon with her children (Louis and Marie Clotilde)\n\n\nDate\n\n4 September 1921\n\n\nSource\n\nNational Portrait Gallery: NPG x37340\n\n\n\n\n\u00a0\n\n\nWhile Commons policy accepts the use of this media, one or more third parties have made copyright claims against Wikimedia Commons in relation to the work from which this is sourced or a purely mechanical reproduction thereof. This may be due to recognition of the \"sweat of the brow\" doctrine, allowing works to be eligible for protection through skill and labour, and not purely by originality as is the case in the United States (where this website is hosted). These claims may or may not be valid in all jurisdictions.\nAs such, use of this image in the jurisdiction of the claimant or other countries may be regarded as copyright infringement. Please see Commons:When to use the PD-Art tag for more information.See User:Dcoetzee/NPG legal threat for original threat and National Portrait Gallery and Wikimedia Foundation copyright dispute for more information.\n\n\nThis tag does not indicate the copyright status of the attached work. A normal copyright tag is still required. See Commons:Licensing.\n\n\n\nAuthor\n\n\n\n\n\nBassano Ltd\n\u00a0(fl. 1901\u20131962)\u00a0\u00a0 \u00a0\n\n\nAlternative names\n\nBassano Ltd, Royal Photographers; Bassano; Bassano Limited; Bassano Studio\n\nDescription\nBritish photographic portrait studio\n\nWork period\n1901\u00a0\u20131962\u00a0\n\nWork location\n\n38 Dover StreetLondonUnited Kingdom\n\nAuthority file\n\n: Q64919076\nVIAF:\u20096091149198302674940002\nBNF:\u200917114016v\n\n\n\ncreator QS:P170,Q64919076\n\n\n"}, {"url": "https://commons.wikimedia.org/wiki/File:Cl%C3%A9mentine_of_Belgium,_Princess_Napol%C3%A9on.jpg", "metadata": {"og:image": "https://upload.wikimedia.org/wikipedia/commons/b/b7/Cl%C3%A9mentine_of_Belgium%2C_Princess_Napol%C3%A9on.jpg", "og:image:width": "640", "og:image:height": "1021", "og:title": "File:Cl\u00e9mentine of Belgium, Princess Napol\u00e9on.jpg - Wikimedia Commons", "og:type": "website"}, "text": "\n\n\nDescriptionCl\u00e9mentine of Belgium, Princess Napol\u00e9on.jpg\n\nEnglish:  Cl\u00e9mentine of Belgium, Princess Napol\u00e9on\n\n\nDate\n\n1898\n\n\nSource\n\ncollection Ralf De Jonge\n\n\nAuthor\n\nPhotographer S. A. Knoll\n\n\n"}, {"url": "https://commons.wikimedia.org/wiki/File:Emile_Wauters_-_Princess_Clementine_-_with_frame.jpg", "metadata": {"og:image": "https://upload.wikimedia.org/wikipedia/commons/thumb/2/29/Emile_Wauters_-_Princess_Clementine_-_with_frame.jpg/640px-Emile_Wauters_-_Princess_Clementine_-_with_frame.jpg", "og:image:width": "640", "og:image:height": "943", "og:title": "File:Emile Wauters - Princess Clementine - with frame.jpg - Wikimedia Commons", "og:type": "website"}, "text": "\n\n\n\nEmile Wauters: English:  Portrait of Princess Cl\u00e9mentine, Princess Napol\u00e9on (1872-1955)\n\u00a0\u00a0(  \u00a0)\n\n\nArtist\n\n\n\n\n\n\nEmile Wauters\n\u00a0(1846\u20131933)\u00a0\u00a0 \u00a0\n\n\n\n\n\nAlternative names\n\nEmile Charles Wauters\n\nDescription\nBelgian painter, pastellist and drawer\n\nDate of birth/death\n\n19 November 1846\u00a0\n11 December 1933\u00a0\n\nLocation of birth/death\n\nBrussels metropolitan area\nParis\n\nWork period\nfrom 1861 until 1933date QS:P,+1500-00-00T00:00:00Z/6,P580,+1861-00-00T00:00:00Z/9,P582,+1933-00-00T00:00:00Z/9\n\nWork location\n\nCity of Brussels (1861-1866), Paris (1867), Italy, Germany, Egypt (1869), Spain, Morocco, Egypt (1880), Paris (1890-1933)\n\nAuthority file\n\n: Q466319\nVIAF:\u200932267907\nISNI:\u20090000000066615615\nULAN:\u2009500023081\nLCCN:\u2009nr2004036059\nOpen Library:\u2009OL5600180A\nWorldCat\n\n\n\nartist QS:P170,Q466319\n\n\nTitle\n\n\nEnglish:  Portrait of Princess Cl\u00e9mentine, Princess Napol\u00e9on (1872-1955)\n\n\nObject type\n\npaintingobject_type QS:P31,Q3305213\n\n\nDate\n\nUnknown dateUnknown date\n\n\nMedium\n\noil on canvasmedium QS:P186,Q296955;P186,Q12321255,P518,Q861259\n\n\nCollection\n\n\n\n\nCharliermuseum\n\u00a0\u00a0\n\n\n\n\n\nLocation\nSaint-Josse-ten-Noode\u00a0, Belgium\n\nCoordinates\n50\u00b0\u00a050\u2032\u00a051.2\u2033\u00a0N, 4\u00b0\u00a022\u2032\u00a011.74\u2033\u00a0E  \u00a0\n\nEstablished\n1844\u00a0\n\nAuthority file\n\n: Q256200\nVIAF:\u2009128822516\nISNI:\u20090000000088539326\nBNF:\u200912317335b\n\n\n\ninstitution QS:P195,Q256200\n\n\nSource/Photographer\n\nOwn workTaken on\u00a029 September 2009 Photo by Szilas in Brussels\n\n\nPermission(Reusing this file)\n\n\n\n\nThis is a faithful photographic reproduction of a two-dimensional, public domain work of art. The work of art itself is in the public domain for the following reason:\n\n\n\nPublic domainPublic domainfalsefalse\n\n\n\n\n\n\nThe author died in 1933, so this work is in the public domain in its country of origin and other countries and areas where the copyright term is the author's life plus 80 years or fewer.\n\n You must also include a United States public domain tag to indicate why this work is in the public domain in the United States.\u00a0Note that a few countries have copyright terms longer than 80 years: Mexico has 100 years and Jamaica has 95 years. This image may not be in the public domain in these countries, which moreover do not implement the rule of the shorter term. \n\n\nThis file has been identified as being free of known restrictions under copyright law, including all related and neighboring rights.\nhttps://creativecommons.org/publicdomain/mark/1.0/PDMCreative Commons Public Domain Mark 1.0falsefalse\nThe official position taken by the Wikimedia Foundation is that \"faithful reproductions of two-dimensional public domain works of art are public domain\".This photographic reproduction is therefore also considered to be in the public domain in the United States. In other jurisdictions, re-use of this content may be restricted; see Reuse of PD-Art photographs for details.\nI, the copyright holder of this work, hereby publish it under the following license:\n\n This file is licensed under the Creative Commons Attribution-Share Alike 4.0 International license.\nYou are free:\nto share \u2013 to copy, distribute and transmit the work\nto remix \u2013 to adapt the work\nUnder the following conditions:\nattribution \u2013 You must give appropriate credit, provide a link to the license, and indicate if changes were made. You may do so in any reasonable manner, but not in any way that suggests the licensor endorses you or your use.\nshare alike \u2013 If you remix, transform, or build upon the material, you must distribute your contributions under the same or compatible license as the original.https://creativecommons.org/licenses/by-sa/4.0CC BY-SA 4.0 Creative Commons Attribution-Share Alike 4.0 truetrue\n\n\n"}, {"url": "https://commons.wikimedia.org/wiki/File:King_Leopold_II,_Queen_Marie_Henriette_and_at_the_back_Princess_Cl%C3%A9mentine.jpg", "metadata": {"og:image": "https://upload.wikimedia.org/wikipedia/commons/thumb/9/99/King_Leopold_II%2C_Queen_Marie_Henriette_and_at_the_back_Princess_Cl%C3%A9mentine.jpg/640px-King_Leopold_II%2C_Queen_Marie_Henriette_and_at_the_back_Princess_Cl%C3%A9mentine.jpg", "og:image:width": "640", "og:image:height": "419", "og:title": "File:King Leopold II, Queen Marie Henriette and at the back Princess Cl\u00e9mentine.jpg - Wikimedia Commons", "og:type": "website"}, "text": "\n\n\nDescriptionKing Leopold II, Queen Marie Henriette and at the back Princess Cl\u00e9mentine.jpg\n\nEnglish:  King Leopold II, Queen Marie Henriette and their youngest daughter Princess Cl\u00e9mentine of Belgium at the back\n\n\nDate\n\n1890sdate QS:P,+1890-00-00T00:00:00Z/8\n\n\nSource\n\nCollection Ralf De Jonge\n\n\nAuthor\n\nUnknown authorUnknown author\n\n\n"}, {"url": "https://commons.wikimedia.org/wiki/File:Le_ch%C3%A2teau_de_Ronchinne.jpg", "metadata": {"og:image": "https://upload.wikimedia.org/wikipedia/commons/thumb/e/e5/Le_ch%C3%A2teau_de_Ronchinne.jpg/640px-Le_ch%C3%A2teau_de_Ronchinne.jpg", "og:image:width": "640", "og:image:height": "405", "og:title": "File:Le ch\u00e2teau de Ronchinne.jpg - Wikimedia Commons", "og:type": "website"}, "text": "\n\n\nDescriptionLe ch\u00e2teau de Ronchinne.jpg\n\nFran\u00e7ais\u00a0:  Le ch\u00e2teau de Ronchinne\n\n\nDate\n\n28 December 2020\n\n\nSource\n\nSelf-scanned\n\n\nAuthor\n\nUnknown authorUnknown author\n\n\n"}, {"url": "https://commons.wikimedia.org/wiki/File:Leopold_II_and_his_daughter_Clementine.jpg", "metadata": {"og:image": "https://upload.wikimedia.org/wikipedia/commons/thumb/9/97/Leopold_II_and_his_daughter_Clementine.jpg/640px-Leopold_II_and_his_daughter_Clementine.jpg", "og:image:width": "640", "og:image:height": "1016", "og:title": "File:Leopold II and his daughter Clementine.jpg - Wikimedia Commons", "og:type": "website"}, "text": "\n\n\nDescriptionLeopold II and his daughter Clementine.jpg\n\nEnglish:  King Leopold II of Belgium and his daughter Cl\u00e9mentine - Princess Napol\u00e9on\n\n\nDate\n\n1909\n\n\nSource\n\nhttps://www.pinterest.com/pin/420875527663126049/\n\n\nAuthor\n\nUnknown authorUnknown author\n\n\n"}, {"url": "https://commons.wikimedia.org/wiki/File:Leopold_II_and_Princess_Cl%C3%A9mentine_Of_Belgium_make_Joyous_Entry_into_the_city_of_%27Antwerp%27_in_1909.ogv", "metadata": {"og:image": "https://upload.wikimedia.org/wikipedia/commons/thumb/b/bb/Leopold_II_and_Princess_Cl%C3%A9mentine_Of_Belgium_make_Joyous_Entry_into_the_city_of_%27Antwerp%27_in_1909.ogv/640px--Leopold_II_and_Princess_Cl%C3%A9mentine_Of_Belgium_make_Joyous_Entry_into_the_city_of_%27Antwerp%27_in_1909.ogv.jpg", "og:image:width": "640", "og:image:height": "480", "og:title": "File:Leopold II and Princess Cl\u00e9mentine Of Belgium make Joyous Entry into the city of 'Antwerp' in 1909.ogv - Wikimedia Commons", "og:type": "website"}, "text": "\n\n\nDescriptionLeopold II and Princess Cl\u00e9mentine Of Belgium make Joyous Entry into the city of 'Antwerp' in 1909.ogv\n\nEnglish:  King Leopold II and Princess Cl\u00e9mentine visit colonial celebrations on the occasion of the Congo's annexation to Belgium\nNederlands:  Koning Leopold II en prinses Cl\u00e9mentine bezoeken koloniale feesten ter gelegenheid van de inlijving van Congo bij Belgi\u00eb\nFran\u00e7ais\u00a0:  Le roi L\u00e9opold II et la princesse Cl\u00e9mentine assistent aux c\u00e9l\u00e9brations coloniales \u00e0 Anvers \u00e0 l'occasion de l'annexion du Congo \u00e0 la Belgique.\n\n\nDate\n\n1909\n\n\nSource\n\nYouTube (original: https://felixarchief.antwerpen.be/detailpagina?invnr=2568_105&page=1&pageSize=10&type=copy and accrding to this source the video was made on 6 june 1909 https://felixarchief.antwerpen.be/detailpagina?invnr=FOTO-PEO_3026&dtnr=1224_62&dtrecordid=127345&page=1&pageSize=10&type=copy)\n\n\nAuthor\n\nUnknown authorUnknown author\n\n\n"}, {"url": "https://commons.wikimedia.org/wiki/File:Princess_Clementine_of_Belgium.jpg", "metadata": {"og:image": "https://upload.wikimedia.org/wikipedia/commons/1/16/Princess_Clementine_of_Belgium.jpg", "og:image:width": "640", "og:image:height": "914", "og:title": "File:Princess Clementine of Belgium.jpg - Wikimedia Commons", "og:type": "website"}, "text": "\n\n\nDescriptionPrincess Clementine of Belgium.jpg\n\nEnglish:  Princess Cl\u00e9mentine of Belgium (1872-1955), youngest daughter of King Leopold II of Belgium.\n\n\nDate\n\nEarly 1880s\n\n\nSource\n\ncollection Ralf De Jonge\n\n\nAuthor\n\nUnknown authorUnknown author\n\n\n"}, {"url": "https://commons.wikimedia.org/wiki/File:Princess_Clementine.jpg", "metadata": {"og:image": "https://upload.wikimedia.org/wikipedia/commons/thumb/4/4d/Princess_Clementine.jpg/640px-Princess_Clementine.jpg", "og:image:width": "640", "og:image:height": "1073", "og:title": "File:Princess Clementine.jpg - Wikimedia Commons", "og:type": "website"}, "text": "\n\n\n\nEmile Wauters: English:  Portrait of Princess Cl\u00e9mentine, Princess Napol\u00e9on (1872-1955)\n\u00a0\u00a0(  \u00a0)\n\n\nArtist\n\n\n\n\n\n\nEmile Wauters\n\u00a0(1846\u20131933)\u00a0\u00a0 \u00a0\n\n\n\n\n\nAlternative names\n\nEmile Charles Wauters\n\nDescription\nBelgian painter, pastellist and drawer\n\nDate of birth/death\n\n19 November 1846\u00a0\n11 December 1933\u00a0\n\nLocation of birth/death\n\nBrussels metropolitan area\nParis\n\nWork period\nfrom 1861 until 1933date QS:P,+1500-00-00T00:00:00Z/6,P580,+1861-00-00T00:00:00Z/9,P582,+1933-00-00T00:00:00Z/9\n\nWork location\n\nCity of Brussels (1861-1866), Paris (1867), Italy, Germany, Egypt (1869), Spain, Morocco, Egypt (1880), Paris (1890-1933)\n\nAuthority file\n\n: Q466319\nVIAF:\u200932267907\nISNI:\u20090000000066615615\nULAN:\u2009500023081\nLCCN:\u2009nr2004036059\nOpen Library:\u2009OL5600180A\nWorldCat\n\n\n\nartist QS:P170,Q466319\n\n\nTitle\n\n\nEnglish:  Portrait of Princess Cl\u00e9mentine, Princess Napol\u00e9on (1872-1955)\n\n\nObject type\n\npaintingobject_type QS:P31,Q3305213\n\n\nDate\n\nUnknown dateUnknown date\n\n\nMedium\n\noil on canvasmedium QS:P186,Q296955;P186,Q12321255,P518,Q861259\n\n\nCollection\n\n\n\n\nCharliermuseum\n\u00a0\u00a0\n\n\n\n\n\nLocation\nSaint-Josse-ten-Noode\u00a0, Belgium\n\nCoordinates\n50\u00b0\u00a050\u2032\u00a051.2\u2033\u00a0N, 4\u00b0\u00a022\u2032\u00a011.74\u2033\u00a0E  \u00a0\n\nEstablished\n1844\u00a0\n\nAuthority file\n\n: Q256200\nVIAF:\u2009128822516\nISNI:\u20090000000088539326\nBNF:\u200912317335b\n\n\n\ninstitution QS:P195,Q256200\n\n\nSource/Photographer\n\nOwn work Taken on\u00a029 September 2009 Photo by Szilas in Brussels\n\n\nPermission(Reusing this file)\n\n\n\n\nThis is a faithful photographic reproduction of a two-dimensional, public domain work of art. The work of art itself is in the public domain for the following reason:\n\n\n\nPublic domainPublic domainfalsefalse\n\n\n\n\n\n\nThe author died in 1933, so this work is in the public domain in its country of origin and other countries and areas where the copyright term is the author's life plus 80 years or fewer.\n\n You must also include a United States public domain tag to indicate why this work is in the public domain in the United States.\u00a0Note that a few countries have copyright terms longer than 80 years: Mexico has 100 years and Jamaica has 95 years. This image may not be in the public domain in these countries, which moreover do not implement the rule of the shorter term. \n\n\nThis file has been identified as being free of known restrictions under copyright law, including all related and neighboring rights.\nhttps://creativecommons.org/publicdomain/mark/1.0/PDMCreative Commons Public Domain Mark 1.0falsefalse\nThe official position taken by the Wikimedia Foundation is that \"faithful reproductions of two-dimensional public domain works of art are public domain\".This photographic reproduction is therefore also considered to be in the public domain in the United States. In other jurisdictions, re-use of this content may be restricted; see Reuse of PD-Art photographs for details.\nI, the copyright holder of this work, hereby publish it under the following license:\n\n This file is licensed under the Creative Commons Attribution-Share Alike 4.0 International license.\nYou are free:\nto share \u2013 to copy, distribute and transmit the work\nto remix \u2013 to adapt the work\nUnder the following conditions:\nattribution \u2013 You must give appropriate credit, provide a link to the license, and indicate if changes were made. You may do so in any reasonable manner, but not in any way that suggests the licensor endorses you or your use.\nshare alike \u2013 If you remix, transform, or build upon the material, you must distribute your contributions under the same or compatible license as the original.https://creativecommons.org/licenses/by-sa/4.0CC BY-SA 4.0 Creative Commons Attribution-Share Alike 4.0 truetrue\n\n\n"}, {"url": "https://commons.wikimedia.org/wiki/File:Princess_Cl%C3%A9mentine_of_Belgium_(1872-1955).jpg", "metadata": {"og:image": "https://upload.wikimedia.org/wikipedia/commons/thumb/c/c0/Princess_Cl%C3%A9mentine_of_Belgium_%281872-1955%29.jpg/640px-Princess_Cl%C3%A9mentine_of_Belgium_%281872-1955%29.jpg", "og:image:width": "640", "og:image:height": "926", "og:title": "File:Princess Cl\u00e9mentine of Belgium (1872-1955).jpg - Wikimedia Commons", "og:type": "website"}, "text": "\n\n\nDescriptionPrincess Cl\u00e9mentine of Belgium (1872-1955).jpg\n\nEnglish:  Princess Cl\u00e9mentine of Belgium (1872-1955)\n\n\nDate\n\n1890sdate QS:P,+1890-00-00T00:00:00Z/8\n\n\nSource\n\nCollection Ralf De Jonge\n\n\nAuthor\n\nUnknown authorUnknown author\n\n\n"}, {"url": "https://commons.wikimedia.org/wiki/File:Princess_Cl%C3%A9mentine_of_Belgium_(later_Princess_Napol%C3%A9on).jpg", "metadata": {"og:image": "https://upload.wikimedia.org/wikipedia/commons/b/b1/Princess_Cl%C3%A9mentine_of_Belgium_%28later_Princess_Napol%C3%A9on%29.jpg", "og:image:width": "640", "og:image:height": "1027", "og:title": "File:Princess Cl\u00e9mentine of Belgium (later Princess Napol\u00e9on).jpg - Wikimedia Commons", "og:type": "website"}, "text": "\n\n\nDescriptionPrincess Cl\u00e9mentine of Belgium (later Princess Napol\u00e9on).jpg\n\nEnglish:  Princess Cl\u00e9mentine of Belgium (later Princess Napol\u00e9on)\n\n\nDate\n\n1900sdate QS:P,+1900-00-00T00:00:00Z/8\n\n\nSource\n\nhttps://www.pinterest.ru/pin/115545546668873346/\n\n\nAuthor\n\nUnknown authorUnknown author\n\n\n"}, {"url": "https://commons.wikimedia.org/wiki/File:Princess_Cl%C3%A9mentine_of_Belgium,_c_1895.jpg", "metadata": {"og:image": "https://upload.wikimedia.org/wikipedia/commons/thumb/c/ca/Princess_Cl%C3%A9mentine_of_Belgium%2C_c_1895.jpg/640px-Princess_Cl%C3%A9mentine_of_Belgium%2C_c_1895.jpg", "og:image:width": "640", "og:image:height": "908", "og:title": "File:Princess Cl\u00e9mentine of Belgium, c 1895.jpg - Wikimedia Commons", "og:type": "website"}, "text": "\n\n\nDescriptionPrincess Cl\u00e9mentine of Belgium, c 1895.jpg\n\nEnglish:  Princess Cl\u00e9mentine of Belgium, c. 1895\nIdentifier: theirmajestiesas00paoluoft (find matches)\nTitle: Their majesties as I knew them; personal reminiscences of the kings and queens of Europe\nYear: 1911 (1910s)\nAuthors:  Paoli, Xavier, 1835- Teixeira de Mattos, Alexander, 1865-1921\nSubjects:  Europe -- Kings and rulers\nPublisher:  New York, Sturgis (and) Walton\nContributing Library:  Robarts - University of Toronto\nDigitizing Sponsor:  University of Toronto\n\nView Book Page: Book Viewer\nAbout This Book: Catalog Entry\nView All Images: All Images From Book\nClick here to view book online to see this illustration in context in a browseable online version of this book.\n\nText Appearing Before Image:\nvent that shepromptly mixed up Belgium and Sweden. Thiswas not a very serious matter in itself; but it mighthave been, in the circumstances, if Leopold II hadnot happened to be in a good humour that day.The fact remained that INIlle. Delacroix was con-vinced that she was in the presence of the King ofSweden, nor did she find out her mistake until shenoticed the amused surprise wliich Leopold be-trayed whenever, w4th her very comprehensible ig-norance of the rules of etiquette. Mile. Delacroixwent out of her way to call him His JNIajestyOscar. I am bound to confess that she at once recoveredher self-possession when the King of the Belgiansthought fit discreetly to apprise her of his identityand she was greatly diverted by her blunder. Twoyears later, I described the mishap to the King ofSweden, who happened to be staying at Biarritzat the same time as the Baroness Vaughan. SaidOscar II: Do present my fair cousin, who did me so gieatan honour! But, Sir, I replied, she may feel a regret!\nText Appearing After Image:\nPRINCESS CLEMENTINE THE LATE KING OF THE BELGIANS 287 Do you think so, Paoli? And yet I am nofresher than my cousin of Belgium. I am afraid,you see, that the regret will be all on my side! I believe that the regret was mutual. However,the meeting was arranged. The baroness took asnapshot of King Oscar with her kodak; and weagreed to say nothing about it to King Leopold,who was of a jealous disposition. To what did Blanche Caroline Delacroix owe hersuccess with Leopold II: to her vivid conversa-tional powers, to the dazzling youthfulness of thefair-haired divinity that she was, or to her genuineintelligence? I cannot tell; but this much is cer-tain, that, at her first audience, she succeeded inarousing in the old mans heart a love wiiich wasmanifested at first in a polite flirtation and conse-crated later in a union the mystery of which wasnever fully solved. Both the King and Mme.de Vaughan carefully refrained from making thesmallest confidence on the subject of their mar-riage even t\n\nNote About Images\n\nPlease note that these images are extracted from scanned page images that may have been digitally enhanced for readability - coloration and appearance of these illustrations may not perfectly resemble the original work.\n\n\nDate\n\n1911\n\n\nSource\n\nhttps://www.flickr.com/photos/internetarchivebookimages/14793502083/\n\nSource book page: https://archive.org/stream/theirmajestiesas00paoluoft/theirmajestiesas00paoluoft#page/n338/mode/1up\n\n\nAuthor\n\nInternet Archive Book Images\n\n\nPermission(Reusing this file)\n\nAt the time of upload, the image license was automatically confirmed using the Flickr API. For more information see Flickr API detail.\n\nFlickr tagsInfoField\nbookid:theirmajestiesas00paoluoft\nbookyear:1911\nbookdecade:1910\nbookcentury:1900\nbookauthor:Paoli__Xavier__1835_\nbookauthor:Teixeira_de_Mattos__Alexander__1865_1921\nbooksubject:Europe____Kings_and_rulers\nbookpublisher:New_York__Sturgis__and__Walton\nbookcontributor:Robarts___University_of_Toronto\nbooksponsor:University_of_Toronto\nbookleafnumber:338\nbookcollection:robarts\nbookcollection:toronto\n\nFlickr posted dateInfoField29 July 2014\n\n\n"}, {"url": "https://commons.wikimedia.org/wiki/File:Princess_Cl%C3%A9mentine_of_Belgium.jpg", "metadata": {"og:image": "https://upload.wikimedia.org/wikipedia/commons/2/2a/Princess_Cl%C3%A9mentine_of_Belgium.jpg", "og:image:width": "640", "og:image:height": "916", "og:title": "File:Princess Cl\u00e9mentine of Belgium.jpg - Wikimedia Commons", "og:type": "website"}, "text": "\n\n\nDescriptionPrincess Cl\u00e9mentine of Belgium.jpg\n\nEnglish:  Princess Cl\u00e9mentine of Belgium (1872-1955), youngest daughter of King Leopold II of Belgium.\n\n\nDate\n\nEarly 1880s\n\n\nSource\n\nCollection Ralf De Jonge\n\n\nAuthor\n\nUnknown authorUnknown author\n\n\n"}, {"url": "https://commons.wikimedia.org/wiki/File:Prinzessin_Clementine_von_Belgien.jpg", "metadata": {"og:image": "https://upload.wikimedia.org/wikipedia/commons/f/fd/Prinzessin_Clementine_von_Belgien.jpg", "og:image:width": "640", "og:image:height": "1038", "og:title": "File:Prinzessin Clementine von Belgien.jpg - Wikimedia Commons", "og:type": "website"}, "text": "\n\n\nDescriptionPrinzessin Clementine von Belgien.jpg\n\nEnglish:  Prinzessin Clementine von Belgien\n\n\nDate\n\n1915\n\n\nSource\n\nhttps://www.flickr.com/photos/mrsfujita/2433357519/sizes/c/\n\n\nAuthor\n\nUnknown authorUnknown author\n\n\n"}, {"url": "https://commons.wikimedia.org/wiki/File:Prinzessin_Klementine_von_Belgien_in_ihrem_Selbstfahrer,_1906.jpg", "metadata": {"og:image": "https://upload.wikimedia.org/wikipedia/commons/thumb/9/90/Prinzessin_Klementine_von_Belgien_in_ihrem_Selbstfahrer%2C_1906.jpg/640px-Prinzessin_Klementine_von_Belgien_in_ihrem_Selbstfahrer%2C_1906.jpg", "og:image:width": "640", "og:image:height": "831", "og:title": "File:Prinzessin Klementine von Belgien in ihrem Selbstfahrer, 1906.jpg - Wikimedia Commons", "og:type": "website"}, "text": "\n\n\nDescriptionPrinzessin Klementine von Belgien in ihrem Selbstfahrer, 1906.jpg\n\nDeutsch:  Prinzessin Klementine von Belgien in ihrem Selbstfahrer, 1906\n\n\nDate\n\n1906\n\n\nSource\n\nebay\n\n\nAuthor\n\nHennebert\n\n\n"}, {"url": "https://commons.wikimedia.org/wiki/File:Queen_Marie_Henriette_with_her_daughters.jpg", "metadata": {"og:image": "https://upload.wikimedia.org/wikipedia/commons/thumb/2/27/Queen_Marie_Henriette_with_her_daughters.jpg/640px-Queen_Marie_Henriette_with_her_daughters.jpg", "og:image:width": "640", "og:image:height": "439", "og:title": "File:Queen Marie Henriette with her daughters.jpg - Wikimedia Commons", "og:type": "website"}, "text": "\n\n\nDescriptionQueen Marie Henriette with her daughters.jpg\n\nEnglish:  Queen Marie Henriette with 3 daughters: Louise, St\u00e9phanie and Cl\u00e9mentine.\n\n\nDate\n\n1889\n\n\nSource\n\nhttps://www.flickr.com/photos/mrsfujita/14585209235/sizes/o/\n\n\nAuthor\n\nUnknown authorUnknown author\n\n\n"}, {"url": "https://commons.wikimedia.org/wiki/File:Queen_Marie_Henriette_with_her_youngest_daughter.jpg", "metadata": {"og:image": "https://upload.wikimedia.org/wikipedia/commons/thumb/b/b1/Queen_Marie_Henriette_with_her_youngest_daughter.jpg/640px-Queen_Marie_Henriette_with_her_youngest_daughter.jpg", "og:image:width": "640", "og:image:height": "827", "og:title": "File:Queen Marie Henriette with her youngest daughter.jpg - Wikimedia Commons", "og:type": "website"}, "text": "\n\n\nDescriptionQueen Marie Henriette with her youngest daughter.jpg\n\nEnglish:  Queen Marie Henriette of the Belgians, with her youngest daughter, Princess Clementine, later 'Princesse Napol\u00e9on'.\n\n\nDate\n\n1900\n\n\nSource\n\nhttp://dinastias.forogratis.es/marie-henriette-de-austria-reina-de-belgica-t14-48.html\n\n\nAuthor\n\nUnknown authorUnknown author\n\n\n"}, {"url": "https://commons.wikimedia.org/wiki/File:Serge_de_Witt_(1892-1990).jpg", "metadata": {"og:image": "https://upload.wikimedia.org/wikipedia/commons/thumb/7/7a/Serge_de_Witt_%281892-1990%29.jpg/640px-Serge_de_Witt_%281892-1990%29.jpg", "og:image:width": "640", "og:image:height": "900", "og:title": "File:Serge de Witt (1892-1990).jpg - Wikimedia Commons", "og:type": "website"}, "text": "\n\n\nDescriptionSerge de Witt (1892-1990).jpg\n\nFran\u00e7ais\u00a0:  Portrait de Serge de Witt (1892-1990), gendre de Cl\u00e9mentine de Belgique\n\n\nDate\n\n17 November 2020\n\n\nSource\n\nSelf-scanned\n\n\nAuthor\n\nUnknown authorUnknown author\n\n\n"}, {"url": "https://commons.wikimedia.org/wiki/File:%D0%9A%D0%BB%D0%B5%D0%BC%D0%B5%D0%BD%D1%82%D0%B8%D0%BD%D0%B0_%D0%91%D0%B5%D0%BB%D1%8C%D0%B3%D0%B8%D0%B9%D1%81%D0%BA%D0%B0%D1%8F.jpg", "metadata": {"og:image": "https://upload.wikimedia.org/wikipedia/commons/b/ba/%D0%9A%D0%BB%D0%B5%D0%BC%D0%B5%D0%BD%D1%82%D0%B8%D0%BD%D0%B0_%D0%91%D0%B5%D0%BB%D1%8C%D0%B3%D0%B8%D0%B9%D1%81%D0%BA%D0%B0%D1%8F.jpg", "og:image:width": "640", "og:image:height": "1015", "og:title": "File:\u041a\u043b\u0435\u043c\u0435\u043d\u0442\u0438\u043d\u0430 \u0411\u0435\u043b\u044c\u0433\u0438\u0439\u0441\u043a\u0430\u044f.jpg - Wikimedia Commons", "og:type": "website"}, "text": "\n\n\nDescription\u041a\u043b\u0435\u043c\u0435\u043d\u0442\u0438\u043d\u0430 \u0411\u0435\u043b\u044c\u0433\u0438\u0439\u0441\u043a\u0430\u044f.jpg\n\nEnglish:  \u041a\u043b\u0435\u043c\u0435\u043d\u0442\u0438\u043d\u0430 \u0411\u0435\u043b\u044c\u0433\u0438\u0439\u0441\u043a\u0430\u044f\n\n\nDate\n\n1910sdate QS:P,+1910-00-00T00:00:00Z/8\n\n\nSource\n\nhttps://crossoflaeken.blogspot.com/2009/07/princess-clementine-of-belgium.html\n\n\nAuthor\n\nUnknown authorUnknown author\n\n\n"}]