[{"url": "https://commons.wikimedia.org/wiki/File:Delphine_Bo%C3%ABl_(cropped).jpg", "metadata": {"og:image": "https://upload.wikimedia.org/wikipedia/commons/thumb/6/6b/Delphine_Bo%C3%ABl_%28cropped%29.jpg/640px-Delphine_Bo%C3%ABl_%28cropped%29.jpg", "og:image:width": "640", "og:image:height": "1067", "og:title": "File:Delphine Bo\u00ebl (cropped).jpg - Wikimedia Commons", "og:type": "website"}, "text": "\n\n\nDescriptionDelphine Bo\u00ebl (cropped).jpg\n\nEnglish:  Delphine Bo\u00ebl, Belgian sculptor and putative daughter of King Albert II of Belgium, signing her book in East Flanders, Belgium.\n\n\nDate\n\n12 April 2008\n\n\nSource\n\nhttps://www.flickr.com/photos/lucvanbraekel/2407637011/\n\n\nAuthor\n\nLuc Van Braekel\n\n\nOther versions\n\n\n\n\nThis file has been extracted from another file: Delphine Bo\u00ebl.jpg\n\n\n\n\n\n\n"}, {"url": "https://commons.wikimedia.org/wiki/File:Coat_of_arms_of_a_Princess_of_Belgium.svg", "metadata": {"og:image": "https://upload.wikimedia.org/wikipedia/commons/thumb/d/d4/Coat_of_arms_of_a_Princess_of_Belgium.svg/640px-Coat_of_arms_of_a_Princess_of_Belgium.svg.png", "og:image:width": "640", "og:image:height": "698", "og:title": "File:Coat of arms of a Princess of Belgium.svg - Wikimedia Commons", "og:type": "website"}, "text": "\n\n\nDescriptionCoat of arms of a Princess of Belgium.svg\n\nEnglish:  Coat of arms of a Princess of Belgium, in accordance with the Royal Decree published on 19 July and signed on 12 July 2019, by King Philippe of Belgium.\n\n\nDate\n\n24 July 2019\n\n\nSource\n\nOwn work\n\n\nAuthor\n\nSodacan\n\n\n"}, {"url": "https://commons.wikimedia.org/wiki/File:Arr%C3%AAt_%E2%84%96_C.19.0054.F.pdf", "metadata": {"og:image": "https://upload.wikimedia.org/wikipedia/commons/thumb/9/9a/Arr%C3%AAt_%E2%84%96_C.19.0054.F.pdf/page1-640px-Arr%C3%AAt_%E2%84%96_C.19.0054.F.pdf.jpg", "og:image:width": "640", "og:image:height": "905", "og:title": "File:Arr\u00eat \u2116 C.19.0054.F.pdf - Wikimedia Commons", "og:type": "website"}, "text": "\n\n\nDescriptionArr\u00eat \u2116 C.19.0054.F.pdf\n\nNederlands:  Arrest nr. C.19.0054.F van het Hof van Cassatie van 13 december 2019, gewezen door de eerste kamer en uitgesproken in openbare terechtzitting door de afdelingsvoorzitter Christian Storck. In het arrest wees het Hof de voorziening in cassatie van Z.M. Koning Albert II af, ingesteld tegen de arresten van het hof van beroep van Brussel van 7 juni en 25 oktober 2018. Dit arrest kadert in de strijd van Delphine Bo\u00ebl om erkenning als de buitenechtelijke dochter van Z.M. Koning Albert II. De namen van de betrokken partijen zijn in deze versie weggelaten.\nFran\u00e7ais\u00a0:  Arr\u00eat \u2116 C.19.0054.F de la Cour de Cassation de 13 d\u00e9cembre 2019, rendu par la premi\u00e8re chambre et prononc\u00e9 en audience publique par le pr\u00e9sident de section Christian Storck. Dans l'arr\u00eat, la Cour rejette le pourvoi en cassation de S.M. Roi Albert II contre les arr\u00eats de la cour d'appel de Bruxelles de 7 juin et 25 octobre 2018. Cet arr\u00eat s'inscrit dans le cadre de la lutte de Delphine Bo\u00ebl pour la reconnaissance comme la fille ill\u00e9gitime de S.M. Roi Albert II. Les noms des parties int\u00e9ress\u00e9es ont \u00e9t\u00e9 omis dans cette version.\nEnglish:  Judgment \u2116 C.19.0054.F of the Court of Cassation of 13 December 2019, delivered by the first chamber and pronounced in open court by the section president Christian Storck. In the judgment, the Court rejected the appeal in cassation of H.M. King Albert II against the judgments of the court of appeal of Brussels of 7 June and 25 October 2018. This judgment fits in the struggle of Delphine Bo\u00ebl for recognition as the illegitimate daughter of H.M. King Albert II. The names of the parties involved have been omitted in this version.\n\n\nDate\n\n13 December 2019\n\n\nSource\n\nhttp://jure.juridat.just.fgov.be/pdfapp/download_blob?idpdf=F-20191213-4\n\n\nAuthor\n\nNederlands:  Hof van Cassatie van Belgi\u00eb\nFran\u00e7ais\u00a0:  Cour de Cassation de Belgique\nEnglish:  Court of Cassation of Belgium\n\n\n"}, {"url": "https://commons.wikimedia.org/wiki/File:Blason_Bo%C3%ABl.svg", "metadata": {"og:image": "https://upload.wikimedia.org/wikipedia/commons/thumb/7/7a/Blason_Bo%C3%ABl.svg/640px-Blason_Bo%C3%ABl.svg.png", "og:image:width": "640", "og:image:height": "708", "og:title": "File:Blason Bo\u00ebl.svg - Wikimedia Commons", "og:type": "website"}, "text": "\n\n\nDescriptionBlason Bo\u00ebl.svg\n\nEnglish:  Coat of arms of family Bo\u00ebl.\nFran\u00e7ais\u00a0:  Armoiries de la famille Bo\u00ebl. Blasonnement\u00a0: D'or \u00e0 la tour ajour\u00e9e et cr\u00e9nel\u00e9e de sable ma\u00e7onn\u00e9e d'argent au chef d'azur charg\u00e9 de trois maillets pench\u00e9s d'or rang\u00e9s.. Source: euraldic.com\n\n\nDate\n\n28 January 2010\n\n\nSource\n\nOwn work\n\n\nAuthor\n\nMimich\n\n\n"}, {"url": "https://commons.wikimedia.org/wiki/File:Delphine_Bo%C3%ABl_(cropped).jpg", "metadata": {"og:image": "https://upload.wikimedia.org/wikipedia/commons/thumb/6/6b/Delphine_Bo%C3%ABl_%28cropped%29.jpg/640px-Delphine_Bo%C3%ABl_%28cropped%29.jpg", "og:image:width": "640", "og:image:height": "1067", "og:title": "File:Delphine Bo\u00ebl (cropped).jpg - Wikimedia Commons", "og:type": "website"}, "text": "\n\n\nDescriptionDelphine Bo\u00ebl (cropped).jpg\n\nEnglish:  Delphine Bo\u00ebl, Belgian sculptor and putative daughter of King Albert II of Belgium, signing her book in East Flanders, Belgium.\n\n\nDate\n\n12 April 2008\n\n\nSource\n\nhttps://www.flickr.com/photos/lucvanbraekel/2407637011/\n\n\nAuthor\n\nLuc Van Braekel\n\n\nOther versions\n\n\n\n\nThis file has been extracted from another file: Delphine Bo\u00ebl.jpg\n\n\n\n\n\n\n"}, {"url": "https://commons.wikimedia.org/wiki/File:Delphine_Bo%C3%ABl_crop.jpg", "metadata": {"og:image": "https://upload.wikimedia.org/wikipedia/commons/7/70/Delphine_Bo%C3%ABl_crop.jpg", "og:image:width": "640", "og:image:height": "742", "og:title": "File:Delphine Bo\u00ebl crop.jpg - Wikimedia Commons", "og:type": "website"}, "text": "\n\n\nDescriptionDelphine Bo\u00ebl crop.jpg\n\nDelphine Bo\u00ebl\n\n\nDate\n\n12 April 2008, 17:26\n\n\nSource\n\ncropped from this image Delphine Bo\u00ebl signing her book\n\n\nAuthor\n\nLuc Van Braekel from Waregem, Belgium\n\n\n"}, {"url": "https://commons.wikimedia.org/wiki/File:Delphine_Bo%C3%ABl_signing_her_book_%22Couper_le_cordon%22_01.jpg", "metadata": {"og:image": "https://upload.wikimedia.org/wikipedia/commons/thumb/d/d5/Delphine_Bo%C3%ABl_signing_her_book_%22Couper_le_cordon%22_01.jpg/640px-Delphine_Bo%C3%ABl_signing_her_book_%22Couper_le_cordon%22_01.jpg", "og:image:width": "640", "og:image:height": "360", "og:title": "File:Delphine Bo\u00ebl signing her book \"Couper le cordon\" 01.jpg - Wikimedia Commons", "og:type": "website"}, "text": "\n\n\nDescriptionDelphine Bo\u00ebl signing her book \"Couper le cordon\" 01.jpg\n\nEnglish:  Princess Delphine of Belgium (n\u00e9e Delphine Bo\u00ebl) and her daughter at her first book's signing in 2008.\n\n\nDate\n\n12 April 2008, 17:26:47\n\n\nSource\n\nhttps://www.flickr.com/photos/lucvanbraekel/2407633141/\n\n\nAuthor\n\nLuc Van Braekel\n\n\n"}, {"url": "https://commons.wikimedia.org/wiki/File:Delphine_Bo%C3%ABl_signing_her_book_%22Couper_le_cordon%22_02.jpg", "metadata": {"og:image": "https://upload.wikimedia.org/wikipedia/commons/thumb/4/47/Delphine_Bo%C3%ABl_signing_her_book_%22Couper_le_cordon%22_02.jpg/640px-Delphine_Bo%C3%ABl_signing_her_book_%22Couper_le_cordon%22_02.jpg", "og:image:width": "640", "og:image:height": "480", "og:title": "File:Delphine Bo\u00ebl signing her book \"Couper le cordon\" 02.jpg - Wikimedia Commons", "og:type": "website"}, "text": "\n\n\nDescriptionDelphine Bo\u00ebl signing her book \"Couper le cordon\" 02.jpg\n\nEnglish:  Princess Delphine of Belgium (n\u00e9e Delphine Bo\u00ebl) and her daughter at her first book's signing in 2008.\n\n\nDate\n\n12 April 2008, 05:27:41\n\n\nSource\n\nhttps://www.flickr.com/photos/lucvanbraekel/2407638935/\n\n\nAuthor\n\nLuc Van Braekel\n\n\n"}, {"url": "https://commons.wikimedia.org/wiki/File:Delphine_Bo%C3%ABl.jpg", "metadata": {"og:image": "https://upload.wikimedia.org/wikipedia/commons/thumb/a/af/Delphine_Bo%C3%ABl.jpg/640px-Delphine_Bo%C3%ABl.jpg", "og:image:width": "640", "og:image:height": "544", "og:title": "File:Delphine Bo\u00ebl.jpg - Wikimedia Commons", "og:type": "website"}, "text": "\n\n\nDescriptionDelphine Bo\u00ebl.jpg\n\nEnglish:  Delphine Bo\u00ebl, Belgian sculptor and putative daughter of King Albert II of Belgium, signing her book in East Flanders, Belgium.\n\n\nDate\n\n12 April 2008\n\n\nSource\n\nhttps://www.flickr.com/photos/lucvanbraekel/2407637011/\n\n\nAuthor\n\nLuc Van Braekel\n\n\nOther versions\n\n\nThis file has an extracted image: Delphine Bo\u00ebl (cropped).jpg.\n\n\n\n"}]