[{"url": "https://commons.wikimedia.org/wiki/File:King_Leopold_II_with_Queen_Marie_Henriette_and_their_two_older_children.jpg", "metadata": {"og:image": "https://upload.wikimedia.org/wikipedia/commons/thumb/4/46/King_Leopold_II_with_Queen_Marie_Henriette_and_their_two_older_children.jpg/640px-King_Leopold_II_with_Queen_Marie_Henriette_and_their_two_older_children.jpg", "og:image:width": "640", "og:image:height": "444", "og:title": "File:King Leopold II with Queen Marie Henriette and their two older children.jpg - Wikimedia Commons", "og:type": "website"}, "text": "\n\n\nDescriptionKing Leopold II with Queen Marie Henriette and their two older children.jpg\n\nEnglish:  King Leopold II of Belgium with his wife Queen Marie Henriette and their two older children (Princess Louise and Prince Leopold)\n\n\nDate\n\n1862\n\n\nSource\n\nhttps://www.rct.uk/collection/2906938/leopold-duke-of-brabant-and-marie-henriette-duchess-of-brabant-with-their\n\n\nAuthor\n\nF DERON (ACTIVE 1860)\n\n\n"}, {"url": "https://commons.wikimedia.org/wiki/File:Louise_with_little_brother_L%C3%A9opold.jpg", "metadata": {"og:image": "https://upload.wikimedia.org/wikipedia/commons/thumb/5/50/Louise_with_little_brother_L%C3%A9opold.jpg/640px-Louise_with_little_brother_L%C3%A9opold.jpg", "og:image:width": "640", "og:image:height": "1040", "og:title": "File:Louise with little brother L\u00e9opold.jpg - Wikimedia Commons", "og:type": "website"}, "text": "\n\n\nDescriptionLouise with little brother L\u00e9opold.jpg\n\nEnglish:  Princess Louise of Belgium (1858-1924) with her brother L\u00e9opold, Duke of Brabant (1859-1869), when Count of Hainaut . L\u00e9opold, Comte de Hainaut pictured sitting beside his sister, Princess Louise of Belgium (left) in an open carriage. Both face the viewer. A small white dog in the foreground.\n\n\nDate\n\n1862\n\n\nSource\n\nhttps://www.rct.uk/collection/2908105/princess-louise-of-belgium-1858-1924-with-her-brother-leacuteopold-duke-of\n\n\nAuthor\n\nUnknown authorUnknown author\n\n\n"}]