[{"url": "https://commons.wikimedia.org/wiki/File:S.A.R._la_Princesse_Maria-Esm%C3%A9ralda_de_Belgique.jpg", "metadata": {"og:image": "https://upload.wikimedia.org/wikipedia/commons/thumb/7/7d/S.A.R._la_Princesse_Maria-Esm%C3%A9ralda_de_Belgique.jpg/640px-S.A.R._la_Princesse_Maria-Esm%C3%A9ralda_de_Belgique.jpg", "og:image:width": "640", "og:image:height": "960", "og:title": "File:S.A.R. la Princesse Maria-Esm\u00e9ralda de Belgique.jpg - Wikimedia Commons", "og:type": "website"}, "text": "\n\n\nDescriptionS.A.R. la Princesse Maria-Esm\u00e9ralda de Belgique.jpg\n\nFran\u00e7ais\u00a0:  S.A.R. Princesse Maria-Esm\u00e9ralda de Belgique\nEnglish:  H.R.H. Princess Maria-Esmeralda of Belgium\nNederlands:  Z.K.H. Prinses Maria-Esm\u00e9ralda van Belgi\u00eb\n\n\nDate\n\n19 December 2015, 14:30:58\n\n\nSource\n\nOwn work\n\n\nAuthor\n\nValentin Dupont\n\n\n"}, {"url": "https://commons.wikimedia.org/wiki/File:Coat_of_arms_of_a_Princess_of_the_Royal_House_of_Belgium.svg", "metadata": {"og:image": "https://upload.wikimedia.org/wikipedia/commons/thumb/4/42/Coat_of_arms_of_a_Princess_of_the_Royal_House_of_Belgium.svg/640px-Coat_of_arms_of_a_Princess_of_the_Royal_House_of_Belgium.svg.png", "og:image:width": "640", "og:image:height": "698", "og:title": "File:Coat of arms of a Princess of the Royal House of Belgium.svg - Wikimedia Commons", "og:type": "website"}, "text": "\n\n\nDescriptionCoat of arms of a Princess of the Royal House of Belgium.svg\n\nEnglish:  Coat of arms of a Princess of the Royal House of Belgium, in accordance with the Royal Decree published on 19 July and signed on 12 July 2019, by King Philippe of Belgium.\n\n\nDate\n\n24 July 2019\n\n\nSource\n\nOwn work\n\n\nAuthor\n\nSodacan\n\n\n"}, {"url": "https://commons.wikimedia.org/wiki/File:S.A.R._la_Princesse_Maria-Esm%C3%A9ralda_de_Belgique.jpg", "metadata": {"og:image": "https://upload.wikimedia.org/wikipedia/commons/thumb/7/7d/S.A.R._la_Princesse_Maria-Esm%C3%A9ralda_de_Belgique.jpg/640px-S.A.R._la_Princesse_Maria-Esm%C3%A9ralda_de_Belgique.jpg", "og:image:width": "640", "og:image:height": "960", "og:title": "File:S.A.R. la Princesse Maria-Esm\u00e9ralda de Belgique.jpg - Wikimedia Commons", "og:type": "website"}, "text": "\n\n\nDescriptionS.A.R. la Princesse Maria-Esm\u00e9ralda de Belgique.jpg\n\nFran\u00e7ais\u00a0:  S.A.R. Princesse Maria-Esm\u00e9ralda de Belgique\nEnglish:  H.R.H. Princess Maria-Esmeralda of Belgium\nNederlands:  Z.K.H. Prinses Maria-Esm\u00e9ralda van Belgi\u00eb\n\n\nDate\n\n19 December 2015, 14:30:58\n\n\nSource\n\nOwn work\n\n\nAuthor\n\nValentin Dupont\n\n\n"}]