[{"url": "https://commons.wikimedia.org/wiki/File:Louise_of_Belgium,_Princess_Philipp_of_Saxe-Coburg_and_Gotha.jpg", "metadata": {"og:image": "https://upload.wikimedia.org/wikipedia/commons/thumb/9/91/Louise_of_Belgium%2C_Princess_Philipp_of_Saxe-Coburg_and_Gotha.jpg/640px-Louise_of_Belgium%2C_Princess_Philipp_of_Saxe-Coburg_and_Gotha.jpg", "og:image:width": "640", "og:image:height": "1009", "og:title": "File:Louise of Belgium, Princess Philipp of Saxe-Coburg and Gotha.jpg - Wikimedia Commons", "og:type": "website"}, "text": "\n\n\nDescriptionLouise of Belgium, Princess Philipp of Saxe-Coburg and Gotha.jpg\n\nEnglish:  Louise of Belgium, Princess Philipp of Saxe-Coburg and Gotha\n\n\nDate\n\n1886\n\n\nSource\n\nhttps://www.rct.uk/collection/2907313/princess-philip-of-saxe-coburg-and-gotha-1858-1924-princess-louise-eldest\n\n\nAuthor\n\nUnknown authorUnknown author\n\n\n"}, {"url": "https://commons.wikimedia.org/wiki/File:Louise_with_children.jpg", "metadata": {"og:image": "https://upload.wikimedia.org/wikipedia/commons/0/02/Louise_with_children.jpg", "og:image:width": "640", "og:image:height": "1306", "og:title": "File:Louise with children.jpg - Wikimedia Commons", "og:type": "website"}, "text": "\n\n\nDescriptionLouise with children.jpg\n\nEnglish:  Louise Duchess Saxe-Coburg-Gotha with children:Leopold (1878-1916) and Dorothea-Maria (1881-1967)\n\u0420\u0443\u0441\u0441\u043a\u0438\u0439:  \u041b\u0443\u0438\u0437\u0430-\u041c\u0430\u0440\u0438\u044f \u0411\u0435\u043b\u044c\u0433\u0438\u0439\u0441\u043a\u0430\u044f, \u0432 \u0437\u0430\u043c\u0443\u0436\u0435\u0441\u0442\u0432\u0435 \u0433\u0435\u0440\u0446\u043e\u0433\u0438\u043d\u044f \u0421\u0430\u043a\u0441\u0435\u043d-\u041a\u043e\u0431\u0443\u0440\u0433-\u0413\u043e\u0442\u0441\u043a\u0430\u044f \u0438 \u0435\u0451 \u0434\u0435\u0442\u0438: \u041b\u0435\u043e\u043f\u043e\u043b\u044c\u0434 (1878-1916) \u0438 \u0414\u041e\u0440\u043e\u0442\u0435\u044f-\u041c\u0430\u0440\u0438\u044f (1881-1967)\n \u041c\u0430\u0440\u0438\u044f\n\n\nDate\n\ncirca 1886date QS:P,+1886-00-00T00:00:00Z/9,P1480,Q5727902\n\n\nSource\n\nhttp://www.theroyalforums.com/forums/f159/princess-louise-duchess-of-saxxe-coburg-gotha-1858-1924-a-13810.html\n\n\nAuthor\n\nUnknown authorUnknown author\n\n\n"}]