[{"url": "https://commons.wikimedia.org/wiki/File:2016-08-24_D3_3975_Q_3_O_BD_K1_Musee_de_l_armee_KLM_MRA_K2_Comte_de_Flandres_K3_K4.jpg", "metadata": {"og:image": "https://upload.wikimedia.org/wikipedia/commons/thumb/9/95/2016-08-24_D3_3975_Q_3_O_BD_K1_Musee_de_l_armee_KLM_MRA_K2_Comte_de_Flandres_K3_K4.jpg/640px-2016-08-24_D3_3975_Q_3_O_BD_K1_Musee_de_l_armee_KLM_MRA_K2_Comte_de_Flandres_K3_K4.jpg", "og:image:width": "640", "og:image:height": "960", "og:title": "File:2016-08-24 D3 3975 Q 3 O BD K1 Musee de l armee KLM MRA K2 Comte de Flandres K3 K4.jpg - Wikimedia Commons", "og:type": "website"}, "text": "\n\n\nDescription2016-08-24 D3 3975 Q 3 O BD K1 Musee de l armee KLM MRA K2 Comte de Flandres K3 K4.jpg\n\n\n\n\n\n\nThis is a file created at the museum: Royal Museum of the Armed Forces and of Military History in Brussels \nEnglish:  Bust of H.R.H. Prince Philippe, Count of Flanders in 1855. He wears the uniform of the Guides and the Grand Cordon breast star and sash of the Order of Leopold.\n\n\nDate\n\n24 August 2016, 13:35:43\n\n\nSource\n\nOwn work\n\n\nAuthor\n\nIod1889\n\nsculptor: Joseph Jacques Ducaju\n\n\n"}, {"url": "https://commons.wikimedia.org/wiki/File:Bruxelles_%C3%A0_travers_les_%C3%A2ges_(1884)_(14740788246).jpg", "metadata": {"og:image": "https://upload.wikimedia.org/wikipedia/commons/thumb/1/1d/Bruxelles_%C3%A0_travers_les_%C3%A2ges_%281884%29_%2814740788246%29.jpg/640px-Bruxelles_%C3%A0_travers_les_%C3%A2ges_%281884%29_%2814740788246%29.jpg", "og:image:width": "640", "og:image:height": "748", "og:title": "File:Bruxelles \u00e0 travers les \u00e2ges (1884) (14740788246).jpg - Wikimedia Commons", "og:type": "website"}, "text": "\n\n\nDescriptionBruxelles \u00e0 travers les \u00e2ges (1884) (14740788246).jpg\n\nEnglish:  \nIdentifier: bruxellestravers03hyma (find matches)\nTitle: Bruxelles \u00e0 travers les \u00e2ges\nYear: 1884 (1880s)\nAuthors:  Hymans, Louis Salomon, 1829-1884 Hymans, Henri, 1836-1912 Hymans, Paul, 1865-1941\nSubjects: Le Duc de Brabant, Le Comte de Flandre and La Princesse Charlotte,   children of the first Belgian, king Leopold the First (1790-1865) and of Marie-Louise d'Orleans (1812-1850), daughter of Louis-Philippe, King of France. The duke of Brabant is the future Leopold the Second (1835 - 1909), his brother Prince Philippe, Count de Flandre (1837-1905) and his sister the Princess Charlotte (1840-1927), the future Empress of Mexico. \nPublisher:  Bruxelles\u00a0: Bruylant-Christophe\nContributing Library:  Getty Research Institute\nDigitizing Sponsor:  Getty Research Institute\n\nView Book Page: Book Viewer\nAbout This Book: Catalog Entry\nView All Images: All Images From Book\nClick here to view book online to see this illustration in context in a browseable online version of this book.\n\nText Appearing Before Image:\nIer mars 1848 :La libert\u00e9 pour faire le tour du monde ne doit plus paner par la Belgique.R\u00e9duction de la lithographie de Stroobant, dapr\u00e8s Meganck. allaient saffermir au sol et y pousser profond\u00e9ment leurs racines, la France, aucontraire, devait, deux ans plus tard, assister \u00e0 leur effondrement dans le tapagedune \u00e9meute absurde. Lalarme fut vive \u00e0 Bruxelles quand on y apprit les \u00e9v\u00e9nements du 24 f\u00e9vrier 1848.On eut peur\u2014 et cet effroi sexplique \u2014 de la contagion r\u00e9volutionnaire qui semblait,avec la rapidit\u00e9 foudroyante dun fl\u00e9au, sabattre sur toute lEurope. Mais les m\u00e9con-tents \u00e9taient rares en Belgique; les revendications populaires nauraient point eudobjet, et les d\u00e9clamations sonores qui flattent loreille des Parisiens et les fontdociles \u00e0 tous les entra\u00eenements nont jamais \u00e9t\u00e9 fort applaudies chez nous. L\u00e9cho de la r\u00e9volution mit du temps \u00e0 atteindre Bruxelles. DUC DE BRABANT ET LE COMTE DE FLANDRE I 1843 ). R\u00e9duction de la lithographie de C. Baugniet.\nText Appearing After Image:\nLe duc de Brabant, le comte de Flandre et la princesse Charlotte.R\u00e9duction de la lithographie faite dapr\u00e8s nature par C. Baugniet. 366 BRUXELLES MODERNE. Le 24 f\u00e9vrier, alors que d\u00e9j\u00e0 le sort de la monarchie de juillet \u00e9tait tranch\u00e9,M. Fr\u00e8re-Orban, le jeune ministre des travaux publics, donnait un bal \u00e0 son h\u00f4tel.Les salons \u00e9taient pleins de fleurs, lassistance nombreuse et brillante. LorchestreSacr\u00e9 jouait de ses plus jolies valses. Tout \u00e0 coup le bruit se r\u00e9pandit que lasituation que lon savait assez tendue \u00e0 Paris s\u00e9tait brusquement aggrav\u00e9e. Des historiens ont racont\u00e9 que la nouvelle de la chute de Louis-Philippe arriva cesoir-l\u00e0 au gouvernement. Cest une affirmation dont diff\u00e9rents faits attestent linexac-titude. Voici, en effet, dans quels termes lInd\u00e9pendance (num\u00e9ro du 25 f\u00e9vrier), dansun article dat\u00e9 du jeudi 24 f\u00e9vrier \u00e0 minuit, enregistre les rumeurs qui se colportaienten ville et, dans la soir\u00e9e m\u00eame, au bal du minist\u00e8re\u00a0: \u00ab\u00a0Le convoi de Paris\n\nNote About Images\n\nPlease note that these images are extracted from scanned page images that may have been digitally enhanced for readability - coloration and appearance of these illustrations may not perfectly resemble the original work.\n\n\nDate\n\n1884\n\n\nSource\n\nhttps://www.flickr.com/photos/internetarchivebookimages/14740788246/\n\nSource book page: https://archive.org/stream/bruxellestravers03hyma/bruxellestravers03hyma#page/n400/mode/1up\n\n\nAuthor\n\nInternet Archive Book Images\n\n\nPermission(Reusing this file)\n\nAt the time of upload, the image license was automatically confirmed using the Flickr API. For more information see Flickr API detail.\n\nVolumeInfoField3\nFlickr tagsInfoField\nbookid:bruxellestravers03hyma\nbookyear:1884\nbookdecade:1880\nbookcentury:1800\nbookauthor:Hymans__Louis_Salomon__1829_1884\nbookauthor:Hymans__Henri__1836_1912\nbookauthor:Hymans__Paul__1865_1941\nbookpublisher:Bruxelles___Bruylant_Christophe\nbookcontributor:Getty_Research_Institute\nbooksponsor:Getty_Research_Institute\nbookleafnumber:400\nbookcollection:getty\nbookcollection:americana\n\nFlickr posted dateInfoField28 July 2014\n\n\n"}, {"url": "https://commons.wikimedia.org/wiki/File:Bruxelles_%C3%A0_travers_les_%C3%A2ges_(1884)_(14763795395).jpg", "metadata": {"og:image": "https://upload.wikimedia.org/wikipedia/commons/thumb/a/a9/Bruxelles_%C3%A0_travers_les_%C3%A2ges_%281884%29_%2814763795395%29.jpg/640px-Bruxelles_%C3%A0_travers_les_%C3%A2ges_%281884%29_%2814763795395%29.jpg", "og:image:width": "640", "og:image:height": "719", "og:title": "File:Bruxelles \u00e0 travers les \u00e2ges (1884) (14763795395).jpg - Wikimedia Commons", "og:type": "website"}, "text": "\n\n\nDescriptionBruxelles \u00e0 travers les \u00e2ges (1884) (14763795395).jpg\n\nEnglish:  \nIdentifier: bruxellestravers03hyma (find matches)\nTitle: Bruxelles \u00e0 travers les \u00e2ges\nYear: 1884 (1880s)\nAuthors:  Hymans, Louis Salomon, 1829-1884 Hymans, Henri, 1836-1912 Hymans, Paul, 1865-1941\nSubjects: \nPublisher:  Bruxelles\u00a0: Bruylant-Christophe\nContributing Library:  Getty Research Institute\nDigitizing Sponsor:  Getty Research Institute\n\nView Book Page: Book Viewer\nAbout This Book: Catalog Entry\nView All Images: All Images From Book\nClick here to view book online to see this illustration in context in a browseable online version of this book.\n\nText Appearing Before Image:\npar un Congr\u00e8s constituant, organe des v\u0153ux du peuple belge et nomm\u00e9 par unnombre immense d'\u00e9lecteurs, convenait \u00e0 la Belgique, puisquelle \u00e9tait son \u0153uvre;que nous poss\u00e9dions une r\u00e9publique dans laquelle toutes les libert\u00e9s les plus larges\u00e9taient garanties, et qua'ucun changement dans la Constitution ne semblait r\u00e9clam\u00e9par l'opinion publique.\u00a0\u00bbNous avons tenu \u00e0 reproduire int\u00e9gralement cette correspondance, parce qu'elle fitsensation dans tout le monde politique europ\u00e9en. Les sentiments, les paroles quellepr\u00eatait au souverain belge furent consid\u00e9r\u00e9s \u00e0 la fois comme le signe d'une grande(1) Le r\u00e9cit r\u00e9cemment publi\u00e9 auquel nous faisons allusion plus haut est donc \u00e9videmment inexact.CHAPITRE III. 371\u00e0me et d'un politique p\u00e9n\u00e9trant. Et la popularit\u00e9 de L\u00e9opold s'en accrut, fortifi\u00e9ed'une nouvelle estime et embellie par ce d\u00e9sint\u00e9ressement de monarque qui offraitde se retirer, sans qu'on le lui demand\u00e2t, pour le bien de son pays.Dans la l\u00e9gende qui se forma aussit\u00f4t autour de cette mise en sc\u00e8ne habilement\nText Appearing After Image:\nVIVE LE ROI! VIVENT LES PRINCES!Fac-simil\u00e9 d'une lithographie publi\u00e9e par Tessaro, \u00e0 l'occasion de la revue pass\u00e9e le 23 septembre 1848.figur\u00e9e par le correspondant des D\u00e9bats, le langage du roi se concr\u00e9ta en quelquesphrases concises, qui devinrent populaires. Pour les uns, le roi avait dit\u00a0: \u00ab\u00a0Jaiaccept\u00e9 la couronne que la Belgique ma librement offerte q'uand elle croyait laforme monarchique utile \u00e0 son existence au sein de l'Europe monarchique; que si,en pr\u00e9sence des \u00e9v\u00e9nements qui s'accomplissent, le pays juge une autre formepr\u00e9f\u00e9rable, je n'entends nullement faire opposition au v\u0153u national.\u00a0\u00bbPour d'autres, il avait dit\u00a0: * Si la nation veut donner \u00e0 son gouvernement une372 BRUXELLES MODERNE. SI.forme r\u00e9publicaine, je ne serai pas un obstacle, mais si le pays d\u00e9sire que le tr\u00f4neconstitutionnel reste debout, je le d\u00e9fendrai jusqu'\u00e0 la derni\u00e8re extr\u00e9mit\u00e9.\u00a0\u00bbCeci est la version de M. Thonissen, le seul historien du premier r\u00e8gne qui accueille sans r\u00e9serve ler\u00e9cit du correspondantdes D\u00e9bats.\n\nNote About Images\n\nPlease note that these images are extracted from scanned page images that may have been digitally enhanced for readability - coloration and appearance of these illustrations may not perfectly resemble the original work.\n\n\nDate\n\n1884\n\n\nSource\n\nhttps://www.flickr.com/photos/internetarchivebookimages/14763795395/\n\nSource book page: https://archive.org/stream/bruxellestravers03hyma/bruxellestravers03hyma#page/n406/mode/1up\n\n\nAuthor\n\nInternet Archive Book Images\n\n\nPermission(Reusing this file)\n\nAt the time of upload, the image license was automatically confirmed using the Flickr API. For more information see Flickr API detail.\n\nVolumeInfoField3\nFlickr tagsInfoField\nbookid:bruxellestravers03hyma\nbookyear:1884\nbookdecade:1880\nbookcentury:1800\nbookauthor:Hymans__Louis_Salomon__1829_1884\nbookauthor:Hymans__Henri__1836_1912\nbookauthor:Hymans__Paul__1865_1941\nbookpublisher:Bruxelles___Bruylant_Christophe\nbookcontributor:Getty_Research_Institute\nbooksponsor:Getty_Research_Institute\nbookleafnumber:406\nbookcollection:getty\nbookcollection:americana\n\nFlickr posted dateInfoField28 July 2014\n\n\n"}, {"url": "https://commons.wikimedia.org/wiki/File:Bruxelles_%C3%A0_travers_les_%C3%A2ges_(1884)_(14783657253).jpg", "metadata": {"og:image": "https://upload.wikimedia.org/wikipedia/commons/thumb/b/b5/Bruxelles_%C3%A0_travers_les_%C3%A2ges_%281884%29_%2814783657253%29.jpg/640px-Bruxelles_%C3%A0_travers_les_%C3%A2ges_%281884%29_%2814783657253%29.jpg", "og:image:width": "640", "og:image:height": "895", "og:title": "File:Bruxelles \u00e0 travers les \u00e2ges (1884) (14783657253).jpg - Wikimedia Commons", "og:type": "website"}, "text": "\n\n\nDescriptionBruxelles \u00e0 travers les \u00e2ges (1884) (14783657253).jpg\n\nFran\u00e7ais\u00a0:  Philippe Comte de FlandreEnglish:  Philippe, Count of Flanders. He wears the uniform of the Guides and the Grand Cordon breast star and sash of the Order of Leopold.\nIdentifier: bruxellestravers03hyma (find matches)\nTitle: Bruxelles \u00e0 travers les \u00e2ges\nYear: 1884 (1880s)\nAuthors:  Hymans, Louis Salomon, 1829-1884 Hymans, Henri, 1836-1912 Hymans, Paul, 1865-1941\nSubjects: Prince Philippe, Count of Flanders\nPublisher:  Bruxelles\u00a0: Bruylant-Christophe\nContributing Library:  Getty Research Institute\nDigitizing Sponsor:  Getty Research Institute\n\nView Book Page: Book Viewer\nAbout This Book: Catalog Entry\nView All Images: All Images From Book\nClick here to view book online to see this illustration in context in a browseable online version of this book.\n\nText Appearing Before Image:\nFFRANT DE FAIRE LE SACRIFICE DE SA COURONNE. R\u00e9duction de la lithographie de Borremans, dapr\u00e8s A. Spol. mation. Dans un article dat\u00e9 de une heure, lInd\u00e9pendance dit que le convoi quidevait quitter Paris le 24 au soir nest pas arriv\u00e9 le matin \u00e0 Bruxelles. Celui deQui\u00e9vrain napporte pas de correspondances. Un train arrive de Lille, mais \u00e0 Lillem\u00eame on ne sait rien de pr\u00e9cis. Enfin, dans son num\u00e9ro du 27 f\u00e9vrier, dat\u00e9 du 26,quatre heures du matin, lInd\u00e9pendance publie la relation compl\u00e8te de la r\u00e9volutiondu 24. Des voyageurs de Paris ont d\u00e9barqu\u00e9 \u00e0 la gare, et la poste a transmis lesjournaux et la correspondance. Sur linqui\u00e9tude m\u00eal\u00e9e de curiosit\u00e9 qui avait envahi Bruxelles, et les premi\u00e8resimpressions produites par la nouvelle, attendue et cependant presque inopin\u00e9e tantelle semblait effrayante, de la proclamation de la r\u00e9publique en France, une lettre Le duc de Brabant, lann\u00e9e de sa majorit\u00e9 (i853).Fac-simil\u00e9 de la gravure de D. Desvachez, dapr\u00e8s Schubert.\nText Appearing After Image:\nPhilippe comte de Flandre.Dapr\u00e8s le portrait lithographi\u00e9 par Schubert en i855 47 370 BRUXELLES MODERNE. adress\u00e9e au Journal des D\u00e9bats par Philippe Bourson, donna dint\u00e9ressants d\u00e9tails.Dat\u00e9e du 29 f\u00e9vrier, elle par\u00e2t dans le num\u00e9ro du 2 mars. La voici\u00a0: - Lanxi\u00e9t\u00e9 la plus vive a r\u00e9gn\u00e9 \u00e0 Bruxelles pendant que sop\u00e9rait votre grander\u00e9volution. Nous \u00e9tions sans nouvelles directes. Mille bruits divers couraientpartout. Ils se d\u00e9mentaient les uns les autres. Le 25, nous avons \u00e9t\u00e9 compl\u00e8tementsans nouvelles (1). Nous savions seulement que le combat avait recommenc\u00e9 dans lasoir\u00e9e du 23. Le soir, une locomotive sp\u00e9ciale a amen\u00e9 dans la station du Midi unemploy\u00e9 des postes qui avait \u00e9t\u00e9 envoy\u00e9 \u00e0 Valenciennes. Entour\u00e9 par de nombreuxassistants, il a r\u00e9pondu que tout \u00e9tait fini, que les choses allaient bien, et sestd\u00e9rob\u00e9 aux interrogations en s\u00e9lan\u00e7ant dans une voiture qui sest rendue au galopau minist\u00e8re de la guerre. La contenance peu assur\u00e9e de cet emp\n\nNote About Images\n\nPlease note that these images are extracted from scanned page images that may have been digitally enhanced for readability - coloration and appearance of these illustrations may not perfectly resemble the original work.\n\n\nDate\n\n1884\n\n\nSource\n\nhttps://www.flickr.com/photos/internetarchivebookimages/14783657253/\n\nSource book page: https://archive.org/stream/bruxellestravers03hyma/bruxellestravers03hyma#page/n404/mode/1up\n\n\nAuthor\n\nInternet Archive Book Images\n\n\nPermission(Reusing this file)\n\nAt the time of upload, the image license was automatically confirmed using the Flickr API. For more information see Flickr API detail.\n\nVolumeInfoField3\nFlickr tagsInfoField\nbookid:bruxellestravers03hyma\nbookyear:1884\nbookdecade:1880\nbookcentury:1800\nbookauthor:Hymans__Louis_Salomon__1829_1884\nbookauthor:Hymans__Henri__1836_1912\nbookauthor:Hymans__Paul__1865_1941\nbookpublisher:Bruxelles___Bruylant_Christophe\nbookcontributor:Getty_Research_Institute\nbooksponsor:Getty_Research_Institute\nbookleafnumber:404\nbookcollection:getty\nbookcollection:americana\n\nFlickr posted dateInfoField28 July 2014\n\n\n"}, {"url": "https://commons.wikimedia.org/wiki/File:Comte_de_Flandre_Richir.jpg", "metadata": {"og:image": "https://upload.wikimedia.org/wikipedia/commons/6/6a/Comte_de_Flandre_Richir.jpg", "og:image:width": "640", "og:image:height": "939", "og:title": "File:Comte de Flandre Richir.jpg - Wikimedia Commons", "og:type": "website"}, "text": "\n\n\nDescriptionComte de Flandre Richir.jpg\n\nFran\u00e7ais\u00a0:  Philippe comte de Flandre par Herman Richir (1906)\n\n\nDate\n\n1 January 1906\n\n\nSource\n\nSelf-scanned\n\n\nAuthor\n\nUnknown authorUnknown author\n\n\n"}, {"url": "https://commons.wikimedia.org/wiki/File:Contele_Filip_DeFlandra.jpg", "metadata": {"og:image": "https://upload.wikimedia.org/wikipedia/commons/5/5f/Contele_Filip_DeFlandra.jpg", "og:image:width": "640", "og:image:height": "893", "og:title": "File:Contele Filip DeFlandra.jpg - Wikimedia Commons", "og:type": "website"}, "text": "\n\n\nDescriptionContele Filip DeFlandra.jpg\n\nRom\u00e2n\u0103:  Contele Filip DeFlandra\n\n\nDate\n\nUnknown dateUnknown date\n\n\nSource\n\nRomanian Encyclopaedia of 1938\nColec\u021bie Academia Rom\u00e2n\u0103\n\n\nAuthor\n\nUnknown authorUnknown author\n\n\nPermission(Reusing this file)\n\n\n\nPublic domainPublic domainfalsefalse\n\n\n\n\n\nThis file is in the public domain because according to Decree nr. 321/1956 of Popular Republic of Romania\n\n This template must not be used to dedicate an uploader's own work to the public domain; CC0 should be used instead.\n\nThis work must carry justifications for free usability in both the United States and its country of origin.\n\n\n\n"}, {"url": "https://commons.wikimedia.org/wiki/File:De_Graaf_van_Vlaanderen.jpg", "metadata": {"og:image": "https://upload.wikimedia.org/wikipedia/commons/thumb/6/6c/De_Graaf_van_Vlaanderen.jpg/640px-De_Graaf_van_Vlaanderen.jpg", "og:image:width": "640", "og:image:height": "917", "og:title": "File:De Graaf van Vlaanderen.jpg - Wikimedia Commons", "og:type": "website"}, "text": "\n\n\n\nLievin de Winne: Prince Philippe, count of Flanders\n\u00a0\u00a0\n\n\nArtist\n\n\n\n\n\n\nLievin de Winne\n\u00a0(1821\u20131880)\u00a0\u00a0 \u00a0\n\n\nAlternative names\n\nLe\u00e9vin de Winne; Lievin De Winne; Li\u00e9vin De Winne; Li\u00e9vin de Winne; Leevin de Winne; Li\u00e9ven De Winne\n\nDescription\nBelgian painter\n\nDate of birth/death\n\n24 January 1821\u00a0\n13 May 1880\u00a0\n\nLocation of birth/death\n\nGhent\nCity of Brussels\n\nWork location\n\nGhent, Paris (1852-1855)\n\nAuthority file\n\n: Q713128\nVIAF:\u200995959495\nISNI:\u20090000000069134913\nULAN:\u2009500042641\nGND:\u2009174289618\nRKD:\u200921172\n\n\n\nartist QS:P170,Q713128\n\n\nTitle\n\n\nDutch:  Portret van Filip, graaf van Vlaanderen\u00a0prince Philippe, count of Flanderslabel QS:Len,\"prince Philippe, count of Flanders\"\n\n\nObject type\n\npaintingobject_type QS:P31,Q3305213\n\n\nGenre\n\nportrait\u00a0\n\n\nMedium\n\noilmedium QS:P186,Q296955\n\n\nDimensions\n\nheight: 133 cm (52.3 in); width: 91 cm (35.8 in)dimensions QS:P2048,133U174728dimensions QS:P2049,91U174728\n\n\nCollection\n\n\n\n\nRoyal Collection of Belgium\n\u00a0\u00a0\n\n\n\n\n\nNative name\nKoninklijke Verzameling\n\nLocation\nCity of Brussels\n\nWebsite\nwww.monarchie.be/de/monarchie/zivilliste/konigliche-sammlung\u00a0\n\nAuthority file\n\n: Q2536986\n\n\n\ninstitution QS:P195,Q2536986\n\n\nAccession number\n\n\n2707 (Royal Collection of Belgium)\u00a0\n\n\nReferences\n\nBALaT object ID:  20023138\u00a0\n\n\nSource/Photographer\n\nUnknown sourceUnknown source\n\n\n"}, {"url": "https://commons.wikimedia.org/wiki/File:Drawing_of_the_family_of_King_Leopold_I_of_Belgium.jpg", "metadata": {"og:image": "https://upload.wikimedia.org/wikipedia/commons/thumb/7/70/Drawing_of_the_family_of_King_Leopold_I_of_Belgium.jpg/640px-Drawing_of_the_family_of_King_Leopold_I_of_Belgium.jpg", "og:image:width": "640", "og:image:height": "551", "og:title": "File:Drawing of the family of King Leopold I of Belgium.jpg - Wikimedia Commons", "og:type": "website"}, "text": "\n\n\nDescriptionDrawing of the family of King Leopold I of Belgium.jpg\n\nKing Leopold I of Belgium and family\n\n\nDate\n\ncirca 1850date QS:P,+1850-00-00T00:00:00Z/9,P1480,Q5727902\n\n\nSource\n\nPhoto (Georges Jansoone) of a drawing\n\n\nAuthor\n\n\n\n\n\nCharles Baugniet\n\u00a0(1814\u20131886)\u00a0\u00a0 \u00a0\n\n\n\n\n\nDescription\nBelgian painter, drawer, lithographer and etcher\n\nDate of birth/death\n\n27 February 1814\u00a0\n5 July 1886\u00a0\n\nLocation of birth/death\n\nCity of Brussels\nS\u00e8vres\n\nWork location\n\nCity of Brussels (1829-1843), London (June 1843-....), Paris (1860)\n\nAuthority file\n\n: Q2957574\nVIAF:\u200954411824\nISNI:\u20090000000066583035\nULAN:\u2009500003302\nLCCN:\u2009n97874029\nNLA:\u200935771119\nWorldCat\n\n\n\ncreator QS:P170,Q2957574\n\n\n"}, {"url": "https://commons.wikimedia.org/wiki/File:Filip_de_Flandra.jpg", "metadata": {"og:image": "https://upload.wikimedia.org/wikipedia/commons/c/cb/Filip_de_Flandra.jpg", "og:image:width": "640", "og:image:height": "880", "og:title": "File:Filip de Flandra.jpg - Wikimedia Commons", "og:type": "website"}, "text": "\n\n\nDescriptionFilip de Flandra.jpg\n\nEnglish:  Prince Philippe, Count of Flanders\n\n\nDate\n\nThis photo was published in 1937.\n\n\nSource\n\nIoan Lupa\u0219, Istoria unirii rom\u00e2nilor, Funda\u0163ia cultural\u0103 regal\u0103 \"Principele Carol\", Bucure\u0219ti, 1937, p. XXXV.\n\n\nAuthor\n\nUnknown authorUnknown author\n\n\n"}, {"url": "https://commons.wikimedia.org/wiki/File:Filips,_Graaf_van_Vlaanderen.jpg", "metadata": {"og:image": "https://upload.wikimedia.org/wikipedia/commons/3/3f/Filips%2C_Graaf_van_Vlaanderen.jpg", "og:image:width": "640", "og:image:height": "937", "og:title": "File:Filips, Graaf van Vlaanderen.jpg - Wikimedia Commons", "og:type": "website"}, "text": "\n\n\nDescriptionFilips, Graaf van Vlaanderen.jpg\n\nNederlands:  Filips van Belgi\u00eb.\n\n\nDate\n\n1858\n\n\nSource\n\nUnknown sourceUnknown source\n\n\nAuthor\n\n\n\n\n\nJean-Fran\u00e7ois Portaels\n\u00a0(1818\u20131895)\u00a0\u00a0 \u00a0\n\n\n\n\n\nAlternative names\n\nJan Frans Portaels\n\nDescription\nBelgian painter and teacher\n\nDate of birth/death\n\n3 April 1818\u00a0\n8 February 1895\u00a0\n\nLocation of birth/death\n\nVilvoorde\nSchaerbeek\n\nWork location\n\nCity of Brussels (1841), Paris (1841), Florence (July 1853-August 1843, August 1844-September 1844), Morocco (1844-1847), Egypt\n\nAuthority file\n\n: Q919158\nVIAF:\u200959868466\nISNI:\u20090000000066779716\nULAN:\u2009500027219\nLCCN:\u2009n80068339\nDBNL:\u2009port039\nWorldCat\n\n\n\ncreator QS:P170,Q919158\n\n\nOther versions\n\n\n\n\n\n\n\n\n\n"}, {"url": "https://commons.wikimedia.org/wiki/File:Franz_Xaver_Winterhalter_-_Philippe_de_Belgique,_Comte_de_Flanders_(1837-1905).jpg", "metadata": {"og:image": "https://upload.wikimedia.org/wikipedia/commons/thumb/4/44/Franz_Xaver_Winterhalter_-_Philippe_de_Belgique%2C_Comte_de_Flanders_%281837-1905%29.jpg/640px-Franz_Xaver_Winterhalter_-_Philippe_de_Belgique%2C_Comte_de_Flanders_%281837-1905%29.jpg", "og:image:width": "640", "og:image:height": "903", "og:title": "File:Franz Xaver Winterhalter - Philippe de Belgique, Comte de Flanders (1837-1905).jpg - Wikimedia Commons", "og:type": "website"}, "text": "\n\n\n\nFranz Xaver Winterhalter: Portrait of Prince Philippe, Count of Flanders\n\u00a0\u00a0\n\n\nArtist\n\n\n\n\n\n\nFranz Xaver Winterhalter\n\u00a0(1805\u20131873)\u00a0\u00a0 \u00a0\n\n\n\n\n\nDescription\nGerman- painter, lithographer, drawer, portrait painter and visual artist\n\nDate of birth/death\n\n20 April 1805\u00a0\n8 July 1873\u00a0\n\nLocation of birth/death\n\nMenzenschwand\nFrankfurt\n\nWork period\n1863\u00a0\n\nWork location\n\nParis; Belgium; Freiburg im Breisgau; Karlsruhe; Munich; Kingdom of Italy; Russia; Spain; United Kingdom of Great Britain and Ireland\u00a0\n\nAuthority file\n\n: Q168659\nVIAF:\u200936949805\nISNI:\u20090000000116211257\nULAN:\u2009500007953\nLCCN:\u2009nr88006766\nWGA:\u2009w/winterhx\nWorldCat\n\n\n\ncreator QS:P170,Q168659\u00a0\n\n\nTitle\n\n\nDutch:  Portret van Prins Philippe Graaf van Vlaanderen\u00a0Portrait of Prince Philippe, Count of Flanderstitle QS:P1476,nl:\"Portret van Prins Philippe Graaf van Vlaanderen\u00a0\"\nlabel QS:Lnl,\"Portret van Prins Philippe Graaf van Vlaanderen\u00a0\"\nlabel QS:Len,\"Portrait of Prince Philippe, Count of Flanders\"\nlabel QS:Lfr,\"Portrait du prince Philippe, comte de Flandre\"\n\n\nObject type\n\npainting\u00a0\n\n\nGenre\n\nportrait\u00a0\n\n\nDepicted people\n\nPrince Philippe, Count of Flanders\u00a0\n\n\nDate\n\n1844\u00a0\n\n\nMedium\n\noil  on  canvas\u00a0\n\n\nDimensions\n\nheight: 193 cm (75.9 in)\u00a0; width: 99 cm (38.9 in)\u00a0dimensions QS:P2048,+193U174728dimensions QS:P2049,+99U174728\n\n\nCollection\n\n\n\n\nRoyal Collection of Belgium\n\u00a0\u00a0\n\n\n\n\n\nNative name\nKoninklijke Verzameling\n\nLocation\nCity of Brussels\n\nWebsite\nwww.monarchie.be/de/monarchie/zivilliste/konigliche-sammlung\u00a0\n\nAuthority file\n\n: Q2536986\n\n\n\ninstitution QS:P195,Q2536986\n\n\n\nCurrent location\n\n\n\n\n\nRoyal Castle of Laeken\n\u00a0\n\n\n\n\n\nLocation\nCity of Brussels\u00a0, Belgium\n\nCoordinates\n50\u00b0\u00a053\u2032\u00a011\u2033\u00a0N, 4\u00b0\u00a021\u2032\u00a035\u2033\u00a0E  \u00a0\n\nEstablished\n1784\u00a0\n\nAuthority file\n\n: Q1542585\nVIAF:\u2009316732724\nLCCN:\u2009sh92003314\nBNE:\u2009XX205401\nJ9U:\u2009987007289788405171\nWorldCat\n\n\n\ninstitution QS:P195,Q1542585\n\n\nAccession number\n\n\n0106TA (Royal Collection of Belgium)\u00a0\n\n\nReferences\n\nBALaT object ID:  20034478\u00a0\n\n\nSource/Photographer\n\nPossibly balat.kikirpa.be\n\n\n"}, {"url": "https://commons.wikimedia.org/wiki/File:La_princesse_Charlotte_de_Belgique_et_ses_deux_fr%C3%A8res.jpg", "metadata": {"og:image": "https://upload.wikimedia.org/wikipedia/commons/thumb/5/56/La_princesse_Charlotte_de_Belgique_et_ses_deux_fr%C3%A8res.jpg/640px-La_princesse_Charlotte_de_Belgique_et_ses_deux_fr%C3%A8res.jpg", "og:image:width": "640", "og:image:height": "739", "og:title": "File:La princesse Charlotte de Belgique et ses deux fr\u00e8res.jpg - Wikimedia Commons", "og:type": "website"}, "text": "\n\n\n\nThe Royal Children of Belgium\n\n\n\nArtist\n\n\nengraver:\n\n\n\nFrederick James Smyth\n\u00a0(fl. 1841\u20131867)\u00a0\u00a0 \u00a0\n\n\nAlternative names\n\nSmyth\n\nDescription\nengraver and illustrator\n\nWork period\n1841\u00a0\u20131867\u00a0\n\nAuthority file\n\n: Q52231668\n\n\n\nartist QS:P170,Q52231668 drawer \n\n\n\nAfter Charles Baugniet\n\u00a0(1814\u20131886)\u00a0\u00a0 \u00a0\n\n\n\n\n\nDescription\nBelgian painter, drawer, lithographer and etcher\n\nDate of birth/death\n\n27 February 1814\u00a0\n5 July 1886\u00a0\n\nLocation of birth/death\n\nCity of Brussels\nS\u00e8vres\n\nWork location\n\nCity of Brussels (1829-1843), London (June 1843-....), Paris (1860)\n\nAuthority file\n\n: Q2957574\nVIAF:\u200954411824\nISNI:\u20090000000066583035\nULAN:\u2009500003302\nLCCN:\u2009n97874029\nNLA:\u200935771119\nWorldCat\n\n\n\nartist QS:P170,Q4233718,P1877,Q2957574 (painting):\n\n\n\nAfter Franz Xaver Winterhalter\n\u00a0(1805\u20131873)\u00a0\u00a0 \u00a0\n\n\n\n\n\nDescription\nGerman- painter, lithographer, drawer, portrait painter and visual artist\n\nDate of birth/death\n\n20 April 1805\u00a0\n8 July 1873\u00a0\n\nLocation of birth/death\n\nMenzenschwand\nFrankfurt\n\nWork period\n1863\u00a0\n\nWork location\n\nParis; Belgium; Freiburg im Breisgau; Karlsruhe; Munich; Kingdom of Italy; Russia; Spain; United Kingdom of Great Britain and Ireland\u00a0\n\nAuthority file\n\n: Q168659\nVIAF:\u200936949805\nISNI:\u20090000000116211257\nULAN:\u2009500007953\nLCCN:\u2009nr88006766\nWGA:\u2009w/winterhx\nWorldCat\n\n\n\nartist QS:P170,Q4233718,P1877,Q168659\n\n\nAuthor\n\n\nThe Illustrated London News\n\n\nTitle\n\n\nThe Royal Children of Belgium\n\n\nDescription\n\n\nEnglish:  The Royal Children of Belgium\nFran\u00e7ais\u00a0:  La princesse Charlotte de Belgique et ses deux fr\u00e8res. \u2014 De gauche \u00e0 droite\u00a0: le prince L\u00e9opold, duc de Brabant, futur roi L\u00e9opold\u00a0II, en uniforme de sous-lieutenant des Grenadiers\u00a0; le prince Philippe, comte de Flandre, en uniforme de sous-lieutenant des Guides\u00a0; la princesse Charlotte, future imp\u00e9ratrice du Mexique. Uniforme de Grenadier\u00a0: tunique et pantalon bleu\u00a0; col et rayure du pantalon rouge. Uniforme de Guide\u00a0: tunique et pantalon vert\u00a0; col vert avec passepoil rouge\u00a0; rayure du pantalon rouge\u00a0; plastron rouge sur le devant de la tunique.\n\n\nDate\n\n12 July 1851date QS:P571,+1851-07-12T00:00:00Z/11\n\n\nSource/Photographer\n\nThe Illustrated London News (United Kingdom), 12 July 1851, p.\u00a041/1.\n\nTechniqueInfoFieldwood engraving print\n\nSizeInfoFieldheight: 21 cm (8.2 in); width: 18 cm (7 in)dimensions QS:P2048,21U174728dimensions QS:P2049,18U174728\n\nInscriptionsInfoFieldSignature bottom left:  \nBaugniet\n\nSignature bottom right:  \n\nSMYTH sc\n\n\nOriginal captionInfoFieldThe royal children of Belgium. Drawn by Baugnet. Duke of Brabant. Count of Flanders. Princess Charlotte.\n\nScanned byInfoField\u00c9ric Dod\u00e9mont (Dodeeric)\n\n\n"}, {"url": "https://commons.wikimedia.org/wiki/File:Le_prince_Philippe_de_Belgique,_comte_de_Flandre_-_Gh%C3%A9mar.jpg", "metadata": {"og:image": "https://upload.wikimedia.org/wikipedia/commons/thumb/9/9b/Le_prince_Philippe_de_Belgique%2C_comte_de_Flandre_-_Gh%C3%A9mar.jpg/640px-Le_prince_Philippe_de_Belgique%2C_comte_de_Flandre_-_Gh%C3%A9mar.jpg", "og:image:width": "640", "og:image:height": "904", "og:title": "File:Le prince Philippe de Belgique, comte de Flandre - Gh\u00e9mar.jpg - Wikimedia Commons", "og:type": "website"}, "text": "\n\n\nDescriptionLe prince Philippe de Belgique, comte de Flandre - Gh\u00e9mar.jpg\n\nFran\u00e7ais\u00a0:  S.A.R. le prince Philippe de Belgique, comte de Flandre. \u2014 Le comte est en grand uniforme de g\u00e9n\u00e9ral-major de la cavalerie, tel qu\u2019il l\u2019avait rev\u00eatu lors du mariage du prince de Galles. D\u2019apr\u00e8s une photographie prise le 1er avril 1863[1]. Gravure publi\u00e9e \u00e0 l\u2019occasion de son futur mariage avec la princesse Marie de Hohenzollern-Sigmaringen qui aura lieu le 25 avril 1867.\n\n\nDate\n\n1867\n\n\nSource\n\nL\u2019Illustration (France), 2 March 1867, p.\u00a0129/1.\n\n\nAuthor\n\ndrawer: Hippolyte Louis \u00c9mile Pauquet (France, 1797-1871).\n\nAfter (photo)[2]: \n\n\n\nGh\u00e9mar Fr\u00e8res studio\n\u00a0(fl. 1882)\u00a0\u00a0 \u00a0\n\n\nAlternative names\n\nGhemar Fr\u00e8res Atelier de Photographie\n\nDescription\nBelgianGh\u00e9mar Fr\u00e8res, Photographes du Roi, 27, Rue de l'Ecuyer, Bruxelles.\nEnglish:  The photo studio of the two brothers Gh\u00e9mar was the most renowned Belgian photostudio in the period 1855\u20131870. \nIn 1855 Louis Gh\u00e9mar (1820\u20131873)[1] opened a photostudio in Brussels, next to the studio of Jules G\u00e9ruzet. \nIn the beginning Louis Gh\u00e9mar worked together with Robert S\u00e9v\u00e9rin. S\u00e9v\u00e9rin took the photos and Gh\u00e9mar made the retouches and eventually colours the photos. But S\u00e9v\u00e9rin left Brussels and was replaced by Louis Gh\u00e9mars halfbrother, L\u00e9on Auverlaux. From then on the name of the studio was changed to Gh\u00e9mar Fr\u00e8res. \n\nLouis Gh\u00e9mar died in 1873 but the studio kept the name Gh\u00e9mar Fr\u00e8res until 1894 when G\u00e9ruzet takes over the studio, including all the negatives of Gh\u00e9mar.[2]\n\nWork period\nbetween 1855 and 1894date QS:P,+1850-00-00T00:00:00Z/7,P1319,+1855-00-00T00:00:00Z/9,P1326,+1894-00-00T00:00:00Z/9\n\nWork location\n\nCity of Brussels\n\nAuthority file\n\n: Q21557453\nVIAF:\u2009158671009\nLCCN:\u2009no2007070950\nBNF:\u200915346099j\nRKD:\u2009417254\nWorldCat\n\n\n\ncreator QS:P170,Q21557453\n\n\nOther versions\n\n\n\n\nFran\u00e7ais\u00a0:  Scan original\n\n\n\nFran\u00e7ais\u00a0:  Photographie de Gh\u00e9mar fr\u00e8res l\u00e9g\u00e8rement diff\u00e9rente (bicorne au niveau du jenou)\n\n\n\nTechniqueInfoFieldwood engraving print\n\nSizeInfoFieldheight: 15 cm (5.9 in); width: 11 cm (4.3 in)dimensions QS:P2048,15U174728dimensions QS:P2049,11U174728\n\nInscriptionsInfoFieldSignature bottom left:  \nPauquet\n\nSignature center left:  \n\nC.S.\n\n\nOriginal captionInfoFieldS.A.R. le comte de Flandre. D\u2019apr\u00e8s une photographie de MM. Gh\u00e9mar fr\u00e8res.\n\nScanned byInfoField\u00c9ric Dod\u00e9mont (Dodeeric)\n\n\n"}, {"url": "https://commons.wikimedia.org/wiki/File:Le_prince_Philippe_de_Belgique,_comte_de_Flandre_-_Schubert.jpg", "metadata": {"og:image": "https://upload.wikimedia.org/wikipedia/commons/thumb/2/20/Le_prince_Philippe_de_Belgique%2C_comte_de_Flandre_-_Schubert.jpg/640px-Le_prince_Philippe_de_Belgique%2C_comte_de_Flandre_-_Schubert.jpg", "og:image:width": "640", "og:image:height": "730", "og:title": "File:Le prince Philippe de Belgique, comte de Flandre - Schubert.jpg - Wikimedia Commons", "og:type": "website"}, "text": "\n\n\nDescriptionLe prince Philippe de Belgique, comte de Flandre - Schubert.jpg\n\nFran\u00e7ais\u00a0:  S.A.R. le prince Philippe de Belgique, comte de Flandre. English:  H.R.H. Prince Philippe of Belgium, Count of Flanders. He wears the uniform of the the Cavalry and the Grand Cordon breast star and sash of the Order of Leopold. The engraving is reversed; the order's sash should be worn from the right shoulder (instead of the left as shown here), and the star should be worn on the left side.\n\n\nDate\n\n1856\n\n\nSource\n\nLouis Hymans, 25e anniversaire de l\u2019inauguration du Roi, les f\u00eates de juillet, les 21, 22 et 23 juillet 1856, Alexandre Jamar, Bruxelles, 1856, p.\u00a012.\n\n\nAuthor\n\ndrawer:\n\n\n\nJoseph Schubert\n\u00a0(1816\u20131885)\u00a0\u00a0 \u00a0\n\n\n\n\n\nDescription\nBelgian painter and visual artist\n\nDate of birth/death\n\n19 December 1816\u00a0\n25 November 1885\u00a0\n\nLocation of birth/death\n\nCity of Brussels\nIxelles - Elsene\n\nWork location\n\nCity of Brussels (1831\u20131885)\u00a0\n\nAuthority file\n\n: Q2137252\nVIAF:\u200934720711\nISNI:\u20090000000066575422\nULAN:\u2009500170717\nGND:\u20091190325128\nBNF:\u200914801224w\n\n\n\ncreator QS:P170,Q2137252 engraver: Henry Brown (1816-1870).\n\n\n"}, {"url": "https://commons.wikimedia.org/wiki/File:Le_prince_Philippe_de_Belgique,_comte_de_Flandre_-_TILN.jpg", "metadata": {"og:image": "https://upload.wikimedia.org/wikipedia/commons/thumb/8/8a/Le_prince_Philippe_de_Belgique%2C_comte_de_Flandre_-_TILN.jpg/640px-Le_prince_Philippe_de_Belgique%2C_comte_de_Flandre_-_TILN.jpg", "og:image:width": "640", "og:image:height": "712", "og:title": "File:Le prince Philippe de Belgique, comte de Flandre - TILN.jpg - Wikimedia Commons", "og:type": "website"}, "text": "\n\n\n\nPrince Philippe of Belgium, Count of Flanders\n\n\n\nArtist\n\n\n\n\n\n\nFran\u00e7ois Pannemaker\n\u00a0(1822\u20131900)\u00a0\u00a0\u00a0 \u00a0\n\n\nAlternative names\n\nAdolphe-Fran\u00e7ois Pannemaker\n\nDescription\nBelgian engraver and visual artist\n\nDate of birth/death\n\n30 July 1822\u00a0\n9 February 1900\u00a0\n\nLocation of birth/death\n\nBrussels metropolitan area\nParis\n\nWork location\n\nCity of Brussels (1836\u20131843); Paris (1855\u20131900); City of Brussels (1845\u20131855); Paris (1843\u20131845); Paris (1861)\u00a0\n\nAuthority file\n\n: Q3085503\nVIAF:\u2009288761467\nISNI:\u20090000000394340948\nULAN:\u2009500049561\nLCCN:\u2009nr90027015\nGND:\u2009129803677\nWorldCat\n\n\n\nartist QS:P170,Q3085503 \n\n\n\nAfter Gustave Gerlier\n\u00a0(1826\u20131898)\u00a0\u00a0 \u00a0\n\n\nDescription\nFrench lithographer\n\nDate of birth/death\n\n8 July 1826\u00a0\n30 September 1898\u00a0\n\nLocation of birth/death\n\nParis\n14th arrondissement of Paris\n\nAuthority file\n\n: Q60797203\nVIAF:\u2009109149414922189550149\n\n\n\nartist QS:P170,Q4233718,P1877,Q60797203\n\n\nAuthor\n\n\nThe Illustrated London News\n\n\nTitle\n\n\nPrince Philippe of Belgium, Count of Flanders\n\n\nDescription\n\n\nEnglish:  Portrait of Prince Philippe of Belgium, Count of Flanders\nFran\u00e7ais\u00a0:  S.A.R. le prince Philippe de Belgique, comte de Flandre.\n\n\nDate\n\n31 January 1857date QS:P571,+1857-01-31T00:00:00Z/11\n\n\nSource/Photographer\n\nThe Illustrated London News, 31 janvier 1857\n\n\n"}, {"url": "https://commons.wikimedia.org/wiki/File:Le_prince_Philippe_de_Belgique,_comte_de_Flandre,_et_la_princesse_Marie_de_Hohenzollern-Sigmaringen_-_Gh%C3%A9mar_-_original-scan.jpg", "metadata": {"og:image": "https://upload.wikimedia.org/wikipedia/commons/thumb/5/59/Le_prince_Philippe_de_Belgique%2C_comte_de_Flandre%2C_et_la_princesse_Marie_de_Hohenzollern-Sigmaringen_-_Gh%C3%A9mar_-_original-scan.jpg/640px-Le_prince_Philippe_de_Belgique%2C_comte_de_Flandre%2C_et_la_princesse_Marie_de_Hohenzollern-Sigmaringen_-_Gh%C3%A9mar_-_original-scan.jpg", "og:image:width": "640", "og:image:height": "493", "og:title": "File:Le prince Philippe de Belgique, comte de Flandre, et la princesse Marie de Hohenzollern-Sigmaringen - Gh\u00e9mar - original-scan.jpg - Wikimedia Commons", "og:type": "website"}, "text": "\n\n\nDescriptionLe prince Philippe de Belgique, comte de Flandre, et la princesse Marie de Hohenzollern-Sigmaringen - Gh\u00e9mar - original-scan.jpg\n\nFran\u00e7ais\u00a0:  S.A.R. le prince Philippe de Belgique, comte de Flandre. \u2014 Le comte est en grand uniforme de g\u00e9n\u00e9ral-major de la cavalerie, tel qu\u2019il l\u2019avait rev\u00eatu lors du mariage du prince de Galles. D\u2019apr\u00e8s une photographie prise le 1er avril 1863[1]. Gravure publi\u00e9e \u00e0 l\u2019occasion de son futur mariage avec la princesse Marie de Hohenzollern-Sigmaringen qui aura lieu le 25 avril 1867. \u2014 S.A.R. la princesse Marie de Hohenzollern-Sigmaringen. \u2014 Gravure publi\u00e9e \u00e0 l\u2019occasion de son futur mariage avec le prince Philippe de Belgique qui aura lieu le 25 avril 1867.\n\n\nDate\n\n1867\n\n\nSource\n\nL\u2019Illustration (France), 2 March 1867, p.\u00a0129/1.\n\n\nAuthor\n\ndrawer: Hippolyte Louis \u00c9mile Pauquet (France, 1797-1871).\n\nAfter (photo):\n\n\n\nGh\u00e9mar Fr\u00e8res studio\n\u00a0(fl. 1882)\u00a0\u00a0 \u00a0\n\n\nAlternative names\n\nGhemar Fr\u00e8res Atelier de Photographie\n\nDescription\nBelgianGh\u00e9mar Fr\u00e8res, Photographes du Roi, 27, Rue de l'Ecuyer, Bruxelles.\nEnglish:  The photo studio of the two brothers Gh\u00e9mar was the most renowned Belgian photostudio in the period 1855\u20131870. \nIn 1855 Louis Gh\u00e9mar (1820\u20131873)[1] opened a photostudio in Brussels, next to the studio of Jules G\u00e9ruzet. \nIn the beginning Louis Gh\u00e9mar worked together with Robert S\u00e9v\u00e9rin. S\u00e9v\u00e9rin took the photos and Gh\u00e9mar made the retouches and eventually colours the photos. But S\u00e9v\u00e9rin left Brussels and was replaced by Louis Gh\u00e9mars halfbrother, L\u00e9on Auverlaux. From then on the name of the studio was changed to Gh\u00e9mar Fr\u00e8res. \n\nLouis Gh\u00e9mar died in 1873 but the studio kept the name Gh\u00e9mar Fr\u00e8res until 1894 when G\u00e9ruzet takes over the studio, including all the negatives of Gh\u00e9mar.[2]\n\nWork period\nbetween 1855 and 1894date QS:P,+1850-00-00T00:00:00Z/7,P1319,+1855-00-00T00:00:00Z/9,P1326,+1894-00-00T00:00:00Z/9\n\nWork location\n\nCity of Brussels\n\nAuthority file\n\n: Q21557453\nVIAF:\u2009158671009\nLCCN:\u2009no2007070950\nBNF:\u200915346099j\nRKD:\u2009417254\nWorldCat\n\n\n\ncreator QS:P170,Q21557453\n\n\nOther versions\n\n\n\n\n\n\n\n\nFran\u00e7ais\u00a0:  Photographie de Gh\u00e9mar fr\u00e8res l\u00e9g\u00e8rement diff\u00e9rente (bicorne au niveau du jenou)\n\n\n\nTechniqueInfoFieldwood engraving print\n\nSizeInfoFieldheight: 15 cm (5.9 in); width: 11 cm (4.3 in)dimensions QS:P2048,15U174728dimensions QS:P2049,11U174728\n\nInscriptionsInfoFieldSignature bottom left:  \nPauquet\n\nSignature center left:  \n\nC.S.\n\n\nOriginal captionInfoFieldS.A.R. le comte de Flandre. D\u2019apr\u00e8s une photographie de MM. Gh\u00e9mar fr\u00e8res.\n\nScanned byInfoField\u00c9ric Dod\u00e9mont (Dodeeric)\n\n\n"}, {"url": "https://commons.wikimedia.org/wiki/File:Le_prince_Philippe_de_Belgique,_comte_de_Flandre.jpg", "metadata": {"og:image": "https://upload.wikimedia.org/wikipedia/commons/thumb/e/eb/Le_prince_Philippe_de_Belgique%2C_comte_de_Flandre.jpg/640px-Le_prince_Philippe_de_Belgique%2C_comte_de_Flandre.jpg", "og:image:width": "640", "og:image:height": "858", "og:title": "File:Le prince Philippe de Belgique, comte de Flandre.jpg - Wikimedia Commons", "og:type": "website"}, "text": "\n\n\nDescriptionLe prince Philippe de Belgique, comte de Flandre.jpg\n\nEnglish:  H.R.H. Prince Philippe of Belgium, Count of Flanders.\nFran\u00e7ais\u00a0:  S.A.R. le prince Philippe de Belgique, comte de Flandre. \u2014 Sur ce portrait, le comte de Flandre a environ 43\u00a0ans. Il porte la grande tenue de lieutenant-g\u00e9n\u00e9ral et les d\u00e9corations de grand cordon de l\u2019ordre de L\u00e9opold (ruban en \u00e9charpe et plaque de la cat\u00e9gorie militaire) [en haut], de grand-croix de l\u2019ordre de la maison Ernestine de Saxe (cat\u00e9gorie militaire) [au milieu], et de grand commandeur de l\u2019ordre royal de la maison de Hohenzollern [en bas]. Ces trois d\u00e9corations sont sans doute les plus importantes pour lui\u00a0: l\u2019ordre de L\u00e9opold est le plus important de Belgique\u00a0; l\u2019ordre de la maison de Saxe est l\u2019ordre d\u00e9cern\u00e9 par le duch\u00e9 de Saxe-Cobourg-Gotha, dont provient sa famille\u00a0; et l\u2019ordre de la maison de Hohenzollern est l\u2019ordre d\u00e9cern\u00e9 par la famille de son \u00e9pouse. \u2014 Il existe une gravure r\u00e9alis\u00e9e par Richard Brend\u2019amour (1831-1915) d'apr\u00e8s la m\u00eame photographie[1].\nNederlands:  Z.K.H. prins Filips van Belgi\u00eb, graaf van Vlaanderen.\n\n\nDate\n\n1880\n\n\nSource\n\nL\u2019Illustration nationale (Belgium), 31 October 1880, p.\u00a04.\n\n\nAuthor\n\nengraver:\n\n\n\nL\u00e9on-Louis Chapon\n\u00a0(1836\u20131919)\u00a0\u00a0 \u00a0\n\n\nAlternative names\n\nL\u00e9on Chapon\n\nDescription\nFrench printmaker and illustrator\n\nDate of birth/death\n\n5 March 1836\u00a0\n30 June 1919\u00a0\n\nLocation of birth/death\n\nformer 9th arrondissement of Paris\nL'Isle-Adam\n\nWork period\n1855\u00a0\u20131918\u00a0\n\nWork location\n\nParis\u00a0\n\nAuthority file\n\n: Q18280099\nVIAF:\u200974122763\nISNI:\u20090000000061259770\nLCCN:\u2009no2019035691\nSUDOC:\u2009138447829\nBNF:\u200914962541z\nWorldCat\n\n\n\ncreator QS:P170,Q26202512\nAfter (photo):\n\n\n\nG\u00e9ruzet Fr\u00e8res\n\u00a0(1817\u20131874)\u00a0\u00a0 \u00a0\n\n\nAlternative names\n\nAlbert G\u00e9ruzet et Alfred G\u00e9ruzet\u00a0; Jules G\u00e9ruzet\u00a0; Clich\u00e9 Boute\n\nDescription\nBelgian photographerFran\u00e7ais\u00a0:  Photographes de S.M. la Reine des Belges. 27B, Rue de l'Ecuyer, Bruxelles. Atelier de photographie fond\u00e9 par Albert G\u00e9ruzet (1842-1890) et Alfred G\u00e9ruzet (1845-1903), actif de 1866 \u00e0 1908. L\u2019atelier a continu\u00e9 de fonctionner apr\u00e8s la mort d\u2019Alfred, jusqu\u2019\u00e0 sa reprise par Eug\u00e8ne Boute autour de 1908. Leur p\u00e8re, Jules G\u00e9ruzet, avait d\u00e9ja commenc\u00e9 une activit\u00e9 de photographe d\u00e8s 1856.\n\nDate of birth/death\n\n31 March 1817\u00a0\n4 December 1874\u00a0\n\nLocation of birth/death\n\nBraine\nCity of Brussels\n\nWork period\nbetween 1866 and 1908date QS:P,+1500-00-00T00:00:00Z/6,P1319,+1866-00-00T00:00:00Z/9,P1326,+1908-00-00T00:00:00Z/9\n\nWork location\n\nCity of Brussels\n\nAuthority file\n\n: Q23901678\nVIAF:\u200968834819\nISNI:\u20090000000078909186\nULAN:\u2009500056712\nLCCN:\u2009nr97018960\nSELIBR:\u2009210391\nWorldCat\n\n\n\ncreator QS:P170,Q23901678\n\n\nOther versions\n\n\n\n\nFran\u00e7ais\u00a0:  Scan original\n\n\n\nFran\u00e7ais\u00a0:  Le comte et la comtesse de Flandre.\n\n\n\nFran\u00e7ais\u00a0:  Photographie de G\u00e9ruzet fr\u00e8res d'apr\u00e8s laquelle la gravure a \u00e9t\u00e9 r\u00e9alis\u00e9e.\n\n\n\nFran\u00e7ais\u00a0:  Scan original de la photographie.\n\n\n\nTechniqueInfoFieldwood engraving print\n\nSizeInfoFieldheight: 20 cm (7.8 in); width: 15 cm (5.9 in)dimensions QS:P2048,20U174728dimensions QS:P2049,15U174728\n\nInscriptionsInfoFieldSignature bottom left:  \nL.CHAPON (Not visible on the scan)\n\n\nOriginal captionInfoFieldLL.\u00a0AA.\u00a0RR. le comte et la comtesse de Flandre. D\u2019apr\u00e8s des photographies de MM. G\u00e9ruzet fr\u00e8res.\n\nScanned byInfoField\u00c9ric Dod\u00e9mont (Dodeeric)\n\n\n"}, {"url": "https://commons.wikimedia.org/wiki/File:Noces_d%E2%80%99argent_du_roi_L%C3%A9opold_II_et_de_la_reine_Marie-Henriette_en_1878_-_Janet_-_original-scan.jpg", "metadata": {"og:image": "https://upload.wikimedia.org/wikipedia/commons/thumb/c/cd/Noces_d%E2%80%99argent_du_roi_L%C3%A9opold_II_et_de_la_reine_Marie-Henriette_en_1878_-_Janet_-_original-scan.jpg/640px-Noces_d%E2%80%99argent_du_roi_L%C3%A9opold_II_et_de_la_reine_Marie-Henriette_en_1878_-_Janet_-_original-scan.jpg", "og:image:width": "640", "og:image:height": "458", "og:title": "File:Noces d\u2019argent du roi L\u00e9opold II et de la reine Marie-Henriette en 1878 - Janet - original-scan.jpg - Wikimedia Commons", "og:type": "website"}, "text": "\n\n\nDescriptionNoces d\u2019argent du roi L\u00e9opold II et de la reine Marie-Henriette en 1878 - Janet - original-scan.jpg\n\nEnglish:  Presentation of the gift to the Queen during the twenty-fifth wedding anniversary of King Leopold\u00a0II of Belgium and Queen Marie Henriette, Royal Palace (Brussels), 22 August 1878.\nFran\u00e7ais\u00a0:  Pr\u00e9sentation du cadeau \u00e0 la Reine lors des noces d\u2019argent du roi L\u00e9opold\u00a0II de Belgique et de la reine Marie-Henriette, Palais royal (Bruxelles), le 22 ao\u00fbt 1878. \u2014 Pour les 25\u00a0ans de mariage du Roi et de la Reine, les dames belges, d\u00e9sign\u00e9es par les communes, offrent \u00e0 la Reine un magnifique diad\u00e8me, orn\u00e9 de deux mille trois cents pierres pr\u00e9cieuses et une tra\u00eene en dentelles de Bruxelles. Pour cette occasion, une souscription recueillie en quelques jours avait r\u00e9uni 100\u00a0000 francs. Le diad\u00e8me et la tra\u00eene de dentelles avait \u00e9t\u00e9 pr\u00e9alablement expos\u00e9 \u00e0 l\u2019h\u00f4tel de ville du 18 au 21 juillet. \u00c0 l\u2019occasion des noces d\u2019argents, des f\u00eates furent c\u00e9l\u00e9br\u00e9es \u00e0 Bruxelles les 22, 23, 24 et 25\u00a0ao\u00fbt. Le Roi est en uniforme de lieutenant-g\u00e9n\u00e9ral (grande tenue \u00e0 pied), le comte de Flandre en uniforme de lieutenant-g\u00e9n\u00e9ral de la cavalerie (grande tenue \u00e0 cheval). Deuxi\u00e8me \u00e0 la droite du Roi, en uniforme civil et portant des lunettes, le bourgmestre de Bruxelles, Jules Anspach. \u00c0 l\u2019extr\u00eame droite, en uniforme civil, on reconnait Walth\u00e8re Fr\u00e8re-Orban, chef de cabinet depuis le 19 juin 1878. Ils portent tous le ruban de grand cordon de l\u2019ordre de L\u00e9opold.\nNederlands:  Presentatie van het geschenk aan de koningin tijdens de vijfentwintigste huwelijksverjaardag van koning Leopold\u00a0II van Belgi\u00eb en koningin Marie Henri\u00ebtte, Koninklijk Paleis (Brussel), 22 augustus 1878.\n\n\nDate\n\n1878\n\n\nSource\n\nLe Monde illustr\u00e9 (France), 7 September 1878, p.\u00a0148.\n\n\nAuthor\n\ndrawer:\n\n\n\nGustave Janet\n\u00a0(1829\u20131898)\u00a0\u00a0 \u00a0\n\n\n\n\n\nAlternative names\n\nJanet\n\nDescription\nFrench drawer\n\nDate of birth/death\n\n10 January 1829\u00a0\n2 April 1898\u00a0\n\nLocation of birth/death\n\nformer 10th arrondissement of Paris\nUnknown\n\nAuthority file\n\n: Q18508256\nVIAF:\u200991524218\nISNI:\u20090000000109241714\nULAN:\u2009500148102\nLCCN:\u2009nr92026023\nNLA:\u200935115829\nWorldCat\n\n\n\ncreator QS:P170,Q18508256\nengraver:\n\n\n\nHippolyte Constant Dutheil\n\u00a0(1842\u20131917)\u00a0\u00a0 \u00a0\n\n\nDescription\nFrench wood engraver\n\nDate of birth/death\n\n21 July 1842\u00a0\n1 April 1917\u00a0\n\nLocation of birth/death\n\nParis\nParis\n\nAuthority file\n\n: Q97577418\nVIAF:\u2009216145003298661300110\nISNI:\u20090000000057664618\nSUDOC:\u2009189346558\nBNF:\u200915964099h\n\n\n\ncreator QS:P170,Q97577418\nAfter (sketch):\n\n\n\nLeo von Elliot\n\u00a0(1816\u20131890)\u00a0\u00a0 \u00a0\n\n\n\n\n\nDescription\npainter\n\nDate of birth/death\n\n16 October 1816\u00a0\n11 July 1890\u00a0\n\nAuthority file\n\n: Q19289081\nVIAF:\u200969801882\nISNI:\u20090000000047399777\nLCCN:\u2009no2001088974\nGND:\u2009122118413\nBNF:\u200916173882q\nWorldCat\n\n\n\ncreator QS:P170,Q19289081\n\n\nOther versions\n\n\n\n\nFran\u00e7ais\u00a0:  Gravure trait\u00e9e graphiquement\n\n\n\nFran\u00e7ais\u00a0:  Gravure trait\u00e9e graphiquement - Sans le cadre\n\n\n\nFran\u00e7ais\u00a0:  Version coloris\u00e9e\n\n\n\nTechniqueInfoFieldwood engraving print\n\nSizeInfoFieldheight: 21 cm (8.2 in); width: 31 cm (12.2 in)dimensions QS:P2048,21U174728dimensions QS:P2049,31U174728\n\nInscriptionsInfoFieldSignature bottom left:  \nG Janet\n\nSignature bottom right:  \n\nH DUTHEIL\n\n\nOriginal captionInfoFieldBruxelles. Les noces d\u2019argent du roi et de la reine des Belges. La pr\u00e9sentation du cadeau \u00e0 la reine par les dames d\u00e9l\u00e9gu\u00e9es des provinces. Dessin de M. Gustave Janet, d\u2019apr\u00e8s le croquis de M. von Elliot.\n\nScanned byInfoField\u00c9ric Dod\u00e9mont (Dodeeric)\n\n\n"}, {"url": "https://commons.wikimedia.org/wiki/File:Philippe_de_Belgique,_comte_de_Flandre,_et_Marie_de_Hohenzollern-Sigmaringen,_comtesse_de_Flandre.jpg", "metadata": {"og:image": "https://upload.wikimedia.org/wikipedia/commons/thumb/8/82/Philippe_de_Belgique%2C_comte_de_Flandre%2C_et_Marie_de_Hohenzollern-Sigmaringen%2C_comtesse_de_Flandre.jpg/640px-Philippe_de_Belgique%2C_comte_de_Flandre%2C_et_Marie_de_Hohenzollern-Sigmaringen%2C_comtesse_de_Flandre.jpg", "og:image:width": "640", "og:image:height": "443", "og:title": "File:Philippe de Belgique, comte de Flandre, et Marie de Hohenzollern-Sigmaringen, comtesse de Flandre.jpg - Wikimedia Commons", "og:type": "website"}, "text": "\n\n\nDescriptionPhilippe de Belgique, comte de Flandre, et Marie de Hohenzollern-Sigmaringen, comtesse de Flandre.jpg\n\nEnglish:  H.R.H.[1] Princess Marie of Hohenzollern-Sigmaringen, Countess of Flanders. \u2014 H.R.H. Prince Philippe of Belgium, Count of Flanders.\nFran\u00e7ais\u00a0:  S.A.R.[2] la princesse Marie de Hohenzollern-Sigmaringen, comtesse de Flandre. \u2014 Sur ce portrait, la comtesse de Flandre \u00e0 environ 35\u00a0ans. \u2014 S.A.R. le prince Philippe de Belgique, comte de Flandre. \u2014 Sur ce portrait, le comte de Flandre a environ 43\u00a0ans. Il porte la grande tenue de lieutenant-g\u00e9n\u00e9ral et les d\u00e9corations de grand cordon de l\u2019ordre de L\u00e9opold (ruban en \u00e9charpe et plaque de la cat\u00e9gorie militaire) [en haut], de grand-croix de l\u2019ordre de la maison Ernestine de Saxe (cat\u00e9gorie militaire) [au milieu], et de grand commandeur de l\u2019ordre royal de la maison de Hohenzollern [en bas]. Ces trois d\u00e9corations sont sans doute les plus importantes pour lui\u00a0: l\u2019ordre de L\u00e9opold est le plus important de Belgique\u00a0; l\u2019ordre de la maison de Saxe est l\u2019ordre d\u00e9cern\u00e9 par le duch\u00e9 de Saxe-Cobourg-Gotha, dont provient sa famille\u00a0; et l\u2019ordre de la maison de Hohenzollern est l\u2019ordre d\u00e9cern\u00e9 par la famille de son \u00e9pouse. \u2014 Il existe une gravure r\u00e9alis\u00e9e par Richard Brend\u2019amour (1831-1915) d'apr\u00e8s la m\u00eame photographie[3].\nNederlands:  Z.K.H.[4] prinses Maria van Hohenzollern-Sigmaringen, gravin van Vlaanderen. \u2014 Z.K.H. prins Filips van Belgi\u00eb, graaf van Vlaanderen.\n\n\nDate\n\n1880\n\n\nSource\n\nL\u2019Illustration nationale (Belgium), 31 October 1880, p.\u00a04.\n\n\nAuthor\n\nengraver:\n\n\n\nL\u00e9on-Louis Chapon\n\u00a0(1836\u20131919)\u00a0\u00a0 \u00a0\n\n\nAlternative names\n\nL\u00e9on Chapon\n\nDescription\nFrench printmaker and illustrator\n\nDate of birth/death\n\n5 March 1836\u00a0\n30 June 1919\u00a0\n\nLocation of birth/death\n\nformer 9th arrondissement of Paris\nL'Isle-Adam\n\nWork period\n1855\u00a0\u20131918\u00a0\n\nWork location\n\nParis\u00a0\n\nAuthority file\n\n: Q18280099\nVIAF:\u200974122763\nISNI:\u20090000000061259770\nLCCN:\u2009no2019035691\nSUDOC:\u2009138447829\nBNF:\u200914962541z\nWorldCat\n\n\n\ncreator QS:P170,Q26202512\nAfter (photo):\n\n\n\nG\u00e9ruzet Fr\u00e8res\n\u00a0(1817\u20131874)\u00a0\u00a0 \u00a0\n\n\nAlternative names\n\nAlbert G\u00e9ruzet et Alfred G\u00e9ruzet\u00a0; Jules G\u00e9ruzet\u00a0; Clich\u00e9 Boute\n\nDescription\nBelgian photographerFran\u00e7ais\u00a0:  Photographes de S.M. la Reine des Belges. 27B, Rue de l'Ecuyer, Bruxelles. Atelier de photographie fond\u00e9 par Albert G\u00e9ruzet (1842-1890) et Alfred G\u00e9ruzet (1845-1903), actif de 1866 \u00e0 1908. L\u2019atelier a continu\u00e9 de fonctionner apr\u00e8s la mort d\u2019Alfred, jusqu\u2019\u00e0 sa reprise par Eug\u00e8ne Boute autour de 1908. Leur p\u00e8re, Jules G\u00e9ruzet, avait d\u00e9ja commenc\u00e9 une activit\u00e9 de photographe d\u00e8s 1856.\n\nDate of birth/death\n\n31 March 1817\u00a0\n4 December 1874\u00a0\n\nLocation of birth/death\n\nBraine\nCity of Brussels\n\nWork period\nbetween 1866 and 1908date QS:P,+1500-00-00T00:00:00Z/6,P1319,+1866-00-00T00:00:00Z/9,P1326,+1908-00-00T00:00:00Z/9\n\nWork location\n\nCity of Brussels\n\nAuthority file\n\n: Q23901678\nVIAF:\u200968834819\nISNI:\u20090000000078909186\nULAN:\u2009500056712\nLCCN:\u2009nr97018960\nSELIBR:\u2009210391\nWorldCat\n\n\n\ncreator QS:P170,Q23901678\n\n\nOther versions\n\n\n\n\nFran\u00e7ais\u00a0:  Scan original\n\n\n\n\n\n\n\n\n\n\n\nFran\u00e7ais\u00a0:  Photographie de G\u00e9ruzet fr\u00e8res d'apr\u00e8s laquelle la gravure a \u00e9t\u00e9 r\u00e9alis\u00e9e.\n\n\n\nFran\u00e7ais\u00a0:  Scan original de la photographie.\n\n\n\nTechniqueInfoFieldwood engraving print\n\nSizeInfoFieldheight: 22 cm (8.6 in); width: 32 cm (12.5 in)dimensions QS:P2048,22U174728dimensions QS:P2049,32U174728\n\nInscriptionsInfoFieldSignature bottom center:  \nL.CHAPON\n\n\nOriginal captionInfoFieldLL.\u00a0AA.\u00a0RR.[5] le comte et la comtesse de Flandre. D\u2019apr\u00e8s des photographies de MM. G\u00e9ruzet fr\u00e8res.\n\nScanned byInfoField\u00c9ric Dod\u00e9mont (Dodeeric)\n\n\n"}, {"url": "https://commons.wikimedia.org/wiki/File:Portrait_de_S.A.R._Monseigneur_le_Comte_de_Flandre.jpg", "metadata": {"og:image": "https://upload.wikimedia.org/wikipedia/commons/thumb/1/1f/Portrait_de_S.A.R._Monseigneur_le_Comte_de_Flandre.jpg/640px-Portrait_de_S.A.R._Monseigneur_le_Comte_de_Flandre.jpg", "og:image:width": "640", "og:image:height": "894", "og:title": "File:Portrait de S.A.R. Monseigneur le Comte de Flandre.jpg - Wikimedia Commons", "og:type": "website"}, "text": "\n\n\n\nJean-Fran\u00e7ois Portaels: Portrait of H.R.H. the Count of Flanders\n\u00a0\u00a0\n\n\nArtist\n\n\n\n\n\n\nJean-Fran\u00e7ois Portaels\n\u00a0(1818\u20131895)\u00a0\u00a0 \u00a0\n\n\n\n\n\nAlternative names\n\nJan Frans Portaels\n\nDescription\nBelgian painter and teacher\n\nDate of birth/death\n\n3 April 1818\u00a0\n8 February 1895\u00a0\n\nLocation of birth/death\n\nVilvoorde\nSchaerbeek\n\nWork location\n\nCity of Brussels (1841), Paris (1841), Florence (July 1853-August 1843, August 1844-September 1844), Morocco (1844-1847), Egypt\n\nAuthority file\n\n: Q919158\nVIAF:\u200959868466\nISNI:\u20090000000066779716\nULAN:\u2009500027219\nLCCN:\u2009n80068339\nDBNL:\u2009port039\nWorldCat\n\n\n\ncreator QS:P170,Q919158\u00a0\n\n\nTitle\n\n\nFrench:  Portrait de S.A.R. Monseigneur le Comte de Flandre\u00a0Portrait of H.R.H. the Count of Flanderstitle QS:P1476,fr:\"Portrait de S.A.R. Monseigneur le Comte de Flandre\u00a0\"\nlabel QS:Lfr,\"Portrait de S.A.R. Monseigneur le Comte de Flandre\u00a0\"\nlabel QS:Len,\"Portrait of H.R.H. the Count of Flanders\"\nlabel QS:Lnl,\"Portret van Z.K.H. Monseigneur de graaf van Vlaanderen\"\n\n\nObject type\n\npainting\u00a0\n\n\nGenre\n\nportrait\u00a0\n\n\nDepicted people\n\nPrince Philippe, Count of Flanders\u00a0\n\n\nDate\n\n1858\u00a0\n\n\nMedium\n\noil  on  canvas\u00a0\n\n\nDimensions\n\nheight: 150 cm (59 in)\u00a0; width: 108 cm (42.5 in)\u00a0dimensions QS:P2048,+150U174728dimensions QS:P2049,+108U174728\n\n\nCollection\n\n\n\n\nRoyal Collection of Belgium\n\u00a0\u00a0\n\n\n\n\n\nNative name\nKoninklijke Verzameling\n\nLocation\nCity of Brussels\n\nWebsite\nwww.monarchie.be/de/monarchie/zivilliste/konigliche-sammlung\u00a0\n\nAuthority file\n\n: Q2536986\n\n\n\ninstitution QS:P195,Q2536986\n\n\n\nAccession number\n\n\n3147 (Royal Collection of Belgium)\u00a0\n\n\nReferences\n\nBALaT object ID:  20047631\u00a0\n\n\nSource/Photographer\n\nbalat.kikirpa.be\n\n\n"}, {"url": "https://commons.wikimedia.org/wiki/File:%C3%89lection_du_comte_de_Flandre_au_tr%C3%B4ne_Roumanie.jpg", "metadata": {"og:image": "https://upload.wikimedia.org/wikipedia/commons/thumb/e/ea/%C3%89lection_du_comte_de_Flandre_au_tr%C3%B4ne_Roumanie.jpg/640px-%C3%89lection_du_comte_de_Flandre_au_tr%C3%B4ne_Roumanie.jpg", "og:image:width": "640", "og:image:height": "435", "og:title": "File:\u00c9lection du comte de Flandre au tr\u00f4ne Roumanie.jpg - Wikimedia Commons", "og:type": "website"}, "text": "\n\n\nDescription\u00c9lection du comte de Flandre au tr\u00f4ne Roumanie.jpg\n\nFran\u00e7ais\u00a0:  Le peuple des principaut\u00e9s roumaines unies c\u00e9l\u00e8bre l'\u00e9lection du comte de Flandre au tr\u00f4ne Roumanie (23 f\u00e9vrier 1866)\n\n\nDate\n\n1866\n\n\nSource\n\nSelf-scanned\n\n\nAuthor\n\nUnknown authorUnknown author\n\n\n"}]