[{"url": "https://commons.wikimedia.org/wiki/File:Queen_Victoria_and_family_at_Coburg.jpg", "metadata": {"og:image": "https://upload.wikimedia.org/wikipedia/commons/thumb/1/1d/Queen_Victoria_and_family_at_Coburg.jpg/640px-Queen_Victoria_and_family_at_Coburg.jpg", "og:image:width": "640", "og:image:height": "825", "og:title": "File:Queen Victoria and family at Coburg.jpg - Wikimedia Commons", "og:type": "website"}, "text": "\n\n\nDescriptionQueen Victoria and family at Coburg.jpg\n\nEnglish:  Queen Victoria and family at Coburg on 21 April 1894, assembled for the wedding of Princess Victoria Melita of Saxe-Coburg and Gotha (1876-1936) and Ernest Louis, Grand Duke of Hesse (1868-1937), both grandchildren of Queen Victoria. The wedding took place on 19 April 1894. The group includes members of the Prussian and Russian royal families.\nDeutsch:  Zusammentreffen der G\u00e4ste der F\u00fcrstenhochzeit vor dem Wintergarten des Palais Edinburgh in Coburg.\n\n\nDate\n\n21 April 1894\n\n\nSource\n\nRoyal Collection RCIN 2905204 \n\n\nAuthor\n\n\n\n\n\nEduard Uhlenhuth\n\u00a0(1853\u20131919)\u00a0\u00a0 \u00a0\n\n\n\n\n\nDescription\nGerman photographer\n\nDate of birth/death\n\n15 July 1853\u00a0\n1919\u00a0\n\nLocation of birth\n\nGuben\n\n\nWork period\nfrom 1880date QS:P,+1880-00-00T00:00:00Z/7,P580,+1880-00-00T00:00:00Z/9\n\nWork location\n\nCoburg (from 1880date QS:P,+1880-00-00T00:00:00Z/7,P580,+1880-00-00T00:00:00Z/9), Schweinfurt (between 1893 and 1898date QS:P,+1893-00-00T00:00:00Z/8,P1319,+1893-00-00T00:00:00Z/9,P1326,+1898-00-00T00:00:00Z/9)\n\nAuthority file\n\n: Q41774117\nVIAF:\u2009311835653\nISNI:\u20090000000443880431\nLCCN:\u2009no2007069197\nGND:\u2009119931482X\nBNF:\u200916946766p\nWorldCat\n\n\n\ncreator QS:P170,Q41774117\n\n\n"}, {"url": "https://commons.wikimedia.org/wiki/File:Louise_of_Belgium,_Princess_of_Coburg.jpg", "metadata": {"og:image": "https://upload.wikimedia.org/wikipedia/commons/thumb/0/09/Louise_of_Belgium%2C_Princess_of_Coburg.jpg/640px-Louise_of_Belgium%2C_Princess_of_Coburg.jpg", "og:image:width": "640", "og:image:height": "859", "og:title": "File:Louise of Belgium, Princess of Coburg.jpg - Wikimedia Commons", "og:type": "website"}, "text": "\n\n\nDescriptionLouise of Belgium, Princess of Coburg.jpg\n\nEnglish:  Marie Louise of Belgium, Princess Philip of Saxe-Coburg-Gotha\n\n\nDate\n\n1894\n\n\nSource\n\n\n\n\nAustrian National Library\n\u00a0\u00a0\n\n\n\n\n\nNative name\n\u00d6sterreichische Nationalbibliothek\n\nLocation\nVienna\n\nCoordinates\n48\u00b0\u00a012\u2032\u00a022.11\u2033\u00a0N, 16\u00b0\u00a021\u2032\u00a058.56\u2033\u00a0E  \u00a0\n\nEstablished\n1920\n\nWebsite\nonb.ac.at\n\nAuthority file\n\n: Q304037\nVIAF:\u2009136765452\nISNI:\u20090000000123064881\nLCCN:\u2009n79068404\nNLA:\u200966442780\nMusicBrainz:\u20099a51f9fc-f1b8-44f0-b073-5d461e9d991e\nWorldCat\n\n\n\ninstitution QS:P195,Q304037\n\n\nAuthor\n\n\n\n\n\nOthmar von T\u00fcrk\n\u00a0(1843\u20131904)\u00a0\u00a0 \u00a0\n\n\nAlternative names\n\nOthmar T\u00fcrk von Ramstein, Othmar von T\u00fcrk, Otmar von T\u00fcrk\n\nDescription\nAustrian photographer\n\nDate of birth/death\n\n1843\u00a0\nca. 1904\n\nLocation of birth/death\n\nKostanjevica na Krki\nVienna\n\nWork location\n\nVienna\u00a0\n\nAuthority file\n\n: Q22116860\nVIAF:\u2009316492309\nGND:\u20091025899474\n\n\n\ncreator QS:P170,Q22116860\n\n\n"}]