[{"url": "https://commons.wikimedia.org/wiki/File:Prinses_Elisabeth_van_Belgi%C3%AB.jpg", "metadata": {"og:image": "https://upload.wikimedia.org/wikipedia/commons/thumb/9/99/Prinses_Elisabeth_van_Belgi%C3%AB.jpg/640px-Prinses_Elisabeth_van_Belgi%C3%AB.jpg", "og:image:width": "640", "og:image:height": "966", "og:title": "File:Prinses Elisabeth van Belgi\u00eb.jpg - Wikimedia Commons", "og:type": "website"}, "text": "\n\n\nDescriptionPrinses Elisabeth van Belgi\u00eb.jpg\n\nNederlands:  Elisabeth Theresia Maria Helena, kroonprinses van Belgi\u00eb tijdens een publieke bijwoning van de musical 14-18 in Mechelen.\nEnglish:  Princess Elisabeth, Duchess of Brabant (born in 2001).\n\n\nDate\n\n25 April 2014\n\n\nSource\n\nwikiportret.nl\n\n\nAuthor\n\nPaul Van Welden\n\n\nPermission(Reusing this file)\n\nccbysa/GFDL\n\n\n"}]