[{"url": "https://commons.wikimedia.org/wiki/File:Acte_de_mariage_de_la_Princesse_Louise_de_Belgique_(4_f%C3%A9vrier_1875).jpg", "metadata": {"og:image": "https://upload.wikimedia.org/wikipedia/commons/thumb/f/f2/Acte_de_mariage_de_la_Princesse_Louise_de_Belgique_%284_f%C3%A9vrier_1875%29.jpg/640px-Acte_de_mariage_de_la_Princesse_Louise_de_Belgique_%284_f%C3%A9vrier_1875%29.jpg", "og:image:width": "640", "og:image:height": "296", "og:title": "File:Acte de mariage de la Princesse Louise de Belgique (4 f\u00e9vrier 1875).jpg - Wikimedia Commons", "og:type": "website"}, "text": "\n\n\nDescriptionActe de mariage de la Princesse Louise de Belgique (4 f\u00e9vrier 1875).jpg\n\nFran\u00e7ais\u00a0:  Acte de mariage de la Princesse Louise \"de Belgique\" (4 f\u00e9vrier 1875) dress\u00e9 sous l'autorit\u00e9 de Jules Anspach, Bourgmestre, Officier d'\u00c9tat  civil\nEnglish:  Mariage act of Princess Louise \"of Belgium\" (28th may 1875) laid under the authority of Jules Anspach, Mayor, Civil Record Officer of Brussels\n\n\nDate\n\n4 February 1875\n\n\nSource\n\n\u00c9tat civil de la Ville de Bruxelles, actes de mariage de 1875, acte n\u00b0 146 du 4 f\u00e9vrier 1875 (open a \"familysearch.org\" account to read the link).\n\n\nAuthor\n\nJules Anspach, Bourgmestre de Bruxelles, Officier d'\u00c9tat Civil de Bruxelles\n\n\n"}, {"url": "https://commons.wikimedia.org/wiki/File:Bal_de_la_cour_lors_du_mariage_de_la_princesse_Louise_de_Belgique_avec_le_prince_Philippe_de_Saxe-Cobourg_et_Gotha_le_4_f%C3%A9vrier_1875.jpg", "metadata": {"og:image": "https://upload.wikimedia.org/wikipedia/commons/thumb/3/3d/Bal_de_la_cour_lors_du_mariage_de_la_princesse_Louise_de_Belgique_avec_le_prince_Philippe_de_Saxe-Cobourg_et_Gotha_le_4_f%C3%A9vrier_1875.jpg/640px-Bal_de_la_cour_lors_du_mariage_de_la_princesse_Louise_de_Belgique_avec_le_prince_Philippe_de_Saxe-Cobourg_et_Gotha_le_4_f%C3%A9vrier_1875.jpg", "og:image:width": "640", "og:image:height": "443", "og:title": "File:Bal de la cour lors du mariage de la princesse Louise de Belgique avec le prince Philippe de Saxe-Cobourg et Gotha le 4 f\u00e9vrier 1875.jpg - Wikimedia Commons", "og:type": "website"}, "text": "\n\n\nDescriptionBal de la cour lors du mariage de la princesse Louise de Belgique avec le prince Philippe de Saxe-Cobourg et Gotha le 4 f\u00e9vrier 1875.jpg\n\nFran\u00e7ais\u00a0:  Bal de la Cour lors du mariage de la princesse Louise de Belgique avec le prince Philippe de Saxe-Cobourg-Gotha-Kohary, Palais royal (Bruxelles), le 4 f\u00e9vrier 1875.\n\n\nDate\n\n1875\n\n\nSource\n\nLe Monde illustr\u00e9 (Belgium), 13 February 1875, p.\u00a0112.\n\n\nAuthor\n\ndrawer:\n\n\n\nGustave Janet\n\u00a0(1829\u20131898)\u00a0\u00a0 \u00a0\n\n\n\n\n\nAlternative names\n\nJanet\n\nDescription\nFrench drawer\n\nDate of birth/death\n\n10 January 1829\u00a0\n2 April 1898\u00a0\n\nLocation of birth/death\n\nformer 10th arrondissement of Paris\nUnknown\n\nAuthority file\n\n: Q18508256\nVIAF:\u200991524218\nISNI:\u20090000000109241714\nULAN:\u2009500148102\nLCCN:\u2009nr92026023\nNLA:\u200935115829\nWorldCat\n\n\n\ncreator QS:P170,Q18508256\nengraver:\n\n\n\nHippolyte Constant Dutheil\n\u00a0(1842\u20131917)\u00a0\u00a0 \u00a0\n\n\nDescription\nFrench wood engraver\n\nDate of birth/death\n\n21 July 1842\u00a0\n1 April 1917\u00a0\n\nLocation of birth/death\n\nParis\nParis\n\nAuthority file\n\n: Q97577418\nVIAF:\u2009216145003298661300110\nISNI:\u20090000000057664618\nSUDOC:\u2009189346558\nBNF:\u200915964099h\n\n\n\ncreator QS:P170,Q97577418\nAfter (sketch):\n\n\n\nLeo von Elliot\n\u00a0(1816\u20131890)\u00a0\u00a0 \u00a0\n\n\n\n\n\nDescription\npainter\n\nDate of birth/death\n\n16 October 1816\u00a0\n11 July 1890\u00a0\n\nAuthority file\n\n: Q19289081\nVIAF:\u200969801882\nISNI:\u20090000000047399777\nLCCN:\u2009no2001088974\nGND:\u2009122118413\nBNF:\u200916173882q\nWorldCat\n\n\n\ncreator QS:P170,Q19289081\n\nTechniqueInfoFieldwood engraving print\n\nSizeInfoFieldheight: 22 cm (8.6 in); width: 32 cm (12.5 in)dimensions QS:P2048,22U174728dimensions QS:P2049,32U174728\n\nInscriptionsInfoFieldSignature bottom left:  \nG Janet\n\nSignature bottom right:  \n\nH DUTHEIL\n\n\nOriginal captionInfoFieldBelgique. Les f\u00eates du mariage de la princesse Louise. Le bal de la Cour. Dessin de M. Gustave Janet, d\u2019apr\u00e8s le croquis de M. Von Elliot, notre correspondant \u00e0 Bruxelles.\n\nScanned byInfoField\u00c9ric Dod\u00e9mont (Dodeeric)\n\n\n"}, {"url": "https://commons.wikimedia.org/wiki/File:Coburg_Philipp_Louise.JPG", "metadata": {"og:image": "https://upload.wikimedia.org/wikipedia/commons/thumb/4/4d/Coburg_Philipp_Louise.JPG/640px-Coburg_Philipp_Louise.JPG", "og:image:width": "640", "og:image:height": "1049", "og:title": "File:Coburg Philipp Louise.JPG - Wikimedia Commons", "og:type": "website"}, "text": "\n\n\nDescriptionCoburg Philipp Louise.JPG\n\nEnglish:  Prince Philipp of Coburg and his wife Princess Louise nee Princess of Belgium\nDeutsch:  Prinz Philipp von Coburg und seine Frau Prinzessin Louise geb. Prinzessin von Belgien\n\n\nDate\n\n1875\n\n\nSource\n\nFotografie\n\n\nAuthor\n\n\n\n\n\nG\u00e9ruzet Fr\u00e8res\n\u00a0(1817\u20131874)\u00a0\u00a0 \u00a0\n\n\nAlternative names\n\nAlbert G\u00e9ruzet et Alfred G\u00e9ruzet\u00a0; Jules G\u00e9ruzet\u00a0; Clich\u00e9 Boute\n\nDescription\nBelgian photographerFran\u00e7ais\u00a0:  Photographes de S.M. la Reine des Belges. 27B, Rue de l'Ecuyer, Bruxelles. Atelier de photographie fond\u00e9 par Albert G\u00e9ruzet (1842-1890) et Alfred G\u00e9ruzet (1845-1903), actif de 1866 \u00e0 1908. L\u2019atelier a continu\u00e9 de fonctionner apr\u00e8s la mort d\u2019Alfred, jusqu\u2019\u00e0 sa reprise par Eug\u00e8ne Boute autour de 1908. Leur p\u00e8re, Jules G\u00e9ruzet, avait d\u00e9ja commenc\u00e9 une activit\u00e9 de photographe d\u00e8s 1856.\n\nDate of birth/death\n\n31 March 1817\u00a0\n4 December 1874\u00a0\n\nLocation of birth/death\n\nBraine\nCity of Brussels\n\nWork period\nbetween 1866 and 1908date QS:P,+1500-00-00T00:00:00Z/6,P1319,+1866-00-00T00:00:00Z/9,P1326,+1908-00-00T00:00:00Z/9\n\nWork location\n\nCity of Brussels\n\nAuthority file\n\n: Q23901678\nVIAF:\u200968834819\nISNI:\u20090000000078909186\nULAN:\u2009500056712\nLCCN:\u2009nr97018960\nSELIBR:\u2009210391\nWorldCat\n\n\n\ncreator QS:P170,Q23901678\n\n\n"}, {"url": "https://commons.wikimedia.org/wiki/File:La_princesse_Louise_de_Belgique_et_le_prince_Philippe_de_Saxe_Cobourg_Gotha_Kohary.jpg", "metadata": {"og:image": "https://upload.wikimedia.org/wikipedia/commons/thumb/6/68/La_princesse_Louise_de_Belgique_et_le_prince_Philippe_de_Saxe_Cobourg_Gotha_Kohary.jpg/640px-La_princesse_Louise_de_Belgique_et_le_prince_Philippe_de_Saxe_Cobourg_Gotha_Kohary.jpg", "og:image:width": "640", "og:image:height": "796", "og:title": "File:La princesse Louise de Belgique et le prince Philippe de Saxe Cobourg Gotha Kohary.jpg - Wikimedia Commons", "og:type": "website"}, "text": "\n\n\nDescriptionLa princesse Louise de Belgique et le prince Philippe de Saxe Cobourg Gotha Kohary.jpg\n\nEnglish:  HH.RR.HH. Princess Louise of Belgium and prince Philippe of Saxe-Coburg-Gotha-Kohary. \u2014 Engraving after a photograph taken at the time of their marriage in Brussels, on 4 February 1875.\nFran\u00e7ais\u00a0:  LL.AA.RR. la princesse Louise de Belgique et le prince Philippe de Saxe-Cobourg-Gotha-Kohary. \u2014 Gravure d\u2019apr\u00e8s une photographie prise \u00e0 l\u2019\u00e9poque de leur mariage \u00e0 Bruxelles, le 4 f\u00e9vrier 1875.\nNederlands:  HH.KK.HH. Prinses Louise van Belgi\u00eb en Prins Filips van Saksen-Coburg-Gotha-Kohary. \u2014 Gravure nadat een fotografie genomen op het moment van hun huwelijk in Brussel, 4 februari 1875.\n\n\nDate\n\n1875\n\n\nSource\n\nLe Monde illustr\u00e9 (France), 13 February 1875, p.\u00a0105.\n\n\nAuthor\n\ndrawer: \n\n\n\n\u00c9tienne-Gabriel Bocourt\n\u00a0(1821\u20131913)\u00a0\u00a0 \u00a0\n\n\nAlternative names\n\n\u00c9tienne-Gabriel Bocourt\n\nDescription\nFrench drawer, illustrator and engraver\n\nDate of birth/death\n\n24 August 1821\u00a0\n4 July 1913\u00a0\n\nLocation of birth/death\n\nParis\nUnknown\n\nAuthority file\n\n: Q15407082\nVIAF:\u2009221467553\nISNI:\u20090000000359812778\nULAN:\u2009500050061\nGND:\u2009102312370\nSUDOC:\u2009143480235\n\n\n\ncreator QS:P170,Q15407082\nengraver: \n\n\n\nL\u00e9on-Louis Chapon\n\u00a0(1836\u20131919)\u00a0\u00a0 \u00a0\n\n\nAlternative names\n\nL\u00e9on Chapon\n\nDescription\nFrench printmaker and illustrator\n\nDate of birth/death\n\n5 March 1836\u00a0\n30 June 1919\u00a0\n\nLocation of birth/death\n\nformer 9th arrondissement of Paris\nL'Isle-Adam\n\nWork period\n1855\u00a0\u20131918\u00a0\n\nWork location\n\nParis\u00a0\n\nAuthority file\n\n: Q18280099\nVIAF:\u200974122763\nISNI:\u20090000000061259770\nLCCN:\u2009no2019035691\nSUDOC:\u2009138447829\nBNF:\u200914962541z\nWorldCat\n\n\n\ncreator QS:P170,Q26202512\n (photo): \n\n\n\nG\u00e9ruzet Fr\u00e8res\n\u00a0(1817\u20131874)\u00a0\u00a0 \u00a0\n\n\nAlternative names\n\nAlbert G\u00e9ruzet et Alfred G\u00e9ruzet\u00a0; Jules G\u00e9ruzet\u00a0; Clich\u00e9 Boute\n\nDescription\nBelgian photographerFran\u00e7ais\u00a0:  Photographes de S.M. la Reine des Belges. 27B, Rue de l'Ecuyer, Bruxelles. Atelier de photographie fond\u00e9 par Albert G\u00e9ruzet (1842-1890) et Alfred G\u00e9ruzet (1845-1903), actif de 1866 \u00e0 1908. L\u2019atelier a continu\u00e9 de fonctionner apr\u00e8s la mort d\u2019Alfred, jusqu\u2019\u00e0 sa reprise par Eug\u00e8ne Boute autour de 1908. Leur p\u00e8re, Jules G\u00e9ruzet, avait d\u00e9ja commenc\u00e9 une activit\u00e9 de photographe d\u00e8s 1856.\n\nDate of birth/death\n\n31 March 1817\u00a0\n4 December 1874\u00a0\n\nLocation of birth/death\n\nBraine\nCity of Brussels\n\nWork period\nbetween 1866 and 1908date QS:P,+1500-00-00T00:00:00Z/6,P1319,+1866-00-00T00:00:00Z/9,P1326,+1908-00-00T00:00:00Z/9\n\nWork location\n\nCity of Brussels\n\nAuthority file\n\n: Q23901678\nVIAF:\u200968834819\nISNI:\u20090000000078909186\nULAN:\u2009500056712\nLCCN:\u2009nr97018960\nSELIBR:\u2009210391\nWorldCat\n\n\n\ncreator QS:P170,Q23901678\n\n\nOther versions\n\n\n\n\nFile:Coburg Philipp Louise.JPG\nPhoto: G\u00e9ruzet Fr\u00e8res\n\n\n\nTechniqueInfoFieldwood engraving print\n\nSizeInfoFieldheight: 22 cm (8.6 in); width: 18 cm (7 in)dimensions QS:P2048,22U174728dimensions QS:P2049,18U174728\n\nInscriptionsInfoFieldSignature bottom left:  \nE.BOCOURT.\n\nSignature bottom right:  \n\nL.CHAPON.\n\n\nScanned byInfoField\u00c9ric Dod\u00e9mont (Dodeeric)\n\n\n"}, {"url": "https://commons.wikimedia.org/wiki/File:La_princesse_Louise_de_Belgique.jpg", "metadata": {"og:image": "https://upload.wikimedia.org/wikipedia/commons/thumb/7/7e/La_princesse_Louise_de_Belgique.jpg/640px-La_princesse_Louise_de_Belgique.jpg", "og:image:width": "640", "og:image:height": "906", "og:title": "File:La princesse Louise de Belgique.jpg - Wikimedia Commons", "og:type": "website"}, "text": "\n\n\nDescriptionLa princesse Louise de Belgique.jpg\n\nFran\u00e7ais\u00a0:  S.A.R. la princesse Louise de Belgique.\n\n\nDate\n\n1875\n\n\nSource\n\nThe Graphic, 6 f\u00e9vrier 1875, p. 128. (Le Monde illustr\u00e9, 20 f\u00e9vrier 1875, p.\u00a0120.)\n\n\nAuthor\n\nUnknown authorUnknown author, d\u2019apr\u00e8s une photographie de Gh\u00e9mar Fr\u00e8res.\n\n\n"}, {"url": "https://commons.wikimedia.org/wiki/File:Mariage_civil_de_la_princesse_Louise_avec_le_prince_Philippe_de_Saxe-Cobourg_et_Gotha_le_4_f%C3%A9vrier_1875.jpg", "metadata": {"og:image": "https://upload.wikimedia.org/wikipedia/commons/thumb/c/cf/Mariage_civil_de_la_princesse_Louise_avec_le_prince_Philippe_de_Saxe-Cobourg_et_Gotha_le_4_f%C3%A9vrier_1875.jpg/640px-Mariage_civil_de_la_princesse_Louise_avec_le_prince_Philippe_de_Saxe-Cobourg_et_Gotha_le_4_f%C3%A9vrier_1875.jpg", "og:image:width": "640", "og:image:height": "859", "og:title": "File:Mariage civil de la princesse Louise avec le prince Philippe de Saxe-Cobourg et Gotha le 4 f\u00e9vrier 1875.jpg - Wikimedia Commons", "og:type": "website"}, "text": "\n\n\nDescriptionMariage civil de la princesse Louise avec le prince Philippe de Saxe-Cobourg et Gotha le 4 f\u00e9vrier 1875.jpg\n\nFran\u00e7ais\u00a0:  Mariage de la princesse Louise de Belgique avec le prince Philippe de Saxe-Cobourg-Gotha-Kohary, Palais royal (Bruxelles), le 4 f\u00e9vrier 1875. \u2014 Le mariage civil est c\u00e9l\u00e9br\u00e9 dans le Salon bleu par le bourgmestre de Bruxelles, Jules Anspach, que l\u2019on voit sur la droite de la gravure en uniforme civil (tr\u00e8s similaire aux uniformes militaires de l\u2019\u00e9poque). Le prince Philippe porte l\u2019uniforme de major de l\u2019arm\u00e9e hongroise (Honv\u00e9d) et le grand cordon de l\u2019ordre de L\u00e9opold.\n\n\nDate\n\n1875\n\n\nSource\n\nL\u2019Univers illustr\u00e9 (France), 20 February 1875, p.\u00a0121.\n\n\nAuthor\n\nUnknown authorUnknown author\n\nTechniqueInfoFieldwood engraving print\n\nSizeInfoFieldheight: 30 cm (11.8 in); width: 23 cm (9 in)dimensions QS:P2048,30U174728dimensions QS:P2049,23U174728\n\nInscriptionsInfoFieldUnsigned\n\nOriginal captionInfoFieldBruxelles. Mariage de la princesse Louise de Belgique et du prince Philippe de Saxe-Cobourg et Gotha. Voir bulletin.\n\nScanned byInfoField\u00c9ric Dod\u00e9mont (Dodeeric)\n\n\n"}, {"url": "https://commons.wikimedia.org/wiki/File:Mariage_de_la_princesse_Louise_avec_le_prince_Philippe_de_Saxe-Cobourg_et_Gotha_le_4_f%C3%A9vrier_1875.jpg", "metadata": {"og:image": "https://upload.wikimedia.org/wikipedia/commons/thumb/2/26/Mariage_de_la_princesse_Louise_avec_le_prince_Philippe_de_Saxe-Cobourg_et_Gotha_le_4_f%C3%A9vrier_1875.jpg/640px-Mariage_de_la_princesse_Louise_avec_le_prince_Philippe_de_Saxe-Cobourg_et_Gotha_le_4_f%C3%A9vrier_1875.jpg", "og:image:width": "640", "og:image:height": "436", "og:title": "File:Mariage de la princesse Louise avec le prince Philippe de Saxe-Cobourg et Gotha le 4 f\u00e9vrier 1875.jpg - Wikimedia Commons", "og:type": "website"}, "text": "\n\n\nDescriptionMariage de la princesse Louise avec le prince Philippe de Saxe-Cobourg et Gotha le 4 f\u00e9vrier 1875.jpg\n\nEnglish:  Religious marriage of Princess Louise of Belgium with Prince Philippe of Saxe-Coburg-Gotha-Kohary, Royal Palace (Brussels), 4 February 1875.\nFran\u00e7ais\u00a0:  Mariage religieux de la princesse Louise de Belgique avec le prince Philippe de Saxe-Cobourg-Gotha-Kohary, Palais royal (Bruxelles), le 4 f\u00e9vrier 1875. \u2014 Le mariage religieux est c\u00e9l\u00e9br\u00e9 dans la Salle de Bal (maintenant la Salle Empire) transform\u00e9e en chapelle, par Mgr Victor-Auguste Dechamps, archev\u00eaque de Malines, primat de Belgique. Le Roi, au premier plan, porte la grande tenue \u00e0 cheval de lieutenant-g\u00e9n\u00e9ral et le collier de l\u2019ordre de L\u00e9opold.\nNederlands:  Kerkelijk huwelijk van Prinses Louise van Belgi\u00eb met Prins Filips van Saksen-Coburg-Gotha-Kohary, Koninklijk Paleis (Brussel), 4 februari 1875.\n\n\nDate\n\n1875\n\n\nSource\n\nLe Monde illustr\u00e9 (France), 13 February 1875, p.\u00a0109. (The Pictorial World (United Kingdom), 28 February 1875, p.\u00a0489.)\n\n\nAuthor\n\ndrawer: \n\n\n\nFr\u00e9d\u00e9ric Th\u00e9odore Lix\n\u00a0(1830\u20131897)\u00a0\u00a0 \u00a0\n\n\n\n\n\nAlternative names\n\nFr\u00e9d\u00e9ric-Th\u00e9odore Lix\n\nDescription\nFrench painter and illustrator\n\nDate of birth/death\n\n18 December 1830\u00a0\n23 February 1897\u00a0\n\nLocation of birth/death\n\nStrasbourg\nParis\n\nWork location\n\nStrasbourg; Paris\u00a0\n\nAuthority file\n\n: Q13099283\nVIAF:\u200937000041\nISNI:\u20090000000001931406\nULAN:\u2009500041043\nLCCN:\u2009nr91000606\nGND:\u2009134174682\nWorldCat\n\n\n\ncreator QS:P170,Q13099283engraver: \n\n\n\nAm\u00e9d\u00e9e Daudenarde\n\u00a0(1839\u20131907)\u00a0\u00a0 \u00a0\n\n\nAlternative names\n\nLouis Joseph Am\u00e9d\u00e9e Daudenarde\n\nDescription\nFrench engraver\n\nDate of birth/death\n\n1 October 1839\u00a0\n6 July 1907\u00a0\n\nLocation of birth/death\n\nformer 4th arrondissement of Paris\n6th arrondissement of Paris\n\nAuthority file\n\n: Q17560546\nVIAF:\u200969136321\nISNI:\u20090000000001337108\nSUDOC:\u2009137747667\nBNF:\u2009140909858\n\n\n\ncreator QS:P170,Q17560546After (sketch): Leo von Elliot.\n\nTechniqueInfoFieldwood engraving print\n\nSizeInfoFieldheight: 22 cm (8.6 in); width: 32 cm (12.5 in)dimensions QS:P2048,22U174728dimensions QS:P2049,32U174728\n\nInscriptionsInfoFieldSignature bottom left:  \nF.LIX\n\nSignature bottom right:  \n\nA.DAUDENARDE\n\n\nOriginal captionInfoFieldBruxelles. Le mariage de la princesse Louise de Belgique et du prince Philippe de Saxe, c\u00e9l\u00e9br\u00e9 dans le Palais royal. Dessin de M. Lix, d\u2019apr\u00e8s le croquis de von Elliot, notre correspondant de Belgique.\n\nScanned byInfoField\u00c9ric Dod\u00e9mont (Dodeeric)\n\n\n"}, {"url": "https://commons.wikimedia.org/wiki/File:Sachsen-Coburg-Gotha,_Familie.JPG", "metadata": {"og:image": "https://upload.wikimedia.org/wikipedia/commons/thumb/0/0f/Sachsen-Coburg-Gotha%2C_Familie.JPG/640px-Sachsen-Coburg-Gotha%2C_Familie.JPG", "og:image:width": "640", "og:image:height": "443", "og:title": "File:Sachsen-Coburg-Gotha, Familie.JPG - Wikimedia Commons", "og:type": "website"}, "text": "\n\n\nDescriptionSachsen-Coburg-Gotha, Familie.JPG\n\nEnglish:  Members of the Ducal family of Saxe-Coburg-Gotha\nDeutsch:  Mitglieder des Hauses Sachsen-Coburg-Gotha und deren Ehegatten. Von links nach rechts: \nHerzogin Amalie in Bayern geb. Prinzessin von Sachsen-Coburg-Gotha (Gemahlin des Herzog Max Emanuel)\nHerzog Max Emanuel in Bayern\nPrinz Ludwig August von Coburg (Witwer von Prinzessin Leopoldina von Brasilien)\nPrinz Ferdinand von Coburg (sp\u00e4ter Zar von Bulgarien)\nErzherzogin Clothilde von \u00d6sterreich geb. Prinzessin von Sachsen-Coburg-Gotha (Gemahlin des Erzherzogs Joseph)\nErzherzog Joseph Karl Ludwig von \u00d6sterreich\nPrinz Philipp von Coburg\nPrinzessin Louise von Cobrug geb. Prinzessin von Belgien (Gemahlin von Prinz Philipp)\n\n\nDate\n\ncirca 1875date QS:P,+1875-00-00T00:00:00Z/9,P1480,Q5727902\n\n\nSource\n\nFotografie\n\n\nAuthor\n\nVictor Angerer, Fotograf, Wien \n\n\n\nViktor Angerer\n\u00a0(1839\u20131894)\u00a0\u00a0 \u00a0\n\n\n\n\n\nAlternative names\n\nVictor Angerer\n\nDescription\nAustrian photographer\n\nDate of birth/death\n\n3 October 1839\u00a0\n10 April 1894\u00a0\n\nLocation of birth/death\n\nMalacky\nVienna\n\nWork period\n1862 - (at least) 1892\n\nWork location\n\nVienna\u00a0\n\nAuthority file\n\n: Q18508704\nVIAF:\u200913090346\nISNI:\u20090000000078472498\nLCCN:\u2009no2007069093\nGND:\u2009117661716\nSUDOC:\u2009248360248\nWorldCat\n\n\n\ncreator QS:P170,Q18508704\n\n\nPermission(Reusing this file)\n\n\n\nPublic domainPublic domainfalsefalse\n\n\n\n\n\n\nThe author died in 1894, so this work is in the public domain in its country of origin and other countries and areas where the copyright term is the author's life plus 100 years or fewer.\n\n\nThis work is in the public domain in the United States because it was published (or registered with the U.S. Copyright Office) before January 1, 1929.\n\n\n\nThis file has been identified as being free of known restrictions under copyright law, including all related and neighboring rights.\nhttps://creativecommons.org/publicdomain/mark/1.0/PDMCreative Commons Public Domain Mark 1.0falsefalse\n\n\n"}, {"url": "https://commons.wikimedia.org/wiki/File:Vorstenhuizen,_koningshuis_Saksen-Coburg-Gotha,_SFA022821708.jpg", "metadata": {"og:image": "https://upload.wikimedia.org/wikipedia/commons/thumb/0/09/Vorstenhuizen%2C_koningshuis_Saksen-Coburg-Gotha%2C_SFA022821708.jpg/640px-Vorstenhuizen%2C_koningshuis_Saksen-Coburg-Gotha%2C_SFA022821708.jpg", "og:image:width": "640", "og:image:height": "1093", "og:title": "File:Vorstenhuizen, koningshuis Saksen-Coburg-Gotha, SFA022821708.jpg - Wikimedia Commons", "og:type": "website"}, "text": "\n\n\nDescriptionVorstenhuizen, koningshuis Saksen-Coburg-Gotha, SFA022821708.jpg\n\nNederlands:  Omschrijving: Vorstenhuizen, koningshuis Saksen-Coburg-Gotha. Prinses Louise van Belgi\u00eb, de oudste dochter van Leopold II van Belgi\u00eb, naast haar man prins Filips van Saksen-Coburg-Gotha. Het huwelijk bleek zeer ongelukkig en strandde in 1906. Na vele schandalen en financi\u00eble problemen overleed ze uiteindelijk in 1924. Plaats en datum onbekend.\n\n\nDate\n\n1924\n\n\nSource\n\nhttps://beeldbank.spaarnestadphoto.com/search.pp?flush=1&multikeyword=SFA022821708&searchtype=0#ctr-thumbnails\n\n\nAuthor\n\nUnknown authorUnknown author\n\n\n"}]