[{"url": "https://commons.wikimedia.org/wiki/File:D%C3%A9putation_des_dames_belges_offrant_un_diad%C3%A8me_%C3%A0_la_reine.jpg", "metadata": {"og:image": "https://upload.wikimedia.org/wikipedia/commons/thumb/0/06/D%C3%A9putation_des_dames_belges_offrant_un_diad%C3%A8me_%C3%A0_la_reine.jpg/640px-D%C3%A9putation_des_dames_belges_offrant_un_diad%C3%A8me_%C3%A0_la_reine.jpg", "og:image:width": "640", "og:image:height": "463", "og:title": "File:D\u00e9putation des dames belges offrant un diad\u00e8me \u00e0 la reine.jpg - Wikimedia Commons", "og:type": "website"}, "text": "\n\n\n\nEmile Delper\u00e9e: Presentation of the gift to the Queen during the twenty-fifth wedding anniversary in 1878\n\u00a0\u00a0\n\n\nArtist\n\n\n\n\n\n\nEmile Delper\u00e9e\n\u00a0(1850\u20131896)\u00a0\u00a0 \u00a0\n\n\n\n\n\nAlternative names\n\nBirth name: \u00c9mile Daxhelet; Emile Delperee; Emile Delp\u00e9r\u00e9e\n\nDescription\nBelgian painter\n\nDate of birth/death\n\n15 September 1850\u00a0\n9 November 1896\u00a0\n\nLocation of birth/death\n\nHuy\nEsneux\n\nAuthority file\n\n: Q3588451\nVIAF:\u200996158612\nULAN:\u2009500068768\nRKD:\u200921806\n\n\n\ncreator QS:P170,Q3588451\u00a0\n\n\nTitle\n\n\nPresentation of the gift to the Queen during the twenty-fifth wedding anniversary in 1878label QS:Len,\"Presentation of the gift to the Queen during the twenty-fifth wedding anniversary in 1878\"\nlabel QS:Lfr,\"D\u00e9putation des dames belges offrant un diad\u00e8me \u00e0 la reine lors d'une r\u00e9ception au Palais royal pour les noce d'argent en 1878\"\nlabel QS:Lnl,\"Presentatie van het geschenk aan de koningin tijdens de vijfentwintigste huwelijksverjaardag in 1878\"\n\n\nObject type\n\npainting\u00a0\n\n\nDescription\n\n\nEnglish:  Presentation of the gift to the Queen during the twenty-fifth wedding anniversary of King Leopold\u00a0II of Belgium and Queen Marie Henriette, Royal Palace (Brussels), 22 August 1878.\nFran\u00e7ais\u00a0:  Pr\u00e9sentation du cadeau \u00e0 la Reine lors des noces d\u2019argent du roi L\u00e9opold\u00a0II de Belgique et de la reine Marie-Henriette, Palais royal (Bruxelles), le 22 ao\u00fbt 1878. \u2014 Pour les 25\u00a0ans de mariage du Roi et de la Reine, les dames belges, d\u00e9sign\u00e9es par les communes, offrent \u00e0 la Reine un magnifique diad\u00e8me, orn\u00e9 de deux mille trois cents pierres pr\u00e9cieuses et une tra\u00eene en dentelles de Bruxelles. Pour cette occasion, une souscription recueillie en quelques jours avait r\u00e9uni 100\u00a0000 francs. Le diad\u00e8me et la tra\u00eene de dentelles avait \u00e9t\u00e9 pr\u00e9alablement expos\u00e9 \u00e0 l\u2019h\u00f4tel de ville du 18 au 21 juillet. \u00c0 l\u2019occasion des noces d\u2019argents, des f\u00eates furent c\u00e9l\u00e9br\u00e9es \u00e0 Bruxelles les 22, 23, 24 et 25\u00a0ao\u00fbt. Le Roi est en uniforme de lieutenant-g\u00e9n\u00e9ral (grande tenue \u00e0 pied), le comte de Flandre en uniforme de lieutenant-g\u00e9n\u00e9ral de la cavalerie (grande tenue \u00e0 cheval). Deuxi\u00e8me \u00e0 la droite du Roi, en uniforme civil et portant des lunettes, le bourgmestre de Bruxelles, Jules Anspach. \u00c0 l\u2019extr\u00eame droite, en uniforme civil, on reconnait Walth\u00e8re Fr\u00e8re-Orban, chef de cabinet depuis le 19 juin 1878. Ils portent tous le ruban de grand cordon de l\u2019ordre de L\u00e9opold.\nNederlands:  Presentatie van het geschenk aan de koningin tijdens de vijfentwintigste huwelijksverjaardag van koning Leopold\u00a0II van Belgi\u00eb en koningin Marie Henri\u00ebtte, Koninklijk Paleis (Brussel), 22 augustus 1878.\n\n\nDate\n\n1880\u00a0\n\n\nMedium\n\noil  on  canvas\u00a0\n\n\nDimensions\n\nheight: 264 cm (103.9 in)\u00a0; width: 362 cm (11.8 ft)\u00a0dimensions QS:P2048,+264U174728dimensions QS:P2049,+362U174728\n\n\nCollection\n\n\n\n\nMus\u00e9e de l'Art wallon\n\u00a0\u00a0\n\n\nNative name\nMus\u00e9e de l\u2019Art wallon\n\nParent institution\nMus\u00e9e des beaux-arts de Li\u00e8ge\u00a0\n\nLocation\nLi\u00e8ge\n\nCoordinates\n50\u00b0\u00a038\u2032\u00a047.51\u2033\u00a0N, 5\u00b0\u00a034\u2032\u00a047.39\u2033\u00a0E  \u00a0\n\nWebsite\nmuseeartwallon.be\n\nAuthority file\n\n: Q18693767\nVIAF:\u2009141289527\nISNI:\u20090000000122932368\nLCCN:\u2009n80080332\nSUDOC:\u2009034984461\nBNF:\u200912567740d\nWorldCat\n\n\n\ninstitution QS:P195,Q18693767\n\n\n\nReferences\n\nBALaT object ID:  10043377\u00a0\n\n\nSource/Photographer\n\nBaLAT / KIK-IRPA, Brussels (Belgium), clich\u00e9 B170869 (CC BY 4.0) (Archived 2023-12-03 at the Wayback Machine)\n\n\n"}, {"url": "https://commons.wikimedia.org/wiki/File:La_couronne_de_diamants_offerte_%C3%A0_la_reine_des_Belges_%C3%A0_l%27occasion_de_ses_noces_d%27argent.jpg", "metadata": {"og:image": "https://upload.wikimedia.org/wikipedia/commons/thumb/e/e6/La_couronne_de_diamants_offerte_%C3%A0_la_reine_des_Belges_%C3%A0_l%27occasion_de_ses_noces_d%27argent.jpg/640px-La_couronne_de_diamants_offerte_%C3%A0_la_reine_des_Belges_%C3%A0_l%27occasion_de_ses_noces_d%27argent.jpg", "og:image:width": "640", "og:image:height": "492", "og:title": "File:La couronne de diamants offerte \u00e0 la reine des Belges \u00e0 l'occasion de ses noces d'argent.jpg - Wikimedia Commons", "og:type": "website"}, "text": "\n\n\nDescriptionLa couronne de diamants offerte \u00e0 la reine des Belges \u00e0 l'occasion de ses noces d'argent.jpg\n\nFran\u00e7ais\u00a0:  La couronne de diamants offerte \u00e0 la reine des Belges lors des noces d\u2019argent du roi L\u00e9opold II de Belgique et de la reine Marie-Henriette, Palais royal (Bruxelles), le 22 ao\u00fbt 1878.[1]\n\n\nDate\n\n1878\n\n\nSource\n\nLe Monde illustr\u00e9, 7 septembre 1878, p.\u00a0160[2]\u00a0; L'Univers illustr\u00e9, 7 septembre 1878, p.\u00a0573[3]\n\n\nAuthor\n\nUnknown authorUnknown author. After photo de G\u00e9ruset fr\u00e8res, Bruxelles.\n\n\nOther versions\n\nScanned byInfoField\u00c9ric Dod\u00e9mont (Dodeeric)\n\n\n"}, {"url": "https://commons.wikimedia.org/wiki/File:Noces_d%27argent_du_roi_L%C3%A9opold_II_et_de_la_reine_Marie-Henriette_en_1878_-_Entr%C3%A9e_des_dames_des_provinces.jpg", "metadata": {"og:image": "https://upload.wikimedia.org/wikipedia/commons/thumb/f/fd/Noces_d%27argent_du_roi_L%C3%A9opold_II_et_de_la_reine_Marie-Henriette_en_1878_-_Entr%C3%A9e_des_dames_des_provinces.jpg/640px-Noces_d%27argent_du_roi_L%C3%A9opold_II_et_de_la_reine_Marie-Henriette_en_1878_-_Entr%C3%A9e_des_dames_des_provinces.jpg", "og:image:width": "640", "og:image:height": "437", "og:title": "File:Noces d'argent du roi L\u00e9opold II et de la reine Marie-Henriette en 1878 - Entr\u00e9e des dames des provinces.jpg - Wikimedia Commons", "og:type": "website"}, "text": "\n\n\nDescriptionNoces d'argent du roi L\u00e9opold II et de la reine Marie-Henriette en 1878 - Entr\u00e9e des dames des provinces.jpg\n\nFran\u00e7ais\u00a0:  Entr\u00e9e au palais des dames d\u00e9l\u00e9gu\u00e9es des provinces lors des noces d\u2019argent du roi L\u00e9opold\u00a0II de Belgique et de la reine Marie-Henriette, Palais royal (Bruxelles), le 22 ao\u00fbt 1878.\n\n\nDate\n\n1878\n\n\nSource\n\nLe Monde illustr\u00e9 (France), 31 August 1878, p.\u00a0133[1].\n\n\nAuthor\n\n\n\n\n\nCl\u00e9ment Bellenger\n\u00a0(1851\u20131898)\u00a0\u00a0 \u00a0\n\n\nAlternative names\n\nCl\u00e9ment \u00c9douard Bellenger; Clement Bellenger; Cl\u00e9ment-Edouard Bellenger\n\nDescription\nFrench printmaker\n\nDate of birth/death\n\n7 November 1851\u00a0\n24 July 1898\u00a0\n\nLocation of birth/death\n\nformer 10th arrondissement of Paris\n16th arrondissement of Paris\n\nAuthority file\n\n: Q18201549\nVIAF:\u200964275251\nISNI:\u20090000000122809941\nULAN:\u2009500041588\nSUDOC:\u2009082344353\nBNF:\u2009149523625\n\n\n\ncreator QS:P170,Q18201549\n\n\n\nAlexandre Ferdinandus\n\u00a0(1850\u20131888)\u00a0\u00a0\u00a0 \u00a0\n\n\n\n\n\nAlternative names\n\nFran\u00e7ois Avenet\n\nDescription\nBelgian-French illustrator, editorial cartoonist, painter and engraver\n\nDate of birth/death\n\n2 March 1850\u00a0\n8 November 1888\u00a0\n\nLocation of birth/death\n\nAntwerp\n15th arrondissement of Paris\n\nAuthority file\n\n: Q63358302\nVIAF:\u2009222457823\nISNI:\u20090000000360410696\nLCCN:\u2009n88668428\nGND:\u20091016769822\nSUDOC:\u200913737156X\nWorldCat\n\n\n\ncreator QS:P170,Q63358302\nengraver\n\n\n\nFrederick William Moller\n\u00a0\u00a0\u00a0 \u00a0\n\n\n\n\n\nAlternative names\n\nF.W.Moller, Moller, Moeller\n\nDescription\nwood engraver, printmaker and lithographer\n\nWork location\n\nBritish, France\n\nAuthority file\n\n: Q114095980\nVIAF:\u200956881458\nISNI:\u20090000000002252763\nBNF:\u200914961237n\n\n\n\ncreator QS:P170,Q114095980\n\nTechniqueInfoFieldwood engraving print\n\nSizeInfoFieldheight: 21 cm (8.2 in); width: 31 cm (12.2 in)dimensions QS:P2048,21U174728dimensions QS:P2049,31U174728\n\nInscriptionsInfoFieldSignature bottom left:  \nF. MOLLER Sc\n\nSignature bottom right:  \n\nA. FERDINANDUS\n\n\nOriginal captionInfoFieldBruxelles. Les noces d\u2019argent du roi et de la reine des Belges. Entr\u00e9e au palais des dames d\u00e9l\u00e9gu\u00e9es des provinces. Dessin de M. Ferdinandus, d\u2019apr\u00e8s un croquis de M. Bellenger.\n\nScanned byInfoField\u00c9ric Dod\u00e9mont (Dodeeric)\n\n\n"}, {"url": "https://commons.wikimedia.org/wiki/File:Noces_d%E2%80%99argent_du_roi_L%C3%A9opold_II_et_de_la_reine_Marie-Henriette_en_1878_-_Janet_-_original-scan.jpg", "metadata": {"og:image": "https://upload.wikimedia.org/wikipedia/commons/thumb/c/cd/Noces_d%E2%80%99argent_du_roi_L%C3%A9opold_II_et_de_la_reine_Marie-Henriette_en_1878_-_Janet_-_original-scan.jpg/640px-Noces_d%E2%80%99argent_du_roi_L%C3%A9opold_II_et_de_la_reine_Marie-Henriette_en_1878_-_Janet_-_original-scan.jpg", "og:image:width": "640", "og:image:height": "458", "og:title": "File:Noces d\u2019argent du roi L\u00e9opold II et de la reine Marie-Henriette en 1878 - Janet - original-scan.jpg - Wikimedia Commons", "og:type": "website"}, "text": "\n\n\nDescriptionNoces d\u2019argent du roi L\u00e9opold II et de la reine Marie-Henriette en 1878 - Janet - original-scan.jpg\n\nEnglish:  Presentation of the gift to the Queen during the twenty-fifth wedding anniversary of King Leopold\u00a0II of Belgium and Queen Marie Henriette, Royal Palace (Brussels), 22 August 1878.\nFran\u00e7ais\u00a0:  Pr\u00e9sentation du cadeau \u00e0 la Reine lors des noces d\u2019argent du roi L\u00e9opold\u00a0II de Belgique et de la reine Marie-Henriette, Palais royal (Bruxelles), le 22 ao\u00fbt 1878. \u2014 Pour les 25\u00a0ans de mariage du Roi et de la Reine, les dames belges, d\u00e9sign\u00e9es par les communes, offrent \u00e0 la Reine un magnifique diad\u00e8me, orn\u00e9 de deux mille trois cents pierres pr\u00e9cieuses et une tra\u00eene en dentelles de Bruxelles. Pour cette occasion, une souscription recueillie en quelques jours avait r\u00e9uni 100\u00a0000 francs. Le diad\u00e8me et la tra\u00eene de dentelles avait \u00e9t\u00e9 pr\u00e9alablement expos\u00e9 \u00e0 l\u2019h\u00f4tel de ville du 18 au 21 juillet. \u00c0 l\u2019occasion des noces d\u2019argents, des f\u00eates furent c\u00e9l\u00e9br\u00e9es \u00e0 Bruxelles les 22, 23, 24 et 25\u00a0ao\u00fbt. Le Roi est en uniforme de lieutenant-g\u00e9n\u00e9ral (grande tenue \u00e0 pied), le comte de Flandre en uniforme de lieutenant-g\u00e9n\u00e9ral de la cavalerie (grande tenue \u00e0 cheval). Deuxi\u00e8me \u00e0 la droite du Roi, en uniforme civil et portant des lunettes, le bourgmestre de Bruxelles, Jules Anspach. \u00c0 l\u2019extr\u00eame droite, en uniforme civil, on reconnait Walth\u00e8re Fr\u00e8re-Orban, chef de cabinet depuis le 19 juin 1878. Ils portent tous le ruban de grand cordon de l\u2019ordre de L\u00e9opold.\nNederlands:  Presentatie van het geschenk aan de koningin tijdens de vijfentwintigste huwelijksverjaardag van koning Leopold\u00a0II van Belgi\u00eb en koningin Marie Henri\u00ebtte, Koninklijk Paleis (Brussel), 22 augustus 1878.\n\n\nDate\n\n1878\n\n\nSource\n\nLe Monde illustr\u00e9 (France), 7 September 1878, p.\u00a0148.\n\n\nAuthor\n\ndrawer:\n\n\n\nGustave Janet\n\u00a0(1829\u20131898)\u00a0\u00a0 \u00a0\n\n\n\n\n\nAlternative names\n\nJanet\n\nDescription\nFrench drawer\n\nDate of birth/death\n\n10 January 1829\u00a0\n2 April 1898\u00a0\n\nLocation of birth/death\n\nformer 10th arrondissement of Paris\nUnknown\n\nAuthority file\n\n: Q18508256\nVIAF:\u200991524218\nISNI:\u20090000000109241714\nULAN:\u2009500148102\nLCCN:\u2009nr92026023\nNLA:\u200935115829\nWorldCat\n\n\n\ncreator QS:P170,Q18508256\nengraver:\n\n\n\nHippolyte Constant Dutheil\n\u00a0(1842\u20131917)\u00a0\u00a0 \u00a0\n\n\nDescription\nFrench wood engraver\n\nDate of birth/death\n\n21 July 1842\u00a0\n1 April 1917\u00a0\n\nLocation of birth/death\n\nParis\nParis\n\nAuthority file\n\n: Q97577418\nVIAF:\u2009216145003298661300110\nISNI:\u20090000000057664618\nSUDOC:\u2009189346558\nBNF:\u200915964099h\n\n\n\ncreator QS:P170,Q97577418\nAfter (sketch):\n\n\n\nLeo von Elliot\n\u00a0(1816\u20131890)\u00a0\u00a0 \u00a0\n\n\n\n\n\nDescription\npainter\n\nDate of birth/death\n\n16 October 1816\u00a0\n11 July 1890\u00a0\n\nAuthority file\n\n: Q19289081\nVIAF:\u200969801882\nISNI:\u20090000000047399777\nLCCN:\u2009no2001088974\nGND:\u2009122118413\nBNF:\u200916173882q\nWorldCat\n\n\n\ncreator QS:P170,Q19289081\n\n\nOther versions\n\n\n\n\nFran\u00e7ais\u00a0:  Gravure trait\u00e9e graphiquement\n\n\n\nFran\u00e7ais\u00a0:  Gravure trait\u00e9e graphiquement - Sans le cadre\n\n\n\nFran\u00e7ais\u00a0:  Version coloris\u00e9e\n\n\n\nTechniqueInfoFieldwood engraving print\n\nSizeInfoFieldheight: 21 cm (8.2 in); width: 31 cm (12.2 in)dimensions QS:P2048,21U174728dimensions QS:P2049,31U174728\n\nInscriptionsInfoFieldSignature bottom left:  \nG Janet\n\nSignature bottom right:  \n\nH DUTHEIL\n\n\nOriginal captionInfoFieldBruxelles. Les noces d\u2019argent du roi et de la reine des Belges. La pr\u00e9sentation du cadeau \u00e0 la reine par les dames d\u00e9l\u00e9gu\u00e9es des provinces. Dessin de M. Gustave Janet, d\u2019apr\u00e8s le croquis de M. von Elliot.\n\nScanned byInfoField\u00c9ric Dod\u00e9mont (Dodeeric)\n\n\n"}, {"url": "https://commons.wikimedia.org/wiki/File:Noces_d%E2%80%99argent_du_roi_L%C3%A9opold_II_et_de_la_reine_Marie-Henriette_en_1878_-_Janet.jpg", "metadata": {"og:image": "https://upload.wikimedia.org/wikipedia/commons/thumb/5/57/Noces_d%E2%80%99argent_du_roi_L%C3%A9opold_II_et_de_la_reine_Marie-Henriette_en_1878_-_Janet.jpg/640px-Noces_d%E2%80%99argent_du_roi_L%C3%A9opold_II_et_de_la_reine_Marie-Henriette_en_1878_-_Janet.jpg", "og:image:width": "640", "og:image:height": "439", "og:title": "File:Noces d\u2019argent du roi L\u00e9opold II et de la reine Marie-Henriette en 1878 - Janet.jpg - Wikimedia Commons", "og:type": "website"}, "text": "\n\n\nDescriptionNoces d\u2019argent du roi L\u00e9opold II et de la reine Marie-Henriette en 1878 - Janet.jpg\n\nEnglish:  Presentation of the gift to the Queen during the twenty-fifth wedding anniversary of King Leopold\u00a0II of Belgium and Queen Marie Henriette, Royal Palace (Brussels), 22 August 1878.\nFran\u00e7ais\u00a0:  Pr\u00e9sentation du cadeau \u00e0 la Reine lors des noces d\u2019argent du roi L\u00e9opold\u00a0II de Belgique et de la reine Marie-Henriette, Palais royal (Bruxelles), le 22 ao\u00fbt 1878. \u2014 Pour les 25\u00a0ans de mariage du Roi et de la Reine, les dames belges, d\u00e9sign\u00e9es par les communes, offrent \u00e0 la Reine un magnifique diad\u00e8me, orn\u00e9 de deux mille trois cents pierres pr\u00e9cieuses et une tra\u00eene en dentelles de Bruxelles. Pour cette occasion, une souscription recueillie en quelques jours avait r\u00e9uni 100\u00a0000 francs. Le diad\u00e8me et la tra\u00eene de dentelles avait \u00e9t\u00e9 pr\u00e9alablement expos\u00e9 \u00e0 l\u2019h\u00f4tel de ville du 18 au 21 juillet. \u00c0 l\u2019occasion des noces d\u2019argents, des f\u00eates furent c\u00e9l\u00e9br\u00e9es \u00e0 Bruxelles les 22, 23, 24 et 25\u00a0ao\u00fbt. Le Roi est en uniforme de lieutenant-g\u00e9n\u00e9ral (grande tenue \u00e0 pied), le comte de Flandre en uniforme de lieutenant-g\u00e9n\u00e9ral de la cavalerie (grande tenue \u00e0 cheval). Deuxi\u00e8me \u00e0 la droite du Roi, en uniforme civil et portant des lunettes, le bourgmestre de Bruxelles, Jules Anspach. \u00c0 l\u2019extr\u00eame droite, en uniforme civil, on reconnait Walth\u00e8re Fr\u00e8re-Orban, chef de cabinet depuis le 19 juin 1878. Ils portent tous le ruban de grand cordon de l\u2019ordre de L\u00e9opold.\nNederlands:  Presentatie van het geschenk aan de koningin tijdens de vijfentwintigste huwelijksverjaardag van koning Leopold\u00a0II van Belgi\u00eb en koningin Marie Henri\u00ebtte, Koninklijk Paleis (Brussel), 22 augustus 1878.\n\n\nDate\n\n1878\n\n\nSource\n\nLe Monde illustr\u00e9 (France), 7 September 1878, p.\u00a0148[1][2].\n\n\nAuthor\n\ndrawer:\n\n\n\nAfter Gustave Janet\n\u00a0(1829\u20131898)\u00a0\u00a0 \u00a0\n\n\n\n\n\nAlternative names\n\nJanet\n\nDescription\nFrench drawer\n\nDate of birth/death\n\n10 January 1829\u00a0\n2 April 1898\u00a0\n\nLocation of birth/death\n\nformer 10th arrondissement of Paris\nUnknown\n\nAuthority file\n\n: Q18508256\nVIAF:\u200991524218\nISNI:\u20090000000109241714\nULAN:\u2009500148102\nLCCN:\u2009nr92026023\nNLA:\u200935115829\nWorldCat\n\n\n\ncreator QS:P170,Q4233718,P1877,Q18508256\nengraver:\n\n\n\nHippolyte Constant Dutheil\n\u00a0(1842\u20131917)\u00a0\u00a0 \u00a0\n\n\nDescription\nFrench wood engraver\n\nDate of birth/death\n\n21 July 1842\u00a0\n1 April 1917\u00a0\n\nLocation of birth/death\n\nParis\nParis\n\nAuthority file\n\n: Q97577418\nVIAF:\u2009216145003298661300110\nISNI:\u20090000000057664618\nSUDOC:\u2009189346558\nBNF:\u200915964099h\n\n\n\ncreator QS:P170,Q97577418\nsketch:\n\n\n\nAfter Leo von Elliot\n\u00a0(1816\u20131890)\u00a0\u00a0 \u00a0\n\n\n\n\n\nDescription\npainter\n\nDate of birth/death\n\n16 October 1816\u00a0\n11 July 1890\u00a0\n\nAuthority file\n\n: Q19289081\nVIAF:\u200969801882\nISNI:\u20090000000047399777\nLCCN:\u2009no2001088974\nGND:\u2009122118413\nBNF:\u200916173882q\nWorldCat\n\n\n\ncreator QS:P170,Q4233718,P1877,Q19289081\n\n\nOther versions\n\n\n\n\nFran\u00e7ais\u00a0:  Scan original\n\n\n\nFran\u00e7ais\u00a0:  Sans le cadre\n\n\n\nFran\u00e7ais\u00a0:  Version coloris\u00e9e\n\n\n\nFran\u00e7ais\u00a0:  \u00c9mile Delper\u00e9e, D\u00e9putation des dames belges offrant un diad\u00e8me \u00e0 la reine lors d'une r\u00e9ception au Palais royal pour les noce d'argent en 1878, 1880.\n\n\n\nTechniqueInfoFieldwood engraving print\n\nSizeInfoFieldheight: 21 cm (8.2 in); width: 31 cm (12.2 in)dimensions QS:P2048,21U174728dimensions QS:P2049,31U174728\n\nInscriptionsInfoFieldSignature bottom left:  \nG Janet\n\nSignature bottom right:  \n\nH DUTHEIL\n\n\nOriginal captionInfoFieldBruxelles. Les noces d\u2019argent du roi et de la reine des Belges. La pr\u00e9sentation du cadeau \u00e0 la reine par les dames d\u00e9l\u00e9gu\u00e9es des provinces. Dessin de M. Gustave Janet, d\u2019apr\u00e8s le croquis de M. von Elliot.\n\nScanned byInfoField\u00c9ric Dod\u00e9mont (Dodeeric)\n\n\n"}, {"url": "https://commons.wikimedia.org/wiki/File:Noces_d%E2%80%99argent_du_roi_L%C3%A9opold_II_et_de_la_reine_Marie-Henriette_en_1878_-_Version_coloris%C3%A9e.jpg", "metadata": {"og:image": "https://upload.wikimedia.org/wikipedia/commons/thumb/3/32/Noces_d%E2%80%99argent_du_roi_L%C3%A9opold_II_et_de_la_reine_Marie-Henriette_en_1878_-_Version_coloris%C3%A9e.jpg/640px-Noces_d%E2%80%99argent_du_roi_L%C3%A9opold_II_et_de_la_reine_Marie-Henriette_en_1878_-_Version_coloris%C3%A9e.jpg", "og:image:width": "640", "og:image:height": "401", "og:title": "File:Noces d\u2019argent du roi L\u00e9opold II et de la reine Marie-Henriette en 1878 - Version coloris\u00e9e.jpg - Wikimedia Commons", "og:type": "website"}, "text": "\n\n\nDescriptionNoces d\u2019argent du roi L\u00e9opold II et de la reine Marie-Henriette en 1878 - Version coloris\u00e9e.jpg\n\nEnglish:  Presentation of the gift to the Queen during the twenty-fifth wedding anniversary of King Leopold\u00a0II of Belgium and Queen Marie Henriette, Royal Palace (Brussels), 22 August 1878. \u2014 Colorized version.\nFran\u00e7ais\u00a0:  Pr\u00e9sentation du cadeau \u00e0 la Reine lors des noces d\u2019argent du roi L\u00e9opold\u00a0II de Belgique et de la reine Marie-Henriette, Palais royal (Bruxelles), le 22 ao\u00fbt 1878. \u2014 Pour les 25\u00a0ans de mariage du Roi et de la Reine, les dames belges, d\u00e9sign\u00e9es par les communes, offrent \u00e0 la Reine un magnifique diad\u00e8me, orn\u00e9 de deux mille trois cents pierres pr\u00e9cieuses et une tra\u00eene en dentelles de Bruxelles. Pour cette occasion, une souscription recueillie en quelques jours avait r\u00e9uni 100\u00a0000 francs. Le diad\u00e8me et la tra\u00eene de dentelles avait \u00e9t\u00e9 pr\u00e9alablement expos\u00e9 \u00e0 l\u2019h\u00f4tel de ville du 18 au 21 juillet. \u00c0 l\u2019occasion des noces d\u2019argents, des f\u00eates furent c\u00e9l\u00e9br\u00e9es \u00e0 Bruxelles les 22, 23, 24 et 25 ao\u00fbt. Le Roi est en uniforme de lieutenant-g\u00e9n\u00e9ral (grande tenue \u00e0 pied), le comte de Flandre en uniforme de lieutenant-g\u00e9n\u00e9ral de la cavalerie (grande tenue \u00e0 cheval). Deuxi\u00e8me \u00e0 la droite du Roi, en uniforme civil et portant des lunettes, le bourgmestre de Bruxelles, Jules Anspach. \u00c0 l\u2019extr\u00eame droite, en uniforme civil, on reconnait Walth\u00e8re Fr\u00e8re-Orban, chef de cabinet depuis le 19 juin 1878. Ils portent tous le ruban de grand cordon de l\u2019ordre de L\u00e9opold. \u2014 Version coloris\u00e9e par ordinateur.\nNederlands:  Presentatie van het geschenk aan de koningin tijdens de vijfentwintigste huwelijksverjaardag van koning Leopold\u00a0II van Belgi\u00eb en koningin Marie Henri\u00ebtte, Koninklijk Paleis (Brussel), 22 augustus 1878. \u2014 Ingekleurd versie.\n\n\nDate\n\n1878, colorized / coloris\u00e9e / ingekleurd: 2016\n\n\nSource\n\nLe Monde illustr\u00e9 (France), 7 September 1878, p.\u00a0148.\n\n\nAuthor\n\ndrawer:\n\n\n\nGustave Janet\n\u00a0(1829\u20131898)\u00a0\u00a0 \u00a0\n\n\n\n\n\nAlternative names\n\nJanet\n\nDescription\nFrench drawer\n\nDate of birth/death\n\n10 January 1829\u00a0\n2 April 1898\u00a0\n\nLocation of birth/death\n\nformer 10th arrondissement of Paris\nUnknown\n\nAuthority file\n\n: Q18508256\nVIAF:\u200991524218\nISNI:\u20090000000109241714\nULAN:\u2009500148102\nLCCN:\u2009nr92026023\nNLA:\u200935115829\nWorldCat\n\n\n\ncreator QS:P170,Q18508256\nengraver:\n\n\n\nHippolyte Constant Dutheil\n\u00a0(1842\u20131917)\u00a0\u00a0 \u00a0\n\n\nDescription\nFrench wood engraver\n\nDate of birth/death\n\n21 July 1842\u00a0\n1 April 1917\u00a0\n\nLocation of birth/death\n\nParis\nParis\n\nAuthority file\n\n: Q97577418\nVIAF:\u2009216145003298661300110\nISNI:\u20090000000057664618\nSUDOC:\u2009189346558\nBNF:\u200915964099h\n\n\n\ncreator QS:P170,Q97577418\nAfter (sketch):\n\n\n\nLeo von Elliot\n\u00a0(1816\u20131890)\u00a0\u00a0 \u00a0\n\n\n\n\n\nDescription\npainter\n\nDate of birth/death\n\n16 October 1816\u00a0\n11 July 1890\u00a0\n\nAuthority file\n\n: Q19289081\nVIAF:\u200969801882\nISNI:\u20090000000047399777\nLCCN:\u2009no2001088974\nGND:\u2009122118413\nBNF:\u200916173882q\nWorldCat\n\n\n\ncreator QS:P170,Q19289081\nColorized by / coloris\u00e9e par / ingekleurd door: \u00c9ric Dod\u00e9mont.\n\n\nOther versions\n\n\n\n\nFran\u00e7ais\u00a0:  Scan original\n\n\n\nFran\u00e7ais\u00a0:  Gravure trait\u00e9e graphiquement\n\n\n\nFran\u00e7ais\u00a0:  Gravure trait\u00e9e graphiquement - Sans le cadre\n\n\n\nTechniqueInfoFieldwood engraving print\n\nSizeInfoFieldheight: 21 cm (8.2 in); width: 31 cm (12.2 in)dimensions QS:P2048,21U174728dimensions QS:P2049,31U174728\n\nInscriptionsInfoFieldSignature bottom left:  \nG Janet\n\nSignature bottom right:  \n\nH DUTHEIL\n\n\nOriginal captionInfoFieldBruxelles. Les noces d\u2019argent du roi et de la reine des Belges. La pr\u00e9sentation du cadeau \u00e0 la reine par les dames d\u00e9l\u00e9gu\u00e9es des provinces. Dessin de M. Gustave Janet, d\u2019apr\u00e8s le croquis de M. von Elliot.\n\nScanned byInfoField\u00c9ric Dod\u00e9mont (Dodeeric)\n\n\n"}, {"url": "https://commons.wikimedia.org/wiki/File:Noces_d%E2%80%99argent_du_roi_L%C3%A9opold_II_et_de_la_reine_Marie-Henriette_en_1878.jpg", "metadata": {"og:image": "https://upload.wikimedia.org/wikipedia/commons/thumb/a/a3/Noces_d%E2%80%99argent_du_roi_L%C3%A9opold_II_et_de_la_reine_Marie-Henriette_en_1878.jpg/640px-Noces_d%E2%80%99argent_du_roi_L%C3%A9opold_II_et_de_la_reine_Marie-Henriette_en_1878.jpg", "og:image:width": "640", "og:image:height": "432", "og:title": "File:Noces d\u2019argent du roi L\u00e9opold II et de la reine Marie-Henriette en 1878.jpg - Wikimedia Commons", "og:type": "website"}, "text": "\n\n\nDescriptionNoces d\u2019argent du roi L\u00e9opold II et de la reine Marie-Henriette en 1878.jpg\n\nEnglish:  Presentation of the gift to the Queen during the twenty-fifth wedding anniversary of King Leopold\u00a0II of Belgium and Queen Marie Henriette, Royal Palace (Brussels), 22 August 1878.\nFran\u00e7ais\u00a0:  Pr\u00e9sentation du cadeau \u00e0 la Reine lors des noces d\u2019argent du roi L\u00e9opold\u00a0II de Belgique et de la reine Marie-Henriette, Palais royal (Bruxelles), le 22 ao\u00fbt 1878. \u2014 Pour les 25\u00a0 ans de mariage du Roi et de la Reine, les dames belges, d\u00e9sign\u00e9es par les communes, offrent \u00e0 la Reine un magnifique diad\u00e8me, orn\u00e9 de deux mille trois cents pierres pr\u00e9cieuses et une tra\u00eene en dentelles de Bruxelles. Pour cette occasion, une souscription recueillie en quelques jours avait r\u00e9uni 100\u00a0000 francs. Le diad\u00e8me et la tra\u00eene de dentelles avait \u00e9t\u00e9 pr\u00e9alablement expos\u00e9 \u00e0 l\u2019h\u00f4tel de ville du 18 au 21 juillet. \u00c0 l\u2019occasion des noces d\u2019argents, des f\u00eates furent c\u00e9l\u00e9br\u00e9es \u00e0 Bruxelles les 22, 23, 24 et 25\u00a0ao\u00fbt. Le Roi est en uniforme de lieutenant-g\u00e9n\u00e9ral (grande tenue \u00e0 pied), le comte de Flandre en uniforme de lieutenant-g\u00e9n\u00e9ral de la cavalerie (grande tenue \u00e0 cheval). Deuxi\u00e8me \u00e0 la droite du Roi, en uniforme civil et portant des lunettes, le bourgmestre de Bruxelles, Jules Anspach. \u00c0 l\u2019extr\u00eame droite, en uniforme civil, on reconnait Walth\u00e8re Fr\u00e8re-Orban, chef de cabinet depuis le 19 juin 1878. Ils portent tous le ruban de grand cordon de l\u2019ordre de L\u00e9opold.\nNederlands:  Presentatie van het geschenk aan de koningin tijdens de vijfentwintigste huwelijksverjaardag van koning Leopold\u00a0II van Belgi\u00eb en koningin Marie Henri\u00ebtte, Koninklijk Paleis (Brussel), 22 augustus 1878.\n\n\nDate\n\n1878\n\n\nSource\n\nLe Monde illustr\u00e9 (France), 7 September 1878, p.\u00a0148.\n\n\nAuthor\n\ndrawer:\n\n\n\nGustave Janet\n\u00a0(1829\u20131898)\u00a0\u00a0 \u00a0\n\n\n\n\n\nAlternative names\n\nJanet\n\nDescription\nFrench drawer\n\nDate of birth/death\n\n10 January 1829\u00a0\n2 April 1898\u00a0\n\nLocation of birth/death\n\nformer 10th arrondissement of Paris\nUnknown\n\nAuthority file\n\n: Q18508256\nVIAF:\u200991524218\nISNI:\u20090000000109241714\nULAN:\u2009500148102\nLCCN:\u2009nr92026023\nNLA:\u200935115829\nWorldCat\n\n\n\ncreator QS:P170,Q18508256\nengraver:\n\n\n\nHippolyte Constant Dutheil\n\u00a0(1842\u20131917)\u00a0\u00a0 \u00a0\n\n\nDescription\nFrench wood engraver\n\nDate of birth/death\n\n21 July 1842\u00a0\n1 April 1917\u00a0\n\nLocation of birth/death\n\nParis\nParis\n\nAuthority file\n\n: Q97577418\nVIAF:\u2009216145003298661300110\nISNI:\u20090000000057664618\nSUDOC:\u2009189346558\nBNF:\u200915964099h\n\n\n\ncreator QS:P170,Q97577418\nAfter (sketch):\n\n\n\nLeo von Elliot\n\u00a0(1816\u20131890)\u00a0\u00a0 \u00a0\n\n\n\n\n\nDescription\npainter\n\nDate of birth/death\n\n16 October 1816\u00a0\n11 July 1890\u00a0\n\nAuthority file\n\n: Q19289081\nVIAF:\u200969801882\nISNI:\u20090000000047399777\nLCCN:\u2009no2001088974\nGND:\u2009122118413\nBNF:\u200916173882q\nWorldCat\n\n\n\ncreator QS:P170,Q19289081\n\n\nOther versions\n\n\n\n\nFran\u00e7ais\u00a0:  Scan original\n\n\n\nFran\u00e7ais\u00a0:  Gravure trait\u00e9e graphiquement\n\n\n\nFran\u00e7ais\u00a0:  Version coloris\u00e9e\n\n\n\nTechniqueInfoFieldwood engraving print\n\nSizeInfoFieldheight: 21 cm (8.2 in); width: 31 cm (12.2 in)dimensions QS:P2048,21U174728dimensions QS:P2049,31U174728\n\nInscriptionsInfoFieldSignature bottom left:  \nG Janet\n\nSignature bottom right:  \n\nH DUTHEIL\n\n\nOriginal captionInfoFieldBruxelles. Les noces d\u2019argent du roi et de la reine des Belges. La pr\u00e9sentation du cadeau \u00e0 la reine par les dames d\u00e9l\u00e9gu\u00e9es des provinces. Dessin de M. Gustave Janet, d\u2019apr\u00e8s le croquis de M. von Elliot.\n\nScanned byInfoField\u00c9ric Dod\u00e9mont (Dodeeric)\n\n\n"}, {"url": "https://commons.wikimedia.org/wiki/File:Silver_wedding_of_King_Leopold_II_of_Belgium_and_Queen_Marie-Henriette,_22_August_1878.jpg", "metadata": {"og:image": "https://upload.wikimedia.org/wikipedia/commons/thumb/2/2b/Silver_wedding_of_King_Leopold_II_of_Belgium_and_Queen_Marie-Henriette%2C_22_August_1878.jpg/640px-Silver_wedding_of_King_Leopold_II_of_Belgium_and_Queen_Marie-Henriette%2C_22_August_1878.jpg", "og:image:width": "640", "og:image:height": "437", "og:title": "File:Silver wedding of King Leopold II of Belgium and Queen Marie-Henriette, 22 August 1878.jpg - Wikimedia Commons", "og:type": "website"}, "text": "\n\n\nDescriptionSilver wedding of King Leopold II of Belgium and Queen Marie-Henriette, 22 August 1878.jpg\n\nEnglish:  Silver wedding of King Leopold II of Belgium and Queen Marie-Henriette, 22 August 1878\n\n\nDate\n\n9 July 2022\n\n\nSource\n\nhttps://www.theroyalforums.com/forums/f159/queen-marie-henriette-of-the-belgians-1836-1902-a-13704-2.html\n\n\nAuthor\n\nUnknown 19th century Belgian engraver\n\n\n"}]