[{"url": "https://commons.wikimedia.org/wiki/File:Acte_de_d%C3%A9c%C3%A8s_de_la_Princesse_Jos%C3%A9phine_(18_janvier_1871).jpg", "metadata": {"og:image": "https://upload.wikimedia.org/wikipedia/commons/thumb/a/a8/Acte_de_d%C3%A9c%C3%A8s_de_la_Princesse_Jos%C3%A9phine_%2818_janvier_1871%29.jpg/640px-Acte_de_d%C3%A9c%C3%A8s_de_la_Princesse_Jos%C3%A9phine_%2818_janvier_1871%29.jpg", "og:image:width": "640", "og:image:height": "939", "og:title": "File:Acte de d\u00e9c\u00e8s de la Princesse Jos\u00e9phine (18 janvier 1871).jpg - Wikimedia Commons", "og:type": "website"}, "text": "\n\n\nDescriptionActe de d\u00e9c\u00e8s de la Princesse Jos\u00e9phine (18 janvier 1871).jpg\n\nFran\u00e7ais\u00a0:  Acte de d\u00e9c\u00e8s de la Princesse Jos\u00e9phine (18 janvier 1871) dress\u00e9 sous l'autorit\u00e9 du Bourgmestre Jules Anspach, Officier d'\u00c9tat  civil\nEnglish:  Death act of Princess Jos\u00e9phine of Belgium (born 18th january 1871) laid under the authority of Burgomaster Jules Anspach, Civil Record Officer of Brussels\n\n\nDate\n\n18 January 1871\n\n\nSource\n\n\u00c9tat civil de la Ville de Bruxelles, actes de d\u00e9c\u00e8s de 1871, 19 janvier 1871 (open a \"familysearch.org\" account to read the link).\n\n\nAuthor\n\nJules Anspach, Bourgmestre de Bruxelles de 1863 \u00e0 1879, Officier d'\u00c9tat Civil de Bruxelles\n\n\n"}, {"url": "https://commons.wikimedia.org/wiki/File:Acte_de_naissance_de_la_Princesse_Jos%C3%A9phine_(30_novembre_1870).jpg", "metadata": {"og:image": "https://upload.wikimedia.org/wikipedia/commons/thumb/7/73/Acte_de_naissance_de_la_Princesse_Jos%C3%A9phine_%2830_novembre_1870%29.jpg/640px-Acte_de_naissance_de_la_Princesse_Jos%C3%A9phine_%2830_novembre_1870%29.jpg", "og:image:width": "640", "og:image:height": "932", "og:title": "File:Acte de naissance de la Princesse Jos\u00e9phine (30 novembre 1870).jpg - Wikimedia Commons", "og:type": "website"}, "text": "\n\n\nDescriptionActe de naissance de la Princesse Jos\u00e9phine (30 novembre 1870).jpg\n\nFran\u00e7ais\u00a0:  Acte de naissance de la Princesse Jos\u00e9phine (30 novembre 1870) dress\u00e9 sous l'autorit\u00e9 du Bourgmestre Jules Anspach, Officier d'\u00c9tat  civil\nEnglish:  Birth act of Princess Jos\u00e9phine of Belgium (born 30th november 1870) laid under the authority of Burgomaster Jules Anspach, Civil Record Officer of Brussels\n\n\nDate\n\n01/11/1870\n\n\nSource\n\n\u00c9tat civil de la Ville de Bruxelles, actes de naissance de 1870, 1er d\u00e9cembre 1870 (open a \"familysearch.org\" account to read the link).\n\n\nAuthor\n\nJules Anspach, Bourgmestre de Bruxelles de 1863 \u00e0 1879\n\n\n"}]