[{"url": "https://commons.wikimedia.org/wiki/File:1861.01.25phil_par_Silvy_Londres.jpg", "metadata": {"og:image": "https://upload.wikimedia.org/wikipedia/commons/thumb/7/7e/1861.01.25phil_par_Silvy_Londres.jpg/640px-1861.01.25phil_par_Silvy_Londres.jpg", "og:image:width": "640", "og:image:height": "967", "og:title": "File:1861.01.25phil par Silvy Londres.jpg - Wikimedia Commons", "og:type": "website"}, "text": "\n\n\nDescription1861.01.25phil par Silvy Londres.jpg\n\nFran\u00e7ais\u00a0:  Philippe de Belgique, comte de Flandre. Photographie prise \u00e0 Londres.\n\n\nDate\n\n25 June 1861\n\n\nSource\n\nOwn work\n\n\nAuthor\n\nCamille Silvy (1834-1910)\n\n\n"}, {"url": "https://commons.wikimedia.org/wiki/File:Conde_de_Flandes.jpg", "metadata": {"og:image": "https://upload.wikimedia.org/wikipedia/commons/8/8a/Conde_de_Flandes.jpg", "og:image:width": "640", "og:image:height": "768", "og:title": "File:Conde de Flandes.jpg - Wikimedia Commons", "og:type": "website"}, "text": "\n\n\n\nAuthor\n\n\n\n\n\n\nGh\u00e9mar Fr\u00e8res studio\n\u00a0(fl. 1882)\u00a0\u00a0 \u00a0\n\n\nAlternative names\n\nGhemar Fr\u00e8res Atelier de Photographie\n\nDescription\nBelgianGh\u00e9mar Fr\u00e8res, Photographes du Roi, 27, Rue de l'Ecuyer, Bruxelles.\nEnglish:  The photo studio of the two brothers Gh\u00e9mar was the most renowned Belgian photostudio in the period 1855\u20131870. \nIn 1855 Louis Gh\u00e9mar (1820\u20131873)[1] opened a photostudio in Brussels, next to the studio of Jules G\u00e9ruzet. \nIn the beginning Louis Gh\u00e9mar worked together with Robert S\u00e9v\u00e9rin. S\u00e9v\u00e9rin took the photos and Gh\u00e9mar made the retouches and eventually colours the photos. But S\u00e9v\u00e9rin left Brussels and was replaced by Louis Gh\u00e9mars halfbrother, L\u00e9on Auverlaux. From then on the name of the studio was changed to Gh\u00e9mar Fr\u00e8res. \n\nLouis Gh\u00e9mar died in 1873 but the studio kept the name Gh\u00e9mar Fr\u00e8res until 1894 when G\u00e9ruzet takes over the studio, including all the negatives of Gh\u00e9mar.[2]\n\nWork period\nbetween 1855 and 1894date QS:P,+1850-00-00T00:00:00Z/7,P1319,+1855-00-00T00:00:00Z/9,P1326,+1894-00-00T00:00:00Z/9\n\nWork location\n\nCity of Brussels\n\nAuthority file\n\n: Q21557453\nVIAF:\u2009158671009\nLCCN:\u2009no2007070950\nBNF:\u200915346099j\nRKD:\u2009417254\nWorldCat\n\n\n\ncreator QS:P170,Q21557453\n\n\nDescription\n\n\nEnglish:  Prince Philippe, Count of Flanders and 3rd son of King Leopold I of Belgium\n\n\nDate\n\n1863date QS:P571,+1863-00-00T00:00:00Z/9\n\n\nSource\n\nRoyal Collection RCIN 2923277  (working link)\n\n\n"}, {"url": "https://commons.wikimedia.org/wiki/File:Le_prince_Philippe_de_Belgique,_comte_de_Flandre_-_Gh%C3%A9mar_-_1863.jpg", "metadata": {"og:image": "https://upload.wikimedia.org/wikipedia/commons/thumb/b/b9/Le_prince_Philippe_de_Belgique%2C_comte_de_Flandre_-_Gh%C3%A9mar_-_1863.jpg/640px-Le_prince_Philippe_de_Belgique%2C_comte_de_Flandre_-_Gh%C3%A9mar_-_1863.jpg", "og:image:width": "640", "og:image:height": "976", "og:title": "File:Le prince Philippe de Belgique, comte de Flandre - Gh\u00e9mar - 1863.jpg - Wikimedia Commons", "og:type": "website"}, "text": "\n\n\n\nAuthor\n\n\n\n\n\n\nGh\u00e9mar Fr\u00e8res studio\n\u00a0(fl. 1882)\u00a0\u00a0 \u00a0\n\n\nAlternative names\n\nGhemar Fr\u00e8res Atelier de Photographie\n\nDescription\nBelgianGh\u00e9mar Fr\u00e8res, Photographes du Roi, 27, Rue de l'Ecuyer, Bruxelles.\nEnglish:  The photo studio of the two brothers Gh\u00e9mar was the most renowned Belgian photostudio in the period 1855\u20131870. \nIn 1855 Louis Gh\u00e9mar (1820\u20131873)[1] opened a photostudio in Brussels, next to the studio of Jules G\u00e9ruzet. \nIn the beginning Louis Gh\u00e9mar worked together with Robert S\u00e9v\u00e9rin. S\u00e9v\u00e9rin took the photos and Gh\u00e9mar made the retouches and eventually colours the photos. But S\u00e9v\u00e9rin left Brussels and was replaced by Louis Gh\u00e9mars halfbrother, L\u00e9on Auverlaux. From then on the name of the studio was changed to Gh\u00e9mar Fr\u00e8res. \n\nLouis Gh\u00e9mar died in 1873 but the studio kept the name Gh\u00e9mar Fr\u00e8res until 1894 when G\u00e9ruzet takes over the studio, including all the negatives of Gh\u00e9mar.[2]\n\nWork period\nbetween 1855 and 1894date QS:P,+1850-00-00T00:00:00Z/7,P1319,+1855-00-00T00:00:00Z/9,P1326,+1894-00-00T00:00:00Z/9\n\nWork location\n\nCity of Brussels\n\nAuthority file\n\n: Q21557453\nVIAF:\u2009158671009\nLCCN:\u2009no2007070950\nBNF:\u200915346099j\nRKD:\u2009417254\nWorldCat\n\n\n\ncreator QS:P170,Q21557453\n\n\nDescription\n\n\nFran\u00e7ais\u00a0:  S.A.R. le prince Philippe de Belgique (1837-1905), comte de Flandre. \u2013 Il porte l\u2019uniforme de g\u00e9n\u00e9ral-major (deux \u00e9toiles sur le gland de la ceinture).\n\n\nDate\n\n1863-04-01[1]\n\n\nSource\n\nWikimedia Commons (Older version of Conde de Flandes.jpg)\n\n\nOther versions\n\n\n\n\nFran\u00e7ais\u00a0:  D\u00e9tail\n\n\n\nFran\u00e7ais\u00a0:  Gravure r\u00e9alis\u00e9e d'apr\u00e8s une photographie l\u00e9g\u00e8rement diff\u00e9rente.\n\n\nTechniqueInfoFieldblack-and-white photography - albumen printmedium QS:P186,Q580807\n\nEdited byInfoField\u00c9ric Dod\u00e9mont (Dodeeric)\n\n\n"}, {"url": "https://commons.wikimedia.org/wiki/File:CFP_Philippe,_comte_de_Flandre.jpg", "metadata": {"og:image": "https://upload.wikimedia.org/wikipedia/commons/thumb/0/00/CFP_Philippe%2C_comte_de_Flandre.jpg/640px-CFP_Philippe%2C_comte_de_Flandre.jpg", "og:image:width": "640", "og:image:height": "1192", "og:title": "File:CFP Philippe, comte de Flandre.jpg - Wikimedia Commons", "og:type": "website"}, "text": "\n\n\nDescriptionCFP Philippe, comte de Flandre.jpg\n\nFran\u00e7ais\u00a0:  Philippe, comte de Flandre\n\n\nDate\n\ncirca 1900date QS:P,+1900-00-00T00:00:00Z/9,P1480,Q5727902\n\n\nSource\n\nOwn work (Private post-card collection)\n\n\nAuthor\n\nF\u00e9lix Potin et Cie (vers 1900)\n\n\n"}, {"url": "https://commons.wikimedia.org/wiki/File:Filips_(1837-1905),_prins_van_Belgi%C3%AB,_graaf_van_Vlaanderen,_objectnr_KA_6895.51.tif", "metadata": {"og:image": "https://upload.wikimedia.org/wikipedia/commons/thumb/8/81/Filips_%281837-1905%29%2C_prins_van_Belgi%C3%AB%2C_graaf_van_Vlaanderen%2C_objectnr_KA_6895.51.tif/lossy-page1-640px-Filips_%281837-1905%29%2C_prins_van_Belgi%C3%AB%2C_graaf_van_Vlaanderen%2C_objectnr_KA_6895.51.tif.jpg", "og:image:width": "640", "og:image:height": "1128", "og:title": "File:Filips (1837-1905), prins van Belgi\u00eb, graaf van Vlaanderen, objectnr KA 6895.51.tif - Wikimedia Commons", "og:type": "website"}, "text": "\n\n\nDescriptionFilips (1837-1905), prins van Belgi\u00eb, graaf van Vlaanderen, objectnr KA 6895.51.tif\n\nNederlands:  IdentificatieTitel: Filips (1837-1905), prins van Belgi\u00eb, graaf van Vlaanderen Objectnummer: KA 6895.51Objecttype:   foto carte-de-visite Huidige locatie: in depotOnderwerpen:   portret VervaardigingVervaardiger:   Ghemar Fr\u00e8res (fotograaf) Datering: 1870 \u2013 1890 Geproduceerd in: : BrusselMateriaal:   papier Afmetingen: 10 cm.  (hoogte) x 7 cm.  (breedte)Verwerving en rechtenVerworven: legaat 1895Verzameling: Willet-Holthuysen collectieLicentie: CC PDNaamsvermelding: Amsterdam MuseumDuurzaam webadres: http://hdl.handle.net/11259/collection.76829\n\n\nDate\n\n1870 \u2013 1890\n\n\nSource\n\nhttp://hdl.handle.net/11259/collection.76829\n\n\nAuthor\n\nGhemar Fr\u00e8res (fotograaf)\n\n\n"}, {"url": "https://commons.wikimedia.org/wiki/File:Filips_van_Belgi%C3%AB.jpg", "metadata": {"og:image": "https://upload.wikimedia.org/wikipedia/commons/thumb/1/1b/Filips_van_Belgi%C3%AB.jpg/640px-Filips_van_Belgi%C3%AB.jpg", "og:image:width": "640", "og:image:height": "930", "og:title": "File:Filips van Belgi\u00eb.jpg - Wikimedia Commons", "og:type": "website"}, "text": "\n\n\nDescriptionFilips van Belgi\u00eb.jpg\n\nNederlands:  Filips van Belgi\u00eb - foto uit midden 19e eeuw\n\n\nSource\n\nThis file is lacking source information.\nPlease edit this file's description and provide a source.\n\n\n\n\nAuthor\n\nOriginal uploader was K\u00e4nsterle\n\n\nPermission(Reusing this file)\n\n\n\nPublic domainPublic domainfalsefalse\n\n\n\n\n\n\nThis work is in the public domain in its country of origin and other countries and areas where the copyright term is the author's life plus 70 years or fewer.\n\n\n You must also include a United States public domain tag to indicate why this work is in the public domain in the United States.\u00a0Note that a few countries have copyright terms longer than 70 years: Mexico has 100 years, Jamaica has 95 years, Colombia has 80 years, and Guatemala and Samoa have 75 years. This image may not be in the public domain in these countries, which moreover do not implement the rule of the shorter term. Honduras has a general copyright term of 75 years, but it does implement the rule of the shorter term. Copyright may extend on works created by French who died for France in World War II (more information), Russians who served in the Eastern Front of World War II (known as the Great Patriotic War in Russia) and posthumously rehabilitated victims of Soviet repressions (more information).\n\n\n\nThis file has been identified as being free of known restrictions under copyright law, including all related and neighboring rights.\nhttps://creativecommons.org/publicdomain/mark/1.0/PDMCreative Commons Public Domain Mark 1.0falsefalse\n\n\n"}, {"url": "https://commons.wikimedia.org/wiki/File:Group_photograph_of_Queen_Victoria,_Prince_Albert,_Albert_Edward,_Prince_of_Wales,_Count_of_Flanders,_Princess_Alice,_Duke_of_Oporto,_and_King_Leopold_I_of_the_Belgians,_1859_(image_restaur%C3%A9e).jpg", "metadata": {"og:image": "https://upload.wikimedia.org/wikipedia/commons/thumb/e/e7/Group_photograph_of_Queen_Victoria%2C_Prince_Albert%2C_Albert_Edward%2C_Prince_of_Wales%2C_Count_of_Flanders%2C_Princess_Alice%2C_Duke_of_Oporto%2C_and_King_Leopold_I_of_the_Belgians%2C_1859_%28image_restaur%C3%A9e%29.jpg/640px-thumbnail.jpg", "og:image:width": "640", "og:image:height": "457", "og:title": "File:Group photograph of Queen Victoria, Prince Albert, Albert Edward, Prince of Wales, Count of Flanders, Princess Alice, Duke of Oporto, and King Leopold I of the Belgians, 1859 (image restaur\u00e9e).jpg - Wikimedia Commons", "og:type": "website"}, "text": "\n\n\nDescriptionGroup photograph of Queen Victoria, Prince Albert, Albert Edward, Prince of Wales, Count of Flanders, Princess Alice, Duke of Oporto, and King Leopold I of the Belgians, 1859 (image restaur\u00e9e).jpg\n\nEnglish:  Group photograph of (from left to right) Prince Philippe, Count of Flanders; Prince Albert, Prince Consort; Princess Alice; Infante Lu\u00eds, Duke of Porto, later King Lu\u00eds I of Portugal; Queen Victoria; Albert Edward, Prince of Wales, later King Edward VII; and King Leopold I of the Belgians; 1859\n\n\nDate\n\nJune 1859\n\n\nSource\n\nThis file was derived from: Group photograph of Queen Victoria, Prince Albert, Albert Edward, Prince of Wales, Count of Flanders, Princess Alice, Duke of Oporto, and King Leopold I of the Belgians, 1859.jpg:\u00a0\n\n\nAuthor\n\n\n\n\n\nAttributed to Dudley FitzGerald-de Ros, 23rd Baron de Ros\n\u00a0(1827\u20131907)\u00a0 \u00a0\n\n\n\n\n\nAlternative names\n\nDudley FitzGerald-de Ros; Lord Dudley; Lord FitzGerald-de Ros\n\nDescription\nBritish politician\n\nDate of birth/death\n\n11 March 1827\u00a0\n29 April 1907\u00a0\n\nLocation of birth\n\nBrighton\n\n\nAuthority file\n\n: Q5311874\nVIAF:\u2009315632136\n\n\n\n\n\n"}, {"url": "https://commons.wikimedia.org/wiki/File:Le_prince_Philippe_de_Belgique,_comte_de_Flandre_-_Boute_-_original-scan.jpg", "metadata": {"og:image": "https://upload.wikimedia.org/wikipedia/commons/thumb/3/37/Le_prince_Philippe_de_Belgique%2C_comte_de_Flandre_-_Boute_-_original-scan.jpg/640px-Le_prince_Philippe_de_Belgique%2C_comte_de_Flandre_-_Boute_-_original-scan.jpg", "og:image:width": "640", "og:image:height": "536", "og:title": "File:Le prince Philippe de Belgique, comte de Flandre - Boute - original-scan.jpg - Wikimedia Commons", "og:type": "website"}, "text": "\n\n\nDescriptionLe prince Philippe de Belgique, comte de Flandre - Boute - original-scan.jpg\n\nEnglish:  H.R.H. Prince Philippe of Belgium, Count of Flanders.\nFran\u00e7ais\u00a0:  S.A.R. le prince Philippe de Belgique, comte de Flandre. \u2014 Sur ce portrait, le comte de Flandre a environ 43\u00a0ans. Il porte la grande tenue de lieutenant-g\u00e9n\u00e9ral et les d\u00e9corations de grand cordon de l\u2019ordre de L\u00e9opold (ruban en \u00e9charpe et plaque de la cat\u00e9gorie militaire) [en haut], de grand-croix de l\u2019ordre de la maison Ernestine de Saxe (cat\u00e9gorie militaire) [au milieu], et de grand commandeur de l\u2019ordre royal de la maison de Hohenzollern [en bas]. Ces trois d\u00e9corations sont sans doute les plus importantes pour lui\u00a0: l\u2019ordre de L\u00e9opold est le plus important de Belgique\u00a0; l\u2019ordre de la maison de Saxe est l\u2019ordre d\u00e9cern\u00e9 par le duch\u00e9 de Saxe-Cobourg-Gotha, dont provient sa famille\u00a0; et l\u2019ordre de la maison de Hohenzollern est l\u2019ordre d\u00e9cern\u00e9 par la famille de son \u00e9pouse.\nNederlands:  Z.K.H. prins Filips van Belgi\u00eb, graaf van Vlaanderen.\n\n\nDate\n\ncirca 1880date QS:P,+1880-00-00T00:00:00Z/9,P1480,Q5727902\n\n\nSource\n\nAncienne carte postale. Old postal card. c. 1910.\n\n\nAuthor\n\n\n\n\n\nG\u00e9ruzet Fr\u00e8res\n\u00a0(1817\u20131874)\u00a0\u00a0 \u00a0\n\n\nAlternative names\n\nAlbert G\u00e9ruzet et Alfred G\u00e9ruzet\u00a0; Jules G\u00e9ruzet\u00a0; Clich\u00e9 Boute\n\nDescription\nBelgian photographerFran\u00e7ais\u00a0:  Photographes de S.M. la Reine des Belges. 27B, Rue de l'Ecuyer, Bruxelles. Atelier de photographie fond\u00e9 par Albert G\u00e9ruzet (1842-1890) et Alfred G\u00e9ruzet (1845-1903), actif de 1866 \u00e0 1908. L\u2019atelier a continu\u00e9 de fonctionner apr\u00e8s la mort d\u2019Alfred, jusqu\u2019\u00e0 sa reprise par Eug\u00e8ne Boute autour de 1908. Leur p\u00e8re, Jules G\u00e9ruzet, avait d\u00e9ja commenc\u00e9 une activit\u00e9 de photographe d\u00e8s 1856.\n\nDate of birth/death\n\n31 March 1817\u00a0\n4 December 1874\u00a0\n\nLocation of birth/death\n\nBraine\nCity of Brussels\n\nWork period\nbetween 1866 and 1908date QS:P,+1500-00-00T00:00:00Z/6,P1319,+1866-00-00T00:00:00Z/9,P1326,+1908-00-00T00:00:00Z/9\n\nWork location\n\nCity of Brussels\n\nAuthority file\n\n: Q23901678\nVIAF:\u200968834819\nISNI:\u20090000000078909186\nULAN:\u2009500056712\nLCCN:\u2009nr97018960\nSELIBR:\u2009210391\nWorldCat\n\n\n\ncreator QS:P170,Q23901678Clich\u00e9 Boute\n\n\nOther versions\n\n\n\n\n\n\n\n\nFran\u00e7ais\u00a0:  Gravure r\u00e9alis\u00e9e d'apr\u00e8s la photographie.\n\n\n\n\n\n\n\nFran\u00e7ais\u00a0:  Scan original de la gravure.\n\n\n\nScanned byInfoField\u00c9ric Dod\u00e9mont (Dodeeric)\n\n\n"}, {"url": "https://commons.wikimedia.org/wiki/File:Le_prince_Philippe_de_Belgique,_comte_de_Flandre_-_Boute.jpg", "metadata": {"og:image": "https://upload.wikimedia.org/wikipedia/commons/thumb/0/0c/Le_prince_Philippe_de_Belgique%2C_comte_de_Flandre_-_Boute.jpg/640px-Le_prince_Philippe_de_Belgique%2C_comte_de_Flandre_-_Boute.jpg", "og:image:width": "640", "og:image:height": "1030", "og:title": "File:Le prince Philippe de Belgique, comte de Flandre - Boute.jpg - Wikimedia Commons", "og:type": "website"}, "text": "\n\n\nDescriptionLe prince Philippe de Belgique, comte de Flandre - Boute.jpg\n\nEnglish:  H.R.H. Prince Philippe of Belgium, Count of Flanders.\nFran\u00e7ais\u00a0:  S.A.R. le prince Philippe de Belgique, comte de Flandre. \u2014 Sur ce portrait, le comte de Flandre a environ 43\u00a0ans. Il porte la grande tenue de lieutenant-g\u00e9n\u00e9ral et les d\u00e9corations de grand cordon de l\u2019ordre de L\u00e9opold (ruban en \u00e9charpe et plaque de la cat\u00e9gorie militaire) [en haut], de grand-croix de l\u2019ordre de la maison Ernestine de Saxe (cat\u00e9gorie militaire) [au milieu], et de grand commandeur de l\u2019ordre royal de la maison de Hohenzollern [en bas]. Ces trois d\u00e9corations sont sans doute les plus importantes pour lui\u00a0: l\u2019ordre de L\u00e9opold est le plus important de Belgique\u00a0; l\u2019ordre de la maison de Saxe est l\u2019ordre d\u00e9cern\u00e9 par le duch\u00e9 de Saxe-Cobourg-Gotha, dont provient sa famille\u00a0; et l\u2019ordre de la maison de Hohenzollern est l\u2019ordre d\u00e9cern\u00e9 par la famille de son \u00e9pouse. \u2014 Il existe une photographie presque identique[1].\nNederlands:  Z.K.H. prins Filips van Belgi\u00eb, graaf van Vlaanderen.\n\n\nDate\n\ncirca 1880date QS:P,+1880-00-00T00:00:00Z/9,P1480,Q5727902\n\n\nSource\n\nAncienne carte postale. Old postal card. c. 1910.\n\n\nAuthor\n\n\n\n\n\nG\u00e9ruzet Fr\u00e8res\n\u00a0(1817\u20131874)\u00a0\u00a0 \u00a0\n\n\nAlternative names\n\nAlbert G\u00e9ruzet et Alfred G\u00e9ruzet\u00a0; Jules G\u00e9ruzet\u00a0; Clich\u00e9 Boute\n\nDescription\nBelgian photographerFran\u00e7ais\u00a0:  Photographes de S.M. la Reine des Belges. 27B, Rue de l'Ecuyer, Bruxelles. Atelier de photographie fond\u00e9 par Albert G\u00e9ruzet (1842-1890) et Alfred G\u00e9ruzet (1845-1903), actif de 1866 \u00e0 1908. L\u2019atelier a continu\u00e9 de fonctionner apr\u00e8s la mort d\u2019Alfred, jusqu\u2019\u00e0 sa reprise par Eug\u00e8ne Boute autour de 1908. Leur p\u00e8re, Jules G\u00e9ruzet, avait d\u00e9ja commenc\u00e9 une activit\u00e9 de photographe d\u00e8s 1856.\n\nDate of birth/death\n\n31 March 1817\u00a0\n4 December 1874\u00a0\n\nLocation of birth/death\n\nBraine\nCity of Brussels\n\nWork period\nbetween 1866 and 1908date QS:P,+1500-00-00T00:00:00Z/6,P1319,+1866-00-00T00:00:00Z/9,P1326,+1908-00-00T00:00:00Z/9\n\nWork location\n\nCity of Brussels\n\nAuthority file\n\n: Q23901678\nVIAF:\u200968834819\nISNI:\u20090000000078909186\nULAN:\u2009500056712\nLCCN:\u2009nr97018960\nSELIBR:\u2009210391\nWorldCat\n\n\n\ncreator QS:P170,Q23901678Clich\u00e9 Boute\n\n\nOther versions\n\n\n\n\nFran\u00e7ais\u00a0:  Scan original\n\n\n\nFran\u00e7ais\u00a0:  Gravure r\u00e9alis\u00e9e d'apr\u00e8s la photographie.\n\n\n\n\n\n\n\nFran\u00e7ais\u00a0:  Scan original de la gravure.\n\n\n\nScanned byInfoField\u00c9ric Dod\u00e9mont (Dodeeric)\n\n\n"}, {"url": "https://commons.wikimedia.org/wiki/File:Philippe_and_Marie,_Count_and_Countess_of_Flanders.jpg", "metadata": {"og:image": "https://upload.wikimedia.org/wikipedia/commons/7/7c/Philippe_and_Marie%2C_Count_and_Countess_of_Flanders.jpg", "og:image:width": "640", "og:image:height": "899", "og:title": "File:Philippe and Marie, Count and Countess of Flanders.jpg - Wikimedia Commons", "og:type": "website"}, "text": "\n\n\nDescriptionPhilippe and Marie, Count and Countess of Flanders.jpg\n\nEnglish:  Philippe and Marie, Count and Countess of Flanders.\n\n\nDate\n\n1870sdate QS:P,+1870-00-00T00:00:00Z/8\n\n\nSource\n\nhttp://dinastias.forogratis.es/marie-condesa-de-flandes-t1552.html\n\n\nAuthor\n\nUnknown authorUnknown author\n\n\n"}, {"url": "https://commons.wikimedia.org/wiki/File:Philippe_comte_de_Flandre_(1880).jpg", "metadata": {"og:image": "https://upload.wikimedia.org/wikipedia/commons/thumb/8/8f/Philippe_comte_de_Flandre_%281880%29.jpg/640px-Philippe_comte_de_Flandre_%281880%29.jpg", "og:image:width": "640", "og:image:height": "932", "og:title": "File:Philippe comte de Flandre (1880).jpg - Wikimedia Commons", "og:type": "website"}, "text": "\n\n\nDescriptionPhilippe comte de Flandre (1880).jpg\n\nFran\u00e7ais\u00a0:  Le prince Philippe de Belgique, comte de Flandre\n\n\nDate\n\n1880\n\n\nSource\n\nSelf-scanned\n\n\nAuthor\n\nUnknown authorUnknown author (Photographie G\u00e9ruzet)\n\n\n"}, {"url": "https://commons.wikimedia.org/wiki/File:Prince_Philippe,_Count_of_Flanders_and_friends.jpg", "metadata": {"og:image": "https://upload.wikimedia.org/wikipedia/commons/thumb/0/0a/Prince_Philippe%2C_Count_of_Flanders_and_friends.jpg/640px-Prince_Philippe%2C_Count_of_Flanders_and_friends.jpg", "og:image:width": "640", "og:image:height": "1069", "og:title": "File:Prince Philippe, Count of Flanders and friends.jpg - Wikimedia Commons", "og:type": "website"}, "text": "\n\n\nDescriptionPrince Philippe, Count of Flanders and friends.jpg\n\nEnglish:  Prince Philippe, Count of Flanders and friends\n\n\nDate\n\ncirca 1870date QS:P,+1870-00-00T00:00:00Z/9,P1480,Q5727902\n\n\nSource\n\neuropeana.eu\n\n\nAuthor\n\nCharles Corand ph.\n\n\n"}, {"url": "https://commons.wikimedia.org/wiki/File:Retrato_de_Filipe,_conde_de_Flandres.jpg", "metadata": {"og:image": "https://upload.wikimedia.org/wikipedia/commons/thumb/f/fa/Retrato_de_Filipe%2C_conde_de_Flandres.jpg/640px-Retrato_de_Filipe%2C_conde_de_Flandres.jpg", "og:image:width": "640", "og:image:height": "1098", "og:title": "File:Retrato de Filipe, conde de Flandres.jpg - Wikimedia Commons", "og:type": "website"}, "text": "\n\n\nDescriptionRetrato de Filipe, conde de Flandres.jpg\n\nPortugu\u00eas:  208V\n35.979\tGH\u00c9MAR.\n[Retrato de Filipe, conde de Flandres] / Gh\u00e9mar Fr\u00e8res. -- [187-].\n01 foto: carte de visite, p&b; 11x6 cm.\n\nResumo: corpo inteiro, de p\u00e9, fardado. Irm\u00e3o de Leopoldo II, rei da B\u00e9lgica, nasceu em 1837, faleceu em 1905.\n\n\nDate\n\n27 August 2021\n\n\nSource\n\nhttp://docvirt.com/docreader.net/DocReader.aspx?bib=mhn&pagfis=74728\n\n\nAuthor\n\nGh\u00e9mar Fr\u00e8res\n\n\n"}]