[{"url": "https://commons.wikimedia.org/wiki/File:Villa_san_cerbone,_androne_e_cortile,_lapide_principessa_di_piemonte,_1933.JPG", "metadata": {"og:image": "https://upload.wikimedia.org/wikipedia/commons/thumb/8/8b/Villa_san_cerbone%2C_androne_e_cortile%2C_lapide_principessa_di_piemonte%2C_1933.JPG/640px-Villa_san_cerbone%2C_androne_e_cortile%2C_lapide_principessa_di_piemonte%2C_1933.JPG", "og:image:width": "640", "og:image:height": "453", "og:title": "File:Villa san cerbone, androne e cortile, lapide principessa di piemonte, 1933.JPG - Wikimedia Commons", "og:type": "website"}, "text": "\n\n\n\nAuthor\n\n\nSailko\n\n\nDescription\n\n\nItaliano:  Villa San Cerbone (nucleo dell'ospedale Serristori) a Figline Valdarno, provincia di Firenze\n\n\nDate\n\n24 November 2013, 17:57:10\n\n\nSource/Photographer\n\nOwn work\n\n\n"}, {"url": "https://commons.wikimedia.org/wiki/File:Marie-Jos%C3%A9_of_Belgium,_Queen_of_Italy.jpg", "metadata": {"og:image": "https://upload.wikimedia.org/wikipedia/commons/thumb/c/ca/Marie-Jos%C3%A9_of_Belgium%2C_Queen_of_Italy.jpg/640px-Marie-Jos%C3%A9_of_Belgium%2C_Queen_of_Italy.jpg", "og:image:width": "640", "og:image:height": "913", "og:title": "File:Marie-Jos\u00e9 of Belgium, Queen of Italy.jpg - Wikimedia Commons", "og:type": "website"}, "text": "\n\n\nDescriptionMarie-Jos\u00e9 of Belgium, Queen of Italy.jpg\n\nEnglish:  Marie-Jos\u00e9 of Belgium, Queen of Italy\n\n\nDate\n\n1933\n\n\nSource\n\nhttps://www.flickr.com/photos/70125105@N06/11446650406/\n\n\nAuthor\n\nUnknown authorUnknown author\n\n\n"}]