[{"url": "https://commons.wikimedia.org/wiki/File:0_Le_roi_Albert_1er_et_la_reine_Elisabeth_sur_le_front_de_l%27Yser_2.JPG", "metadata": {"og:image": "https://upload.wikimedia.org/wikipedia/commons/thumb/0/02/0_Le_roi_Albert_1er_et_la_reine_Elisabeth_sur_le_front_de_l%27Yser_2.JPG/640px-0_Le_roi_Albert_1er_et_la_reine_Elisabeth_sur_le_front_de_l%27Yser_2.JPG", "og:image:width": "640", "og:image:height": "893", "og:title": "File:0 Le roi Albert 1er et la reine Elisabeth sur le front de l'Yser 2.JPG - Wikimedia Commons", "og:type": "website"}, "text": "\n\n\nDescription0 Le roi Albert 1er et la reine Elisabeth sur le front de l'Yser 2.JPG\n\nFran\u00e7ais\u00a0:  Le roi Albert 1er et la reine Elisabeth visitant les tranch\u00e9es du front de l\u2019Yser durant la premi\u00e8re guerre mondiale (Belgique).\nEnglish:  King Albert 1st and Queen Elisabeth visiting the trenches of the Yser Front during the First World War (Belgium).\nNederlands:  Koning Albert 1ste en Koningin Elisabeth bezoeken de loopgraven van het IJzerfront tijdens de Eerste Wereldoorlog (Belgi\u00eb).\n\n\nDate\n\nUnknown dateUnknown date\n\n\nSource\n\nOwn work\n\n\nAuthor\n\nJean-Pol GRANDMONT\n\n\nPermission(Reusing this file)\n\n\n\n\n\nThis illustration was made by Jean-Pol GRANDMONT\nPlease credit this\u00a0: Jean-Pol GRANDMONT\nAn email to \nJean-Pol GRANDMONT would be appreciated.\n\n\n\n\n"}, {"url": "https://commons.wikimedia.org/wiki/File:0_Le_roi_Albert_1er_et_la_reine_Elisabeth_sur_le_front_de_l%27Yser.JPG", "metadata": {"og:image": "https://upload.wikimedia.org/wikipedia/commons/thumb/7/74/0_Le_roi_Albert_1er_et_la_reine_Elisabeth_sur_le_front_de_l%27Yser.JPG/640px-0_Le_roi_Albert_1er_et_la_reine_Elisabeth_sur_le_front_de_l%27Yser.JPG", "og:image:width": "640", "og:image:height": "445", "og:title": "File:0 Le roi Albert 1er et la reine Elisabeth sur le front de l'Yser.JPG - Wikimedia Commons", "og:type": "website"}, "text": "\n\n\nDescription0 Le roi Albert 1er et la reine Elisabeth sur le front de l'Yser.JPG\n\nFran\u00e7ais\u00a0:  Le roi Albert 1er et la reine Elisabeth visitant les tranch\u00e9es du front de l\u2019Yser durant la premi\u00e8re guerre mondiale (Belgique).\nEnglish:  King Albert 1st and Queen Elisabeth visiting the trenches of the Yser Front during the First World War (Belgium).\nNederlands:  Koning Albert 1ste en Koningin Elisabeth bezoeken de loopgraven van het IJzerfront tijdens de Eerste Wereldoorlog (Belgi\u00eb).\n\n\nDate\n\nUnknown dateUnknown date\n\n\nSource\n\nOwn work\n\n\nAuthor\n\nJean-Pol GRANDMONT\n\n\nPermission(Reusing this file)\n\n\n\n\n\nThis illustration was made by Jean-Pol GRANDMONT\nPlease credit this\u00a0: Jean-Pol GRANDMONT\nAn email to \nJean-Pol GRANDMONT would be appreciated.\n\n\n\n\n"}, {"url": "https://commons.wikimedia.org/wiki/File:Albert_and_Elisabeth.jpg", "metadata": {"og:image": "https://upload.wikimedia.org/wikipedia/commons/thumb/7/75/Albert_and_Elisabeth.jpg/640px-Albert_and_Elisabeth.jpg", "og:image:width": "640", "og:image:height": "1000", "og:title": "File:Albert and Elisabeth.jpg - Wikimedia Commons", "og:type": "website"}, "text": "\n\n\nDescriptionAlbert and Elisabeth.jpg\n\nEnglish:  Albert I von Belgien und K\u00f6nigin Elisabeth, 1900\n\n\nDate\n\n1900\n\n\nSource\n\nhttp://thefirstwaltz.tumblr.com/post/3582972269/prince-and-princess-albert-of-belgium-engagement\n\n\nAuthor\n\nUnknown authorUnknown author\n\n\n"}, {"url": "https://commons.wikimedia.org/wiki/File:Albert_I_von_Belgien_mit_K%C3%B6nigin_Elisabeth.jpg", "metadata": {"og:image": "https://upload.wikimedia.org/wikipedia/commons/d/da/Albert_I_von_Belgien_mit_K%C3%B6nigin_Elisabeth.jpg", "og:image:width": "640", "og:image:height": "960", "og:title": "File:Albert I von Belgien mit K\u00f6nigin Elisabeth.jpg - Wikimedia Commons", "og:type": "website"}, "text": "\n\n\nDescriptionAlbert I von Belgien mit K\u00f6nigin Elisabeth.jpg\n\nEnglish:  Albert I von Belgien mit K\u00f6nigin Elisabeth\n\n\nDate\n\n1900\n\n\nSource\n\nhttp://teatimeatwinterpalace.tumblr.com/post/34030968197/carolathhabsburg-engagement-image-of-elisabeth\n\n\nAuthor\n\nUnknown authorUnknown author\n\n\n"}, {"url": "https://commons.wikimedia.org/wiki/File:Albert_I_von_Belgien_und_K%C3%B6nigin_Elisabeth,_1900.jpg", "metadata": {"og:image": "https://upload.wikimedia.org/wikipedia/commons/thumb/4/43/Albert_I_von_Belgien_und_K%C3%B6nigin_Elisabeth%2C_1900.jpg/640px-Albert_I_von_Belgien_und_K%C3%B6nigin_Elisabeth%2C_1900.jpg", "og:image:width": "640", "og:image:height": "605", "og:title": "File:Albert I von Belgien und K\u00f6nigin Elisabeth, 1900.jpg - Wikimedia Commons", "og:type": "website"}, "text": "\n\n\nDescriptionAlbert I von Belgien und K\u00f6nigin Elisabeth, 1900.jpg\n\nEnglish:  Albert I von Belgien und K\u00f6nigin Elisabeth, 1900\n\n\nDate\n\n1900\n\n\nSource\n\nhttps://www.pinterest.ru/pin/789467009648988889/\n\n\nAuthor\n\nUnknown authorUnknown author\n\n\n"}, {"url": "https://commons.wikimedia.org/wiki/File:Albert_I_von_Belgien_und_K%C3%B6nigin_Elisabeth.jpg", "metadata": {"og:image": "https://upload.wikimedia.org/wikipedia/commons/3/3a/Albert_I_von_Belgien_und_K%C3%B6nigin_Elisabeth.jpg", "og:image:width": "640", "og:image:height": "1002", "og:title": "File:Albert I von Belgien und K\u00f6nigin Elisabeth.jpg - Wikimedia Commons", "og:type": "website"}, "text": "\n\n\nDescriptionAlbert I von Belgien und K\u00f6nigin Elisabeth.jpg\n\nEnglish:  Albert I. von Belgien mit seiner Ehefrau, Herzogin Elisabeth von Bayern\n\n\nDate\n\n1900\n\n\nSource\n\nhttp://dinastias.forogratis.es/elisabeth-en-baviera-esposa-de-albert-i-t306-24.html\n\n\nAuthor\n\nUnknown authorUnknown author\n\n\n"}, {"url": "https://commons.wikimedia.org/wiki/File:Albert_I._von_Belgien_und_K%C3%B6nigin_Elisabeth_(1900).jpg", "metadata": {"og:image": "https://upload.wikimedia.org/wikipedia/commons/c/cb/Albert_I._von_Belgien_und_K%C3%B6nigin_Elisabeth_%281900%29.jpg", "og:image:width": "640", "og:image:height": "952", "og:title": "File:Albert I. von Belgien und K\u00f6nigin Elisabeth (1900).jpg - Wikimedia Commons", "og:type": "website"}, "text": "\n\n\nDescriptionAlbert I. von Belgien und K\u00f6nigin Elisabeth (1900).jpg\n\nDeutsch:  Albert I. von Belgien mit seiner Ehefrau, Herzogin Elisabeth von Bayern\n\n\nDate\n\n1900\n\n\nSource\n\nSport & Salon 25. Oktober 1900, S. 1\n\n\nAuthor\n\nUnknown authorUnknown author\n\n\n"}, {"url": "https://commons.wikimedia.org/wiki/File:Verlovingsfoto_-Hertog_van_Brabant.jpg", "metadata": {"og:image": "https://upload.wikimedia.org/wikipedia/commons/thumb/9/9a/Verlovingsfoto_-Hertog_van_Brabant.jpg/640px-Verlovingsfoto_-Hertog_van_Brabant.jpg", "og:image:width": "640", "og:image:height": "879", "og:title": "File:Verlovingsfoto -Hertog van Brabant.jpg - Wikimedia Commons", "og:type": "website"}, "text": "\n\n\nDescriptionVerlovingsfoto -Hertog van Brabant.jpg\n\nEnglish:  Old picture of the engagement of Prince Albert (later King Albert I of Belgium) with Duchess Elisabeth Gabrielle Val\u00e9rie Marie in Bavaria (later Elisabeth, Queen of Belgium).  They were married in 1900.\n\n\nSource\n\nThis file is lacking source information.\nPlease edit this file's description and provide a source.\n\n\n\n\nAuthor\n\nThis file is lacking author information.\n\n\n\n"}, {"url": "https://commons.wikimedia.org/wiki/File:Albert_et_Elisabeth_%C3%A0_Arosa_en_1933.png", "metadata": {"og:image": "https://upload.wikimedia.org/wikipedia/commons/f/ff/Albert_et_Elisabeth_%C3%A0_Arosa_en_1933.png", "og:image:width": "640", "og:image:height": "740", "og:title": "File:Albert et Elisabeth \u00e0 Arosa en 1933.png - Wikimedia Commons", "og:type": "website"}, "text": "\n\n\nDescriptionAlbert et Elisabeth \u00e0 Arosa en 1933.png\n\nFran\u00e7ais\u00a0:  Le roi Albert et la reine Elisabeth \u00e0 Arosa, en Suisse, en 1933.\n\n\nDate\n\n1933\n\n\nSource\n\nhttps://www.eventail.be/media/k2/items/cache/dc7259495409db483f53803df58f17e8_L.jpg\n\n\nAuthor\n\nUnknown authorUnknown author\n\n\n"}, {"url": "https://commons.wikimedia.org/wiki/File:Belgian_Royal_Family_LCCN2014715071.jpg", "metadata": {"og:image": "https://upload.wikimedia.org/wikipedia/commons/thumb/0/07/Belgian_Royal_Family_LCCN2014715071.jpg/640px-Belgian_Royal_Family_LCCN2014715071.jpg", "og:image:width": "640", "og:image:height": "871", "og:title": "File:Belgian Royal Family LCCN2014715071.jpg - Wikimedia Commons", "og:type": "website"}, "text": "\n\n\nDescriptionBelgian Royal Family LCCN2014715071.jpg\n\nEnglish:  Title: Belgian Royal Family\nAbstract/medium: 1 negative\u00a0: glass\u00a0; 5 x 7 in. or smaller.\n\n\nDate\n\n1900\n\n\nSource\n\nLibrary of Congress\n\nCatalog: https://lccn.loc.gov/2014715071\nImage download: https://cdn.loc.gov/service/pnp/ggbain/34900/34919v.jpg\nOriginal url: https://www.loc.gov/pictures/item/2014715071/\n\n\nAuthor\n\nBain News Service, publisher\n\n\nPermission(Reusing this file)\n\nNo known restrictions on publication. For more information, see George Grantham Bain Collection - Rights and Restrictions Information https://www.loc.gov/rr/print/res/274_bain.html\n\n\n\n \u00a0\n\nThis image  is available from the United States Library of Congress's Prints and Photographs division under the digital ID ggbain.34919.This tag does not indicate the copyright status of the attached work. A normal copyright tag is still required. See Commons:Licensing.\n\n\u0627\u0644\u0639\u0631\u0628\u064a\u0629\u00a0\u2219 \u0431\u0435\u043b\u0430\u0440\u0443\u0441\u043a\u0430\u044f (\u0442\u0430\u0440\u0430\u0448\u043a\u0435\u0432\u0456\u0446\u0430)\u00a0\u2219 \u09ac\u09be\u0982\u09b2\u09be\u00a0\u2219 \u010de\u0161tina\u00a0\u2219 Deutsch\u00a0\u2219 English\u00a0\u2219 espa\u00f1ol\u00a0\u2219 \u0641\u0627\u0631\u0633\u06cc\u00a0\u2219 suomi\u00a0\u2219 fran\u00e7ais\u00a0\u2219 galego\u00a0\u2219 \u05e2\u05d1\u05e8\u05d9\u05ea\u00a0\u2219 magyar\u00a0\u2219 Bahasa Indonesia\u00a0\u2219 italiano\u00a0\u2219 \u65e5\u672c\u8a9e\u00a0\u2219 lietuvi\u0173\u00a0\u2219 \u043c\u0430\u043a\u0435\u0434\u043e\u043d\u0441\u043a\u0438\u00a0\u2219 \u0d2e\u0d32\u0d2f\u0d3e\u0d33\u0d02\u00a0\u2219 Nederlands\u00a0\u2219 polski\u00a0\u2219 portugu\u00eas\u00a0\u2219 portugu\u00eas do Brasil\u00a0\u2219 rom\u00e2n\u0103\u00a0\u2219 \u0440\u0443\u0441\u0441\u043a\u0438\u0439\u00a0\u2219 sicilianu\u00a0\u2219 sloven\u010dina\u00a0\u2219 sloven\u0161\u010dina\u00a0\u2219 T\u00fcrk\u00e7e\u00a0\u2219 \u0443\u043a\u0440\u0430\u0457\u043d\u0441\u044c\u043a\u0430\u00a0\u2219 \u7b80\u4f53\u4e2d\u6587\u00a0\u2219 \u7e41\u9ad4\u4e2d\u6587\u00a0\u2219 +/\u2212\n\n\n\n\nOther versions\n\n\n\n\ntif6,672 \u00d7 9,082\n\n\n\nCollectionInfoFieldGeorge Grantham Bain Collection\n\nNotesInfoField\nTitle from unverified data provided by the Bain News Service on the negatives or caption cards.\nForms part of: George Grantham Bain Collection (Library of Congress).\nGeneral information about the George Grantham Bain Collection is available at https://hdl.loc.gov/loc.pnp/pp.ggbain\n\nPart ofInfoFieldbain collection \u00b7 prints and photographs division\n\nSubjectInfoFieldglass negatives\n\nGenreInfoFieldGlass negatives\n\n\n"}, {"url": "https://commons.wikimedia.org/wiki/File:Belgian_Royal_Family_LCCN2014715071.tif", "metadata": {"og:image": "https://upload.wikimedia.org/wikipedia/commons/thumb/a/a7/Belgian_Royal_Family_LCCN2014715071.tif/lossy-page1-640px-Belgian_Royal_Family_LCCN2014715071.tif.jpg", "og:image:width": "640", "og:image:height": "871", "og:title": "File:Belgian Royal Family LCCN2014715071.tif - Wikimedia Commons", "og:type": "website"}, "text": "\n\n\nDescriptionBelgian Royal Family LCCN2014715071.tif\n\nEnglish:  Title: Belgian Royal Family\nAbstract/medium: 1 negative\u00a0: glass\u00a0; 5 x 7 in. or smaller.\n\n\nDate\n\n1900\n\n\nSource\n\nLibrary of Congress\n\nCatalog: https://lccn.loc.gov/2014715071\nImage download: https://cdn.loc.gov/master/pnp/ggbain/34900/34919u.tif\nOriginal url: https://www.loc.gov/pictures/item/2014715071/\n\n\nAuthor\n\nBain News Service, publisher\n\n\nPermission(Reusing this file)\n\nNo known restrictions on publication. For more information, see George Grantham Bain Collection - Rights and Restrictions Information https://www.loc.gov/rr/print/res/274_bain.html\n\n\n\n \u00a0\n\nThis image  is available from the United States Library of Congress's Prints and Photographs division under the digital ID ggbain.34919.This tag does not indicate the copyright status of the attached work. A normal copyright tag is still required. See Commons:Licensing.\n\n\u0627\u0644\u0639\u0631\u0628\u064a\u0629\u00a0\u2219 \u0431\u0435\u043b\u0430\u0440\u0443\u0441\u043a\u0430\u044f (\u0442\u0430\u0440\u0430\u0448\u043a\u0435\u0432\u0456\u0446\u0430)\u00a0\u2219 \u09ac\u09be\u0982\u09b2\u09be\u00a0\u2219 \u010de\u0161tina\u00a0\u2219 Deutsch\u00a0\u2219 English\u00a0\u2219 espa\u00f1ol\u00a0\u2219 \u0641\u0627\u0631\u0633\u06cc\u00a0\u2219 suomi\u00a0\u2219 fran\u00e7ais\u00a0\u2219 galego\u00a0\u2219 \u05e2\u05d1\u05e8\u05d9\u05ea\u00a0\u2219 magyar\u00a0\u2219 Bahasa Indonesia\u00a0\u2219 italiano\u00a0\u2219 \u65e5\u672c\u8a9e\u00a0\u2219 lietuvi\u0173\u00a0\u2219 \u043c\u0430\u043a\u0435\u0434\u043e\u043d\u0441\u043a\u0438\u00a0\u2219 \u0d2e\u0d32\u0d2f\u0d3e\u0d33\u0d02\u00a0\u2219 Nederlands\u00a0\u2219 polski\u00a0\u2219 portugu\u00eas\u00a0\u2219 portugu\u00eas do Brasil\u00a0\u2219 rom\u00e2n\u0103\u00a0\u2219 \u0440\u0443\u0441\u0441\u043a\u0438\u0439\u00a0\u2219 sicilianu\u00a0\u2219 sloven\u010dina\u00a0\u2219 sloven\u0161\u010dina\u00a0\u2219 T\u00fcrk\u00e7e\u00a0\u2219 \u0443\u043a\u0440\u0430\u0457\u043d\u0441\u044c\u043a\u0430\u00a0\u2219 \u7b80\u4f53\u4e2d\u6587\u00a0\u2219 \u7e41\u9ad4\u4e2d\u6587\u00a0\u2219 +/\u2212\n\n\n\n\nOther versions\n\n\n\n\njpg6,672 \u00d7 9,082\n\n\n\nCollectionInfoFieldGeorge Grantham Bain Collection\n\nNotesInfoField\nTitle from unverified data provided by the Bain News Service on the negatives or caption cards.\nForms part of: George Grantham Bain Collection (Library of Congress).\nGeneral information about the George Grantham Bain Collection is available at https://hdl.loc.gov/loc.pnp/pp.ggbain\n\nPart ofInfoFieldbain collection \u00b7 prints and photographs division\n\nSubjectInfoFieldglass negatives\n\nGenreInfoFieldGlass negatives\n\n\n"}, {"url": "https://commons.wikimedia.org/wiki/File:BELGIAN_ROYAL_FAMILY._KING_AND_ROYAL_FAMILY_LCCN2016865963.jpg", "metadata": {"og:image": "https://upload.wikimedia.org/wikipedia/commons/thumb/a/ad/BELGIAN_ROYAL_FAMILY._KING_AND_ROYAL_FAMILY_LCCN2016865963.jpg/640px-BELGIAN_ROYAL_FAMILY._KING_AND_ROYAL_FAMILY_LCCN2016865963.jpg", "og:image:width": "640", "og:image:height": "479", "og:title": "File:BELGIAN ROYAL FAMILY. KING AND ROYAL FAMILY LCCN2016865963.jpg - Wikimedia Commons", "og:type": "website"}, "text": "\n\n\nDescriptionBELGIAN ROYAL FAMILY. KING AND ROYAL FAMILY LCCN2016865963.jpg\n\nEnglish:  Title: BELGIAN ROYAL FAMILY. KING AND ROYAL FAMILY\nAbstract/medium: 1 negative\u00a0: glass\u00a0; 5 x 7 in. or smaller\n\n\nDate\n\n1914\n\n\nSource\n\nLibrary of Congress\n\nCatalog: https://lccn.loc.gov/2016865963\nImage download: https://cdn.loc.gov/service/pnp/hec/05000/05082v.jpg\nOriginal url: https://www.loc.gov/pictures/item/2016865963/\n\n\nAuthor\n\nHarris & Ewing Collection\n\n\nPermission(Reusing this file)\n\nNo known restrictions on publication. For more information, see Harris & Ewing Photographs - Rights and Restrictions Information https://www.loc.gov/rr/print/res/140_harr.html\n\n\n\n \u00a0\n\nThis image  is available from the United States Library of Congress's Prints and Photographs division under the digital ID hec.05082.This tag does not indicate the copyright status of the attached work. A normal copyright tag is still required. See Commons:Licensing.\n\n\u0627\u0644\u0639\u0631\u0628\u064a\u0629\u00a0\u2219 \u0431\u0435\u043b\u0430\u0440\u0443\u0441\u043a\u0430\u044f (\u0442\u0430\u0440\u0430\u0448\u043a\u0435\u0432\u0456\u0446\u0430)\u00a0\u2219 \u09ac\u09be\u0982\u09b2\u09be\u00a0\u2219 \u010de\u0161tina\u00a0\u2219 Deutsch\u00a0\u2219 English\u00a0\u2219 espa\u00f1ol\u00a0\u2219 \u0641\u0627\u0631\u0633\u06cc\u00a0\u2219 suomi\u00a0\u2219 fran\u00e7ais\u00a0\u2219 galego\u00a0\u2219 \u05e2\u05d1\u05e8\u05d9\u05ea\u00a0\u2219 magyar\u00a0\u2219 Bahasa Indonesia\u00a0\u2219 italiano\u00a0\u2219 \u65e5\u672c\u8a9e\u00a0\u2219 lietuvi\u0173\u00a0\u2219 \u043c\u0430\u043a\u0435\u0434\u043e\u043d\u0441\u043a\u0438\u00a0\u2219 \u0d2e\u0d32\u0d2f\u0d3e\u0d33\u0d02\u00a0\u2219 Nederlands\u00a0\u2219 polski\u00a0\u2219 portugu\u00eas\u00a0\u2219 portugu\u00eas do Brasil\u00a0\u2219 rom\u00e2n\u0103\u00a0\u2219 \u0440\u0443\u0441\u0441\u043a\u0438\u0439\u00a0\u2219 sicilianu\u00a0\u2219 sloven\u010dina\u00a0\u2219 sloven\u0161\u010dina\u00a0\u2219 T\u00fcrk\u00e7e\u00a0\u2219 \u0443\u043a\u0440\u0430\u0457\u043d\u0441\u044c\u043a\u0430\u00a0\u2219 \u7b80\u4f53\u4e2d\u6587\u00a0\u2219 \u7e41\u9ad4\u4e2d\u6587\u00a0\u2219 +/\u2212\n\n\n\n\nOther versions\n\n\n\n\ntif10,161 \u00d7 7,602\n\n\n\nNotesInfoField\nTitle from unverified caption data received with the Harris & Ewing Collection.\nCOPY.\nGift; Harris & Ewing, Inc. 1955.\nGeneral information about the Harris & Ewing Collection is available at https://hdl.loc.gov/loc.pnp/pp.hec\nTemp. note: Batch one.\n\nPart ofInfoFieldharris & ewing collection \u00b7 prints and photographs division\n\nSubjectInfoFieldglass negatives\n\nGenreInfoFieldGlass negatives\n\n\n"}, {"url": "https://commons.wikimedia.org/wiki/File:Brussels,_Palais_de_la_Nation,_Tapestry.jpg", "metadata": {"og:image": "https://upload.wikimedia.org/wikipedia/commons/thumb/b/b7/Brussels%2C_Palais_de_la_Nation%2C_Tapestry.jpg/640px-Brussels%2C_Palais_de_la_Nation%2C_Tapestry.jpg", "og:image:width": "640", "og:image:height": "427", "og:title": "File:Brussels, Palais de la Nation, Tapestry.jpg - Wikimedia Commons", "og:type": "website"}, "text": "\n\n\nDescriptionBrussels, Palais de la Nation, Tapestry.jpg\n\nEnglish:  Tapestry representing the Joyous Entry in 1918 of king Albert I and Queen Elisabeth of Belgium in Brussels, Belgium.\nNederlands:  De triomfantelijke terugkeer van Koning Albert aan het hoofd van zijn troepen, te Brussel op 22 november 1918.\nFran\u00e7ais\u00a0:  Le retour victorieux du roi Albert \u00e0 la t\u00eate de ses troupes \u00e0 Bruxelles le 22 novembre 1918.\n\n\nDate\n\n17 September 2016, 15:46:53\n\n\nSource\n\nOwn work\n\n\nAuthor\n\n1934-35 by Anto-Carte/ manufacure de Wit of Mechelen[1].\n\n\n"}, {"url": "https://commons.wikimedia.org/wiki/File:I_Reali_d%27_Italia_e_del_Belgio_al_Balcone_del_Palazzo_del_Quirinale.png", "metadata": {"og:image": "https://upload.wikimedia.org/wikipedia/commons/thumb/3/39/I_Reali_d%27_Italia_e_del_Belgio_al_Balcone_del_Palazzo_del_Quirinale.png/640px-I_Reali_d%27_Italia_e_del_Belgio_al_Balcone_del_Palazzo_del_Quirinale.png", "og:image:width": "640", "og:image:height": "414", "og:title": "File:I Reali d' Italia e del Belgio al Balcone del Palazzo del Quirinale.png - Wikimedia Commons", "og:type": "website"}, "text": "\n\n\nDescriptionI Reali d' Italia e del Belgio al Balcone del Palazzo del Quirinale.png\n\nItaliano:  fotografia che ritrae i Reali d' Italia e del Belgio al Balcone del Palazzo del Quirinale in occasione del Matrimonio del Principe di Piemonte Umberto di Savoia con la Principessa del Belgio Maria Jos\u00e8 di Sassonia Coburgo Gotha\n\n\nDate\n\n1930\n\n\nSource\n\nhttps://www.icharta.com/it/c-050542-1930-lillustrazione-italiana-nozze-umberto-di-savoia-maria-jose-60-pp.html\n\n\nAuthor\n\nUnknown authorUnknown author\n\n\nPermission(Reusing this file)\n\n\n\nPublic domainPublic domainfalsefalse\n\n\n\nPublic domain\n\nThe country of origin of this photograph is Italy. It is in the public domain there because its copyright term has expired. According to Law for the Protection of Copyright and Neighbouring Rights n.633, 22 April 1941 and later revisions, images of people or of aspects, elements and facts of natural or social life, obtained with photographic process or with an analogue one, including reproductions of figurative art and film frames of film stocks (Art. 87) are protected for a period of 20 years from creation (Art. 92). This provision shall not apply to photographs of writings, documents, business papers, material objects, technical drawings and similar products (Art. 87). Italian law makes an important distinction between \"works of photographic art\" and \"simple photographs\" (Art. 2, \u00a7 7). Photographs that are \"intellectual work with creative characteristics\" are protected for 70 years after the author's death (Art. 32 bis), whereas simple photographs are protected for a period of 20 years from creation.\n\nItaly\n\n\n\n\n\n\n\nThis may not apply in countries that don't apply the rule of the shorter term to works from Italy. In particular, these are in the public domain in the United States only if:\nwasn't in copyright in the United States due to being registered for copyright there (see Commons:Copyright tags#United States for most cases) and\nwas created prior to 1976 and published prior to 1978 \u2014 then it was out-of-copyright in Italy on the URAA date of restoration (January 1, 1996) (17 U.S.C. \u00a7 104A) (in most cases; for all cases, see Template:PD-Italy/US). If so, please add {{PD-1996}} in addition to this copyright tag. If the image was created after 1975 or was published after 1977, please add {{Not-PD-US-URAA}}.\n\n\u0627\u0644\u0639\u0631\u0628\u064a\u0629\u00a0\u2219 catal\u00e0\u00a0\u2219 Deutsch\u00a0\u2219 English\u00a0\u2219 espa\u00f1ol\u00a0\u2219 fran\u00e7ais\u00a0\u2219 magyar\u00a0\u2219 italiano\u00a0\u2219 \u65e5\u672c\u8a9e\u00a0\u2219 \u043c\u0430\u043a\u0435\u0434\u043e\u043d\u0441\u043a\u0438\u00a0\u2219 portugu\u00eas\u00a0\u2219 \u0440\u0443\u0441\u0441\u043a\u0438\u0439\u00a0\u2219 sicilianu\u00a0\u2219 \u4e2d\u6587\u00a0\u2219 \u4e2d\u6587\uff08\u7b80\u4f53\uff09\u00a0\u2219 \u4e2d\u6587\uff08\u7e41\u9ad4\uff09\u00a0\u2219 \u4e2d\u6587\uff08\u81fa\u7063\uff09\u00a0\u2219 +/\u2212\n\n\n\n\n"}, {"url": "https://commons.wikimedia.org/wiki/File:King_%26_Queen_of_Belg._(i.e._Belgium)_in_Italy_LOC_25763557242.jpg", "metadata": {"og:image": "https://upload.wikimedia.org/wikipedia/commons/thumb/c/ce/King_%26_Queen_of_Belg._%28i.e._Belgium%29_in_Italy_LOC_25763557242.jpg/640px-King_%26_Queen_of_Belg._%28i.e._Belgium%29_in_Italy_LOC_25763557242.jpg", "og:image:width": "640", "og:image:height": "461", "og:title": "File:King & Queen of Belg. (i.e. Belgium) in Italy LOC 25763557242.jpg - Wikimedia Commons", "og:type": "website"}, "text": "\n\n\nDescriptionKing & Queen of Belg. (i.e. Belgium) in Italy LOC 25763557242.jpg\n\nBain News Service,, publisher.\nKing & Queen of Belg. [i.e. Belgium] in Italy\n[between ca. 1915 and ca. 1920]\n1 negative\u00a0: glass\u00a0; 5 x 7 in. or smaller.\nNotes:\n Title from data provided by the Bain News Service on the negative.\nForms part of: George Grantham Bain Collection (Library of Congress).\nFormat:  Glass negatives.\nRights Info:  No known restrictions on publication.\nRepository:  Library of Congress, Prints and Photographs Division, Washington, D.C. 20540 USA, hdl.loc.gov/loc.pnp/pp.print\nGeneral information about the Bain Collection is available at hdl.loc.gov/loc.pnp/pp.ggbain\nHigher resolution image is available (Persistent URL):  hdl.loc.gov/loc.pnp/ggbain.26374\n\nCall Number:  LC-B2- 4522-2\n\n\nSource\n\nKing & Queen of Belg. [i.e. Belgium] in Italy (LOC)\n\n\n\n \u00a0\n\nThis image  is available from the United States Library of Congress's Prints and Photographs division under the digital ID ggbain.26374.This tag does not indicate the copyright status of the attached work. A normal copyright tag is still required. See Commons:Licensing.\n\n\u0627\u0644\u0639\u0631\u0628\u064a\u0629\u00a0\u2219 \u0431\u0435\u043b\u0430\u0440\u0443\u0441\u043a\u0430\u044f (\u0442\u0430\u0440\u0430\u0448\u043a\u0435\u0432\u0456\u0446\u0430)\u00a0\u2219 \u09ac\u09be\u0982\u09b2\u09be\u00a0\u2219 \u010de\u0161tina\u00a0\u2219 Deutsch\u00a0\u2219 English\u00a0\u2219 espa\u00f1ol\u00a0\u2219 \u0641\u0627\u0631\u0633\u06cc\u00a0\u2219 suomi\u00a0\u2219 fran\u00e7ais\u00a0\u2219 galego\u00a0\u2219 \u05e2\u05d1\u05e8\u05d9\u05ea\u00a0\u2219 magyar\u00a0\u2219 Bahasa Indonesia\u00a0\u2219 italiano\u00a0\u2219 \u65e5\u672c\u8a9e\u00a0\u2219 lietuvi\u0173\u00a0\u2219 \u043c\u0430\u043a\u0435\u0434\u043e\u043d\u0441\u043a\u0438\u00a0\u2219 \u0d2e\u0d32\u0d2f\u0d3e\u0d33\u0d02\u00a0\u2219 Nederlands\u00a0\u2219 polski\u00a0\u2219 portugu\u00eas\u00a0\u2219 portugu\u00eas do Brasil\u00a0\u2219 rom\u00e2n\u0103\u00a0\u2219 \u0440\u0443\u0441\u0441\u043a\u0438\u0439\u00a0\u2219 sicilianu\u00a0\u2219 sloven\u010dina\u00a0\u2219 sloven\u0161\u010dina\u00a0\u2219 T\u00fcrk\u00e7e\u00a0\u2219 \u0443\u043a\u0440\u0430\u0457\u043d\u0441\u044c\u043a\u0430\u00a0\u2219 \u7b80\u4f53\u4e2d\u6587\u00a0\u2219 \u7e41\u9ad4\u4e2d\u6587\u00a0\u2219 +/\u2212\n\n\n\n\nAuthor\n\nThe Library of Congress\n\n\nPermission(Reusing this file)\n\nThe Library of Congress @ Flickr Commons\n\n\n"}, {"url": "https://commons.wikimedia.org/wiki/File:King_%26_Queen_of_Belg._(i.e._Belgium)_LCCN2014709195.jpg", "metadata": {"og:image": "https://upload.wikimedia.org/wikipedia/commons/thumb/0/08/King_%26_Queen_of_Belg._%28i.e._Belgium%29_LCCN2014709195.jpg/640px-King_%26_Queen_of_Belg._%28i.e._Belgium%29_LCCN2014709195.jpg", "og:image:width": "640", "og:image:height": "465", "og:title": "File:King & Queen of Belg. (i.e. Belgium) LCCN2014709195.jpg - Wikimedia Commons", "og:type": "website"}, "text": "\n\n\nDescriptionKing & Queen of Belg. (i.e. Belgium) LCCN2014709195.jpg\n\nEnglish:  Title: King & Queen of Belg. [i.e. Belgium]\nAbstract/medium: 1 negative\u00a0: glass\u00a0; 5 x 7 in. or smaller.\n\n\nDate\n\n1915\n\n\nSource\n\nLibrary of Congress\n\nCatalog: https://lccn.loc.gov/2014709195\nImage download: https://cdn.loc.gov/service/pnp/ggbain/29000/29037v.jpg\nOriginal url: https://www.loc.gov/pictures/item/2014709195/\n\n\nAuthor\n\nBain News Service, publisher\n\n\nPermission(Reusing this file)\n\nNo known restrictions on publication. For more information, see George Grantham Bain Collection - Rights and Restrictions Information https://www.loc.gov/rr/print/res/274_bain.html\n\n\n\n \u00a0\n\nThis image  is available from the United States Library of Congress's Prints and Photographs division under the digital ID ggbain.29037.This tag does not indicate the copyright status of the attached work. A normal copyright tag is still required. See Commons:Licensing.\n\n\u0627\u0644\u0639\u0631\u0628\u064a\u0629\u00a0\u2219 \u0431\u0435\u043b\u0430\u0440\u0443\u0441\u043a\u0430\u044f (\u0442\u0430\u0440\u0430\u0448\u043a\u0435\u0432\u0456\u0446\u0430)\u00a0\u2219 \u09ac\u09be\u0982\u09b2\u09be\u00a0\u2219 \u010de\u0161tina\u00a0\u2219 Deutsch\u00a0\u2219 English\u00a0\u2219 espa\u00f1ol\u00a0\u2219 \u0641\u0627\u0631\u0633\u06cc\u00a0\u2219 suomi\u00a0\u2219 fran\u00e7ais\u00a0\u2219 galego\u00a0\u2219 \u05e2\u05d1\u05e8\u05d9\u05ea\u00a0\u2219 magyar\u00a0\u2219 Bahasa Indonesia\u00a0\u2219 italiano\u00a0\u2219 \u65e5\u672c\u8a9e\u00a0\u2219 lietuvi\u0173\u00a0\u2219 \u043c\u0430\u043a\u0435\u0434\u043e\u043d\u0441\u043a\u0438\u00a0\u2219 \u0d2e\u0d32\u0d2f\u0d3e\u0d33\u0d02\u00a0\u2219 Nederlands\u00a0\u2219 polski\u00a0\u2219 portugu\u00eas\u00a0\u2219 portugu\u00eas do Brasil\u00a0\u2219 rom\u00e2n\u0103\u00a0\u2219 \u0440\u0443\u0441\u0441\u043a\u0438\u0439\u00a0\u2219 sicilianu\u00a0\u2219 sloven\u010dina\u00a0\u2219 sloven\u0161\u010dina\u00a0\u2219 T\u00fcrk\u00e7e\u00a0\u2219 \u0443\u043a\u0440\u0430\u0457\u043d\u0441\u044c\u043a\u0430\u00a0\u2219 \u7b80\u4f53\u4e2d\u6587\u00a0\u2219 \u7e41\u9ad4\u4e2d\u6587\u00a0\u2219 +/\u2212\n\n\n\n\nOther versions\n\n\n\n\ntif5,754 \u00d7 4,179\n\n\n\nCollectionInfoFieldGeorge Grantham Bain Collection\n\nNotesInfoField\nTitle from data provided by the Bain News Service on the negative.\nForms part of: George Grantham Bain Collection (Library of Congress).\nGeneral information about the George Grantham Bain Collection is available at https://hdl.loc.gov/loc.pnp/pp.ggbain\n\nPart ofInfoFieldbain collection \u00b7 prints and photographs division\n\nSubjectInfoFieldglass negatives\n\nGenreInfoFieldGlass negatives\n\n\n"}, {"url": "https://commons.wikimedia.org/wiki/File:King_%26_Queen_of_Belg._(i.e._Belgium)_LCCN2014709195.tif", "metadata": {"og:image": "https://upload.wikimedia.org/wikipedia/commons/thumb/d/d0/King_%26_Queen_of_Belg._%28i.e._Belgium%29_LCCN2014709195.tif/lossy-page1-640px-King_%26_Queen_of_Belg._%28i.e._Belgium%29_LCCN2014709195.tif.jpg", "og:image:width": "640", "og:image:height": "465", "og:title": "File:King & Queen of Belg. (i.e. Belgium) LCCN2014709195.tif - Wikimedia Commons", "og:type": "website"}, "text": "\n\n\nDescriptionKing & Queen of Belg. (i.e. Belgium) LCCN2014709195.tif\n\nEnglish:  Title: King & Queen of Belg. [i.e. Belgium]\nAbstract/medium: 1 negative\u00a0: glass\u00a0; 5 x 7 in. or smaller.\n\n\nDate\n\n1915\n\n\nSource\n\nLibrary of Congress\n\nCatalog: https://lccn.loc.gov/2014709195\nImage download: https://cdn.loc.gov/master/pnp/ggbain/29000/29037u.tif\nOriginal url: https://www.loc.gov/pictures/item/2014709195/\n\n\nAuthor\n\nBain News Service, publisher\n\n\nPermission(Reusing this file)\n\nNo known restrictions on publication. For more information, see George Grantham Bain Collection - Rights and Restrictions Information https://www.loc.gov/rr/print/res/274_bain.html\n\n\n\n \u00a0\n\nThis image  is available from the United States Library of Congress's Prints and Photographs division under the digital ID ggbain.29037.This tag does not indicate the copyright status of the attached work. A normal copyright tag is still required. See Commons:Licensing.\n\n\u0627\u0644\u0639\u0631\u0628\u064a\u0629\u00a0\u2219 \u0431\u0435\u043b\u0430\u0440\u0443\u0441\u043a\u0430\u044f (\u0442\u0430\u0440\u0430\u0448\u043a\u0435\u0432\u0456\u0446\u0430)\u00a0\u2219 \u09ac\u09be\u0982\u09b2\u09be\u00a0\u2219 \u010de\u0161tina\u00a0\u2219 Deutsch\u00a0\u2219 English\u00a0\u2219 espa\u00f1ol\u00a0\u2219 \u0641\u0627\u0631\u0633\u06cc\u00a0\u2219 suomi\u00a0\u2219 fran\u00e7ais\u00a0\u2219 galego\u00a0\u2219 \u05e2\u05d1\u05e8\u05d9\u05ea\u00a0\u2219 magyar\u00a0\u2219 Bahasa Indonesia\u00a0\u2219 italiano\u00a0\u2219 \u65e5\u672c\u8a9e\u00a0\u2219 lietuvi\u0173\u00a0\u2219 \u043c\u0430\u043a\u0435\u0434\u043e\u043d\u0441\u043a\u0438\u00a0\u2219 \u0d2e\u0d32\u0d2f\u0d3e\u0d33\u0d02\u00a0\u2219 Nederlands\u00a0\u2219 polski\u00a0\u2219 portugu\u00eas\u00a0\u2219 portugu\u00eas do Brasil\u00a0\u2219 rom\u00e2n\u0103\u00a0\u2219 \u0440\u0443\u0441\u0441\u043a\u0438\u0439\u00a0\u2219 sicilianu\u00a0\u2219 sloven\u010dina\u00a0\u2219 sloven\u0161\u010dina\u00a0\u2219 T\u00fcrk\u00e7e\u00a0\u2219 \u0443\u043a\u0440\u0430\u0457\u043d\u0441\u044c\u043a\u0430\u00a0\u2219 \u7b80\u4f53\u4e2d\u6587\u00a0\u2219 \u7e41\u9ad4\u4e2d\u6587\u00a0\u2219 +/\u2212\n\n\n\n\nOther versions\n\n\n\n\njpg5,754 \u00d7 4,179\n\n\n\nCollectionInfoFieldGeorge Grantham Bain Collection\n\nNotesInfoField\nTitle from data provided by the Bain News Service on the negative.\nForms part of: George Grantham Bain Collection (Library of Congress).\nGeneral information about the George Grantham Bain Collection is available at https://hdl.loc.gov/loc.pnp/pp.ggbain\n\nPart ofInfoFieldbain collection \u00b7 prints and photographs division\n\nSubjectInfoFieldglass negatives\n\nGenreInfoFieldGlass negatives\n\n\n"}, {"url": "https://commons.wikimedia.org/wiki/File:King_%26_Queen_of_Belg._(i.e._Belgium)_LCCN2014709659.jpg", "metadata": {"og:image": "https://upload.wikimedia.org/wikipedia/commons/thumb/1/15/King_%26_Queen_of_Belg._%28i.e._Belgium%29_LCCN2014709659.jpg/640px-King_%26_Queen_of_Belg._%28i.e._Belgium%29_LCCN2014709659.jpg", "og:image:width": "640", "og:image:height": "433", "og:title": "File:King & Queen of Belg. (i.e. Belgium) LCCN2014709659.jpg - Wikimedia Commons", "og:type": "website"}, "text": "\n\n\nDescriptionKing & Queen of Belg. (i.e. Belgium) LCCN2014709659.jpg\n\nEnglish:  Title: King & Queen of Belg. [i.e. Belgium]\nAbstract/medium: 1 negative\u00a0: glass\u00a0; 5 x 7 in. or smaller.\n\n\nDate\n\n1919\n\n\nSource\n\nLibrary of Congress\n\nCatalog: https://lccn.loc.gov/2014709659\nImage download: https://cdn.loc.gov/service/pnp/ggbain/29500/29501v.jpg\nOriginal url: https://www.loc.gov/pictures/item/2014709659/\n\n\nAuthor\n\nBain News Service, publisher\n\n\nPermission(Reusing this file)\n\nNo known restrictions on publication. For more information, see George Grantham Bain Collection - Rights and Restrictions Information https://www.loc.gov/rr/print/res/274_bain.html\n\n\n\n \u00a0\n\nThis image  is available from the United States Library of Congress's Prints and Photographs division under the digital ID ggbain.29501.This tag does not indicate the copyright status of the attached work. A normal copyright tag is still required. See Commons:Licensing.\n\n\u0627\u0644\u0639\u0631\u0628\u064a\u0629\u00a0\u2219 \u0431\u0435\u043b\u0430\u0440\u0443\u0441\u043a\u0430\u044f (\u0442\u0430\u0440\u0430\u0448\u043a\u0435\u0432\u0456\u0446\u0430)\u00a0\u2219 \u09ac\u09be\u0982\u09b2\u09be\u00a0\u2219 \u010de\u0161tina\u00a0\u2219 Deutsch\u00a0\u2219 English\u00a0\u2219 espa\u00f1ol\u00a0\u2219 \u0641\u0627\u0631\u0633\u06cc\u00a0\u2219 suomi\u00a0\u2219 fran\u00e7ais\u00a0\u2219 galego\u00a0\u2219 \u05e2\u05d1\u05e8\u05d9\u05ea\u00a0\u2219 magyar\u00a0\u2219 Bahasa Indonesia\u00a0\u2219 italiano\u00a0\u2219 \u65e5\u672c\u8a9e\u00a0\u2219 lietuvi\u0173\u00a0\u2219 \u043c\u0430\u043a\u0435\u0434\u043e\u043d\u0441\u043a\u0438\u00a0\u2219 \u0d2e\u0d32\u0d2f\u0d3e\u0d33\u0d02\u00a0\u2219 Nederlands\u00a0\u2219 polski\u00a0\u2219 portugu\u00eas\u00a0\u2219 portugu\u00eas do Brasil\u00a0\u2219 rom\u00e2n\u0103\u00a0\u2219 \u0440\u0443\u0441\u0441\u043a\u0438\u0439\u00a0\u2219 sicilianu\u00a0\u2219 sloven\u010dina\u00a0\u2219 sloven\u0161\u010dina\u00a0\u2219 T\u00fcrk\u00e7e\u00a0\u2219 \u0443\u043a\u0440\u0430\u0457\u043d\u0441\u044c\u043a\u0430\u00a0\u2219 \u7b80\u4f53\u4e2d\u6587\u00a0\u2219 \u7e41\u9ad4\u4e2d\u6587\u00a0\u2219 +/\u2212\n\n\n\n\nOther versions\n\n\n\n\ntif4,878 \u00d7 3,303\n\n\n\nCollectionInfoFieldGeorge Grantham Bain Collection\n\nNotesInfoField\nTitle from data provided by the Bain News Service on the negative.\nForms part of: George Grantham Bain Collection (Library of Congress).\nGeneral information about the George Grantham Bain Collection is available at https://hdl.loc.gov/loc.pnp/pp.ggbain\n\nPart ofInfoFieldbain collection \u00b7 prints and photographs division\n\nSubjectInfoFieldglass negatives\n\nGenreInfoFieldGlass negatives\n\n\n"}, {"url": "https://commons.wikimedia.org/wiki/File:King_%26_Queen_of_Belg._(i.e._Belgium)_LCCN2014709659.tif", "metadata": {"og:image": "https://upload.wikimedia.org/wikipedia/commons/thumb/1/1a/King_%26_Queen_of_Belg._%28i.e._Belgium%29_LCCN2014709659.tif/lossy-page1-640px-King_%26_Queen_of_Belg._%28i.e._Belgium%29_LCCN2014709659.tif.jpg", "og:image:width": "640", "og:image:height": "433", "og:title": "File:King & Queen of Belg. (i.e. Belgium) LCCN2014709659.tif - Wikimedia Commons", "og:type": "website"}, "text": "\n\n\nDescriptionKing & Queen of Belg. (i.e. Belgium) LCCN2014709659.tif\n\nEnglish:  Title: King & Queen of Belg. [i.e. Belgium]\nAbstract/medium: 1 negative\u00a0: glass\u00a0; 5 x 7 in. or smaller.\n\n\nDate\n\n1919\n\n\nSource\n\nLibrary of Congress\n\nCatalog: https://lccn.loc.gov/2014709659\nImage download: https://cdn.loc.gov/master/pnp/ggbain/29500/29501u.tif\nOriginal url: https://www.loc.gov/pictures/item/2014709659/\n\n\nAuthor\n\nBain News Service, publisher\n\n\nPermission(Reusing this file)\n\nNo known restrictions on publication. For more information, see George Grantham Bain Collection - Rights and Restrictions Information https://www.loc.gov/rr/print/res/274_bain.html\n\n\n\n \u00a0\n\nThis image  is available from the United States Library of Congress's Prints and Photographs division under the digital ID ggbain.29501.This tag does not indicate the copyright status of the attached work. A normal copyright tag is still required. See Commons:Licensing.\n\n\u0627\u0644\u0639\u0631\u0628\u064a\u0629\u00a0\u2219 \u0431\u0435\u043b\u0430\u0440\u0443\u0441\u043a\u0430\u044f (\u0442\u0430\u0440\u0430\u0448\u043a\u0435\u0432\u0456\u0446\u0430)\u00a0\u2219 \u09ac\u09be\u0982\u09b2\u09be\u00a0\u2219 \u010de\u0161tina\u00a0\u2219 Deutsch\u00a0\u2219 English\u00a0\u2219 espa\u00f1ol\u00a0\u2219 \u0641\u0627\u0631\u0633\u06cc\u00a0\u2219 suomi\u00a0\u2219 fran\u00e7ais\u00a0\u2219 galego\u00a0\u2219 \u05e2\u05d1\u05e8\u05d9\u05ea\u00a0\u2219 magyar\u00a0\u2219 Bahasa Indonesia\u00a0\u2219 italiano\u00a0\u2219 \u65e5\u672c\u8a9e\u00a0\u2219 lietuvi\u0173\u00a0\u2219 \u043c\u0430\u043a\u0435\u0434\u043e\u043d\u0441\u043a\u0438\u00a0\u2219 \u0d2e\u0d32\u0d2f\u0d3e\u0d33\u0d02\u00a0\u2219 Nederlands\u00a0\u2219 polski\u00a0\u2219 portugu\u00eas\u00a0\u2219 portugu\u00eas do Brasil\u00a0\u2219 rom\u00e2n\u0103\u00a0\u2219 \u0440\u0443\u0441\u0441\u043a\u0438\u0439\u00a0\u2219 sicilianu\u00a0\u2219 sloven\u010dina\u00a0\u2219 sloven\u0161\u010dina\u00a0\u2219 T\u00fcrk\u00e7e\u00a0\u2219 \u0443\u043a\u0440\u0430\u0457\u043d\u0441\u044c\u043a\u0430\u00a0\u2219 \u7b80\u4f53\u4e2d\u6587\u00a0\u2219 \u7e41\u9ad4\u4e2d\u6587\u00a0\u2219 +/\u2212\n\n\n\n\nOther versions\n\n\n\n\njpg4,878 \u00d7 3,303\n\n\n\nCollectionInfoFieldGeorge Grantham Bain Collection\n\nNotesInfoField\nTitle from data provided by the Bain News Service on the negative.\nForms part of: George Grantham Bain Collection (Library of Congress).\nGeneral information about the George Grantham Bain Collection is available at https://hdl.loc.gov/loc.pnp/pp.ggbain\n\nPart ofInfoFieldbain collection \u00b7 prints and photographs division\n\nSubjectInfoFieldglass negatives\n\nGenreInfoFieldGlass negatives\n\n\n"}, {"url": "https://commons.wikimedia.org/wiki/File:King_%26_Queen_of_Belg.,_Gen._Pershing_LCCN2014709035.jpg", "metadata": {"og:image": "https://upload.wikimedia.org/wikipedia/commons/thumb/4/47/King_%26_Queen_of_Belg.%2C_Gen._Pershing_LCCN2014709035.jpg/640px-King_%26_Queen_of_Belg.%2C_Gen._Pershing_LCCN2014709035.jpg", "og:image:width": "640", "og:image:height": "459", "og:title": "File:King & Queen of Belg., Gen. Pershing LCCN2014709035.jpg - Wikimedia Commons", "og:type": "website"}, "text": "\n\n\nDescriptionKing & Queen of Belg., Gen. Pershing LCCN2014709035.jpg\n\nEnglish:  Title: King & Queen of Belg., Gen. Pershing\nAbstract/medium: 1 negative\u00a0: glass\u00a0; 5 x 7 in. or smaller.\n\n\nDate\n\n1915\n\n\nSource\n\nLibrary of Congress\n\nCatalog: https://lccn.loc.gov/2014709035\nImage download: https://cdn.loc.gov/service/pnp/ggbain/28800/28876v.jpg\nOriginal url: https://www.loc.gov/pictures/item/2014709035/\n\n\nAuthor\n\nBain News Service, publisher\n\n\nPermission(Reusing this file)\n\nNo known restrictions on publication. For more information, see George Grantham Bain Collection - Rights and Restrictions Information https://www.loc.gov/rr/print/res/274_bain.html\n\n\n\n \u00a0\n\nThis image  is available from the United States Library of Congress's Prints and Photographs division under the digital ID ggbain.28876.This tag does not indicate the copyright status of the attached work. A normal copyright tag is still required. See Commons:Licensing.\n\n\u0627\u0644\u0639\u0631\u0628\u064a\u0629\u00a0\u2219 \u0431\u0435\u043b\u0430\u0440\u0443\u0441\u043a\u0430\u044f (\u0442\u0430\u0440\u0430\u0448\u043a\u0435\u0432\u0456\u0446\u0430)\u00a0\u2219 \u09ac\u09be\u0982\u09b2\u09be\u00a0\u2219 \u010de\u0161tina\u00a0\u2219 Deutsch\u00a0\u2219 English\u00a0\u2219 espa\u00f1ol\u00a0\u2219 \u0641\u0627\u0631\u0633\u06cc\u00a0\u2219 suomi\u00a0\u2219 fran\u00e7ais\u00a0\u2219 galego\u00a0\u2219 \u05e2\u05d1\u05e8\u05d9\u05ea\u00a0\u2219 magyar\u00a0\u2219 Bahasa Indonesia\u00a0\u2219 italiano\u00a0\u2219 \u65e5\u672c\u8a9e\u00a0\u2219 lietuvi\u0173\u00a0\u2219 \u043c\u0430\u043a\u0435\u0434\u043e\u043d\u0441\u043a\u0438\u00a0\u2219 \u0d2e\u0d32\u0d2f\u0d3e\u0d33\u0d02\u00a0\u2219 Nederlands\u00a0\u2219 polski\u00a0\u2219 portugu\u00eas\u00a0\u2219 portugu\u00eas do Brasil\u00a0\u2219 rom\u00e2n\u0103\u00a0\u2219 \u0440\u0443\u0441\u0441\u043a\u0438\u0439\u00a0\u2219 sicilianu\u00a0\u2219 sloven\u010dina\u00a0\u2219 sloven\u0161\u010dina\u00a0\u2219 T\u00fcrk\u00e7e\u00a0\u2219 \u0443\u043a\u0440\u0430\u0457\u043d\u0441\u044c\u043a\u0430\u00a0\u2219 \u7b80\u4f53\u4e2d\u6587\u00a0\u2219 \u7e41\u9ad4\u4e2d\u6587\u00a0\u2219 +/\u2212\n\n\n\n\nOther versions\n\n\n\n\ntif5,754 \u00d7 4,129\n\n\n\nCollectionInfoFieldGeorge Grantham Bain Collection\n\nNotesInfoField\nTitle from data provided by the Bain News Service on the negative.\nForms part of: George Grantham Bain Collection (Library of Congress).\nGeneral information about the George Grantham Bain Collection is available at https://hdl.loc.gov/loc.pnp/pp.ggbain\n\nPart ofInfoFieldbain collection \u00b7 prints and photographs division\n\nSubjectInfoFieldglass negatives\n\nGenreInfoFieldGlass negatives\n\n\n"}, {"url": "https://commons.wikimedia.org/wiki/File:King_Albert_and_Queen_Elisabeth_at_airfield_03.jpg", "metadata": {"og:image": "https://upload.wikimedia.org/wikipedia/commons/thumb/2/2e/King_Albert_and_Queen_Elisabeth_at_airfield_03.jpg/252px-King_Albert_and_Queen_Elisabeth_at_airfield_03.jpg", "og:image:width": "640", "og:image:height": "1016", "og:title": "File:King Albert and Queen Elisabeth at airfield 03.jpg - Wikimedia Commons", "og:type": "website"}, "text": "\n\n\nDescriptionKing Albert and Queen Elisabeth at airfield 03.jpg\n\nNederlands:  Koning Albert I en koningin Elizabeth bezoeken een vliegveld tijdens de jaren 1920.\nEnglish:  King Albert I and queen Elisabeth of the Belgians visit an airfield in the 1920s.\n\n\nDate\n\n13 August 2016 (scan)\n\n\nSource\n\nOwn work\n\n\nAuthor\n\nAd Meskens\n\n\nPermission(Reusing this file)\n\n\n\nPublic domainPublic domainfalsefalse\n\n\n\n\n\n\nThis work is in the public domain in its country of origin and other countries and areas where the copyright term is the author's life plus 70 years or fewer.\n\n\n You must also include a United States public domain tag to indicate why this work is in the public domain in the United States.\u00a0Note that a few countries have copyright terms longer than 70 years: Mexico has 100 years, Jamaica has 95 years, Colombia has 80 years, and Guatemala and Samoa have 75 years. This image may not be in the public domain in these countries, which moreover do not implement the rule of the shorter term. Honduras has a general copyright term of 75 years, but it does implement the rule of the shorter term. Copyright may extend on works created by French who died for France in World War II (more information), Russians who served in the Eastern Front of World War II (known as the Great Patriotic War in Russia) and posthumously rehabilitated victims of Soviet repressions (more information).\n\n\n\nThis file has been identified as being free of known restrictions under copyright law, including all related and neighboring rights.\nhttps://creativecommons.org/publicdomain/mark/1.0/PDMCreative Commons Public Domain Mark 1.0falsefalse\n\n\n"}, {"url": "https://commons.wikimedia.org/wiki/File:King_and_Queen_of_Belgium_LCCN2014682750.jpg", "metadata": {"og:image": "https://upload.wikimedia.org/wikipedia/commons/thumb/b/b2/King_and_Queen_of_Belgium_LCCN2014682750.jpg/640px-King_and_Queen_of_Belgium_LCCN2014682750.jpg", "og:image:width": "640", "og:image:height": "883", "og:title": "File:King and Queen of Belgium LCCN2014682750.jpg - Wikimedia Commons", "og:type": "website"}, "text": "\n\n\nDescriptionKing and Queen of Belgium LCCN2014682750.jpg\n\nEnglish:  Title: King and Queen of Belgium\nAbstract/medium: 1 negative\u00a0: glass\u00a0; 5 x 7 in. or smaller.\n\n\nSource\n\nLibrary of Congress\n\nCatalog: https://lccn.loc.gov/2014682750\nImage download: https://cdn.loc.gov/service/pnp/ggbain/02700/02755v.jpg\nOriginal url: https://www.loc.gov/pictures/item/2014682750/\n\n\nAuthor\n\nBain News Service, publisher\n\n\nPermission(Reusing this file)\n\nNo known restrictions on publication. For more information, see George Grantham Bain Collection - Rights and Restrictions Information https://www.loc.gov/rr/print/res/274_bain.html\n\n\n\n \u00a0\n\nThis image  is available from the United States Library of Congress's Prints and Photographs division under the digital ID ggbain.02755.This tag does not indicate the copyright status of the attached work. A normal copyright tag is still required. See Commons:Licensing.\n\n\u0627\u0644\u0639\u0631\u0628\u064a\u0629\u00a0\u2219 \u0431\u0435\u043b\u0430\u0440\u0443\u0441\u043a\u0430\u044f (\u0442\u0430\u0440\u0430\u0448\u043a\u0435\u0432\u0456\u0446\u0430)\u00a0\u2219 \u09ac\u09be\u0982\u09b2\u09be\u00a0\u2219 \u010de\u0161tina\u00a0\u2219 Deutsch\u00a0\u2219 English\u00a0\u2219 espa\u00f1ol\u00a0\u2219 \u0641\u0627\u0631\u0633\u06cc\u00a0\u2219 suomi\u00a0\u2219 fran\u00e7ais\u00a0\u2219 galego\u00a0\u2219 \u05e2\u05d1\u05e8\u05d9\u05ea\u00a0\u2219 magyar\u00a0\u2219 Bahasa Indonesia\u00a0\u2219 italiano\u00a0\u2219 \u65e5\u672c\u8a9e\u00a0\u2219 lietuvi\u0173\u00a0\u2219 \u043c\u0430\u043a\u0435\u0434\u043e\u043d\u0441\u043a\u0438\u00a0\u2219 \u0d2e\u0d32\u0d2f\u0d3e\u0d33\u0d02\u00a0\u2219 Nederlands\u00a0\u2219 polski\u00a0\u2219 portugu\u00eas\u00a0\u2219 portugu\u00eas do Brasil\u00a0\u2219 rom\u00e2n\u0103\u00a0\u2219 \u0440\u0443\u0441\u0441\u043a\u0438\u0439\u00a0\u2219 sicilianu\u00a0\u2219 sloven\u010dina\u00a0\u2219 sloven\u0161\u010dina\u00a0\u2219 T\u00fcrk\u00e7e\u00a0\u2219 \u0443\u043a\u0440\u0430\u0457\u043d\u0441\u044c\u043a\u0430\u00a0\u2219 \u7b80\u4f53\u4e2d\u6587\u00a0\u2219 \u7e41\u9ad4\u4e2d\u6587\u00a0\u2219 +/\u2212\n\n\n\n\nOther versions\n\n\n\n\ntif4,229 \u00d7 5,835\n\n\n\nCollectionInfoFieldGeorge Grantham Bain Collection\n\nNotesInfoField\nForms part of: George Grantham Bain Collection (Library of Congress).\nTitle from data provided by the Bain News Service on the negative.\nGeneral information about the George Grantham Bain Collection is available at https://hdl.loc.gov/loc.pnp/pp.ggbain\n\nPart ofInfoFieldbain collection \u00b7 prints and photographs division\n\nSubjectInfoFieldglass negatives\n\nGenreInfoFieldGlass negatives\n\n\n"}, {"url": "https://commons.wikimedia.org/wiki/File:Koning_Soldaat.,_item_53.jpg", "metadata": {"og:image": "https://upload.wikimedia.org/wikipedia/commons/thumb/7/7b/Koning_Soldaat.%2C_item_53.jpg/640px-Koning_Soldaat.%2C_item_53.jpg", "og:image:width": "640", "og:image:height": "350", "og:title": "File:Koning Soldaat., item 53.jpg - Wikimedia Commons", "og:type": "website"}, "text": "\n\n\n\nKoning Soldaat., item 53\n\n\n\nTitle\n\n\nKoning Soldaat., item 53\n\n\nDescription\n\n\nNederlands:  Op een rommelmarkt werd een foto van koning Albert I gekocht. De verkoper wist niet dat dit een beeltenis van Koning Albert I was. Er wordt veel belang gehecht aan deze foto omdat vermoed wordt dat dit een originele foto is, die mogelijk in Engeland werd opgenomen.\nHet originele aspect wordt ondersteund door de handtekening van de fotograaf op de passe partout (Engelsman Richard N. Spraight, gefotografeerd in Engeland).\nDe grootvader (langs vaderskant) van de ge\u00efnterviewde is Jozef Petr\u00e9. Jozef is na de val van Antwerpen naar Engeland gevlucht in 1914 samen met zijn vrouw en hun eerste zoon Emile Petr\u00e9 die toen 3 jaar oud was. Zij hebben in Engeland gewerkt in de oorlogsindustrie. Zij woonden daar met andere Belgen in kampen. Albert Petr\u00e9 (vader van Armand Petr\u00e9) werd in Engeland geboren in 1915 in Baildon (N-Engeland) als tweede zoon in het gezin.\nDe familie is teruggekeerd naar Belgi\u00eb tijdens het begin van de jaren twintig. Zij zijn op de Elsdonck te Wilrijk gaan wonen. \nEen insigne van het wijkcomit\u00e9 van Elsdonck is bij de meegebrachte items terug te vinden.\nNaast het verhaal van grootvader brengt Armand Petr\u00e9 een groot rood fotoboek mee uit 1933-1934.\nSoldaten konden het Gulden boek der Vuurkaart aanschaffen tegen 285 frank.\nGrootvader Paulus langs moederskant is oorloginvalide met een houten been. Nochtans komt hij niet voor in dit boek, alhoewel hij minstens 9 maanden aan het front heeft gestreden. \n\nHet Gulden boek der Vuurkaart draagt op de eerste pagina een foto en de naam van Francois Meulemans. Interessant is dat samen met dit Gulden Boek ook andere oorlogsdocumenten van deze persoon mee verzameld zijn nl. Carte de P\u00e9cule op naam van Francois Meulemans, Livret de Mobilisation van Francois Meulemans, Carnet de notes de sous-officier Meulemans (Francois, Louis, Charles)engag\u00e9 en 1915.\n\n\nCredit line\n\nArmand Petr\u00e9\n\n\n\n\n\nDate\n\n2014\n\n\nSource\n\nhttp://www.europeana1914-1918.eu/en/contributions/13743\n\n\nAuthor\n\nEuropeana staff photographer\n\n\nPermission(Reusing this file)\n\n\n\n\n\nThis file was donated by Europeana. It is part of the user generated content in the Europeana 1914-1918 collection. In accordance with the Europeana 1914-1918 terms of use, the owner of the object has also released any rights that they may retain under the CC BY-SA 3.0 license, this file is displayed as such on the Europeana portal.\n\nDeutsch\u00a0| English\u00a0| suomi\u00a0| fran\u00e7ais\u00a0| \u043c\u0430\u043a\u0435\u0434\u043e\u043d\u0441\u043a\u0438\u00a0| norsk bokm\u00e5l\u00a0| norsk\u00a0| sloven\u0161\u010dina\u00a0| svenska\u00a0| +/\u2212\n\n\n\n\nPhotograph\n\n This file is licensed under the Creative Commons Attribution-Share Alike 3.0 Unported license.Attribution: Europeana 1914-1918 project\nYou are free:\nto share \u2013 to copy, distribute and transmit the work\nto remix \u2013 to adapt the work\nUnder the following conditions:\nattribution \u2013 You must give appropriate credit, provide a link to the license, and indicate if changes were made. You may do so in any reasonable manner, but not in any way that suggests the licensor endorses you or your use.\nshare alike \u2013 If you remix, transform, or build upon the material, you must distribute your contributions under the same or compatible license as the original.https://creativecommons.org/licenses/by-sa/3.0CC BY-SA 3.0 Creative Commons Attribution-Share Alike 3.0 truetruePhysical object\n\n\nPublic domainPublic domainfalsefalse\n\n\n\n\n\nEuropeana has uploaded this file to Wikimedia Commons itself. Europeana or the partner institution has made a determination that copyright in the original document has expired for one of the following reasons:\nIt is a work published by a European government over 70 years ago (one of Category:PD-EUGov license tags)\nIt is a work made by a known author who died over 70 years ago (Template:PD-old-70)\nIt is an anonymous work that was published over 70 years ago (Template:Anonymous-EU)\n\nPlease add the more specific copyright tags to this image if its status can be determined. See Commons:Licensing for more information\n\n\n\n\nThis file has been identified as being free of known restrictions under copyright law, including all related and neighboring rights.\nhttps://creativecommons.org/publicdomain/mark/1.0/PDMCreative Commons Public Domain Mark 1.0falsefalse\n\n\n\n"}, {"url": "https://commons.wikimedia.org/wiki/File:K%C3%B6nigin_Elisabeth_und_K%C3%B6nig_Albert_I._von_Belgien.jpg", "metadata": {"og:image": "https://upload.wikimedia.org/wikipedia/commons/thumb/6/68/K%C3%B6nigin_Elisabeth_und_K%C3%B6nig_Albert_I._von_Belgien.jpg/640px-K%C3%B6nigin_Elisabeth_und_K%C3%B6nig_Albert_I._von_Belgien.jpg", "og:image:width": "640", "og:image:height": "411", "og:title": "File:K\u00f6nigin Elisabeth und K\u00f6nig Albert I. von Belgien.jpg - Wikimedia Commons", "og:type": "website"}, "text": "\n\n\nDescriptionK\u00f6nigin Elisabeth und K\u00f6nig Albert I. von Belgien.jpg\n\nDeutsch:  K\u00f6nigin Elisabeth von Belgien und K\u00f6nig Albert I. von Belgien\n\n\nDate\n\ncirca 1909date QS:P,+1909-00-00T00:00:00Z/9,P1480,Q5727902\n\n\nSource\n\nebay\n\n\nAuthor\n\n\n\n\n\nFriedrich M\u00fcller\n\u00a0(1842\u20131917)\u00a0\u00a0 \u00a0\n\n\n\n\n\nDescription\nGerman photographer\n\nDate of birth/death\n\n1 May 1842\u00a0\n16 March 1917\u00a0\n\nLocation of birth/death\n\nSeckenheim\nMunich\n\nWork location\n\nMunich (1868\u2013)\u00a0\n\nAuthority file\n\n: Q1461233\nVIAF:\u200974633942\nGND:\u200911758018X\n\n\n\ncreator QS:P170,Q1461233\n\n\nPermission(Reusing this file)\n\n\n\nPublic domainPublic domainfalsefalse\n\n\n\n\n\n\nThis work is in the public domain in its country of origin and other countries and areas where the copyright term is the author's life plus 70 years or fewer.\n\n\nThis work is in the public domain in the United States because it was published (or registered with the U.S. Copyright Office) before January 1, 1929.\n\n\n\nThis file has been identified as being free of known restrictions under copyright law, including all related and neighboring rights.\nhttps://creativecommons.org/publicdomain/mark/1.0/PDMCreative Commons Public Domain Mark 1.0falsefalse\n\n\n"}, {"url": "https://commons.wikimedia.org/wiki/File:La_Belgique_Reconnaissante_Internement_des_Prisonniers_Belges_en_Suisse_1916-1919,_medal_by_Pierre_Theunis,_Belgium,_1919,_Coins_and_Medals_Department_of_the_Royal_Library_of_Belgium,_2Lef87-66_(recto).jpg", "metadata": {"og:image": "https://upload.wikimedia.org/wikipedia/commons/thumb/f/f0/La_Belgique_Reconnaissante_Internement_des_Prisonniers_Belges_en_Suisse_1916-1919%2C_medal_by_Pierre_Theunis%2C_Belgium%2C_1919%2C_Coins_and_Medals_Department_of_the_Royal_Library_of_Belgium%2C_2Lef87-66_%28recto%29.jpg/640px-thumbnail.jpg", "og:image:width": "640", "og:image:height": "640", "og:title": "File:La Belgique Reconnaissante Internement des Prisonniers Belges en Suisse 1916-1919, medal by Pierre Theunis, Belgium, 1919, Coins and Medals Department of the Royal Library of Belgium, 2Lef87-66 (recto).jpg - Wikimedia Commons", "og:type": "website"}, "text": "\n\n\n\nLa Belgique Reconnaissante Internement des Prisonniers Belges en Suisse 1916-1919\n\u00a0\u00a0\n\n\nArtist\n\n\n\n\n\n\nJules Fonson\n\u00a0(1861\u20131938)\u00a0 \u00a0\n\n\nDescription\nBelgian artist and medalist\n\nDate of birth/death\n\n1861\u00a0\n1938\u00a0\n\nWork location\n\nFonson\u00a0\n\nAuthority file\n\n: Q100937554\nVIAF:\u200969157098339772550837\nSUDOC:\u2009238307298\n\n\n\n\n\n\n\nGodefroid Devreese\n\u00a0(1861\u20131941)\u00a0\u00a0 \u00a0\n\n\n\n\n\nDescription\nBelgian engraver\n\nDate of birth/death\n\n19 August 1861\u00a0\n31 August 1941\u00a0\n\nLocation of birth/death\n\nCourtrai\nBruxelles\n\nWork period\n1920\u00a0\n\nWork location\n\nBEL\n\nAuthority file\n\n: Q2372821\nVIAF:\u20092743473\nISNI:\u20090000000020122743\nULAN:\u2009500333983\nGND:\u2009128356162\nSUDOC:\u2009152921990\n\n\n\ncreator QS:P170,Q2372821\n\n\n\n\nPierre Theunis\n\u00a0(\u20131950)\u00a0\u00a0 \u00a0\n\n\n\n\n\nAlternative names\n\nPieter Theunis\n\nDescription\nBelgian sculptor, medalist and designer\n\nDate of birth/death\n\n1 May 1883 / 1885\u00a0\n24 April 1950\u00a0\n\nLocation of birth/death\n\nAntwerp\nSchaerbeek\n\nAuthority file\n\n: Q3387089\nVIAF:\u2009140629378\nISNI:\u20090000000095359673\nULAN:\u2009500196155\nLCCN:\u2009no2013125098\nRKD:\u200977012\nWorldCat\n\n\n\ncreator QS:P170,Q3387089\u00a0\n\n\nTitle\n\n\nLa Belgique Reconnaissante Internement des Prisonniers Belges en Suisse 1916-1919label QS:Lfr,\"La Belgique Reconnaissante Internement des Prisonniers Belges en Suisse 1916-1919\"\nlabel QS:Len,\"La Belgique Reconnaissante Internement des Prisonniers Belges en Suisse 1916-1919\"\nlabel QS:Lga,\"La Belgique Reconnaissante Internement des Prisonniers Belges en Suisse 1916-1919\"\nlabel QS:Lnl,\"La Belgique Reconnaissante Internement des Prisonniers Belges en Suisse 1916-1919\"\n\n\nObject type\n\nwork of art / medallion / commemorative coin\u00a0\n\n\nDate\n\n1919\u00a0\n\n\nMedium\n\nbronze and silver plating\u00a0\n\n\nDimensions\n\ndiameter: 71 mm (2.7 in)\u00a0; mass: 123.7 g (4.3 oz)\u00a0dimensions QS:P2386,+71U174789\n\n\nCollection\n\n\n\n\nCoins and Medals Cabinet of the Royal Library of Belgium\n\u00a0\n\n\nParent institution\nRoyal Library of Belgium\u00a0\n\nCoordinates\n50\u00b0\u00a050\u2032\u00a036.04\u2033\u00a0N, 4\u00b0\u00a021\u2032\u00a021.88\u2033\u00a0E  \u00a0\n\nAuthority file\n\n: Q16966946\n\n\n\n\n\n\nRoyal Library of Belgium\n\u00a0\u00a0\n\n\n\n\n\nNative name\nFrench:  Biblioth\u00e8que Royale\nDutch:  Koninklijke Bibliotheek\n\nLocation\nCity of Brussels\n\nCoordinates\n50\u00b0\u00a050\u2032\u00a039.98\u2033\u00a0N, 4\u00b0\u00a021\u2032\u00a023\u2033\u00a0E  \n\nEstablished\n1772 (opened to public)\n\nWebsite\nwww.kbr.be\n\nAuthority file\n\n: Q383931\nVIAF:\u2009312739455\nISNI:\u20090000000122861993\nULAN:\u2009500306127\nLCCN:\u2009n79053665\nNLA:\u200935722875\nWorldCat\n\n\n\ninstitution QS:P195,Q383931\n\n\n\nAccession number\n\n\n2Lef87/66 (Coins and Medals Cabinet of the Royal Library of Belgium)\u00a0\n\n\nInscriptions\n\nLL. MM. ALBERT ET ELISABETH / G. DEVREESE\u00a0\nLA BELGIQUE RECONNAISSANTE / INTERNEMENT DES PRISONNIERS BELGES EN SUISSE / 1916-1919\n\n\n\nReferences\n\nRoyal Library of Belgium (KBR) Online Catalogue,  10055056\u00a0\nhttp://opac.kbr.be/Library/doc/SYRACUSE/10055056\u00a0\nKBR Catalogue ID:  10055056\u00a0\n\n\nSource/Photographer\n\n\n\n\nRoyal Library of Belgium\n\u00a0\u00a0\n\n\n\n\n\nNative name\nFrench:  Biblioth\u00e8que Royale\nDutch:  Koninklijke Bibliotheek\n\nLocation\nCity of Brussels\n\nCoordinates\n50\u00b0\u00a050\u2032\u00a039.98\u2033\u00a0N, 4\u00b0\u00a021\u2032\u00a023\u2033\u00a0E  \n\nEstablished\n1772 (opened to public)\n\nWebsite\nwww.kbr.be\n\nAuthority file\n\n: Q383931\nVIAF:\u2009312739455\nISNI:\u20090000000122861993\nULAN:\u2009500306127\nLCCN:\u2009n79053665\nNLA:\u200935722875\nWorldCat\n\n\n\ninstitution QS:P195,Q383931\n\n\nPermission(Reusing this file)\n\n\n\n\u00a0\n\nThis file is made available under the Creative Commons CC0 1.0 Universal Public Domain Dedication.\n\n\nThe person who associated a work with this deed has dedicated the work to the public domain by waiving all of their rights to the work worldwide under copyright law, including all related and neighboring rights, to the extent allowed by law. You can copy, modify, distribute and perform the work, even for commercial purposes, all without asking permission.\nhttp://creativecommons.org/publicdomain/zero/1.0/deed.enCC0Creative Commons Zero, Public Domain Dedicationfalsefalse\n\n\n\n\n"}, {"url": "https://commons.wikimedia.org/wiki/File:La_Belgique_Reconnaissante_Internement_des_Prisonniers_Belges_en_Suisse_1916-1919,_medal_by_Pierre_Theunis,_Belgium,_1919,_Coins_and_Medals_Department_of_the_Royal_Library_of_Belgium,_2Lef87-66_(verso).jpg", "metadata": {"og:image": "https://upload.wikimedia.org/wikipedia/commons/thumb/9/9e/La_Belgique_Reconnaissante_Internement_des_Prisonniers_Belges_en_Suisse_1916-1919%2C_medal_by_Pierre_Theunis%2C_Belgium%2C_1919%2C_Coins_and_Medals_Department_of_the_Royal_Library_of_Belgium%2C_2Lef87-66_%28verso%29.jpg/640px-thumbnail.jpg", "og:image:width": "640", "og:image:height": "640", "og:title": "File:La Belgique Reconnaissante Internement des Prisonniers Belges en Suisse 1916-1919, medal by Pierre Theunis, Belgium, 1919, Coins and Medals Department of the Royal Library of Belgium, 2Lef87-66 (verso).jpg - Wikimedia Commons", "og:type": "website"}, "text": "\n\n\n\nLa Belgique Reconnaissante Internement des Prisonniers Belges en Suisse 1916-1919\n\u00a0\u00a0\n\n\nArtist\n\n\n\n\n\n\nJules Fonson\n\u00a0(1861\u20131938)\u00a0 \u00a0\n\n\nDescription\nBelgian artist and medalist\n\nDate of birth/death\n\n1861\u00a0\n1938\u00a0\n\nWork location\n\nFonson\u00a0\n\nAuthority file\n\n: Q100937554\nVIAF:\u200969157098339772550837\nSUDOC:\u2009238307298\n\n\n\n\n\n\n\nGodefroid Devreese\n\u00a0(1861\u20131941)\u00a0\u00a0 \u00a0\n\n\n\n\n\nDescription\nBelgian engraver\n\nDate of birth/death\n\n19 August 1861\u00a0\n31 August 1941\u00a0\n\nLocation of birth/death\n\nCourtrai\nBruxelles\n\nWork period\n1920\u00a0\n\nWork location\n\nBEL\n\nAuthority file\n\n: Q2372821\nVIAF:\u20092743473\nISNI:\u20090000000020122743\nULAN:\u2009500333983\nGND:\u2009128356162\nSUDOC:\u2009152921990\n\n\n\ncreator QS:P170,Q2372821\n\n\n\n\nPierre Theunis\n\u00a0(\u20131950)\u00a0\u00a0 \u00a0\n\n\n\n\n\nAlternative names\n\nPieter Theunis\n\nDescription\nBelgian sculptor, medalist and designer\n\nDate of birth/death\n\n1 May 1883 / 1885\u00a0\n24 April 1950\u00a0\n\nLocation of birth/death\n\nAntwerp\nSchaerbeek\n\nAuthority file\n\n: Q3387089\nVIAF:\u2009140629378\nISNI:\u20090000000095359673\nULAN:\u2009500196155\nLCCN:\u2009no2013125098\nRKD:\u200977012\nWorldCat\n\n\n\ncreator QS:P170,Q3387089\u00a0\n\n\nTitle\n\n\nLa Belgique Reconnaissante Internement des Prisonniers Belges en Suisse 1916-1919label QS:Lfr,\"La Belgique Reconnaissante Internement des Prisonniers Belges en Suisse 1916-1919\"\nlabel QS:Len,\"La Belgique Reconnaissante Internement des Prisonniers Belges en Suisse 1916-1919\"\nlabel QS:Lga,\"La Belgique Reconnaissante Internement des Prisonniers Belges en Suisse 1916-1919\"\nlabel QS:Lnl,\"La Belgique Reconnaissante Internement des Prisonniers Belges en Suisse 1916-1919\"\n\n\nObject type\n\nwork of art / medallion / commemorative coin\u00a0\n\n\nDate\n\n1919\u00a0\n\n\nMedium\n\nbronze and silver plating\u00a0\n\n\nDimensions\n\ndiameter: 71 mm (2.7 in)\u00a0; mass: 123.7 g (4.3 oz)\u00a0dimensions QS:P2386,+71U174789\n\n\nCollection\n\n\n\n\nCoins and Medals Cabinet of the Royal Library of Belgium\n\u00a0\n\n\nParent institution\nRoyal Library of Belgium\u00a0\n\nCoordinates\n50\u00b0\u00a050\u2032\u00a036.04\u2033\u00a0N, 4\u00b0\u00a021\u2032\u00a021.88\u2033\u00a0E  \u00a0\n\nAuthority file\n\n: Q16966946\n\n\n\n\n\n\nRoyal Library of Belgium\n\u00a0\u00a0\n\n\n\n\n\nNative name\nFrench:  Biblioth\u00e8que Royale\nDutch:  Koninklijke Bibliotheek\n\nLocation\nCity of Brussels\n\nCoordinates\n50\u00b0\u00a050\u2032\u00a039.98\u2033\u00a0N, 4\u00b0\u00a021\u2032\u00a023\u2033\u00a0E  \n\nEstablished\n1772 (opened to public)\n\nWebsite\nwww.kbr.be\n\nAuthority file\n\n: Q383931\nVIAF:\u2009312739455\nISNI:\u20090000000122861993\nULAN:\u2009500306127\nLCCN:\u2009n79053665\nNLA:\u200935722875\nWorldCat\n\n\n\ninstitution QS:P195,Q383931\n\n\n\nAccession number\n\n\n2Lef87/66 (Coins and Medals Cabinet of the Royal Library of Belgium)\u00a0\n\n\nInscriptions\n\nLL. MM. ALBERT ET ELISABETH / G. DEVREESE\u00a0\nLA BELGIQUE RECONNAISSANTE / INTERNEMENT DES PRISONNIERS BELGES EN SUISSE / 1916-1919\n\n\n\nReferences\n\nRoyal Library of Belgium (KBR) Online Catalogue,  10055056\u00a0\nhttp://opac.kbr.be/Library/doc/SYRACUSE/10055056\u00a0\nKBR Catalogue ID:  10055056\u00a0\n\n\nSource/Photographer\n\n\n\n\nRoyal Library of Belgium\n\u00a0\u00a0\n\n\n\n\n\nNative name\nFrench:  Biblioth\u00e8que Royale\nDutch:  Koninklijke Bibliotheek\n\nLocation\nCity of Brussels\n\nCoordinates\n50\u00b0\u00a050\u2032\u00a039.98\u2033\u00a0N, 4\u00b0\u00a021\u2032\u00a023\u2033\u00a0E  \n\nEstablished\n1772 (opened to public)\n\nWebsite\nwww.kbr.be\n\nAuthority file\n\n: Q383931\nVIAF:\u2009312739455\nISNI:\u20090000000122861993\nULAN:\u2009500306127\nLCCN:\u2009n79053665\nNLA:\u200935722875\nWorldCat\n\n\n\ninstitution QS:P195,Q383931\n\n\nPermission(Reusing this file)\n\n\n\n\u00a0\n\nThis file is made available under the Creative Commons CC0 1.0 Universal Public Domain Dedication.\n\n\nThe person who associated a work with this deed has dedicated the work to the public domain by waiving all of their rights to the work worldwide under copyright law, including all related and neighboring rights, to the extent allowed by law. You can copy, modify, distribute and perform the work, even for commercial purposes, all without asking permission.\nhttp://creativecommons.org/publicdomain/zero/1.0/deed.enCC0Creative Commons Zero, Public Domain Dedicationfalsefalse\n\n\n\n\n"}, {"url": "https://commons.wikimedia.org/wiki/File:Le_roi_Albert_et_la_reine_%C3%89lisabeth_aux_Indes_(1925).jpg", "metadata": {"og:image": "https://upload.wikimedia.org/wikipedia/commons/thumb/1/1b/Le_roi_Albert_et_la_reine_%C3%89lisabeth_aux_Indes_%281925%29.jpg/640px-Le_roi_Albert_et_la_reine_%C3%89lisabeth_aux_Indes_%281925%29.jpg", "og:image:width": "640", "og:image:height": "480", "og:title": "File:Le roi Albert et la reine \u00c9lisabeth aux Indes (1925).jpg - Wikimedia Commons", "og:type": "website"}, "text": "\n\n\nDescriptionLe roi Albert et la reine \u00c9lisabeth aux Indes (1925).jpg\n\nFran\u00e7ais\u00a0:  Le roi Albert et la reine \u00c9lisabeth aux Indes posent en compagnie de deux enfants\n\n\nDate\n\n26 January 2020, 12:48:49\n\n\nSource\n\nSelf-scanned\n\n\nAuthor\n\nUnknown authorUnknown author\n\n\n"}, {"url": "https://commons.wikimedia.org/wiki/File:Monument_van_de_oorlogsslachtoffers_van_Oostende_03.jpg", "metadata": {"og:image": "https://upload.wikimedia.org/wikipedia/commons/thumb/f/f2/Monument_van_de_oorlogsslachtoffers_van_Oostende_03.jpg/640px-Monument_van_de_oorlogsslachtoffers_van_Oostende_03.jpg", "og:image:width": "640", "og:image:height": "480", "og:title": "File:Monument van de oorlogsslachtoffers van Oostende 03.jpg - Wikimedia Commons", "og:type": "website"}, "text": "\n\n\nDescriptionMonument van de oorlogsslachtoffers van Oostende 03.jpg\n\nNederlands:  Buste van Albert en Elisabeth\nEnglish:  Bust of King Albert I and Queen Elisabeth\n\n\nDate\n\n10 February 2014, 15:02:58\n\n\nSource\n\nOwn work\n\n\nAuthor\n\nFrans90245\n\n\n"}, {"url": "https://commons.wikimedia.org/wiki/File:Monument.oorlogssl.(02).jpg", "metadata": {"og:image": "https://upload.wikimedia.org/wikipedia/commons/thumb/7/78/Monument.oorlogssl.%2802%29.jpg/640px-Monument.oorlogssl.%2802%29.jpg", "og:image:width": "640", "og:image:height": "853", "og:title": "File:Monument.oorlogssl.(02).jpg - Wikimedia Commons", "og:type": "website"}, "text": ""}, {"url": "https://commons.wikimedia.org/wiki/File:Newspaper_clipping_Albert_I_King_of_the_Belgians.png", "metadata": {"og:image": "https://upload.wikimedia.org/wikipedia/commons/thumb/f/f2/Newspaper_clipping_Albert_I_King_of_the_Belgians.png/640px-Newspaper_clipping_Albert_I_King_of_the_Belgians.png", "og:image:width": "640", "og:image:height": "675", "og:title": "File:Newspaper clipping Albert I King of the Belgians.png - Wikimedia Commons", "og:type": "website"}, "text": "\n\n\nDescriptionNewspaper clipping Albert I King of the Belgians.png\n\nEnglish:  Newspaper clipping upon the accession of Albert I as King of the Belgians, with Albert in miner's attire after having made an inspection of a mine. Also shown: Princess Elizabeth and her two children.\n\n\nDate\n\nDecember 20, 1909. Created earlier\n\n\nSource\n\nTransferred from en.wikipedia to Commons.\n(Original text: Original publication: Los Angeles Herald, December 20, 1909. Was probably printed elsewhere as well.\n\nImmediate source: California Digital Newspaper Collection / http://cdnc.ucr.edu/cgi-bin/cdnc?a=d&d=LAH19091220.2.20&srpos=&dliv=none&e=-------en--20--1--txt-txIN-------)\n\n\nAuthor\n\nUnknown photographers and artist who put it all together.\n\n(Life time: Not applicable.)\n\n\n"}, {"url": "https://commons.wikimedia.org/wiki/File:Personnel_-_P600_through_P699_(165-WW-423P-600)_-_DPLA_-_b1daaf231eeaa587697b090d074ed4c3.jpg", "metadata": {"og:image": "https://upload.wikimedia.org/wikipedia/commons/thumb/e/ea/Personnel_-_P600_through_P699_%28165-WW-423P-600%29_-_DPLA_-_b1daaf231eeaa587697b090d074ed4c3.jpg/640px-Personnel_-_P600_through_P699_%28165-WW-423P-600%29_-_DPLA_-_b1daaf231eeaa587697b090d074ed4c3.jpg", "og:image:width": "640", "og:image:height": "439", "og:title": "File:Personnel - P600 through P699 (165-WW-423P-600) - DPLA - b1daaf231eeaa587697b090d074ed4c3.jpg - Wikimedia Commons", "og:type": "website"}, "text": "\n\n\n\nPersonnel - P600 through P699 [165-WW-423P-600]\n\u00a0\u00a0(  \u00a0)\n\n Creator InfoFieldWar Department. 1789-9/18/1947\n\nTitle\n\n\nPersonnel - P600 through P699 [165-WW-423P-600]\n\n\nDate\n\n1917-01-01/1918-12-31\n\n\nCollection\n\n\n\n\nNational Archives at College Park - Still Pictures\n\u00a0\n\n\nParent institution\nNational Archives at College Park\u00a0\n\nLocation\nCollege Park\u00a0, United States of America\n\nCoordinates\n39\u00b0\u00a000\u2032\u00a002.16\u2033\u00a0N, 76\u00b0\u00a057\u2032\u00a034.7\u2033\u00a0W  \u00a0\n\nWebsite\nwww.archives.gov/college-park/photographs\u00a0\n\nAuthority file\n\n: Q59661040\nNAID:\u200931\n\n\n\ninstitution QS:P195,Q59661040\n\n\nSource/Photographer\n\n\n\n\n\nThis file was contributed to Wikimedia Commons by National Archives at College Park - Still Pictures as part of a cooperation project. The donation was facilitated by the Digital Public Library of America, via its partner Digital Public Library of America.\nRecord in source catalog\nDPLA identifier: b1daaf231eeaa587697b090d074ed4c3\nNational Archives Identifier: 45531461\n\n\n\n\n\n\nPermission(Reusing this file)\n\n\n\nPublic domainPublic domainfalsefalse\n\n\n\nPublic domain\n\nThis media file is in the public domain in the United States. This applies to U.S. works where the copyright has expired, often because its first publication occurred prior to January 1, 1929, and if not then due to lack of notice or renewal. See this page for further explanation.\n\n\nUnited States\n\n\n\n\nThis image might not be in the public domain outside of the United States; this especially applies in the countries and areas that do not apply the rule of the shorter term for US works, such as Canada, Mainland China (not Hong Kong or Macao), Germany, Mexico, and Switzerland. The creator and year of publication are essential information and must be provided. See Wikipedia:Public domain and Wikipedia:Copyrights for more details.\n\n\n\n\n Standardized rights statement InfoField\n\n\n\n\nNo Copyright - United States\n\n\n\n"}, {"url": "https://commons.wikimedia.org/wiki/File:Queen_%26_King_of_Belg._(i.e.,_Belgium)_opening_Ghent_Exposition_-_Mayor_Braunn_(i.e.,_Braun)_LCCN2014692849.jpg", "metadata": {"og:image": "https://upload.wikimedia.org/wikipedia/commons/thumb/5/54/Queen_%26_King_of_Belg._%28i.e.%2C_Belgium%29_opening_Ghent_Exposition_-_Mayor_Braunn_%28i.e.%2C_Braun%29_LCCN2014692849.jpg/640px-Queen_%26_King_of_Belg._%28i.e.%2C_Belgium%29_opening_Ghent_Exposition_-_Mayor_Braunn_%28i.e.%2C_Braun%29_LCCN2014692849.jpg", "og:image:width": "640", "og:image:height": "463", "og:title": "File:Queen & King of Belg. (i.e., Belgium) opening Ghent Exposition - Mayor Braunn (i.e., Braun) LCCN2014692849.jpg - Wikimedia Commons", "og:type": "website"}, "text": "\n\n\nDescriptionQueen & King of Belg. (i.e., Belgium) opening Ghent Exposition - Mayor Braunn (i.e., Braun) LCCN2014692849.jpg\n\nEnglish:  Title: Queen & King of Belg. [i.e., Belgium] opening Ghent Exposition - Mayor Braunn [i.e., Braun]\nAbstract/medium: 1 negative\u00a0: glass\u00a0; 5 x 7 in. or smaller.\n\n\nDate\n\n1913\n\n\nSource\n\nLibrary of Congress\n\nCatalog: https://lccn.loc.gov/2014692849\nImage download: https://cdn.loc.gov/service/pnp/ggbain/12800/12833v.jpg\nOriginal url: https://www.loc.gov/pictures/item/2014692849/\n\n\nAuthor\n\nBain News Service, publisher\n\n\nPermission(Reusing this file)\n\nNo known restrictions on publication. For more information, see George Grantham Bain Collection - Rights and Restrictions Information https://www.loc.gov/rr/print/res/274_bain.html\n\n\n\n \u00a0\n\nThis image  is available from the United States Library of Congress's Prints and Photographs division under the digital ID ggbain.12833.This tag does not indicate the copyright status of the attached work. A normal copyright tag is still required. See Commons:Licensing.\n\n\u0627\u0644\u0639\u0631\u0628\u064a\u0629\u00a0\u2219 \u0431\u0435\u043b\u0430\u0440\u0443\u0441\u043a\u0430\u044f (\u0442\u0430\u0440\u0430\u0448\u043a\u0435\u0432\u0456\u0446\u0430)\u00a0\u2219 \u09ac\u09be\u0982\u09b2\u09be\u00a0\u2219 \u010de\u0161tina\u00a0\u2219 Deutsch\u00a0\u2219 English\u00a0\u2219 espa\u00f1ol\u00a0\u2219 \u0641\u0627\u0631\u0633\u06cc\u00a0\u2219 suomi\u00a0\u2219 fran\u00e7ais\u00a0\u2219 galego\u00a0\u2219 \u05e2\u05d1\u05e8\u05d9\u05ea\u00a0\u2219 magyar\u00a0\u2219 Bahasa Indonesia\u00a0\u2219 italiano\u00a0\u2219 \u65e5\u672c\u8a9e\u00a0\u2219 lietuvi\u0173\u00a0\u2219 \u043c\u0430\u043a\u0435\u0434\u043e\u043d\u0441\u043a\u0438\u00a0\u2219 \u0d2e\u0d32\u0d2f\u0d3e\u0d33\u0d02\u00a0\u2219 Nederlands\u00a0\u2219 polski\u00a0\u2219 portugu\u00eas\u00a0\u2219 portugu\u00eas do Brasil\u00a0\u2219 rom\u00e2n\u0103\u00a0\u2219 \u0440\u0443\u0441\u0441\u043a\u0438\u0439\u00a0\u2219 sicilianu\u00a0\u2219 sloven\u010dina\u00a0\u2219 sloven\u0161\u010dina\u00a0\u2219 T\u00fcrk\u00e7e\u00a0\u2219 \u0443\u043a\u0440\u0430\u0457\u043d\u0441\u044c\u043a\u0430\u00a0\u2219 \u7b80\u4f53\u4e2d\u6587\u00a0\u2219 \u7e41\u9ad4\u4e2d\u6587\u00a0\u2219 +/\u2212\n\n\n\n\nOther versions\n\n\n\n\ntif5,692 \u00d7 4,122\n\n\n\nCollectionInfoFieldGeorge Grantham Bain Collection\n\nNotesInfoField\nTitle from data provided by the Bain News Service on the negatives or caption cards.\nForms part of: George Grantham Bain Collection (Library of Congress).\nGeneral information about the George Grantham Bain Collection is available at https://hdl.loc.gov/loc.pnp/pp.ggbain\nAdditional information about this photograph might be available through the Flickr Commons project at https://www.flickr.com/photos/library_of_congress/3294663859\n\nPart ofInfoFieldbain collection \u00b7 prints and photographs division\n\nSubjectInfoFieldglass negatives\n\nGenreInfoFieldGlass negatives\n\n\n"}, {"url": "https://commons.wikimedia.org/wiki/File:Queen_%26_King_of_Belg._(i.e.,_Belgium)_opening_Ghent_Exposition_-_Mayor_Braunn_(i.e.,_Braun)_LCCN2014692849.tif", "metadata": {"og:image": "https://upload.wikimedia.org/wikipedia/commons/thumb/b/bd/Queen_%26_King_of_Belg._%28i.e.%2C_Belgium%29_opening_Ghent_Exposition_-_Mayor_Braunn_%28i.e.%2C_Braun%29_LCCN2014692849.tif/lossy-page1-640px-Queen_%26_King_of_Belg._%28i.e.%2C_Belgium%29_opening_Ghent_Exposition_-_Mayor_Braunn_%28i.e.%2C_Braun%29_LCCN2014692849.tif.jpg", "og:image:width": "640", "og:image:height": "463", "og:title": "File:Queen & King of Belg. (i.e., Belgium) opening Ghent Exposition - Mayor Braunn (i.e., Braun) LCCN2014692849.tif - Wikimedia Commons", "og:type": "website"}, "text": "\n\n\nDescriptionQueen & King of Belg. (i.e., Belgium) opening Ghent Exposition - Mayor Braunn (i.e., Braun) LCCN2014692849.tif\n\nEnglish:  Title: Queen & King of Belg. [i.e., Belgium] opening Ghent Exposition - Mayor Braunn [i.e., Braun]\nAbstract/medium: 1 negative\u00a0: glass\u00a0; 5 x 7 in. or smaller.\n\n\nDate\n\n1913\n\n\nSource\n\nLibrary of Congress\n\nCatalog: https://lccn.loc.gov/2014692849\nImage download: https://cdn.loc.gov/master/pnp/ggbain/12800/12833u.tif\nOriginal url: https://www.loc.gov/pictures/item/2014692849/\n\n\nAuthor\n\nBain News Service, publisher\n\n\nPermission(Reusing this file)\n\nNo known restrictions on publication. For more information, see George Grantham Bain Collection - Rights and Restrictions Information https://www.loc.gov/rr/print/res/274_bain.html\n\n\n\n \u00a0\n\nThis image  is available from the United States Library of Congress's Prints and Photographs division under the digital ID ggbain.12833.This tag does not indicate the copyright status of the attached work. A normal copyright tag is still required. See Commons:Licensing.\n\n\u0627\u0644\u0639\u0631\u0628\u064a\u0629\u00a0\u2219 \u0431\u0435\u043b\u0430\u0440\u0443\u0441\u043a\u0430\u044f (\u0442\u0430\u0440\u0430\u0448\u043a\u0435\u0432\u0456\u0446\u0430)\u00a0\u2219 \u09ac\u09be\u0982\u09b2\u09be\u00a0\u2219 \u010de\u0161tina\u00a0\u2219 Deutsch\u00a0\u2219 English\u00a0\u2219 espa\u00f1ol\u00a0\u2219 \u0641\u0627\u0631\u0633\u06cc\u00a0\u2219 suomi\u00a0\u2219 fran\u00e7ais\u00a0\u2219 galego\u00a0\u2219 \u05e2\u05d1\u05e8\u05d9\u05ea\u00a0\u2219 magyar\u00a0\u2219 Bahasa Indonesia\u00a0\u2219 italiano\u00a0\u2219 \u65e5\u672c\u8a9e\u00a0\u2219 lietuvi\u0173\u00a0\u2219 \u043c\u0430\u043a\u0435\u0434\u043e\u043d\u0441\u043a\u0438\u00a0\u2219 \u0d2e\u0d32\u0d2f\u0d3e\u0d33\u0d02\u00a0\u2219 Nederlands\u00a0\u2219 polski\u00a0\u2219 portugu\u00eas\u00a0\u2219 portugu\u00eas do Brasil\u00a0\u2219 rom\u00e2n\u0103\u00a0\u2219 \u0440\u0443\u0441\u0441\u043a\u0438\u0439\u00a0\u2219 sicilianu\u00a0\u2219 sloven\u010dina\u00a0\u2219 sloven\u0161\u010dina\u00a0\u2219 T\u00fcrk\u00e7e\u00a0\u2219 \u0443\u043a\u0440\u0430\u0457\u043d\u0441\u044c\u043a\u0430\u00a0\u2219 \u7b80\u4f53\u4e2d\u6587\u00a0\u2219 \u7e41\u9ad4\u4e2d\u6587\u00a0\u2219 +/\u2212\n\n\n\n\nOther versions\n\n\n\n\njpg5,692 \u00d7 4,122\n\n\n\nCollectionInfoFieldGeorge Grantham Bain Collection\n\nNotesInfoField\nTitle from data provided by the Bain News Service on the negatives or caption cards.\nForms part of: George Grantham Bain Collection (Library of Congress).\nGeneral information about the George Grantham Bain Collection is available at https://hdl.loc.gov/loc.pnp/pp.ggbain\nAdditional information about this photograph might be available through the Flickr Commons project at https://www.flickr.com/photos/library_of_congress/3294663859\n\nPart ofInfoFieldbain collection \u00b7 prints and photographs division\n\nSubjectInfoFieldglass negatives\n\nGenreInfoFieldGlass negatives\n\n\n"}, {"url": "https://commons.wikimedia.org/wiki/File:Visite_de_la_famille_royale_%C3%A0_Mons.jpg", "metadata": {"og:image": "https://upload.wikimedia.org/wikipedia/commons/thumb/9/97/Visite_de_la_famille_royale_%C3%A0_Mons.jpg/640px-Visite_de_la_famille_royale_%C3%A0_Mons.jpg", "og:image:width": "640", "og:image:height": "401", "og:title": "File:Visite de la famille royale \u00e0 Mons.jpg - Wikimedia Commons", "og:type": "website"}, "text": "\n\n\nDescriptionVisite de la famille royale \u00e0 Mons.jpg\n\nEnglish:  The Belgian royal family walking in Mons on occasion of 100 years of independance (1830 - 1930)\n\n\nDate\n\n1930\n\n\nSource\n\npostcard\n\n\nAuthor\n\nLensens, Mons\n\n\n"}, {"url": "https://commons.wikimedia.org/wiki/File:%C3%89glise_Notre-Dame_de_Laeken_-_Brussels_-_Stained_glass_(01).JPG", "metadata": {"og:image": "https://upload.wikimedia.org/wikipedia/commons/thumb/b/b4/%C3%89glise_Notre-Dame_de_Laeken_-_Brussels_-_Stained_glass_%2801%29.JPG/640px-%C3%89glise_Notre-Dame_de_Laeken_-_Brussels_-_Stained_glass_%2801%29.JPG", "og:image:width": "640", "og:image:height": "1357", "og:title": "File:\u00c9glise Notre-Dame de Laeken - Brussels - Stained glass (01).JPG - Wikimedia Commons", "og:type": "website"}, "text": "\n\n\nDescription\u00c9glise Notre-Dame de Laeken - Brussels - Stained glass (01).JPG\n\nFran\u00e7ais\u00a0:  Vitrail de l'\u00e9glise Notre-Dame de Laeken, Bruxelles (Belgique).Nederlands:  Gebrandschilderd glas van Onze-Lieve-Vrouwkerk te Laken, Brussel (Belgi\u00eb).\n\n\nDate\n\n13 February 2013, 17:26:57\n\n\nSource\n\nOwn work\n\n\nAuthor\n\nM0tty\n\n\nPermission(Reusing this file)\n\n\n\n\n\nThis illustration was made by M0tty.\nPlease credit this with\u00a0: Picture by M0tty and mention the license in the vicinity of the image a hyperlink or URL to this page is also a valid attribution. \nA e-mail to  M0tty is much appreciated but not mandatory.\nDo not copy this image illegally by ignoring the terms of the license below, as it is not in the public domain.\nIf you would like special permission to use, license, or purchase the image please contact me M0tty to negotiate terms.\n\n\nThis file is copyrighted and has been released under a license which is incompatible with Facebook's licensing terms. It is not permitted to upload this file at Facebook.\n\nEnglish\u00a0|\nfran\u00e7ais\u00a0| \n+/\u2212\n\n\n\n\n\n"}]