[{"url": "https://commons.wikimedia.org/wiki/File:Arms_of_Prince_Albert_of_Flanders_(before_1879).svg", "metadata": {"og:image": "https://upload.wikimedia.org/wikipedia/commons/thumb/0/08/Arms_of_Prince_Albert_of_Flanders_%28before_1879%29.svg/640px-Arms_of_Prince_Albert_of_Flanders_%28before_1879%29.svg.png", "og:image:width": "640", "og:image:height": "780", "og:title": "File:Arms of Prince Albert of Flanders (before 1879).svg - Wikimedia Commons", "og:type": "website"}, "text": "\n\n\nCoat\u00a0of\u00a0armsInfoFieldEnglish:  of a Prince of Belgium (1880) (Label Crescent)\n\nTincture (GN)InfoFieldargentorgulespurpuresablevert \n\nDate\n\n28 September 2013\n\nArtistInfoFieldSodacan\n\nSource\n\nOwn work\n\n\nPermission(Reusing this file)\n\n\n\n\n\nThis image shows a flag, a coat of arms, a seal or some other official insignia. The use of such symbols is restricted in many countries. These restrictions are independent of the copyright status.\n I, the copyright holder of this work, hereby publish it under the following license:\n\n This file is licensed under the Creative Commons Attribution-Share Alike 3.0 Unported license.\nYou are free:\nto share \u2013 to copy, distribute and transmit the work\nto remix \u2013 to adapt the work\nUnder the following conditions:\nattribution \u2013 You must give appropriate credit, provide a link to the license, and indicate if changes were made. You may do so in any reasonable manner, but not in any way that suggests the licensor endorses you or your use.\nshare alike \u2013 If you remix, transform, or build upon the material, you must distribute your contributions under the same or compatible license as the original.https://creativecommons.org/licenses/by-sa/3.0CC BY-SA 3.0 Creative Commons Attribution-Share Alike 3.0 truetrue\n\nSVG\u00a0developmentInfoField\u00a0The SVG code is valid.\u00a0This  coat of arms was created with Inkscape by Sodacan.\u00a0This  coat of arms was improved or created by the Wikigraphists of the Graphic Lab (en).\n\n\n"}, {"url": "https://commons.wikimedia.org/wiki/File:Coat_of_Arms_of_Albert_I_of_Belgium_(Order_of_Charles_III).svg", "metadata": {"og:image": "https://upload.wikimedia.org/wikipedia/commons/thumb/d/d5/Coat_of_Arms_of_Albert_I_of_Belgium_%28Order_of_Charles_III%29.svg/640px-Coat_of_Arms_of_Albert_I_of_Belgium_%28Order_of_Charles_III%29.svg.png", "og:image:width": "640", "og:image:height": "778", "og:title": "File:Coat of Arms of Albert I of Belgium (Order of Charles III).svg - Wikimedia Commons", "og:type": "website"}, "text": "\n\n\nDescriptionCoat of Arms of Albert I of Belgium (Order of Charles III).svg\n\nEnglish:  Coat of Arms of Albert I of Belgium  as knight of the Order of Charles III (Spain)\nEspa\u00f1ol:  Escudo de Alberto I de B\u00e9lgica como miembro de la Orden de Carlos III (Espa\u00f1a)\n\n\nDate\n\n10 February 2019\n\n\nSource\n\nOwn work\n\n\nAuthor\n\nHeralder, elements by Sodacan\n\n\n"}, {"url": "https://commons.wikimedia.org/wiki/File:Coat_of_Arms_of_Albert_I_of_Belgium_(Order_of_the_Seraphim).svg", "metadata": {"og:image": "https://upload.wikimedia.org/wikipedia/commons/thumb/6/6d/Coat_of_Arms_of_Albert_I_of_Belgium_%28Order_of_the_Seraphim%29.svg/640px-Coat_of_Arms_of_Albert_I_of_Belgium_%28Order_of_the_Seraphim%29.svg.png", "og:image:width": "640", "og:image:height": "698", "og:title": "File:Coat of Arms of Albert I of Belgium (Order of the Seraphim).svg - Wikimedia Commons", "og:type": "website"}, "text": "\n\n\nDescriptionCoat of Arms of Albert I of Belgium (Order of the Seraphim).svg\n\nEnglish:  Coat of arms of Albert I of Belgium  as knight of the Order of the Seraphim (Sweden)\nStall-plate changed after 1910.\nSvenska:  Serafimerorden Albert I av Belgien vapen\n\n\nDate\n\n27 October 2017\n\n\nSource\n\n[1]\n\n\nAuthor\n\nHeralder, elements by Sodacan\n\n\u00a0This vector image includes elements that have been taken or adapted from this file:\u2009Order of the Seraphim in heraldry.svg (by\u00a0Ssolbergj).\n\n\nPermission(Reusing this file)\n\nOwn work\n\n\n"}, {"url": "https://commons.wikimedia.org/wiki/File:Coat_of_Arms_of_King_Albert_I_of_the_Belgians_(Order_of_the_Elephant_Variant).svg", "metadata": {"og:image": "https://upload.wikimedia.org/wikipedia/commons/thumb/c/c6/Coat_of_Arms_of_King_Albert_I_of_the_Belgians_%28Order_of_the_Elephant_Variant%29.svg/640px-Coat_of_Arms_of_King_Albert_I_of_the_Belgians_%28Order_of_the_Elephant_Variant%29.svg.png", "og:image:width": "640", "og:image:height": "828", "og:title": "File:Coat of Arms of King Albert I of the Belgians (Order of the Elephant Variant).svg - Wikimedia Commons", "og:type": "website"}, "text": "\n\n\nDescriptionCoat of Arms of King Albert I of the Belgians (Order of the Elephant Variant).svg\n\nEnglish:  Coat of Arms of King Albert I of the Belgians (Order of the Elephant Variant)\n\n\nDate\n\n2 March 2022\n\n\nSource\n\nOwn work\n\n\nAuthor\n\nSodacan & Heralder Sagrado Coraz\u00f3n\n\nSVG\u00a0developmentInfoField\u00a0The source code of this large SVG is valid.\u00a0This oversized coat of arms was created with Inkscape.\n\n\n"}, {"url": "https://commons.wikimedia.org/wiki/File:Coat_of_Arms_of_Leopold_II_and_Albert_I_of_Belgium_(Order_of_the_Golden_Fleece).svg", "metadata": {"og:image": "https://upload.wikimedia.org/wikipedia/commons/thumb/a/a2/Coat_of_Arms_of_Leopold_II_and_Albert_I_of_Belgium_%28Order_of_the_Golden_Fleece%29.svg/640px-Coat_of_Arms_of_Leopold_II_and_Albert_I_of_Belgium_%28Order_of_the_Golden_Fleece%29.svg.png", "og:image:width": "640", "og:image:height": "792", "og:title": "File:Coat of Arms of Leopold II and Albert I of Belgium (Order of the Golden Fleece).svg - Wikimedia Commons", "og:type": "website"}, "text": "\n\n\nDescriptionCoat of Arms of Leopold II and Albert I of Belgium (Order of the Golden Fleece).svg\n\nEnglish:  Coat of arms of Leopold II and Albert I of Belgium as knights of the Austrian branch of the Order of the Golden Fleece\nEspa\u00f1ol:  Escudo de Leopoldo II y Alberto I de B\u00e9lgica como caballeros de la rama austriaca de la Orden del Tois\u00f3n de Oro.\n\n\nDate\n\n10 February 2019\n\n\nSource\n\nOwn work\n\n\nAuthor\n\nHeralder, elements by Sodacan\n\n\n"}, {"url": "https://commons.wikimedia.org/wiki/File:Prince-belgium-1880-annulet-(notflat).svg", "metadata": {"og:image": "https://upload.wikimedia.org/wikipedia/commons/thumb/b/b3/Prince-belgium-1880-annulet-%28notflat%29.svg/640px-Prince-belgium-1880-annulet-%28notflat%29.svg.png", "og:image:width": "640", "og:image:height": "681", "og:title": "File:Prince-belgium-1880-annulet-(notflat).svg - Wikimedia Commons", "og:type": "website"}, "text": "\n\n\nDescriptionPrince-belgium-1880-annulet-(notflat).svg\n\nEnglish:  wapen prins belgie 1880 zoon graaf vlaanderen\n\n\nDate\n\n2 May 2013, 17:41:05\n\n\nSource\n\nOwn work\n\n\nAuthor\n\nMtl3praktica\n\n\nOther versions\n\n\n\n\n"}]