[{"url": "https://commons.wikimedia.org/wiki/File:Chicago_Tribune_Sun_Nov_28_1926_page_126.jpg", "metadata": {"og:image": "https://upload.wikimedia.org/wikipedia/commons/thumb/a/a2/Chicago_Tribune_Sun_Nov_28_1926_page_126.jpg/640px-Chicago_Tribune_Sun_Nov_28_1926_page_126.jpg", "og:image:width": "640", "og:image:height": "839", "og:title": "File:Chicago Tribune Sun Nov 28 1926 page 126.jpg - Wikimedia Commons", "og:type": "website"}, "text": "\n\n\nDescriptionChicago Tribune Sun Nov 28 1926 page 126.jpg\n\nEnglish:  Chicago Tribune Sun Nov 28 1926 page 126\n\n\nDate\n\n28 November 1926\n\n\nSource\n\nhttps://www.newspapers.com/image/355212791/ Chicago Tribune 28 Nov 1926, Sun \u00b7 Page 126\n\n\nAuthor\n\nChicago Tribune\n\n\n"}]