[{"url": "https://commons.wikimedia.org/wiki/File:Monument_van_de_oorlogsslachtoffers_van_Oostende_03.jpg", "metadata": {"og:image": "https://upload.wikimedia.org/wikipedia/commons/thumb/f/f2/Monument_van_de_oorlogsslachtoffers_van_Oostende_03.jpg/640px-Monument_van_de_oorlogsslachtoffers_van_Oostende_03.jpg", "og:image:width": "640", "og:image:height": "480", "og:title": "File:Monument van de oorlogsslachtoffers van Oostende 03.jpg - Wikimedia Commons", "og:type": "website"}, "text": "\n\n\nDescriptionMonument van de oorlogsslachtoffers van Oostende 03.jpg\n\nNederlands:  Buste van Albert en Elisabeth\nEnglish:  Bust of King Albert I and Queen Elisabeth\n\n\nDate\n\n10 February 2014, 15:02:58\n\n\nSource\n\nOwn work\n\n\nAuthor\n\nFrans90245\n\n\n"}, {"url": "https://commons.wikimedia.org/wiki/File:Monument.oorlogssl.(02).jpg", "metadata": {"og:image": "https://upload.wikimedia.org/wikipedia/commons/thumb/7/78/Monument.oorlogssl.%2802%29.jpg/640px-Monument.oorlogssl.%2802%29.jpg", "og:image:width": "640", "og:image:height": "853", "og:title": "File:Monument.oorlogssl.(02).jpg - Wikimedia Commons", "og:type": "website"}, "text": ""}, {"url": "https://commons.wikimedia.org/wiki/File:Oleye_Ferme_Paix-Dieu_M%C3%A9morial_Albert_Ier_1916.jpg", "metadata": {"og:image": "https://upload.wikimedia.org/wikipedia/commons/thumb/b/b1/Oleye_Ferme_Paix-Dieu_M%C3%A9morial_Albert_Ier_1916.jpg/640px-Oleye_Ferme_Paix-Dieu_M%C3%A9morial_Albert_Ier_1916.jpg", "og:image:width": "640", "og:image:height": "590", "og:title": "File:Oleye Ferme Paix-Dieu M\u00e9morial Albert Ier 1916.jpg - Wikimedia Commons", "og:type": "website"}, "text": "\n\n\nDescriptionOleye Ferme Paix-Dieu M\u00e9morial Albert Ier 1916.jpg\n\nFran\u00e7ais\u00a0:  Oleye - Pierre taill\u00e9e \u00e0 l'effigie d'Albert Ier, roi des belges, sur la ferme de la Paix-Dieu. Dat\u00e9 de 1916.\n\n\nDate\n\n25 July 2014, 12:51:54\n\n\nSource\n\nOwn work\n\n\nAuthor\n\nMogador\n\n\n"}]