[{"url": "https://commons.wikimedia.org/wiki/File:Fumio_Kishida_and_Princess_Astrid_of_Belgium_at_the_Kantei_in_2022_(1)_(cropped).jpg", "metadata": {"og:image": "https://upload.wikimedia.org/wikipedia/commons/8/82/Fumio_Kishida_and_Princess_Astrid_of_Belgium_at_the_Kantei_in_2022_%281%29_%28cropped%29.jpg", "og:image:width": "640", "og:image:height": "859", "og:title": "File:Fumio Kishida and Princess Astrid of Belgium at the Kantei in 2022 (1) (cropped).jpg - Wikimedia Commons", "og:type": "website"}, "text": "\n\n\nDescriptionFumio Kishida and Princess Astrid of Belgium at the Kantei in 2022 (1) (cropped).jpg\n\nEnglish:  On December 5, 2022, Prime Minister Kishida held a meeting with Her Royal Highness Princess Astrid of the Kingdom of Belgium at the Prime Minister's Office.\n\n\nDate\n\n5 December 2022, 16:03:52\n\n\nSource\n\nhttps://www.kantei.go.jp/jp/101_kishida/actions/202212/05kondan.html\n\n\nAuthor\n\n\u5185\u95a3\u5b98\u623f\u5185\u95a3\u5e83\u5831\u5ba4\n\n\nOther versions\n\n\n\n\nThis file has been extracted from another file: Fumio Kishida and Princess Astrid of Belgium at the Kantei in 2022 (1).jpg\n\n\n\n\n\n\n"}, {"url": "https://commons.wikimedia.org/wiki/File:Coat_of_arms_of_a_Princess_of_Belgium.svg", "metadata": {"og:image": "https://upload.wikimedia.org/wikipedia/commons/thumb/d/d4/Coat_of_arms_of_a_Princess_of_Belgium.svg/640px-Coat_of_arms_of_a_Princess_of_Belgium.svg.png", "og:image:width": "640", "og:image:height": "698", "og:title": "File:Coat of arms of a Princess of Belgium.svg - Wikimedia Commons", "og:type": "website"}, "text": "\n\n\nDescriptionCoat of arms of a Princess of Belgium.svg\n\nEnglish:  Coat of arms of a Princess of Belgium, in accordance with the Royal Decree published on 19 July and signed on 12 July 2019, by King Philippe of Belgium.\n\n\nDate\n\n24 July 2019\n\n\nSource\n\nOwn work\n\n\nAuthor\n\nSodacan\n\n\n"}, {"url": "https://commons.wikimedia.org/wiki/File:Coat_of_Arms_of_Princess_Astrid_of_Belgium,_(Spanish_Order_of_the_Civil_Merit).svg", "metadata": {"og:image": "https://upload.wikimedia.org/wikipedia/commons/thumb/4/47/Coat_of_Arms_of_Princess_Astrid_of_Belgium%2C_%28Spanish_Order_of_the_Civil_Merit%29.svg/640px-Coat_of_Arms_of_Princess_Astrid_of_Belgium%2C_%28Spanish_Order_of_the_Civil_Merit%29.svg.png", "og:image:width": "640", "og:image:height": "959", "og:title": "File:Coat of Arms of Princess Astrid of Belgium, (Spanish Order of the Civil Merit).svg - Wikimedia Commons", "og:type": "website"}, "text": "\n\n\nDescriptionCoat of Arms of Princess Astrid of Belgium, (Spanish Order of the Civil Merit).svg\n\nEnglish:  Coat of Arms of Princess Astrid of Belgium as Dame Grand Cross of the Order of Civil Merit (Spain)\nEspa\u00f1ol:  Escudo de la princesa Astrid de B\u00e9lgica como dama gran cruz de la Orden del M\u00e9rito Civil (Espa\u00f1a)\n\n\nDate\n\n28 February 2019\n\n\nSource\n\nOwn work\n\n\nAuthor\n\nHeralder, elements by Sodacan\n\n\n"}]