[{"url": "https://commons.wikimedia.org/wiki/File:20180922Albert_Ier_Metz.jpg", "metadata": {"og:image": "https://upload.wikimedia.org/wikipedia/commons/thumb/d/d1/20180922Albert_Ier_Metz.jpg/640px-20180922Albert_Ier_Metz.jpg", "og:image:width": "640", "og:image:height": "428", "og:title": "File:20180922Albert Ier Metz.jpg - Wikimedia Commons", "og:type": "website"}, "text": "\n\n\nDescription20180922Albert Ier Metz.jpg\n\nEnglish:  Buste of the Roi Albert at the Avenue Foch in Metz, France.\n\n\nDate\n\nTaken on\u00a022 September 2018, 15:38:31\n\n\nSource\n\nOwn work\n\n\nAuthor\n\nFlocci Nivis\n\n\n"}]