[{"url": "https://commons.wikimedia.org/wiki/File:CFP_Louise,_princesse_de_Belgique_(1).jpg", "metadata": {"og:image": "https://upload.wikimedia.org/wikipedia/commons/thumb/a/a9/CFP_Louise%2C_princesse_de_Belgique_%281%29.jpg/640px-CFP_Louise%2C_princesse_de_Belgique_%281%29.jpg", "og:image:width": "640", "og:image:height": "1210", "og:title": "File:CFP Louise, princesse de Belgique (1).jpg - Wikimedia Commons", "og:type": "website"}, "text": "\n\n\nDescriptionCFP Louise, princesse de Belgique (1).jpg\n\nFran\u00e7ais\u00a0:  Louise, princesse de Belgique\n\n\nDate\n\ncirca 1900date QS:P,+1900-00-00T00:00:00Z/9,P1480,Q5727902\n\n\nSource\n\nOwn work (Private post-card collection)\n\n\nAuthor\n\nF\u00e9lix Potin et Cie (vers 1900)\n\n\n"}]