[{"url": "https://commons.wikimedia.org/wiki/File:Archduke_Franz_Karl_of_Austria_(1802-1878)_and_his_family.jpg", "metadata": {"og:image": "https://upload.wikimedia.org/wikipedia/commons/thumb/d/dd/Archduke_Franz_Karl_of_Austria_%281802-1878%29_and_his_family.jpg/640px-Archduke_Franz_Karl_of_Austria_%281802-1878%29_and_his_family.jpg", "og:image:width": "640", "og:image:height": "479", "og:title": "File:Archduke Franz Karl of Austria (1802-1878) and his family.jpg - Wikimedia Commons", "og:type": "website"}, "text": "\n\n\n\nAuthor\n\n\n\n\n\n\nLudwig Angerer\n\u00a0(1827\u20131879)\u00a0\u00a0 \u00a0\n\n\n\n\n\nAlternative names\n\n\u013dudov\u00edt Angerer; L. Angerer\n\nDescription\nAustrian- photographer, painter, printmaker and pharmacist\n\nDate of birth/death\n\n15 August 1827\u00a0\n12 May 1879\u00a0\n\nLocation of birth/death\n\nMalacky\nVienna\n\nWork period\n(at least) 1853 - 1873\n\nWork location\n\nVienna, Bucharest\n\nAuthority file\n\n: Q337684\nVIAF:\u200932298628\nISNI:\u20090000000005079265\nLCCN:\u2009no2023134635\nGND:\u2009129817953\nBNF:\u200915355006p\nWorldCat\n\n\n\ncreator QS:P170,Q337684\n\n\nDescription\n\n\nDeutsch:  Stehend von links nach rechts: Kaiser Franz Joseph I., Erzherzog Ferdinand Maximilian und seine Frau Erzherzogin Charlotte, Erzherzog Ludwig Viktor, Erzherzog Karl Ludwig; Sitzend von links nach rechts: Kaiserin Elisabeth mit ihren Kindern Kronprinz Rudolf und Erzherzogin Gisela, Erzherzogin Sophie mit ihrem Gatten Erzherzog Franz Karl.\n\n\nDate\n\n1859date QS:P571,+1859-00-00T00:00:00Z/9\n\n\nSource\n\n\n\n\nSchloss Hof\n\u00a0\u00a0\n\n\n\n\n\nLocation\nEngelhartstetten\u00a0, Austria\n\nCoordinates\n48\u00b0\u00a012\u2032\u00a050.04\u2033\u00a0N, 16\u00b0\u00a056\u2032\u00a013.92\u2033\u00a0E  \u00a0\n\nEstablished\n1726\u00a0\n\nAuthority file\n\n: Q696851\nVIAF:\u20092337145857017822920905\nOSM:\u2009168762\nNKC:\u2009ko2018976747\n\n\n\ninstitution QS:P195,Q696851\n\n\nOther versions\n\n\n\n\n\n\n\n\n\n"}, {"url": "https://commons.wikimedia.org/wiki/File:Francis_joseph_family_1861.png", "metadata": {"og:image": "https://upload.wikimedia.org/wikipedia/commons/thumb/3/33/Francis_joseph_family_1861.png/640px-Francis_joseph_family_1861.png", "og:image:width": "640", "og:image:height": "371", "og:title": "File:Francis joseph family 1861.png - Wikimedia Commons", "og:type": "website"}, "text": "\n\n\n\nAuthor\n\n\n\n\n\n\nLudwig Angerer\n\u00a0(1827\u20131879)\u00a0\u00a0 \u00a0\n\n\n\n\n\nAlternative names\n\n\u013dudov\u00edt Angerer; L. Angerer\n\nDescription\nAustrian- photographer, painter, printmaker and pharmacist\n\nDate of birth/death\n\n15 August 1827\u00a0\n12 May 1879\u00a0\n\nLocation of birth/death\n\nMalacky\nVienna\n\nWork period\n(at least) 1853 - 1873\n\nWork location\n\nVienna, Bucharest\n\nAuthority file\n\n: Q337684\nVIAF:\u200932298628\nISNI:\u20090000000005079265\nGND:\u2009129817953\nBNF:\u200915355006p\nNKC:\u2009mzk2012693827\n\n\n\ncreator QS:P170,Q337684\n\n\nDescription\n\n\nDeutsch:  Kaiser Franz Joseph I. mit seiner Familie:Hintere Reihe, stehend von links nach recht: Kaiser Franz Joseph selbst, Erzherzog Ferdinand Max mit seiner Frau Charlotte von Belgien, Erzherzog Ludwig Victor and Erzherzog Karl Ludwig.In der vorderen Reihe von links nach rechts sitzen: die Kaiserin Elisabeth mit ihren Kindern  Kronprinz Rudolf und Erzherzogin Gisela, und die Eltern Franz Josephs Erzherzogin Sophie and Erzherzog Franz Karl.\nEnglish:  Emperor Francis Joseph I. with his family: Back row, standing from left to right are Emperor Franz Joseph himself, Archduke Ferdinand Max and his wife Charlotte of Belgium, Archduke Ludwig Victor and Archduke Karl Ludwig.Front row, from left to right are Empress Elisabeth with her children Crown Prince Rudolf and Archduchess Gisela and the Emperor's parents, Princess Sophie of Bavaria and Archduke Franz Carl of Austria.\nFran\u00e7ais\u00a0:  L'Empereur d'Autriche Fran\u00e7ois Joseph Ier et sa famille: Second rang, debout de gauche \u00e0 droite l' Empereur Fran\u00e7ois Joseph lui-m\u00eame, l'Archiduc Ferdinand Maximilien, futur empereur Maximilien du Mexique et sa femme Charlotte de Belgique, l'Archiduc Louis Victor et l'Archiduc Charles-Louis.Premier rang, de gauche \u00e0 droite l'Imp\u00e9ratrice Elisabeth (Sissi) avec ses enfants le Prince H\u00e9ritier Rodolphe and l'Archiduchesse Gis\u00e8le ainsi que les parents de l'Empereur, la Princesse Sophie en Bavi\u00e8re et l'Archiduc Fran\u00e7ois Charles d' Autriche.\nMagyar:  I. Ferenc J\u00f3zsef cs\u00e1sz\u00e1r \u00e9s kir\u00e1ly csal\u00e1dj\u00e1val:\nM\u00e1sodik \u00e1ll\u00f3 sor, balr\u00f3l jobbra: Maga Ferenc J\u00f3zsef cs\u00e1sz\u00e1r \u00e9s kir\u00e1ly, Ferdin\u00e1nd Miksa f\u0151herceg (ut\u00f3bb mexik\u00f3i cs\u00e1sz\u00e1r) \u00e9s feles\u00e9ge Sarolta belga kir\u00e1lyi hercegn\u0151, Lajos Viktor f\u0151herceg \u00e9s K\u00e1roly Lajos f\u0151herceg.Els\u0151 sorban \u00fclnek balr\u00f3l jobbra: Erzs\u00e9bet cs\u00e1sz\u00e1rn\u00e9 \u00e9s kir\u00e1lyn\u00e9 gyermekeivel, Rudolf tr\u00f3n\u00f6r\u00f6k\u00f6ssel \u00e9s Gizella f\u0151hercegn\u0151vel, \u00e9s a cs\u00e1sz\u00e1r sz\u00fclei: Zs\u00f3fia bajor kir\u00e1lyi hercegn\u0151 \u00e9s Ferenc K\u00e1roly osztr\u00e1k f\u0151herceg.\n\n\nDate\n\nTaken in\u00a01860 (see Bildarchiv Austria)\n\n\nSource\n\nHelfried Seemann, Christian Lunzer (Hrsg.): Sch\u00f6nbrunn 1860 - 1920 - Das kaiserliche Lustschloss, die kaiserliche Familie, der Hofstaat, Schloss, Park und Tiergarten in historischen Photografien, ALBUM Verlag f\u00fcr Photografie, Wien 2006, ISBN\u00a03 85164 158 2\n\n\nPermission(Reusing this file)\n\n\n\nPublic domainPublic domainfalsefalse\n\n\n\n\n\n\nThis work is in the public domain in its country of origin and other countries and areas where the copyright term is the author's life plus 100 years or fewer.\n\n You must also include a United States public domain tag to indicate why this work is in the public domain in the United States.\n\n\nThis file has been identified as being free of known restrictions under copyright law, including all related and neighboring rights.\nhttps://creativecommons.org/publicdomain/mark/1.0/PDMCreative Commons Public Domain Mark 1.0falsefalse\n\n\n"}, {"url": "https://commons.wikimedia.org/wiki/File:Die_Allerh%C3%B6chste_Kaiserfamilie.jpg", "metadata": {"og:image": "https://upload.wikimedia.org/wikipedia/commons/thumb/b/b4/Die_Allerh%C3%B6chste_Kaiserfamilie.jpg/640px-Die_Allerh%C3%B6chste_Kaiserfamilie.jpg", "og:image:width": "640", "og:image:height": "371", "og:title": "File:Die Allerh\u00f6chste Kaiserfamilie.jpg - Wikimedia Commons", "og:type": "website"}, "text": "\n\n\n\nAuthor\n\n\n\n\n\n\nLudwig Angerer\n\u00a0(1827\u20131879)\u00a0\u00a0 \u00a0\n\n\n\n\n\nAlternative names\n\n\u013dudov\u00edt Angerer; L. Angerer\n\nDescription\nAustrian- photographer, painter, printmaker and pharmacist\n\nDate of birth/death\n\n15 August 1827\u00a0\n12 May 1879\u00a0\n\nLocation of birth/death\n\nMalacky\nVienna\n\nWork period\n(at least) 1853 - 1873\n\nWork location\n\nVienna, Bucharest\n\nAuthority file\n\n: Q337684\nVIAF:\u200932298628\nISNI:\u20090000000005079265\nGND:\u2009129817953\nBNF:\u200915355006p\nNKC:\u2009mzk2012693827\n\n\n\ncreator QS:P170,Q337684\n\n\nDescription\n\n\nEnglish:  Archduke Franz Karl of Austria (1802-1878) and his family\n(Sophie, Franz Joseph with Elisabeth, Rudolf and Gisela, Maximilian with Charlotte, Karl Ludwig, Ludwig Viktor)\nDeutsch:  Erzherzog Franz Karl von \u00d6sterreich (1802-1878) und seine Familie\n(Sophie, Franz Joseph mit Elisabeth, Rudolf und Gisela, Maximilian mit Charlotte, Karl Ludwig, Ludwig Viktor). Fotografie von Ludwig Angerer, 1860.[1]\n\n\nDate\n\nTaken in\u00a01860\n\n\nSource\n\nhttps://onb.digital/result/BAG_9322276\n\n\n"}, {"url": "https://commons.wikimedia.org/wiki/File:Maximilian_and_Charlotte.jpg", "metadata": {"og:image": "https://upload.wikimedia.org/wikipedia/commons/thumb/8/8d/Maximilian_and_Charlotte.jpg/640px-Maximilian_and_Charlotte.jpg", "og:image:width": "640", "og:image:height": "851", "og:title": "File:Maximilian and Charlotte.jpg - Wikimedia Commons", "og:type": "website"}, "text": "\n\n\n\nAuthor\n\n\n\n\n\n\nUnidentified photographer\n\u00a0 \u00a0\n\n\nDescription\nUnidentified, Unspecified, Unattributed, Not provided, Not mentioned, UnknownUnknown  or Anonymous 19th-century photographer.\n\n\n\n\nDescription\n\n\nPhotography of Maximilian and Charlotte - Mexico.\n\n\nDate\n\n1857date QS:P571,+1857-00-00T00:00:00Z/9\n\n\nSource\n\nRoyal Collection of Belgium\n\n\n"}, {"url": "https://commons.wikimedia.org/wiki/File:Carlota_-_Empress_of_Mexico.jpg", "metadata": {"og:image": "https://upload.wikimedia.org/wikipedia/commons/e/e5/Carlota_-_Empress_of_Mexico.jpg", "og:image:width": "640", "og:image:height": "1044", "og:title": "File:Carlota - Empress of Mexico.jpg - Wikimedia Commons", "og:type": "website"}, "text": "\n\n\nDescriptionCarlota - Empress of Mexico.jpg\n\nEnglish:  Charlotte of Belgium, Empress of Mexico\n\n\nDate\n\n1860sdate QS:P,+1860-00-00T00:00:00Z/8\n\n\nSource\n\nhttps://www.pinterest.ru/pin/488359153325470452/\n\n\nAuthor\n\nUnknown authorUnknown author\n\n\n"}, {"url": "https://commons.wikimedia.org/wiki/File:Carlota,_Kaiserin_von_Mexiko.jpg", "metadata": {"og:image": "https://upload.wikimedia.org/wikipedia/commons/5/51/Carlota%2C_Kaiserin_von_Mexiko.jpg", "og:image:width": "640", "og:image:height": "887", "og:title": "File:Carlota, Kaiserin von Mexiko.jpg - Wikimedia Commons", "og:type": "website"}, "text": "\n\n\nDescriptionCarlota, Kaiserin von Mexiko.jpg\n\nEnglish:  Carlota, Kaiserin von Mexiko\n\n\nDate\n\nearly 1860s\n\n\nSource\n\nhttp://www.kulturpool.at/plugins/kulturpool/kuposearch.action?pageNum=676&searchText=dataSource%253A%252229%2522&kupoContext=default&resultsPerPageSelect=50\n\n\nAuthor\n\nUnknown authorUnknown author\n\n\n"}, {"url": "https://commons.wikimedia.org/wiki/File:Charlotte_-_Kaiserin_von_Mexiko.jpg", "metadata": {"og:image": "https://upload.wikimedia.org/wikipedia/commons/b/b1/Charlotte_-_Kaiserin_von_Mexiko.jpg", "og:image:width": "640", "og:image:height": "1068", "og:title": "File:Charlotte - Kaiserin von Mexiko.jpg - Wikimedia Commons", "og:type": "website"}, "text": "\n\n\nDescriptionCharlotte - Kaiserin von Mexiko.jpg\n\nEnglish:  Charlotte - Kaiserin von Mexiko\n\n\nDate\n\n1860sdate QS:P,+1860-00-00T00:00:00Z/8\n\n\nSource\n\nhttps://www.pinterest.ru/pin/419538521536500444/\n\n\nAuthor\n\nUnknown authorUnknown author\n\n\n"}, {"url": "https://commons.wikimedia.org/wiki/File:Charlotte_de_Belgique_-_Imp%C3%A9ratrice_du_Mexique.jpg", "metadata": {"og:image": "https://upload.wikimedia.org/wikipedia/commons/5/51/Charlotte_de_Belgique_-_Imp%C3%A9ratrice_du_Mexique.jpg", "og:image:width": "640", "og:image:height": "1002", "og:title": "File:Charlotte de Belgique - Imp\u00e9ratrice du Mexique.jpg - Wikimedia Commons", "og:type": "website"}, "text": "\n\n\nDescriptionCharlotte de Belgique - Imp\u00e9ratrice du Mexique.jpg\n\nEnglish:  Charlotte de Belgique - Imp\u00e9ratrice du Mexique\n\n\nDate\n\n1860sdate QS:P,+1860-00-00T00:00:00Z/8\n\n\nSource\n\nhttp://souvenirsdutemps.vraiforum.com/t3134-L-Imperatrice-Charlotte-du-Mexique.htm\n\n\nAuthor\n\nUnknown authorUnknown author\n\n\n"}, {"url": "https://commons.wikimedia.org/wiki/File:Charlotte_of_Belgium,_Archduchess_of_Austria_and_Empress_of_Mexico.jpg", "metadata": {"og:image": "https://upload.wikimedia.org/wikipedia/commons/5/51/Charlotte_of_Belgium%2C_Archduchess_of_Austria_and_Empress_of_Mexico.jpg", "og:image:width": "640", "og:image:height": "1078", "og:title": "File:Charlotte of Belgium, Archduchess of Austria and Empress of Mexico.jpg - Wikimedia Commons", "og:type": "website"}, "text": "\n\n\nDescriptionCharlotte of Belgium, Archduchess of Austria and Empress of Mexico.jpg\n\nEnglish:  Charlotte of Belgium, Archduchess of Austria and Empress of Mexico\n\n\nDate\n\n1864\n\n\nSource\n\nhttps://www.pinterest.ru/pin/419538521536525086/\n\n\nAuthor\n\nUnknown authorUnknown author\n\n\n"}, {"url": "https://commons.wikimedia.org/wiki/File:Charlotte_of_Belgium,_Empress_of_Mexico_(1840-1927).jpg", "metadata": {"og:image": "https://upload.wikimedia.org/wikipedia/commons/2/2f/Charlotte_of_Belgium%2C_Empress_of_Mexico_%281840-1927%29.jpg", "og:image:width": "640", "og:image:height": "1044", "og:title": "File:Charlotte of Belgium, Empress of Mexico (1840-1927).jpg - Wikimedia Commons", "og:type": "website"}, "text": "\n\n\n\nAuthor\n\n\n\n\n\n\nGh\u00e9mar Fr\u00e8res studio\n\u00a0(fl. 1882)\u00a0\u00a0 \u00a0\n\n\nAlternative names\n\nGhemar Fr\u00e8res Atelier de Photographie\n\nDescription\nBelgianGh\u00e9mar Fr\u00e8res, Photographes du Roi, 27, Rue de l'Ecuyer, Bruxelles.\nEnglish:  The photo studio of the two brothers Gh\u00e9mar was the most renowned Belgian photostudio in the period 1855\u20131870. \nIn 1855 Louis Gh\u00e9mar (1820\u20131873)[1] opened a photostudio in Brussels, next to the studio of Jules G\u00e9ruzet. \nIn the beginning Louis Gh\u00e9mar worked together with Robert S\u00e9v\u00e9rin. S\u00e9v\u00e9rin took the photos and Gh\u00e9mar made the retouches and eventually colours the photos. But S\u00e9v\u00e9rin left Brussels and was replaced by Louis Gh\u00e9mars halfbrother, L\u00e9on Auverlaux. From then on the name of the studio was changed to Gh\u00e9mar Fr\u00e8res. \n\nLouis Gh\u00e9mar died in 1873 but the studio kept the name Gh\u00e9mar Fr\u00e8res until 1894 when G\u00e9ruzet takes over the studio, including all the negatives of Gh\u00e9mar.[2]\n\nWork period\nbetween 1855 and 1894date QS:P,+1850-00-00T00:00:00Z/7,P1319,+1855-00-00T00:00:00Z/9,P1326,+1894-00-00T00:00:00Z/9\n\nWork location\n\nCity of Brussels\n\nAuthority file\n\n: Q21557453\nVIAF:\u2009158671009\nLCCN:\u2009no2007070950\nBNF:\u200915346099j\nRKD:\u2009417254\nWorldCat\n\n\n\ncreator QS:P170,Q21557453\n\n\nDescription\n\n\nEnglish:  Charlotte of Belgium, Empress of Mexico (1840-1927)\n\n\nDate\n\nmid 1860s\n\n\nReferences\n\nhttps://mediateca.inah.gob.mx/webapps/publicaciones-digitales/Bellas_Artes_Historia/slideshow-00/index.html\n\n\nSource\n\nhttp://mediateca.inah.gob.mx/islandora_74/islandora/object/fotografia%3A439321\n\n\n"}, {"url": "https://commons.wikimedia.org/wiki/File:Charlotte_of_Belgium.jpg", "metadata": {"og:image": "https://upload.wikimedia.org/wikipedia/commons/1/1a/Charlotte_of_Belgium.jpg", "og:image:width": "640", "og:image:height": "942", "og:title": "File:Charlotte of Belgium.jpg - Wikimedia Commons", "og:type": "website"}, "text": "\n\n\n\nAuthor\n\n\nUnknown authorUnknown author\n\n\n\nUnidentified photographer\n\u00a0 \u00a0\n\n\nDescription\nUnidentified, Unspecified, Unattributed, Not provided, Not mentioned, UnknownUnknown  or Anonymous 19th-century photographer.\n\n\n\n\nDescription\n\n\nEnglish:  Princess Charlotte of Belgium (1840-1927)\n\n\nDate\n\n1860sdate QS:P571,+1860-00-00T00:00:00Z/8\n\n\nSource\n\nPrincess Charlotte of Belgium, later Empress of Mexico\n\n\nOther versions\n\n\n\n\nRetouched by an AI\n\n\n\nRetouched by an AI - hand colorization\n\n\n\n\n"}, {"url": "https://commons.wikimedia.org/wiki/File:Charlotte,_Kaiserin_von_Mexiko.jpg", "metadata": {"og:image": "https://upload.wikimedia.org/wikipedia/commons/3/38/Charlotte%2C_Kaiserin_von_Mexiko.jpg", "og:image:width": "640", "og:image:height": "1029", "og:title": "File:Charlotte, Kaiserin von Mexiko.jpg - Wikimedia Commons", "og:type": "website"}, "text": "\n\n\n\nAuthor\n\n\n\n\n\n\nUnidentified photographer\n\u00a0 \u00a0\n\n\nDescription\nUnidentified, Unspecified, Unattributed, Not provided, Not mentioned, UnknownUnknown  or Anonymous 19th-century photographer.\n\n\n\n\nDescription\n\n\nEnglish:  Charlotte of Belgium, Empress of Mexico (1840-1927)\n\n\nDate\n\nmid 1860s\n\n\nSource\n\nhttps://mediateca.inah.gob.mx/islandora_74/islandora/search?page=3&f[0]=mods_subject_topic_ms%3A%22emperatrices%22&f[1]=mods_subject_hierarchicalGeographic_state_authority_inah%5C-entidad_ms%3A%22Distrito%5C%20Federal%22\n\n\nOther versions\n\n\n\n\n\n\n\n\n\n"}, {"url": "https://commons.wikimedia.org/wiki/File:Empress_Carlota_of_M%C3%A9xico.jpg", "metadata": {"og:image": "https://upload.wikimedia.org/wikipedia/commons/thumb/c/ca/Empress_Carlota_of_M%C3%A9xico.jpg/640px-Empress_Carlota_of_M%C3%A9xico.jpg", "og:image:width": "640", "og:image:height": "1006", "og:title": "File:Empress Carlota of M\u00e9xico.jpg - Wikimedia Commons", "og:type": "website"}, "text": "\n\n\n\nAuthor\n\n\nGiuseppe Malovich (1823-1874)\n\n\nDescription\n\n\nEnglish:  Empress Carlota of M\u00e9xico (1840-1927), nee Princess Charlotte of Belgium.\n\n\nDate\n\ncirca 1862date QS:P571,+1862-00-00T00:00:00Z/9,P1480,Q5727902\n\n\nCollection\n\n\n\n\nFototeca Nacional\n\u00a0\u00a0\n\n\n\n\n\nParent institution\nInstituto Nacional de Antropolog\u00eda e Historia\u00a0\n\nLocation\nHidalgo\u00a0, Mexico\n\nCoordinates\n20\u00b0\u00a007\u2032\u00a015.07\u2033\u00a0N, 98\u00b0\u00a043\u2032\u00a053.66\u2033\u00a0W  \u00a0\n\nEstablished\n1976\u00a0\n\nWebsite\nmediateca.inah.gob.mx\u00a0\n\nAuthority file\n\n: Q66432183\n\n\n\ninstitution QS:P195,Q66432183\n\n\nSource\n\nhttps://mediateca.inah.gob.mx/repositorio/islandora/object/fotografia%3A390761\n\n\n"}, {"url": "https://commons.wikimedia.org/wiki/File:Portrait_of_Empress_Carlota_of_Mexico.jpg", "metadata": {"og:image": "https://upload.wikimedia.org/wikipedia/commons/thumb/1/1b/Portrait_of_Empress_Carlota_of_Mexico.jpg/640px-Portrait_of_Empress_Carlota_of_Mexico.jpg", "og:image:width": "640", "og:image:height": "305", "og:title": "File:Portrait of Empress Carlota of Mexico.jpg - Wikimedia Commons", "og:type": "website"}, "text": "\n\n\nDescriptionPortrait of Empress Carlota of Mexico.jpg\n\nEnglish:  Portrait of Empress Carlota of Mexico (formerly Princess of Belgium)\n\n\nDate\n\n1865\n\n\nSource\n\nhttps://focusonbelgium.be/fr/le%20saviez-vous/connaissiez-vous-charlotte-de-belgique-limperatrice-maudite\n\n\nAuthor\n\nUnknown authorUnknown author\n\n\n"}, {"url": "https://commons.wikimedia.org/wiki/File:Empress_Carlota_of_Mexico_and_Madame_de_Beauvais.jpg", "metadata": {"og:image": "https://upload.wikimedia.org/wikipedia/commons/thumb/7/79/Empress_Carlota_of_Mexico_and_Madame_de_Beauvais.jpg/640px-Empress_Carlota_of_Mexico_and_Madame_de_Beauvais.jpg", "og:image:width": "640", "og:image:height": "1002", "og:title": "File:Empress Carlota of Mexico and Madame de Beauvais.jpg - Wikimedia Commons", "og:type": "website"}, "text": "\n\n\n\nAuthor\n\n\nUnknown authorUnknown author\n\n\n\nUnidentified photographer\n\u00a0 \u00a0\n\n\nDescription\nUnidentified, Unspecified, Unattributed, Not provided, Not mentioned, UnknownUnknown  or Anonymous 19th-century photographer.\n\n\n\n\nDescription\n\n\nEnglish:  Photograph of a full length double portrait of Archduchess Charlotte of Austria, later Empress Carlota, Dowager Empress of Mexico (1840-1927) and Madame de Beauvais. The Archduchess is seated outdoors on a bench. She holds a book that is being passed to her by Madame de Beauvais who stands to the Archduchess's left. A small dog lies at the feet of the Archduchess.\nIn 1857 Charlotte married her second cousin Archduke Maximilian of Austria, who in 1864 became Emperor of Mexico.\n\n\nDate\n\n1862date QS:P571,+1862-00-00T00:00:00Z/9\n\n\nSource\n\nhttps://www.rct.uk/collection/2908023/empress-carlota-dowager-empress-of-mexico-1840-1927-when-archduchess-charlotte-of\n\n\nOther versions\n\n\n\n\n\n\n\n\n\n"}, {"url": "https://commons.wikimedia.org/wiki/File:Empress_Charlotte_of_Mexico_and_Madame_de_Beauvais.jpg", "metadata": {"og:image": "https://upload.wikimedia.org/wikipedia/commons/1/18/Empress_Charlotte_of_Mexico_and_Madame_de_Beauvais.jpg", "og:image:width": "640", "og:image:height": "960", "og:title": "File:Empress Charlotte of Mexico and Madame de Beauvais.jpg - Wikimedia Commons", "og:type": "website"}, "text": "\n\n\n\nAuthor\n\n\nUnknown authorUnknown author\n\n\n\nUnidentified photographer\n\u00a0 \u00a0\n\n\nDescription\nUnidentified, Unspecified, Unattributed, Not provided, Not mentioned, UnknownUnknown  or Anonymous 19th-century photographer.\n\n\n\n\nDescription\n\n\nEnglish:  Empress Carlota of Mexico (1840-1927), when Archduchess Charlotte of Austria and Madame de Beauvais ,1862\n\n\nDate\n\n1862date QS:P571,+1862-00-00T00:00:00Z/9\n\n\nSource\n\nhttps://www.pinterest.com/pin/291889619570040690/\n\n\n"}, {"url": "https://commons.wikimedia.org/wiki/File:Carlota_de_mejico.jpg", "metadata": {"og:image": "https://upload.wikimedia.org/wikipedia/commons/7/74/Carlota_de_mejico.jpg", "og:image:width": "640", "og:image:height": "854", "og:title": "File:Carlota de mejico.jpg - Wikimedia Commons", "og:type": "website"}, "text": "\n\n\n\nAuthor\n\n\nJ. Malovich, Trieste\n\n\nDescription\n\n\nEnglish:  Charlotte of Belgium, Empress of MexicoDeutsch:  Charlotte, Prinzessin von Belgien, Kaiserin von Mexiko\nRepr\u00e4sentationsbildnis mit wei\u00dfem Kleid und Bl\u00fctentoque.\n\n\nDate\n\ncirca 1864date QS:P571,+1864-00-00T00:00:00Z/9,P1480,Q5727902\n\n\nSource\n\nhttps://www.bildarchivaustria.at/Pages/ImageDetail.aspx?p_iBildID=14315502\n\n\nOther versions\n\n\n\n\n"}, {"url": "https://commons.wikimedia.org/wiki/File:Carlota_LCCN2004671924.jpg", "metadata": {"og:image": "https://upload.wikimedia.org/wikipedia/commons/thumb/1/13/Carlota_LCCN2004671924.jpg/640px-Carlota_LCCN2004671924.jpg", "og:image:width": "640", "og:image:height": "816", "og:title": "File:Carlota LCCN2004671924.jpg - Wikimedia Commons", "og:type": "website"}, "text": "\n\n\nDescriptionCarlota LCCN2004671924.jpg\n\nEnglish:  Title: Carlota\nAbstract/medium: 1 photographic print\u00a0: albumen.\n\n\nDate\n\n1864\n\n\nSource\n\nLibrary of Congress\n\nCatalog: https://lccn.loc.gov/2004671924\nImage download: https://cdn.loc.gov/service/pnp/cph/3a10000/3a16000/3a16800/3a16881r.jpg\nOriginal url: https://www.loc.gov/pictures/item/2004671924/\n\n\nAuthor\n\nMiscellaneous Items in High Demand, PPOC, Library of Congress\n\n\nPermission(Reusing this file)\n\nNo known restrictions on publication.\n\n\n\n \u00a0\n\nThis image  is available from the United States Library of Congress's Prints and Photographs division under the digital ID cph.3a16881.This tag does not indicate the copyright status of the attached work. A normal copyright tag is still required. See Commons:Licensing.\n\n\u0627\u0644\u0639\u0631\u0628\u064a\u0629\u00a0\u2219 \u0431\u0435\u043b\u0430\u0440\u0443\u0441\u043a\u0430\u044f (\u0442\u0430\u0440\u0430\u0448\u043a\u0435\u0432\u0456\u0446\u0430)\u00a0\u2219 \u09ac\u09be\u0982\u09b2\u09be\u00a0\u2219 \u010de\u0161tina\u00a0\u2219 Deutsch\u00a0\u2219 English\u00a0\u2219 espa\u00f1ol\u00a0\u2219 \u0641\u0627\u0631\u0633\u06cc\u00a0\u2219 suomi\u00a0\u2219 fran\u00e7ais\u00a0\u2219 galego\u00a0\u2219 \u05e2\u05d1\u05e8\u05d9\u05ea\u00a0\u2219 magyar\u00a0\u2219 Bahasa Indonesia\u00a0\u2219 italiano\u00a0\u2219 \u65e5\u672c\u8a9e\u00a0\u2219 lietuvi\u0173\u00a0\u2219 \u043c\u0430\u043a\u0435\u0434\u043e\u043d\u0441\u043a\u0438\u00a0\u2219 \u0d2e\u0d32\u0d2f\u0d3e\u0d33\u0d02\u00a0\u2219 Nederlands\u00a0\u2219 polski\u00a0\u2219 portugu\u00eas\u00a0\u2219 portugu\u00eas do Brasil\u00a0\u2219 rom\u00e2n\u0103\u00a0\u2219 \u0440\u0443\u0441\u0441\u043a\u0438\u0439\u00a0\u2219 sicilianu\u00a0\u2219 sloven\u010dina\u00a0\u2219 sloven\u0161\u010dina\u00a0\u2219 T\u00fcrk\u00e7e\u00a0\u2219 \u0443\u043a\u0440\u0430\u0457\u043d\u0441\u044c\u043a\u0430\u00a0\u2219 \u7b80\u4f53\u4e2d\u6587\u00a0\u2219 \u7e41\u9ad4\u4e2d\u6587\u00a0\u2219 +/\u2212\n\n\n\n\nOther versions\n\n\n\n\ntif1,205 \u00d7 1,536\n\n\n\nNotesInfoField\nTitle from photo mount.\nSource unknown.\nCopy photo by J. Malovich, Trieste. Original negative made by Andrew Burgess, one of Mathew Brady's operators, on a trip to Mexico City.\nO.M. 16481 (a filing series that no longer exists).\nThis record contains unverified, old data from caption card, with subsequent revisions.\nPhoto from PR 06 CN 114.\n\nPart ofInfoFieldprints and photographs division\n\nSubjectInfoFieldcarlota \u00b7 empress, consort of maximilian, emperor of mexico\n\n\n"}, {"url": "https://commons.wikimedia.org/wiki/File:Carlotta-of-Mexico.(2).jpg", "metadata": {"og:image": "https://upload.wikimedia.org/wikipedia/commons/thumb/9/90/Carlotta-of-Mexico.%282%29.jpg/640px-Carlotta-of-Mexico.%282%29.jpg", "og:image:width": "640", "og:image:height": "1033", "og:title": "File:Carlotta-of-Mexico.(2).jpg - Wikimedia Commons", "og:type": "website"}, "text": "\n\n\nDescriptionCarlotta-of-Mexico.(2).jpg\n\nCHARLOTTE, CONSORT OF MAXIMILIAN, EMPEROR OF MEXICO. By J. Malovich.\n\n\nDate\n\n1864\n\n\nSource\n\nLibrary of Congress, Reproduction Number: LC-USZ62-14619\n\n\n\n \u00a0\n\nThis image  is available from the United States Library of Congress's Prints and Photographs division under the digital ID cph.3a16881.This tag does not indicate the copyright status of the attached work. A normal copyright tag is still required. See Commons:Licensing.\n\n\u0627\u0644\u0639\u0631\u0628\u064a\u0629\u00a0\u2219 \u0431\u0435\u043b\u0430\u0440\u0443\u0441\u043a\u0430\u044f (\u0442\u0430\u0440\u0430\u0448\u043a\u0435\u0432\u0456\u0446\u0430)\u00a0\u2219 \u09ac\u09be\u0982\u09b2\u09be\u00a0\u2219 \u010de\u0161tina\u00a0\u2219 Deutsch\u00a0\u2219 English\u00a0\u2219 espa\u00f1ol\u00a0\u2219 \u0641\u0627\u0631\u0633\u06cc\u00a0\u2219 suomi\u00a0\u2219 fran\u00e7ais\u00a0\u2219 galego\u00a0\u2219 \u05e2\u05d1\u05e8\u05d9\u05ea\u00a0\u2219 magyar\u00a0\u2219 Bahasa Indonesia\u00a0\u2219 italiano\u00a0\u2219 \u65e5\u672c\u8a9e\u00a0\u2219 lietuvi\u0173\u00a0\u2219 \u043c\u0430\u043a\u0435\u0434\u043e\u043d\u0441\u043a\u0438\u00a0\u2219 \u0d2e\u0d32\u0d2f\u0d3e\u0d33\u0d02\u00a0\u2219 Nederlands\u00a0\u2219 polski\u00a0\u2219 portugu\u00eas\u00a0\u2219 portugu\u00eas do Brasil\u00a0\u2219 rom\u00e2n\u0103\u00a0\u2219 \u0440\u0443\u0441\u0441\u043a\u0438\u0439\u00a0\u2219 sicilianu\u00a0\u2219 sloven\u010dina\u00a0\u2219 sloven\u0161\u010dina\u00a0\u2219 T\u00fcrk\u00e7e\u00a0\u2219 \u0443\u043a\u0440\u0430\u0457\u043d\u0441\u044c\u043a\u0430\u00a0\u2219 \u7b80\u4f53\u4e2d\u6587\u00a0\u2219 \u7e41\u9ad4\u4e2d\u6587\u00a0\u2219 +/\u2212\n\n\n\n\nAuthor\n\nPhoto by J. Malovich, Trieste.\n\n\nPermission(Reusing this file)\n\n\n\nPublic domainPublic domainfalsefalse\n\n\n\n\n\n\nThis work is in the public domain in its country of origin and other countries and areas where the copyright term is the author's life plus 70 years or fewer.\n\n\n You must also include a United States public domain tag to indicate why this work is in the public domain in the United States.\u00a0Note that a few countries have copyright terms longer than 70 years: Mexico has 100 years, Jamaica has 95 years, Colombia has 80 years, and Guatemala and Samoa have 75 years. This image may not be in the public domain in these countries, which moreover do not implement the rule of the shorter term. Honduras has a general copyright term of 75 years, but it does implement the rule of the shorter term. Copyright may extend on works created by French who died for France in World War II (more information), Russians who served in the Eastern Front of World War II (known as the Great Patriotic War in Russia) and posthumously rehabilitated victims of Soviet repressions (more information).\n\n\n\nThis file has been identified as being free of known restrictions under copyright law, including all related and neighboring rights.\nhttps://creativecommons.org/publicdomain/mark/1.0/PDMCreative Commons Public Domain Mark 1.0falsefalse\n\n\nOther versions\n\n\n\n\n"}, {"url": "https://commons.wikimedia.org/wiki/File:Carlotta-of-Mexico.jpg", "metadata": {"og:image": "https://upload.wikimedia.org/wikipedia/commons/thumb/5/55/Carlotta-of-Mexico.jpg/640px-Carlotta-of-Mexico.jpg", "og:image:width": "640", "og:image:height": "798", "og:title": "File:Carlotta-of-Mexico.jpg - Wikimedia Commons", "og:type": "website"}, "text": "\n\n\n\nAuthor\n\n\nPhoto by J. Malovich, Trieste.\n\n\nDescription\n\n\nCHARLOTTE, CONSORT OF MAXIMILIAN, EMPEROR OF MEXICO. Photograph by J. Malovich.\n\n\nDate\n\n1864date QS:P571,+1864-00-00T00:00:00Z/9\n\n\nSource\n\nLibrary of Congress, Reproduction Number: LC-USZ62-14619\n\n\n\n \u00a0\n\nThis image  is available from the United States Library of Congress's Prints and Photographs division under the digital ID cph.3a16881.This tag does not indicate the copyright status of the attached work. A normal copyright tag is still required. See Commons:Licensing.\n\n\u0627\u0644\u0639\u0631\u0628\u064a\u0629\u00a0\u2219 \u0431\u0435\u043b\u0430\u0440\u0443\u0441\u043a\u0430\u044f (\u0442\u0430\u0440\u0430\u0448\u043a\u0435\u0432\u0456\u0446\u0430)\u00a0\u2219 \u09ac\u09be\u0982\u09b2\u09be\u00a0\u2219 \u010de\u0161tina\u00a0\u2219 Deutsch\u00a0\u2219 English\u00a0\u2219 espa\u00f1ol\u00a0\u2219 \u0641\u0627\u0631\u0633\u06cc\u00a0\u2219 suomi\u00a0\u2219 fran\u00e7ais\u00a0\u2219 galego\u00a0\u2219 \u05e2\u05d1\u05e8\u05d9\u05ea\u00a0\u2219 magyar\u00a0\u2219 Bahasa Indonesia\u00a0\u2219 italiano\u00a0\u2219 \u65e5\u672c\u8a9e\u00a0\u2219 lietuvi\u0173\u00a0\u2219 \u043c\u0430\u043a\u0435\u0434\u043e\u043d\u0441\u043a\u0438\u00a0\u2219 \u0d2e\u0d32\u0d2f\u0d3e\u0d33\u0d02\u00a0\u2219 Nederlands\u00a0\u2219 polski\u00a0\u2219 portugu\u00eas\u00a0\u2219 portugu\u00eas do Brasil\u00a0\u2219 rom\u00e2n\u0103\u00a0\u2219 \u0440\u0443\u0441\u0441\u043a\u0438\u0439\u00a0\u2219 sicilianu\u00a0\u2219 sloven\u010dina\u00a0\u2219 sloven\u0161\u010dina\u00a0\u2219 T\u00fcrk\u00e7e\u00a0\u2219 \u0443\u043a\u0440\u0430\u0457\u043d\u0441\u044c\u043a\u0430\u00a0\u2219 \u7b80\u4f53\u4e2d\u6587\u00a0\u2219 \u7e41\u9ad4\u4e2d\u6587\u00a0\u2219 +/\u2212\n\n\n\n\nPermission(Reusing this file)\n\n\n\nPublic domainPublic domainfalsefalse\n\n\n\n\n\n\nThis work is in the public domain in its country of origin and other countries and areas where the copyright term is the author's life plus 70 years or fewer.\n\n\n You must also include a United States public domain tag to indicate why this work is in the public domain in the United States.\u00a0Note that a few countries have copyright terms longer than 70 years: Mexico has 100 years, Jamaica has 95 years, Colombia has 80 years, and Guatemala and Samoa have 75 years. This image may not be in the public domain in these countries, which moreover do not implement the rule of the shorter term. Honduras has a general copyright term of 75 years, but it does implement the rule of the shorter term. Copyright may extend on works created by French who died for France in World War II (more information), Russians who served in the Eastern Front of World War II (known as the Great Patriotic War in Russia) and posthumously rehabilitated victims of Soviet repressions (more information).\n\n\n\nThis file has been identified as being free of known restrictions under copyright law, including all related and neighboring rights.\nhttps://creativecommons.org/publicdomain/mark/1.0/PDMCreative Commons Public Domain Mark 1.0falsefalse\n\n\n"}, {"url": "https://commons.wikimedia.org/wiki/File:Empress_Carlota_of_Mexico_1864.jpg", "metadata": {"og:image": "https://upload.wikimedia.org/wikipedia/commons/a/ab/Empress_Carlota_of_Mexico_1864.jpg", "og:image:width": "640", "og:image:height": "873", "og:title": "File:Empress Carlota of Mexico 1864.jpg - Wikimedia Commons", "og:type": "website"}, "text": "\n\n\nDescriptionEmpress Carlota of Mexico 1864.jpg\n\nEnglish:  Empress Carlota of Mexico\n\n\nDate\n\n1864\n\n\nSource\n\nhttps://www.bildarchivaustria.at/Pages/ImageDetail.aspx?p_iBildID=14315502\n\n\nAuthor\n\nPhoto by J. Malovich, Trieste.\n\n\n"}, {"url": "https://commons.wikimedia.org/wiki/File:Empress_Carlota_of_Mexico,_full-length_portrait,_standing,_in_formal_gown,_facing_left_LCCN2005681361.jpg", "metadata": {"og:image": "https://upload.wikimedia.org/wikipedia/commons/thumb/7/76/Empress_Carlota_of_Mexico%2C_full-length_portrait%2C_standing%2C_in_formal_gown%2C_facing_left_LCCN2005681361.jpg/640px-Empress_Carlota_of_Mexico%2C_full-length_portrait%2C_standing%2C_in_formal_gown%2C_facing_left_LCCN2005681361.jpg", "og:image:width": "640", "og:image:height": "795", "og:title": "File:Empress Carlota of Mexico, full-length portrait, standing, in formal gown, facing left LCCN2005681361.jpg - Wikimedia Commons", "og:type": "website"}, "text": "\n\n\nDescriptionEmpress Carlota of Mexico, full-length portrait, standing, in formal gown, facing left LCCN2005681361.jpg\n\nEnglish:  Title: Empress Carlota of Mexico, full-length portrait, standing, in formal gown, facing left\nAbstract/medium: 1 photographic print on carte de visite mount: albumen.\n\n\nDate\n\n1864\n\n\nSource\n\nLibrary of Congress\n\nCatalog: https://lccn.loc.gov/2005681361\nImage download: https://cdn.loc.gov/service/pnp/cph/3a40000/3a44000/3a44400/3a44478r.jpg\nOriginal url: https://www.loc.gov/pictures/item/2005681361/\n\n\nAuthor\n\nMiscellaneous Items in High Demand, PPOC, Library of Congress\n\n\nPermission(Reusing this file)\n\nNo known restrictions on publication in the U.S. Use elsewhere may be restricted by other countries' laws. For general information see \"Copyright and Other Restrictions...\" https://lcweb.loc.gov/rr/print/195_copr.html\n\n\n\n \u00a0\n\nThis image  is available from the United States Library of Congress's Prints and Photographs division under the digital ID cph.3a44478.This tag does not indicate the copyright status of the attached work. A normal copyright tag is still required. See Commons:Licensing.\n\n\u0627\u0644\u0639\u0631\u0628\u064a\u0629\u00a0\u2219 \u0431\u0435\u043b\u0430\u0440\u0443\u0441\u043a\u0430\u044f (\u0442\u0430\u0440\u0430\u0448\u043a\u0435\u0432\u0456\u0446\u0430)\u00a0\u2219 \u09ac\u09be\u0982\u09b2\u09be\u00a0\u2219 \u010de\u0161tina\u00a0\u2219 Deutsch\u00a0\u2219 English\u00a0\u2219 espa\u00f1ol\u00a0\u2219 \u0641\u0627\u0631\u0633\u06cc\u00a0\u2219 suomi\u00a0\u2219 fran\u00e7ais\u00a0\u2219 galego\u00a0\u2219 \u05e2\u05d1\u05e8\u05d9\u05ea\u00a0\u2219 magyar\u00a0\u2219 Bahasa Indonesia\u00a0\u2219 italiano\u00a0\u2219 \u65e5\u672c\u8a9e\u00a0\u2219 lietuvi\u0173\u00a0\u2219 \u043c\u0430\u043a\u0435\u0434\u043e\u043d\u0441\u043a\u0438\u00a0\u2219 \u0d2e\u0d32\u0d2f\u0d3e\u0d33\u0d02\u00a0\u2219 Nederlands\u00a0\u2219 polski\u00a0\u2219 portugu\u00eas\u00a0\u2219 portugu\u00eas do Brasil\u00a0\u2219 rom\u00e2n\u0103\u00a0\u2219 \u0440\u0443\u0441\u0441\u043a\u0438\u0439\u00a0\u2219 sicilianu\u00a0\u2219 sloven\u010dina\u00a0\u2219 sloven\u0161\u010dina\u00a0\u2219 T\u00fcrk\u00e7e\u00a0\u2219 \u0443\u043a\u0440\u0430\u0457\u043d\u0441\u044c\u043a\u0430\u00a0\u2219 \u7b80\u4f53\u4e2d\u6587\u00a0\u2219 \u7e41\u9ad4\u4e2d\u6587\u00a0\u2219 +/\u2212\n\n\n\n\nOther versions\n\n\n\n\ntif1,237 \u00d7 1,536\n\n\n\nNotesInfoField\nTitle devised by Library staff.\nSimiliar photograph in PH - Malovich (J.), no. 1.\nCopy photo in BIOG FILE.\nIn album: Portraits of rulers, politicians ... relating to the reign of Emperor Maximilian of Mexico, p. 1, lower right.\n\nPart ofInfoFieldlot 3112 \u00b7 prints and photographs division\n\nSubjectInfoFieldcarlota \u00b7 empress, consort of maximilian, emperor of mexico \u00b7 women \u00b7 clothing & dress \u00b7 albumen prints \u00b7 cartes de visite \u00b7 portrait photographs\n\n\n"}, {"url": "https://commons.wikimedia.org/wiki/File:Carlota,_Empress_of_Mexico.jpg", "metadata": {"og:image": "https://upload.wikimedia.org/wikipedia/commons/8/84/Carlota%2C_Empress_of_Mexico.jpg", "og:image:width": "640", "og:image:height": "742", "og:title": "File:Carlota, Empress of Mexico.jpg - Wikimedia Commons", "og:type": "website"}, "text": "\n\n\n\nAuthor\n\n\nUnknown authorUnknown author\n\n\n\nUnidentified photographer\n\u00a0 \u00a0\n\n\nDescription\nUnidentified, Unspecified, Unattributed, Not provided, Not mentioned, UnknownUnknown  or Anonymous 19th-century photographer.\n\n\n\n\nDescription\n\n\nEnglish:  Carlota, Empress of Mexico\n\n\nDate\n\n1865date QS:P571,+1865-00-00T00:00:00Z/9\n\n\nSource\n\nhttps://www.tumblr.com/search/charlotte%20of%20mexico\n\n\n"}, {"url": "https://commons.wikimedia.org/wiki/File:Empress_Carlota_of_Mexico_ca1864-1866.jpg", "metadata": {"og:image": "https://upload.wikimedia.org/wikipedia/commons/f/f3/Empress_Carlota_of_Mexico_ca1864-1866.jpg", "og:image:width": "640", "og:image:height": "1023", "og:title": "File:Empress Carlota of Mexico ca1864-1866.jpg - Wikimedia Commons", "og:type": "website"}, "text": "\n\n\n\nAuthor\n\n\nUnknown authorUnknown author\n\n\n\nUnidentified photographer\n\u00a0 \u00a0\n\n\nDescription\nUnidentified, Unspecified, Unattributed, Not provided, Not mentioned, UnknownUnknown  or Anonymous 19th-century photographer.\n\n\n\n\nDescription\n\n\nEnglish:  Empress Carlota of Mexico ca1864-1866\n\n\nDate\n\nbetween circa 1864 and circa 1866date QS:P571,+1864-00-00T00:00:00Z/8,P1319,+1864-00-00T00:00:00Z/9,P1326,+1866-00-00T00:00:00Z/9,P1480,Q5727902\n\n\nSource\n\nroyalty Digest magazine\n\n\nOther versions\n\n\n\n\n\n\n\n\n\n"}, {"url": "https://commons.wikimedia.org/wiki/File:Empress_Carlota_of_Mex%C3%ADco_(1840_-1927).jpg", "metadata": {"og:image": "https://upload.wikimedia.org/wikipedia/commons/1/19/Empress_Carlota_of_Mex%C3%ADco_%281840_-1927%29.jpg", "og:image:width": "640", "og:image:height": "824", "og:title": "File:Empress Carlota of Mex\u00edco (1840 -1927).jpg - Wikimedia Commons", "og:type": "website"}, "text": "\n\n\n\nAuthor\n\n\nUnknown authorUnknown author\n\n\n\nUnidentified photographer\n\u00a0 \u00a0\n\n\nDescription\nUnidentified, Unspecified, Unattributed, Not provided, Not mentioned, UnknownUnknown  or Anonymous 19th-century photographer.\n\n\n\n\nDescription\n\n\nEnglish:  Empress Carlota of Mex\u00edco (1840 -1927)\n\n\nDate\n\n1866date QS:P571,+1866-00-00T00:00:00Z/9\n\n\nSource\n\nhttp://www.culturacoatepec.org/2016/08/11-de-agosto-de-1866-150-anos-de-la.html\n\n\nOther versions\n\n\n\n\n\n\n\n\n\n"}, {"url": "https://commons.wikimedia.org/wiki/File:Empress_Carlota_of_Mex%C3%ADco_(1840-1927).jpg", "metadata": {"og:image": "https://upload.wikimedia.org/wikipedia/commons/thumb/6/60/Empress_Carlota_of_Mex%C3%ADco_%281840-1927%29.jpg/640px-Empress_Carlota_of_Mex%C3%ADco_%281840-1927%29.jpg", "og:image:width": "640", "og:image:height": "833", "og:title": "File:Empress Carlota of Mex\u00edco (1840-1927).jpg - Wikimedia Commons", "og:type": "website"}, "text": "\n\n\n\nAuthor\n\n\nUnknown authorUnknown author\n\n\n\nUnidentified photographer\n\u00a0 \u00a0\n\n\nDescription\nUnidentified, Unspecified, Unattributed, Not provided, Not mentioned, UnknownUnknown  or Anonymous 19th-century photographer.\n\n\n\n\nDescription\n\n\nEnglish:  Empress Carlota of Mex\u00edco (1840-1927).\n\n\nDate\n\n1866date QS:P571,+1866-00-00T00:00:00Z/9\n\n\nSource\n\nhttp://dinastias.forogratis.es/charlotte-de-belgica-t756-372.html\n\n\n"}, {"url": "https://commons.wikimedia.org/wiki/File:%D0%A8%D0%B0%D1%80%D0%BB%D0%BE%D1%82%D1%82%D0%B0_%D0%91%D0%B5%D0%BB%D1%8C%D0%B3%D0%B8%D0%B9%D1%81%D0%BA%D0%B0%D1%8F_(%D0%B8%D0%BC%D0%BF%D0%B5%D1%80%D0%B0%D1%82%D1%80%D0%B8%D1%86%D0%B0_%D0%9C%D0%B5%D0%BA%D1%81%D0%B8%D0%BA%D0%B8).jpg", "metadata": {"og:image": "https://upload.wikimedia.org/wikipedia/commons/9/96/%D0%A8%D0%B0%D1%80%D0%BB%D0%BE%D1%82%D1%82%D0%B0_%D0%91%D0%B5%D0%BB%D1%8C%D0%B3%D0%B8%D0%B9%D1%81%D0%BA%D0%B0%D1%8F_%28%D0%B8%D0%BC%D0%BF%D0%B5%D1%80%D0%B0%D1%82%D1%80%D0%B8%D1%86%D0%B0_%D0%9C%D0%B5%D0%BA%D1%81%D0%B8%D0%BA%D0%B8%29.jpg", "og:image:width": "640", "og:image:height": "854", "og:title": "File:\u0428\u0430\u0440\u043b\u043e\u0442\u0442\u0430 \u0411\u0435\u043b\u044c\u0433\u0438\u0439\u0441\u043a\u0430\u044f (\u0438\u043c\u043f\u0435\u0440\u0430\u0442\u0440\u0438\u0446\u0430 \u041c\u0435\u043a\u0441\u0438\u043a\u0438).jpg - Wikimedia Commons", "og:type": "website"}, "text": "\n\n\n\nAuthor\n\n\nMalovich, Trieste\n\n\nDescription\n\n\nEnglish:  Carlota, Empress of Mexico (nee Princess of Belgium)\n\n\nDate\n\n1866date QS:P571,+1866-00-00T00:00:00Z/9\n\n\nSource\n\nhttps://www.pinterest.com/pin/446137906807678169/\n\n\n"}, {"url": "https://commons.wikimedia.org/wiki/File:Charlotte_de_Belgique,_Imp%C3%A9ratrice_du_Mexique_(cropped).jpg", "metadata": {"og:image": "https://upload.wikimedia.org/wikipedia/commons/thumb/6/66/Charlotte_de_Belgique%2C_Imp%C3%A9ratrice_du_Mexique_%28cropped%29.jpg/640px-Charlotte_de_Belgique%2C_Imp%C3%A9ratrice_du_Mexique_%28cropped%29.jpg", "og:image:width": "640", "og:image:height": "1050", "og:title": "File:Charlotte de Belgique, Imp\u00e9ratrice du Mexique (cropped).jpg - Wikimedia Commons", "og:type": "website"}, "text": "\n\n\n\nAuthor\n\n\n\n\n\n\nAndr\u00e9-Adolphe-Eug\u00e8ne Disd\u00e9ri\n\u00a0(1819\u20131889)\u00a0\u00a0 \u00a0\n\n\n\n\n\nAlternative names\n\nDisd\u00e9ri Andr\u00e9-Alphonse-Eug\u00e8ne; Andr\u00e9 Disd\u00e9ri\n\nDescription\nFrench photographer, actor and painter\n\nDate of birth/death\n\n28 March 1819\u00a0\n4 October 1889\u00a0\n\nLocation of birth/death\n\nParis\nParis\n\nWork period\n1846 - 1870\n\nWork location\n\nFrance\u00a0\n\nAuthority file\n\n: Q515461\nVIAF:\u200968899557\nISNI:\u20090000000090398331\nULAN:\u2009500118847\nLCCN:\u2009n84006003\nNLA:\u200960598033\nWorldCat\n\n\n\ncreator QS:P170,Q515461 Upload, stitch and restoration by User:Jebulon\n\n\nDescription\n\n\nFran\u00e7ais\u00a0:  Imp\u00e9ratrice Charlotte du Mexique (1840-1927)English:  Empress Carlota of Mexico (1840-1927)\n\n\nDate\n\nafter 1867date QS:P571,+1867-00-00T00:00:00Z/7,P1319,+1867-00-00T00:00:00Z/9. 2016-04-04 for upload\n\n\nMedium\n\nPhotographie positive sur papier albumin\u00e9\n\n\nReferences\n\nNational Portrait Gallery: NPG x36230\u00a0;  Royal Collection RCIN 2908165 \n\n\nSource\n\nBiblioth\u00e8que nationale de France\n\n\nPermission(Reusing this file)\n\n\nThis file might NOT be in the public domain.\nIt was previously considered to be in the public domain because it is a scan (or similar) by the Bibliotheque Nationale de France, but not everything scanned by the BNF is automatically in the public domain.\nIt is possible that this file is in the public domain for other reasons, for example because it was published a long time ago (anything before ca. 1900 is most likely ok) or because its author / artist / photographer died over 70 years ago and it was published over 95 years ago. In such cases, a new rationale should be applied, and a different license tag (see Commons:Licensing and valid license tags at Commons:Copyright tags) should be used.\nIf the file is not found to be in the public domain, it might be nominated for deletion (NOT by any automatic process, but manually).\n\nSee below for the previous rationale (not applicable anymore).\n\n\nPrevious public domain rationale, no longer applicable\n\n\n\n\n\nPublic domainPublic domainfalsefalse\n\n\n\n\n\nThe Biblioth\u00e8que nationale de France has determined this item is in France's public domain. It is located here.\n\nPublic domain works must be out of copyright in both the country of origin and the United States, and must be accompanied one or more valid copyright tags to indicate its status. Absence of such tags may result in a file's deletion.\n\n\u0627\u0644\u0639\u0631\u0628\u064a\u0629\u00a0| English\u00a0| espa\u00f1ol\u00a0| fran\u00e7ais\u00a0| \u043c\u0430\u043a\u0435\u0434\u043e\u043d\u0441\u043a\u0438\u00a0| Nederlands\u00a0| Picard\u00a0| Ti\u1ebfng Vi\u1ec7t\u00a0| +/\u2212\n\n\n\n\n\nOther versions\n\n\n\n\nThis file has been extracted from another file: Charlotte de Belgique, Imp\u00e9ratrice du Mexique.jpg\n\n\n\n\n\n\n"}, {"url": "https://commons.wikimedia.org/wiki/File:Charlotte_de_Belgique,_Imp%C3%A9ratrice_du_Mexique.jpg", "metadata": {"og:image": "https://upload.wikimedia.org/wikipedia/commons/thumb/3/3c/Charlotte_de_Belgique%2C_Imp%C3%A9ratrice_du_Mexique.jpg/640px-Charlotte_de_Belgique%2C_Imp%C3%A9ratrice_du_Mexique.jpg", "og:image:width": "640", "og:image:height": "1001", "og:title": "File:Charlotte de Belgique, Imp\u00e9ratrice du Mexique.jpg - Wikimedia Commons", "og:type": "website"}, "text": "\n\n\n\nAuthor\n\n\n\n\n\n\nAndr\u00e9-Adolphe-Eug\u00e8ne Disd\u00e9ri\n\u00a0(1819\u20131889)\u00a0\u00a0 \u00a0\n\n\n\n\n\nAlternative names\n\nDisd\u00e9ri Andr\u00e9-Alphonse-Eug\u00e8ne; Andr\u00e9 Disd\u00e9ri\n\nDescription\nFrench photographer, actor and painter\n\nDate of birth/death\n\n28 March 1819\u00a0\n4 October 1889\u00a0\n\nLocation of birth/death\n\nParis\nParis\n\nWork period\n1846 - 1870\n\nWork location\n\nFrance\u00a0\n\nAuthority file\n\n: Q515461\nVIAF:\u200968899557\nISNI:\u20090000000090398331\nULAN:\u2009500118847\nLCCN:\u2009n84006003\nNLA:\u200960598033\nWorldCat\n\n\n\ncreator QS:P170,Q515461 Upload, stitch and restoration by User:Jebulon\n\n\nDescription\n\n\nFran\u00e7ais\u00a0:  Imp\u00e9ratrice Charlotte du Mexique (1840-1927)English:  Empress Carlota of Mexico (1840-1927)\n\n\nDate\n\nafter 1867date QS:P571,+1867-00-00T00:00:00Z/7,P1319,+1867-00-00T00:00:00Z/9. 2016-04-04 for upload\n\n\nMedium\n\nPhotographie positive sur papier albumin\u00e9\n\n\nSource\n\nBiblioth\u00e8que nationale de France\n\n\nPermission(Reusing this file)\n\n\nThis file might NOT be in the public domain.\nIt was previously considered to be in the public domain because it is a scan (or similar) by the Bibliotheque Nationale de France, but not everything scanned by the BNF is automatically in the public domain.\nIt is possible that this file is in the public domain for other reasons, for example because it was published a long time ago (anything before ca. 1900 is most likely ok) or because its author / artist / photographer died over 70 years ago and it was published over 95 years ago. In such cases, a new rationale should be applied, and a different license tag (see Commons:Licensing and valid license tags at Commons:Copyright tags) should be used.\nIf the file is not found to be in the public domain, it might be nominated for deletion (NOT by any automatic process, but manually).\n\nSee below for the previous rationale (not applicable anymore).\n\n\nPrevious public domain rationale, no longer applicable\n\n\n\n\n\nPublic domainPublic domainfalsefalse\n\n\n\n\n\nThe Biblioth\u00e8que nationale de France has determined this item is in France's public domain. It is located here.\n\nPublic domain works must be out of copyright in both the country of origin and the United States, and must be accompanied one or more valid copyright tags to indicate its status. Absence of such tags may result in a file's deletion.\n\n\u0627\u0644\u0639\u0631\u0628\u064a\u0629\u00a0| English\u00a0| espa\u00f1ol\u00a0| fran\u00e7ais\u00a0| \u043c\u0430\u043a\u0435\u0434\u043e\u043d\u0441\u043a\u0438\u00a0| Nederlands\u00a0| Picard\u00a0| Ti\u1ebfng Vi\u1ec7t\u00a0| +/\u2212\n\n\n\n\n\nOther versions\n\n\nThis file has an extracted image: Charlotte de Belgique, Imp\u00e9ratrice du Mexique (cropped).jpg.\n\n\n\n"}, {"url": "https://commons.wikimedia.org/wiki/File:Calota,_Imperatriz_do_M%C3%A9xico_(Cole%C3%A7%C3%A3o_Francisco_Rodrigues;_FR-08572).jpg", "metadata": {"og:image": "https://upload.wikimedia.org/wikipedia/commons/thumb/1/1b/Calota%2C_Imperatriz_do_M%C3%A9xico_%28Cole%C3%A7%C3%A3o_Francisco_Rodrigues%3B_FR-08572%29.jpg/640px-Calota%2C_Imperatriz_do_M%C3%A9xico_%28Cole%C3%A7%C3%A3o_Francisco_Rodrigues%3B_FR-08572%29.jpg", "og:image:width": "640", "og:image:height": "1033", "og:title": "File:Calota, Imperatriz do M\u00e9xico (Cole\u00e7\u00e3o Francisco Rodrigues; FR-08572).jpg - Wikimedia Commons", "og:type": "website"}, "text": "\n\n\nDescriptionCalota, Imperatriz do M\u00e9xico (Cole\u00e7\u00e3o Francisco Rodrigues; FR-08572).jpg\n\nPortugu\u00eas:  Calota, Imperatriz do M\u00e9xico (Cole\u00e7\u00e3o Francisco Rodrigues; FR-08572)\n\n\nDate\n\n19 July 2006, 12:58:36\n\n\nSource\n\nhttp://www.dominiopublico.gov.br/pesquisa/DetalheObraForm.do?select_action=&co_obra=124724\n\n\nAuthor\n\nE. Neurdein\n\n\n"}, {"url": "https://commons.wikimedia.org/wiki/File:Carlota_de_M%C3%A9xico_-_Emperatriz_de_M%C3%A9xico.jpg", "metadata": {"og:image": "https://upload.wikimedia.org/wikipedia/commons/b/b2/Carlota_de_M%C3%A9xico_-_Emperatriz_de_M%C3%A9xico.jpg", "og:image:width": "640", "og:image:height": "857", "og:title": "File:Carlota de M\u00e9xico - Emperatriz de M\u00e9xico.jpg - Wikimedia Commons", "og:type": "website"}, "text": "\n\n\nDescriptionCarlota de M\u00e9xico - Emperatriz de M\u00e9xico.jpg\n\nEnglish:  Carlota de M\u00e9xico - Emperatriz de M\u00e9xico\n\n\nDate\n\n1865\n\n\nSource\n\nhttp://dinastias.forogratis.es/carlota-de-mexico-t2006.html\n\n\nAuthor\n\nUnknown authorUnknown author\n\n\n"}, {"url": "https://commons.wikimedia.org/wiki/File:Carlota_de_M%C3%A9xico,_Emperatriz_de_M%C3%A9xico.jpg", "metadata": {"og:image": "https://upload.wikimedia.org/wikipedia/commons/5/5a/Carlota_de_M%C3%A9xico%2C_Emperatriz_de_M%C3%A9xico.jpg", "og:image:width": "640", "og:image:height": "728", "og:title": "File:Carlota de M\u00e9xico, Emperatriz de M\u00e9xico.jpg - Wikimedia Commons", "og:type": "website"}, "text": "\n\n\nDescriptionCarlota de M\u00e9xico, Emperatriz de M\u00e9xico.jpg\n\nEnglish:  Carlota de M\u00e9xico, Emperatriz de M\u00e9xico\n\n\nDate\n\n1864\n\n\nSource\n\nhttp://madmonarchist.blogspot.com/2009/04/consort-profile-empress-carlota.html\n\n\nAuthor\n\nUnknown authorUnknown author\n\n\n"}, {"url": "https://commons.wikimedia.org/wiki/File:Charlotte_de_Belgique.jpg", "metadata": {"og:image": "https://upload.wikimedia.org/wikipedia/commons/thumb/5/56/Charlotte_de_Belgique.jpg/640px-Charlotte_de_Belgique.jpg", "og:image:width": "640", "og:image:height": "1013", "og:title": "File:Charlotte de Belgique.jpg - Wikimedia Commons", "og:type": "website"}, "text": "\n\n\n\nAuthor\n\n\n\n\n\n\nUnidentified photographer\n\u00a0 \u00a0\n\n\nDescription\nUnidentified, Unspecified, Unattributed, Not provided, Not mentioned, UnknownUnknown  or Anonymous 19th-century photographer.\n\n\n\n\nDescription\n\n\nPortrait of Charlotte of Belgium (1840-1927)\n\n\nDate\n\n19th centurydate QS:P571,+1850-00-00T00:00:00Z/7\n\n\nSource\n\nUnknown sourceUnknown source\n\n\n"}, {"url": "https://commons.wikimedia.org/wiki/File:Charlotte_Imp%C3%A9ratrice_du_Mexique.jpg", "metadata": {"og:image": "https://upload.wikimedia.org/wikipedia/commons/thumb/d/d3/Charlotte_Imp%C3%A9ratrice_du_Mexique.jpg/640px-Charlotte_Imp%C3%A9ratrice_du_Mexique.jpg", "og:image:width": "640", "og:image:height": "1086", "og:title": "File:Charlotte Imp\u00e9ratrice du Mexique.jpg - Wikimedia Commons", "og:type": "website"}, "text": "\n\n\n\nAuthor\n\n\nDisd\u00e9ri\n\n\nDescription\n\n\nFran\u00e7ais\u00a0:  Fond Comte de Flandre, Charlotte Imp\u00e9ratrice du Mexique\n\n\nDate\n\n19th centurydate QS:P571,+1850-00-00T00:00:00Z/7\n\n\nSource\n\nArchives du Palais Royal de Bruxelles\n\n\n"}, {"url": "https://commons.wikimedia.org/wiki/File:Charlotte_of_Belgium,_Empress_of_Mexico.jpg", "metadata": {"og:image": "https://upload.wikimedia.org/wikipedia/commons/thumb/7/7d/Charlotte_of_Belgium%2C_Empress_of_Mexico.jpg/640px-Charlotte_of_Belgium%2C_Empress_of_Mexico.jpg", "og:image:width": "640", "og:image:height": "862", "og:title": "File:Charlotte of Belgium, Empress of Mexico.jpg - Wikimedia Commons", "og:type": "website"}, "text": "\n\n\n\nAuthor\n\n\n\n\n\n\nUnidentified photographer\n\u00a0 \u00a0\n\n\nDescription\nUnidentified, Unspecified, Unattributed, Not provided, Not mentioned, UnknownUnknown  or Anonymous 19th-century photographer.\n\n\n\n\nDescription\n\n\nEnglish:  Charlotte of Belgium (1840-1927), Empress of Mexico\n\n\nDate\n\n19th centurydate QS:P571,+1850-00-00T00:00:00Z/7\n\n\nSource\n\nUnknown sourceUnknown source\n\n\n"}, {"url": "https://commons.wikimedia.org/wiki/File:Charlotte_of_Belgium-(Remini_enhanced_-_handcolor).jpg", "metadata": {"og:image": "https://upload.wikimedia.org/wikipedia/commons/e/e9/Charlotte_of_Belgium-%28Remini_enhanced_-_handcolor%29.jpg", "og:image:width": "640", "og:image:height": "786", "og:title": "File:Charlotte of Belgium-(Remini enhanced - handcolor).jpg - Wikimedia Commons", "og:type": "website"}, "text": "\n\n\nDescriptionCharlotte of Belgium-(Remini enhanced - handcolor).jpg\n\nFran\u00e7ais\u00a0:  Charlotte of Belgium-(Remini enhanced - handcolor)\n\n\nDate\n\n27 November 2022\n\n\nSource\n\nOwn work\n\n\nAuthor\n\nPhotographie initiale\u00a0: Unknown authorUnknown author\n\n\n\nUnidentified photographer\n\u00a0 \u00a0\n\n\nDescription\nUnidentified, Unspecified, Unattributed, Not provided, Not mentioned, UnknownUnknown  or Anonymous 19th-century photographer.\n\n, colorisation et traitement par IA\u00a0: Madelgarius\n\n\nOther versions\n\nThis image was retouched by an artificial intelligence via the image processing application Remini.ai.This file was derived from: Charlotte of Belgium.jpg\nCette image a \u00e9t\u00e9 retouch\u00e9e par une intelligence artificielle via l'application de traitement d'images Remini.ai.This file was derived from: Charlotte of Belgium.jpg\n\n\n"}, {"url": "https://commons.wikimedia.org/wiki/File:Charlotte_of_Belgium-(Remini-enhanced).jpg", "metadata": {"og:image": "https://upload.wikimedia.org/wikipedia/commons/b/b8/Charlotte_of_Belgium-%28Remini-enhanced%29.jpg", "og:image:width": "640", "og:image:height": "780", "og:title": "File:Charlotte of Belgium-(Remini-enhanced).jpg - Wikimedia Commons", "og:type": "website"}, "text": "\n\n\nDescriptionCharlotte of Belgium-(Remini-enhanced).jpg\n\nFran\u00e7ais\u00a0:  Charlotte of Belgium-(Remini-enhanced)\n\n\nDate\n\n27 November 2022\n\n\nSource\n\nOwn work\n\n\nAuthor\n\nMadelgarius\n\n\nOther versions\n\nThis image was retouched by an artificial intelligence via the image processing application Remini.ai.This file was derived from: Charlotte of Belgium.jpg\nCette image a \u00e9t\u00e9 retouch\u00e9e par une intelligence artificielle via l'application de traitement d'images Remini.ai.This file was derived from: Charlotte of Belgium.jpg\n\n\n"}, {"url": "https://commons.wikimedia.org/wiki/File:Charlotte,_geb._Maria_Charlotta_Amelia_Victoria_Clementina_Leopoldina,_prinses_van_Belgi%C3%AB_(1840-1927),_keizerin_van_Mexico,_echtgenote_van_keizer_Maximiliaan_of_Marie_Henri%C3%ABtte_Ann,_objectnr_KA_6895.52.tif", "metadata": {"og:image": "https://upload.wikimedia.org/wikipedia/commons/thumb/b/b4/Charlotte%2C_geb._Maria_Charlotta_Amelia_Victoria_Clementina_Leopoldina%2C_prinses_van_Belgi%C3%AB_%281840-1927%29%2C_keizerin_van_Mexico%2C_echtgenote_van_keizer_Maximiliaan_of_Marie_Henri%C3%ABtte_Ann%2C_objectnr_KA_6895.52.tif/lossy-page1-640px-thumbnail.tif.jpg", "og:image:width": "640", "og:image:height": "1068", "og:title": "File:Charlotte, geb. Maria Charlotta Amelia Victoria Clementina Leopoldina, prinses van Belgi\u00eb (1840-1927), keizerin van Mexico, echtgenote van keizer Maximiliaan of Marie Henri\u00ebtte Ann, objectnr KA 6895.52.tif - Wikimedia Commons", "og:type": "website"}, "text": "\n\n\nDescriptionCharlotte, geb. Maria Charlotta Amelia Victoria Clementina Leopoldina, prinses van Belgi\u00eb (1840-1927), keizerin van Mexico, echtgenote van keizer Maximiliaan of Marie Henri\u00ebtte Ann, objectnr KA 6895.52.tif\n\nNederlands:  IdentificatieTitel: Charlotte, geb. Maria Charlotta Amelia Victoria Clementina Leopoldina, prinses van Belgi\u00eb (1840-1927), keizerin van Mexico, echtgenote van keizer Maximiliaan of Marie Henri\u00ebtte Anne (1836-1902), aartshertogin van Oostenrijk, echtgenote van koning Leopold II van Belgi\u00eb Objectnummer: KA 6895.52Objecttype:   foto carte-de-visite Huidige locatie: in depotOnderwerpen:   portret Personen  Koningin van Belgie VervaardigingVervaardiger:   E. Tardif (fotograaf) Datering: 1870 \u2013 1890 Geproduceerd in: BrusselMateriaal:   papier Afmetingen: 10 cm.  (hoogte) x 7 cm.  (breedte)Verwerving en rechtenVerworven: legaat 1895VerzamelingWillet-Holthuysen, collectieLicentie: CC PDNaamsvermelding: Amsterdam MuseumDuurzaam webadres: http://hdl.handle.net/11259/collection.76830\n\n\nDate\n\n1870 \u2013 1890\n\n\nSource\n\nhttp://hdl.handle.net/11259/collection.76830\n\n\nAuthor\n\nE. Tardif (fotograaf)\n\n\n"}, {"url": "https://commons.wikimedia.org/wiki/File:CharlotteKaiserin_vonMexiko(Photographie).jpg", "metadata": {"og:image": "https://upload.wikimedia.org/wikipedia/commons/thumb/9/91/CharlotteKaiserin_vonMexiko%28Photographie%29.jpg/640px-CharlotteKaiserin_vonMexiko%28Photographie%29.jpg", "og:image:width": "640", "og:image:height": "802", "og:title": "File:CharlotteKaiserin vonMexiko(Photographie).jpg - Wikimedia Commons", "og:type": "website"}, "text": "\n\n\n\nAuthor\n\n\n\n\n\n\nUnidentified photographer\n\u00a0 \u00a0\n\n\nDescription\nUnidentified, Unspecified, Unattributed, Not provided, Not mentioned, UnknownUnknown  or Anonymous 19th-century photographer.\n\n\n\n\nDescription\n\n\nEnglish:  Charlotte of Belgium (1840-1927), Empress of Mexico\n\n\nDate\n\n19th centurydate QS:P571,+1850-00-00T00:00:00Z/7\n\n\nSource\n\nhttp://de.wikisource.org/wiki/Die_Mode%3B_Menschen_und_Mode_im_neunzehnten_Jahrhundert:III\n\n\n"}, {"url": "https://commons.wikimedia.org/wiki/File:Emperor_Maximilian_I_and_Empress_Carlota_of_Mexico.jpg", "metadata": {"og:image": "https://upload.wikimedia.org/wikipedia/commons/thumb/5/53/Emperor_Maximilian_I_and_Empress_Carlota_of_Mexico.jpg/640px-Emperor_Maximilian_I_and_Empress_Carlota_of_Mexico.jpg", "og:image:width": "640", "og:image:height": "1003", "og:title": "File:Emperor Maximilian I and Empress Carlota of Mexico.jpg - Wikimedia Commons", "og:type": "website"}, "text": "\n\n\nDescriptionEmperor Maximilian I and Empress Carlota of Mexico.jpg\n\nEnglish:  Emperor Maximilian I and Empress Carlota of Mexico\n\n\nDate\n\n1860sdate QS:P,+1860-00-00T00:00:00Z/8\n\n\nSource\n\nhttps://www.flickr.com/photos/mexbi/4421782800\n\n\nAuthor\n\nUnknown authorUnknown author\n\n\n"}, {"url": "https://commons.wikimedia.org/wiki/File:Empress_Carlota_of_Mexico_(Charlote_of_Belgium).jpg", "metadata": {"og:image": "https://upload.wikimedia.org/wikipedia/commons/1/15/Empress_Carlota_of_Mexico_%28Charlote_of_Belgium%29.jpg", "og:image:width": "640", "og:image:height": "973", "og:title": "File:Empress Carlota of Mexico (Charlote of Belgium).jpg - Wikimedia Commons", "og:type": "website"}, "text": "\n\n\nDescriptionEmpress Carlota of Mexico (Charlote of Belgium).jpg\n\nEnglish:  Empress Carlota of Mexico (Charlote of Belgium) wearing mid-1500s costume\n\n\nDate\n\n1860sdate QS:P,+1860-00-00T00:00:00Z/8\n\n\nSource\n\nhttp://www.gogmsite.net/the_middle_1500s_-_1550_to_/costumed_charlote_belgium_c.html\n\n\nAuthor\n\nUnknown authorUnknown author\n\n\n"}, {"url": "https://commons.wikimedia.org/wiki/File:Empress_Carlota_of_Mexico_in_formal_gown,_year_1864.jpg", "metadata": {"og:image": "https://upload.wikimedia.org/wikipedia/commons/8/80/Empress_Carlota_of_Mexico_in_formal_gown%2C_year_1864.jpg", "og:image:width": "640", "og:image:height": "812", "og:title": "File:Empress Carlota of Mexico in formal gown, year 1864.jpg - Wikimedia Commons", "og:type": "website"}, "text": "\n\n\nDescriptionEmpress Carlota of Mexico in formal gown, year 1864.jpg\n\nEnglish:  Empress Carlota, consort of Maximilian, Emperor of Mexico, 1864.\n\n\nDate\n\n1864\n\n\nSource\n\nLibrary of Congress.  Repository.  Library of Congress Prints and Photographs Division Washington, D.C. 20540 USA Digital Idcph 3a44478 //hdl.loc.gov/loc.pnp/cph.3a44478\nLibrary of Congress Control Number 2005681361\nReproduction Number LC-USZ62-44246 (b&w film copy neg.)\n\nRights Advisory.  No known restrictions on publication in the U.S. Use elsewhere may be restricted by other countries' laws. For general information see \"Copyright and Other Restrictions...\" http://lcweb.loc.gov/rr/print/195_copr.html\n\n\nAuthor\n\nnot listed\n\n\n"}, {"url": "https://commons.wikimedia.org/wiki/File:Empress_Carlota_of_Mexico.png", "metadata": {"og:image": "https://upload.wikimedia.org/wikipedia/commons/thumb/f/f2/Empress_Carlota_of_Mexico.png/640px-Empress_Carlota_of_Mexico.png", "og:image:width": "640", "og:image:height": "699", "og:title": "File:Empress Carlota of Mexico.png - Wikimedia Commons", "og:type": "website"}, "text": "\n\n\nDescriptionEmpress Carlota of Mexico.png\n\nEnglish:  Empress Carlota of Mexico (nee Princess Charlotte of Belgium)\n\n\nDate\n\n1864\n\n\nSource\n\nhttps://www.gettyimages.com/detail/news-photo/empress-carlotta-of-mexico-news-photo/53368850\n\n\nAuthor\n\nUnknown authorUnknown author\n\n\n"}, {"url": "https://commons.wikimedia.org/wiki/File:Empress_Charlotte.jpg", "metadata": {"og:image": "https://upload.wikimedia.org/wikipedia/commons/thumb/0/09/Empress_Charlotte.jpg/640px-Empress_Charlotte.jpg", "og:image:width": "640", "og:image:height": "996", "og:title": "File:Empress Charlotte.jpg - Wikimedia Commons", "og:type": "website"}, "text": "\n\n\nDescriptionEmpress Charlotte.jpg\n\nEnglish:  Image taken from:\nTitle: \"Maximilian in Mexico. A woman's reminiscences of the French intervention. 1862-1867 [Illustrated.]\"\nAuthor(s): Stevenson, Sara Yorke [person]\nBritish Library shelfmark: \"Digital Store 9770.b.17\"\nPage: 121 (scanned page number - not necessarily the actual page number in the publication)\nPlace of publication: New York (United States of America)\nDate of publication: 1899\nPublisher: Century\nType of resource: Monograph\nLanguage(s): English\nPhysical description: xiv, 327 pages (8\u00b0)\nExplore this item in the British Library\u2019s catalogue:  \n003501864 (physical copy) and 015178466 (digitised copy)\n(numbers are British Library identifiers)\nOther links related to this image:\n- View this image as a scanned publication on the British Library\u2019s online viewer (you can download the image, selected pages or the whole book)\n- Order a higher quality scanned version of this image from the British Library\nOther links related to this publication:\n- View all the illustrations found in this publication\n- View all the illustrations in publications from the same year (1899)\n- Download the Optical Character Recognised (OCR) derived text for this publication as JavaScript Object Notation (JSON)\n- Explore and experiment with the British Library\u2019s digital collections\nThe British Library community is able to flourish online thanks to freely available resources such as this. \nYou can help support our mission to continue making our collection accessible to everyone, for research, inspiration and enjoyment, by donating on the British Library supporter webpage here. \n\nThank you for supporting the British Library.\n\n\nDate\n\n7 December 2013\n\n\nSource\n\nhttps://www.flickr.com/photos/britishlibrary/11253021425/\n\n\nAuthor\n\nBritish Library\n\n\n"}, {"url": "https://commons.wikimedia.org/wiki/File:La_princesse_Charlotte_de_Belgique,_imp%C3%A9ratrice_du_Mexique_%C3%A0_Bouchout_vers_1914.jpg", "metadata": {"og:image": "https://upload.wikimedia.org/wikipedia/commons/thumb/2/24/La_princesse_Charlotte_de_Belgique%2C_imp%C3%A9ratrice_du_Mexique_%C3%A0_Bouchout_vers_1914.jpg/640px-La_princesse_Charlotte_de_Belgique%2C_imp%C3%A9ratrice_du_Mexique_%C3%A0_Bouchout_vers_1914.jpg", "og:image:width": "640", "og:image:height": "853", "og:title": "File:La princesse Charlotte de Belgique, imp\u00e9ratrice du Mexique \u00e0 Bouchout vers 1914.jpg - Wikimedia Commons", "og:type": "website"}, "text": "\n\n\nDescriptionLa princesse Charlotte de Belgique, imp\u00e9ratrice du Mexique \u00e0 Bouchout vers 1914.jpg\n\nFran\u00e7ais\u00a0:  Dans une cal\u00e8che, prot\u00e9g\u00e9e par une ombrelle, l'imp\u00e9ratrice Charlotte se prom\u00e8ne dans le parc du domaine de Bouchout.\n\n\nDate\n\n28 December 2019, 15:35:12\n\n\nSource\n\nSelf-scanned\n\n\nAuthor\n\nUnknownUnknown \n\n\n"}, {"url": "https://commons.wikimedia.org/wiki/File:Max3.jpg", "metadata": {"og:image": "https://upload.wikimedia.org/wikipedia/commons/b/b0/Max3.jpg", "og:image:width": "640", "og:image:height": "841", "og:title": "File:Max3.jpg - Wikimedia Commons", "og:type": "website"}, "text": "\n\n\n\nAuthor\n\n\nUnknown authorUnknown author\n\n\n\nUnidentified photographer\n\u00a0 \u00a0\n\n\nDescription\nUnidentified, Unspecified, Unattributed, Not provided, Not mentioned, UnknownUnknown  or Anonymous 19th-century photographer.\n\n\n\n\nDescription\n\n\nEnglish:  Maximilian and Carlota, emperors of Mexico\n\n\nDate\n\n19th centurydate QS:P571,+1850-00-00T00:00:00Z/7\n\n\nSource\n\nhttp://mexicanhistory.org/French.htm\n\n\nOther versions\n\n\n\n\n"}, {"url": "https://commons.wikimedia.org/wiki/File:Su_magistad_Maria_Carlota,_Emperatriz_de_Mejico_LCCN2005688394.jpg", "metadata": {"og:image": "https://upload.wikimedia.org/wikipedia/commons/thumb/8/89/Su_magistad_Maria_Carlota%2C_Emperatriz_de_Mejico_LCCN2005688394.jpg/640px-Su_magistad_Maria_Carlota%2C_Emperatriz_de_Mejico_LCCN2005688394.jpg", "og:image:width": "640", "og:image:height": "798", "og:title": "File:Su magistad Maria Carlota, Emperatriz de Mejico LCCN2005688394.jpg - Wikimedia Commons", "og:type": "website"}, "text": "\n\n\nDescriptionSu magistad Maria Carlota, Emperatriz de Mejico LCCN2005688394.jpg\n\nEnglish:  Title: Su magistad Maria Carlota, Emperatriz de Mejico\nAbstract/medium: 1 photographic print on carte de visite mount\u00a0: albumen.\n\n\nDate\n\n1867\n\n\nSource\n\nLibrary of Congress\n\nCatalog: https://lccn.loc.gov/2005688394\nImage download: https://cdn.loc.gov/service/pnp/cph/3c30000/3c31000/3c31300/3c31394v.jpg\nOriginal url: https://www.loc.gov/pictures/item/2005688394/\n\n\nAuthor\n\nMiscellaneous Items in High Demand, PPOC, Library of Congress\n\n\nPermission(Reusing this file)\n\nNo known restrictions on publication in the U.S. Use elsewhere may be restricted by other countries' laws. For general information see \"Copyright and Other Restrictions...\" https://lcweb.loc.gov/rr/print/195_copr.html\n\n\n\n \u00a0\n\nThis image  is available from the United States Library of Congress's Prints and Photographs division under the digital ID cph.3c31394.This tag does not indicate the copyright status of the attached work. A normal copyright tag is still required. See Commons:Licensing.\n\n\u0627\u0644\u0639\u0631\u0628\u064a\u0629\u00a0\u2219 \u0431\u0435\u043b\u0430\u0440\u0443\u0441\u043a\u0430\u044f (\u0442\u0430\u0440\u0430\u0448\u043a\u0435\u0432\u0456\u0446\u0430)\u00a0\u2219 \u09ac\u09be\u0982\u09b2\u09be\u00a0\u2219 \u010de\u0161tina\u00a0\u2219 Deutsch\u00a0\u2219 English\u00a0\u2219 espa\u00f1ol\u00a0\u2219 \u0641\u0627\u0631\u0633\u06cc\u00a0\u2219 suomi\u00a0\u2219 fran\u00e7ais\u00a0\u2219 galego\u00a0\u2219 \u05e2\u05d1\u05e8\u05d9\u05ea\u00a0\u2219 magyar\u00a0\u2219 Bahasa Indonesia\u00a0\u2219 italiano\u00a0\u2219 \u65e5\u672c\u8a9e\u00a0\u2219 lietuvi\u0173\u00a0\u2219 \u043c\u0430\u043a\u0435\u0434\u043e\u043d\u0441\u043a\u0438\u00a0\u2219 \u0d2e\u0d32\u0d2f\u0d3e\u0d33\u0d02\u00a0\u2219 Nederlands\u00a0\u2219 polski\u00a0\u2219 portugu\u00eas\u00a0\u2219 portugu\u00eas do Brasil\u00a0\u2219 rom\u00e2n\u0103\u00a0\u2219 \u0440\u0443\u0441\u0441\u043a\u0438\u0439\u00a0\u2219 sicilianu\u00a0\u2219 sloven\u010dina\u00a0\u2219 sloven\u0161\u010dina\u00a0\u2219 T\u00fcrk\u00e7e\u00a0\u2219 \u0443\u043a\u0440\u0430\u0457\u043d\u0441\u044c\u043a\u0430\u00a0\u2219 \u7b80\u4f53\u4e2d\u6587\u00a0\u2219 \u7e41\u9ad4\u4e2d\u6587\u00a0\u2219 +/\u2212\n\n\n\n\nOther versions\n\n\n\n\ntif3,283 \u00d7 4,096\n\n\n\nNotesInfoField\nPhotograph is set in a cameo frame, surrounded by a coat of arms emblem bearing enscription \"Equalidad en la Justicia.\"\nTitle from item.\nOn recto: ... en la Justicia.\nIn album: Portraits of rulers, politicians ... relating to the reign of Emperor Maximilian of Mexico, p. 2, lower right.\n\nPart ofInfoFieldlot 3112 \u00b7 prints and photographs division\n\nSubjectInfoFieldcarlota \u00b7 empress, consort of maximilian, emperor of mexico \u00b7 albumen prints \u00b7 cartes de visite \u00b7 portrait photographs\n\n\n"}]