[{"url": "https://commons.wikimedia.org/wiki/File:Vorstenhuizen,_koningshuis_Belgi%C3%AB,_SFA022821389.jpg", "metadata": {"og:image": "https://upload.wikimedia.org/wikipedia/commons/thumb/6/6f/Vorstenhuizen%2C_koningshuis_Belgi%C3%AB%2C_SFA022821389.jpg/640px-Vorstenhuizen%2C_koningshuis_Belgi%C3%AB%2C_SFA022821389.jpg", "og:image:width": "640", "og:image:height": "816", "og:title": "File:Vorstenhuizen, koningshuis Belgi\u00eb, SFA022821389.jpg - Wikimedia Commons", "og:type": "website"}, "text": "\n\n\nDescriptionVorstenhuizen, koningshuis Belgi\u00eb, SFA022821389.jpg\n\nNederlands:  Omschrijving: Vorstenhuizen, koningshuis Belgi\u00eb. Prinses Astrid(1905-1935) met een kinderwagen waar prinses Josephine Charlotte bovenop zit. (Er in ligt baby Boudewijn). Op de achtergrond staan een paar mensen te kijken. Zonder plaats,1930.\n\n\nDate\n\n1926\n\n\nSource\n\nhttps://beeldbank.spaarnestadphoto.com/search.pp?flush=1&multikeyword=SFA022821389&searchtype=0#ctr-thumbnails\n\n\nAuthor\n\nUnknown authorUnknown author\n\n\n"}]