[{"url": "https://commons.wikimedia.org/wiki/File:Albert_1er_de_Belgique_(1875_-_1934)_-_panoramio.jpg", "metadata": {"og:image": "https://upload.wikimedia.org/wikipedia/commons/thumb/d/d0/Albert_1er_de_Belgique_%281875_-_1934%29_-_panoramio.jpg/640px-Albert_1er_de_Belgique_%281875_-_1934%29_-_panoramio.jpg", "og:image:width": "640", "og:image:height": "502", "og:title": "File:Albert 1er de Belgique (1875 - 1934) - panoramio.jpg - Wikimedia Commons", "og:type": "website"}, "text": "\n\n\nDescriptionAlbert 1er de Belgique (1875 - 1934) - panoramio.jpg\n\nAlbert 1er de Belgique (1875 - 1934)\n\n\nDate\n\n27 September 2013 (original upload date)\n\n\nSource\n\nhttps://web.archive.org/web/20161028204622/http://www.panoramio.com/photo/96891594\n\n\nAuthor\n\n\u0412\u0430\u043b\u0435\u0440\u0438\u0439 \u0414\u0435\u0434\n\n\nPermission(Reusing this file)\n\n\nThis file is licensed under the Creative Commons Attribution 3.0 Unported license.Attribution: \u0412\u0430\u043b\u0435\u0440\u0438\u0439 \u0414\u0435\u0434\nYou are free:\nto share \u2013 to copy, distribute and transmit the work\nto remix \u2013 to adapt the work\nUnder the following conditions:\nattribution \u2013 You must give appropriate credit, provide a link to the license, and indicate if changes were made. You may do so in any reasonable manner, but not in any way that suggests the licensor endorses you or your use.\nhttps://creativecommons.org/licenses/by/3.0CC BY 3.0 Creative Commons Attribution 3.0 truetrue\n\n\n\n\n\nThis image, which was originally posted to Panoramio, was automatically reviewed on 8 March 2017 by Panoramio upload bot, who confirmed that it was available on Panoramio under the above license on that date.\n\n\nTags(from Panoramio photo page)InfoFieldNice, NICE\n\n\n"}, {"url": "https://commons.wikimedia.org/wiki/File:Albert_1er_de_Belgique_(1875_-_1934),_Jardin_Albert_1er,_Nice,_Provence-Alpes-C%C3%B4te_d%27Azur,_France_-_panoramio.jpg", "metadata": {"og:image": "https://upload.wikimedia.org/wikipedia/commons/thumb/1/12/Albert_1er_de_Belgique_%281875_-_1934%29%2C_Jardin_Albert_1er%2C_Nice%2C_Provence-Alpes-C%C3%B4te_d%27Azur%2C_France_-_panoramio.jpg/640px-Albert_1er_de_Belgique_%281875_-_1934%29%2C_Jardin_Albert_1er%2C_Nice%2C_Provence-Alpes-C%C3%B4te_d%27Azur%2C_France_-_panoramio.jpg", "og:image:width": "640", "og:image:height": "853", "og:title": "File:Albert 1er de Belgique (1875 - 1934), Jardin Albert 1er, Nice, Provence-Alpes-C\u00f4te d'Azur, France - panoramio.jpg - Wikimedia Commons", "og:type": "website"}, "text": "\n\n\nDescriptionAlbert 1er de Belgique (1875 - 1934), Jardin Albert 1er, Nice, Provence-Alpes-C\u00f4te d'Azur, France - panoramio.jpg\n\nAlbert 1er de Belgique (1875 - 1934); Jardin Albert 1er, Nice, Provence-Alpes-C\u00f4te d'Azur, France\n\n\nDate\n\nTaken on\u00a013 July 2010\n\n\nSource\n\nhttps://web.archive.org/web/20161016165424/http://www.panoramio.com/photo/46907399\n\n\nAuthor\n\nM.Str\u012b\u0137is\n\n\nPermission(Reusing this file)\n\n\n This file is licensed under the Creative Commons Attribution-Share Alike 3.0 Unported license.Attribution: M.Str\u012b\u0137is\nYou are free:\nto share \u2013 to copy, distribute and transmit the work\nto remix \u2013 to adapt the work\nUnder the following conditions:\nattribution \u2013 You must give appropriate credit, provide a link to the license, and indicate if changes were made. You may do so in any reasonable manner, but not in any way that suggests the licensor endorses you or your use.\nshare alike \u2013 If you remix, transform, or build upon the material, you must distribute your contributions under the same or compatible license as the original.https://creativecommons.org/licenses/by-sa/3.0CC BY-SA 3.0 Creative Commons Attribution-Share Alike 3.0 truetrue\n\n\n\n\n\nThis image, which was originally posted to Panoramio, was automatically reviewed on 7 November 2016 by Panoramio upload bot, who confirmed that it was available on Panoramio under the above license on that date.\n\n\n\n"}, {"url": "https://commons.wikimedia.org/wiki/File:Antibes_Monument_Albert_I_de_Belgique.jpg", "metadata": {"og:image": "https://upload.wikimedia.org/wikipedia/commons/thumb/7/70/Antibes_Monument_Albert_I_de_Belgique.jpg/640px-Antibes_Monument_Albert_I_de_Belgique.jpg", "og:image:width": "640", "og:image:height": "723", "og:title": "File:Antibes Monument Albert I de Belgique.jpg - Wikimedia Commons", "og:type": "website"}, "text": "\n\n\nDescriptionAntibes Monument Albert I de Belgique.jpg\n\nEnglish:  monument Albert I\n\n\nDate\n\n8 June 2016, 14:40:51\n\n\nSource\n\nOwn work\n\n\nAuthor\n\nAbxbay\n\n\n"}, {"url": "https://commons.wikimedia.org/wiki/File:Belgische_Monarchen.jpg", "metadata": {"og:image": "https://upload.wikimedia.org/wikipedia/commons/thumb/7/71/Belgische_Monarchen.jpg/640px-Belgische_Monarchen.jpg", "og:image:width": "640", "og:image:height": "361", "og:title": "File:Belgische Monarchen.jpg - Wikimedia Commons", "og:type": "website"}, "text": "\n\n\nDescriptionBelgische Monarchen.jpg\n\nEnglish:  Picture of Belgian first five Kings bust statues; Collection of the Royal Museum of the Armed Forces and Military History in Brussels.\nFrom left to right: Leopold I, Leopold II, Albert I, Leopold III and Baudouin I.\nFran\u00e7ais\u00a0:  Photo des statues en buste des cinq premiers rois des Belges; Collection des Mus\u00e9es de Forces arm\u00e9es et de l'Histoire Militaire \u00e0  Bruxelles. De gauche \u00e0 droite L\u00e9opold Ier,  L\u00e9opold II, Albert Ier, L\u00e9opold III et Baudouin Ier.\n\n\nDate\n\n13 August 2006\u00a0(according to Exif data)\n\n\nSource\n\nNo machine-readable source provided. Own work assumed (based on copyright claims).\n\n\nAuthor\n\nNo machine-readable author provided. Carolus assumed (based on copyright claims).\n\n\n"}, {"url": "https://commons.wikimedia.org/wiki/File:Charleroi_-_h%C3%B4tel_de_ville_-_buste_du_roi_Albert_Ier_par_Jules_Vanderstock.jpg", "metadata": {"og:image": "https://upload.wikimedia.org/wikipedia/commons/thumb/1/14/Charleroi_-_h%C3%B4tel_de_ville_-_buste_du_roi_Albert_Ier_par_Jules_Vanderstock.jpg/640px-Charleroi_-_h%C3%B4tel_de_ville_-_buste_du_roi_Albert_Ier_par_Jules_Vanderstock.jpg", "og:image:width": "640", "og:image:height": "966", "og:title": "File:Charleroi - h\u00f4tel de ville - buste du roi Albert Ier par Jules Vanderstock.jpg - Wikimedia Commons", "og:type": "website"}, "text": "\n\n\nDescriptionCharleroi - h\u00f4tel de ville - buste du roi Albert Ier par Jules Vanderstock.jpg\n\nFran\u00e7ais\u00a0:  Charleroi (Belgique) - Buste du roi Albert Ier r\u00e9alis\u00e9 en 1936 par Jules Vanderstock (1897-1944).\n\n\nDate\n\n12 September 2015, 10:38:20\n\n\nSource\n\nOwn work\n\n\nAuthor\n\nJmh2o\n\n\n"}, {"url": "https://commons.wikimedia.org/wiki/File:Roi_Albert_I_(Buste_Tournai).jpg", "metadata": {"og:image": "https://upload.wikimedia.org/wikipedia/commons/thumb/7/7f/Roi_Albert_I_%28Buste_Tournai%29.jpg/640px-Roi_Albert_I_%28Buste_Tournai%29.jpg", "og:image:width": "640", "og:image:height": "480", "og:title": "File:Roi Albert I (Buste Tournai).jpg - Wikimedia Commons", "og:type": "website"}, "text": "\n\n\nDescriptionRoi Albert I (Buste Tournai).jpg\n\nFran\u00e7ais\u00a0:  Monument \u00e0 Tournai\n\n\nDate\n\n11 November 2016\n\n\nSource\n\nOwn work\n\n\nAuthor\n\nJakka bouvier\n\n\n"}, {"url": "https://commons.wikimedia.org/wiki/File:Statue_albert_1er_Antibes.JPG", "metadata": {"og:image": "https://upload.wikimedia.org/wikipedia/commons/thumb/b/b7/Statue_albert_1er_Antibes.JPG/640px-Statue_albert_1er_Antibes.JPG", "og:image:width": "640", "og:image:height": "853", "og:title": "File:Statue albert 1er Antibes.JPG - Wikimedia Commons", "og:type": "website"}, "text": "\n\n\nDescriptionStatue albert 1er Antibes.JPG\n\nEnglish:  Statue albert 1er AntibesFran\u00e7ais\u00a0:  Statue albert 1er Antibes\n\n\nDate\n\n7 February 2012\n\n\nSource\n\nOwn work\n\n\nAuthor\n\nAimelaime\n\n\n"}]