[{"url": "https://commons.wikimedia.org/wiki/File:Jos%C3%A9phine_Caroline_of_Belgium,_Princess_of_Hohenzollern.jpg", "metadata": {"og:image": "https://upload.wikimedia.org/wikipedia/commons/c/c4/Jos%C3%A9phine_Caroline_of_Belgium%2C_Princess_of_Hohenzollern.jpg", "og:image:width": "640", "og:image:height": "960", "og:title": "File:Jos\u00e9phine Caroline of Belgium, Princess of Hohenzollern.jpg - Wikimedia Commons", "og:type": "website"}, "text": "\n\n\nDescriptionJos\u00e9phine Caroline of Belgium, Princess of Hohenzollern.jpg\n\nEnglish:  Jos\u00e9phine Caroline of Belgium, Princess of Hohenzollern\n\n\nDate\n\nlate 1890s\n\n\nSource\n\nhttps://www.flickriver.com/photos/mrsfujita/2921143439/\n\n\nAuthor\n\nUnknown authorUnknown author\n\n\n"}, {"url": "https://commons.wikimedia.org/wiki/File:Hohenzollern-2.PNG", "metadata": {"og:image": "https://upload.wikimedia.org/wikipedia/commons/1/18/Hohenzollern-2.PNG", "og:image:width": "640", "og:image:height": "766", "og:title": "File:Hohenzollern-2.PNG - Wikimedia Commons", "og:type": "website"}, "text": "\n\n\nDescriptionHohenzollern-2.PNG\n\nEnglish:  coats of arms of the principality of Hohenzollern-Sigmaringen;\n1,4: bourggraviat of N\u00fcrnberg; 2: county of Hohenzollern; 3: county of Sigmaringen\n\n\nDate\n\n25 March 2010\n\n\nSource\n\nOwn work\n\n\nAuthor\n\nKooij\n\n\n"}, {"url": "https://commons.wikimedia.org/wiki/File:Acte_de_naissance_de_la_Princesse_Jos%C3%A9phine_Carola_de_Belgique_(18_octobre_1872).jpg", "metadata": {"og:image": "https://upload.wikimedia.org/wikipedia/commons/thumb/2/27/Acte_de_naissance_de_la_Princesse_Jos%C3%A9phine_Carola_de_Belgique_%2818_octobre_1872%29.jpg/640px-Acte_de_naissance_de_la_Princesse_Jos%C3%A9phine_Carola_de_Belgique_%2818_octobre_1872%29.jpg", "og:image:width": "640", "og:image:height": "462", "og:title": "File:Acte de naissance de la Princesse Jos\u00e9phine Carola de Belgique (18 octobre 1872).jpg - Wikimedia Commons", "og:type": "website"}, "text": "\n\n\nDescriptionActe de naissance de la Princesse Jos\u00e9phine Carola de Belgique (18 octobre 1872).jpg\n\nFran\u00e7ais\u00a0:  Acte de naissance de la Princesse Jos\u00e9phine Carola de Belgique (18 octobre 1872) dress\u00e9 sous l'autorit\u00e9 du Bourgmestre Jules Anspach, Officier d'\u00c9tat  civil + mentions additionnelles concernant son titre de Princesse de Belgique et sa nationalit\u00e9 belge.\nEnglish:  Birth act of Princess Jos\u00e9phine Caroline of Belgium (born October 18, 1872) laid under the authority of Burgomaster Jules Anspach, Civil Record Officer of Brussels + additionnal mentions concerning her title of Princess of Belgium and her Belgian nationality.\n\n\nDate\n\n19 October 1872\n\n\nSource\n\n\u00c9tat civil de la Ville de Bruxelles, actes de naissance de 1872, 19 octobre 1872 (open a \"familysearch.org\" account to read the link).\n\n\nAuthor\n\nJules Anspach, Bourgmestre de Bruxelles de 1863 \u00e0 1879, Officier d'\u00c9tat Civil de Bruxelles\n\n\n"}, {"url": "https://commons.wikimedia.org/wiki/File:Acte_de_mariage_de_la_Princesse_Josephine_de_Belgique_(28_mai_1894).jpg", "metadata": {"og:image": "https://upload.wikimedia.org/wikipedia/commons/thumb/b/b7/Acte_de_mariage_de_la_Princesse_Josephine_de_Belgique_%2828_mai_1894%29.jpg/640px-Acte_de_mariage_de_la_Princesse_Josephine_de_Belgique_%2828_mai_1894%29.jpg", "og:image:width": "640", "og:image:height": "303", "og:title": "File:Acte de mariage de la Princesse Josephine de Belgique (28 mai 1894).jpg - Wikimedia Commons", "og:type": "website"}, "text": "\n\n\nDescriptionActe de mariage de la Princesse Josephine de Belgique (28 mai 1894).jpg\n\nFran\u00e7ais\u00a0:  Acte de mariage de la Princesse Josephine (28 mai 1894) dress\u00e9 sous l'autorit\u00e9 de Charles Buls, Bourgmestre, Officier d'\u00c9tat  civil\nEnglish:  Mariage act of Princess Josephine of Belgium (28th may 1894) laid under the authority of Charles Buls, Mayor, Civil Record Officer of Brussels\n\n\nDate\n\n28 May 1894\n\n\nSource\n\n\u00c9tat civil de la Ville de Bruxelles, actes de mariage de 1894, acte n\u00b0 722 du 28 mai 1894 (open a \"familysearch.org\" account to read the link).\n\n\nAuthor\n\nCharles Buls, Bourgmestre de Bruxelles, Officier d'\u00c9tat Civil de Bruxelles\n\n\n"}, {"url": "https://commons.wikimedia.org/wiki/File:Albert_I_of_Belgium_with_his_sisters.jpg", "metadata": {"og:image": "https://upload.wikimedia.org/wikipedia/commons/2/2d/Albert_I_of_Belgium_with_his_sisters.jpg", "og:image:width": "640", "og:image:height": "1053", "og:title": "File:Albert I of Belgium with his sisters.jpg - Wikimedia Commons", "og:type": "website"}, "text": "\n\n\nDescriptionAlbert I of Belgium with his sisters.jpg\n\nEnglish:  Prince Albert (future King Albert I of Belgium) and sisters, Henriette (sitting) (later Duchess of Vend\u00f4me) and Josephine (Later Princess of Hohenzollern-Sigmaringen)\n\n\nDate\n\n1890sdate QS:P,+1890-00-00T00:00:00Z/8\n\n\nSource\n\nCollection Ralf De Jonge\n\n\nAuthor\n\nUnknown authorUnknown author\n\n\n"}, {"url": "https://commons.wikimedia.org/wiki/File:Gravin_van_Vlaanderen.tif", "metadata": {"og:image": "https://upload.wikimedia.org/wikipedia/commons/thumb/c/ca/Gravin_van_Vlaanderen.tif/lossy-page1-640px-Gravin_van_Vlaanderen.tif.jpg", "og:image:width": "640", "og:image:height": "456", "og:title": "File:Gravin van Vlaanderen.tif - Wikimedia Commons", "og:type": "website"}, "text": "\n\n\nDescriptionGravin van Vlaanderen.tif\n\nNederlands:  Gravin van Vlaanderen met gezin\n\n\nDate\n\n17 January 2007\n\n\nSource\n\nOwn work\n\n\nAuthor\n\nRalfdejonge\n\n\n"}, {"url": "https://commons.wikimedia.org/wiki/File:JosephineBelgHohenz.jpg", "metadata": {"og:image": "https://upload.wikimedia.org/wikipedia/commons/2/2d/JosephineBelgHohenz.jpg", "og:image:width": "640", "og:image:height": "1053", "og:title": "File:JosephineBelgHohenz.jpg - Wikimedia Commons", "og:type": "website"}, "text": "\n\n\nDescriptionJosephineBelgHohenz.jpg\n\nDeutsch:  Jos\u00e9phine von Belgien (1872-1958), Prinzessin von Hohenzollern-Sigmaringen\n\n\nDate\n\ncirca 1900date QS:P,+1900-00-00T00:00:00Z/9,P1480,Q5727902\n\n\nSource\n\nhttps://www.flickr.com/photos/98646251@N00/3779841181\n\n\nAuthor\n\nUnknown authorUnknown author\n\n\n"}, {"url": "https://commons.wikimedia.org/wiki/File:Jos%C3%A9phine_Caroline_of_Belgium,_Princess_of_Hohenzollern.jpg", "metadata": {"og:image": "https://upload.wikimedia.org/wikipedia/commons/c/c4/Jos%C3%A9phine_Caroline_of_Belgium%2C_Princess_of_Hohenzollern.jpg", "og:image:width": "640", "og:image:height": "960", "og:title": "File:Jos\u00e9phine Caroline of Belgium, Princess of Hohenzollern.jpg - Wikimedia Commons", "og:type": "website"}, "text": "\n\n\nDescriptionJos\u00e9phine Caroline of Belgium, Princess of Hohenzollern.jpg\n\nEnglish:  Jos\u00e9phine Caroline of Belgium, Princess of Hohenzollern\n\n\nDate\n\nlate 1890s\n\n\nSource\n\nhttps://www.flickriver.com/photos/mrsfujita/2921143439/\n\n\nAuthor\n\nUnknown authorUnknown author\n\n\n"}, {"url": "https://commons.wikimedia.org/wiki/File:Maria,_Countess_of_Flanders_and_her_children.jpg", "metadata": {"og:image": "https://upload.wikimedia.org/wikipedia/commons/b/b8/Maria%2C_Countess_of_Flanders_and_her_children.jpg", "og:image:width": "640", "og:image:height": "1013", "og:title": "File:Maria, Countess of Flanders and her children.jpg - Wikimedia Commons", "og:type": "website"}, "text": "\n\n\nDescriptionMaria, Countess of Flanders and her children.jpg\n\nEnglish:  Maria, Countess of Flanders and her children: Marie, Countess of Flanders with her children: Baudouin, Henriette and Jos\u00e9phine Caroline\n\n\nDate\n\n1870sdate QS:P,+1870-00-00T00:00:00Z/8\n\n\nSource\n\nhttp://picmoonco.pw/Prince-Franz-of-Bavaria-in-parade-uniform-RARE-pcd-Royalty.html\n\n\nAuthor\n\nUnknown authorUnknown author\n\n\n"}, {"url": "https://commons.wikimedia.org/wiki/File:Marie,_Countess_of_Flanders_with_her_children.jpg", "metadata": {"og:image": "https://upload.wikimedia.org/wikipedia/commons/d/de/Marie%2C_Countess_of_Flanders_with_her_children.jpg", "og:image:width": "640", "og:image:height": "467", "og:title": "File:Marie, Countess of Flanders with her children.jpg - Wikimedia Commons", "og:type": "website"}, "text": "\n\n\nDescriptionMarie, Countess of Flanders with her children.jpg\n\nEnglish:  Marie, Countess of Flanders with her children: Baudouin, Henriette, Jos\u00e9phine Caroline and Albert.\n\n\nDate\n\nlate 1870s\n\n\nSource\n\nhttp://www.ak-ansichtskarten.de/ak/90-Alte-Ansichtskarte/43-Adel-Belgien/8162920-AK-Adel-von-Belgien-La-Comtesse-et-les-Princes-et-Princesses-de-Flandre\n\n\nAuthor\n\nUnknown authorUnknown author\n\n\n"}, {"url": "https://commons.wikimedia.org/wiki/File:Princess_Henriette_of_Belgium_and_sister,_Princess_Jos%C3%A9phine_Caroline_of_Belgium.jpg", "metadata": {"og:image": "https://upload.wikimedia.org/wikipedia/commons/thumb/5/5d/Princess_Henriette_of_Belgium_and_sister%2C_Princess_Jos%C3%A9phine_Caroline_of_Belgium.jpg/640px-Princess_Henriette_of_Belgium_and_sister%2C_Princess_Jos%C3%A9phine_Caroline_of_Belgium.jpg", "og:image:width": "640", "og:image:height": "999", "og:title": "File:Princess Henriette of Belgium and sister, Princess Jos\u00e9phine Caroline of Belgium.jpg - Wikimedia Commons", "og:type": "website"}, "text": "\n\n\nDescriptionPrincess Henriette of Belgium and sister, Princess Jos\u00e9phine Caroline of Belgium.jpg\n\nEnglish:  Princess Henriette of Belgium and sister, Princess Jos\u00e9phine Caroline of Belgium\n\n\nDate\n\nbetween circa 1880 and circa 1900date QS:P,+1500-00-00T00:00:00Z/6,P1319,+1880-00-00T00:00:00Z/9,P1326,+1900-00-00T00:00:00Z/9,P1480,Q5727902\n\n\nSource\n\neuropeana.eu\n\n\nAuthor\n\n\n\n\n\nJean G\u00fcnther\n\u00a0(1860\u2013)\u00a0 \u00a0\n\n\nDescription\nGerman-Belgian photographer\n\nDate of birth/death\n\n23 July 1860\u00a0\nbetween 1920 and 1922date QS:P,+1920-00-00T00:00:00Z/8,P1319,+1920-00-00T00:00:00Z/9,P1326,+1922-00-00T00:00:00Z/9\u00a0\n\nLocation of birth\n\nBonn\n\n\nWork period\n1875\u00a0\u20131914\u00a0\n\nWork location\n\nCity of Brussels\u00a0\n\nAuthority file\n\n: Q116240749\n\n\n\ncreator QS:P170,Q116240749\n\n\n"}, {"url": "https://commons.wikimedia.org/wiki/File:Princess_Marie,_Countess_of_Flanders_with_Josephine_and_Henriette.jpg", "metadata": {"og:image": "https://upload.wikimedia.org/wikipedia/commons/thumb/b/b5/Princess_Marie%2C_Countess_of_Flanders_with_Josephine_and_Henriette.jpg/640px-Princess_Marie%2C_Countess_of_Flanders_with_Josephine_and_Henriette.jpg", "og:image:width": "640", "og:image:height": "1236", "og:title": "File:Princess Marie, Countess of Flanders with Josephine and Henriette.jpg - Wikimedia Commons", "og:type": "website"}, "text": "\n\n\nDescriptionPrincess Marie, Countess of Flanders with Josephine and Henriette.jpg\n\nPortugu\u00eas:  Princess Marie, Countess of Flanders with Josephine and Henriette\n\n\nDate\n\ncirca 1870date QS:P,+1870-00-00T00:00:00Z/9,P1480,Q5727902\n\n\nSource\n\nhttps://www.europeana.eu/pt/item/520/providedCHO_4172_HU_MNL_OL_P_240_1__a_291_\n\n\nAuthor\n\nUnknown authorUnknown author\n\n\n"}]