[{"url": "https://commons.wikimedia.org/wiki/File:2023_Princess_Elisabeth,_Duchess_of_Brabant_(cropped)01.JPG", "metadata": {"og:image": "https://upload.wikimedia.org/wikipedia/commons/thumb/5/59/2023_Princess_Elisabeth%2C_Duchess_of_Brabant_%28cropped%2901.JPG/640px-2023_Princess_Elisabeth%2C_Duchess_of_Brabant_%28cropped%2901.JPG", "og:image:width": "640", "og:image:height": "853", "og:title": "File:2023 Princess Elisabeth, Duchess of Brabant (cropped)01.JPG - Wikimedia Commons", "og:type": "website"}, "text": "\n\n\nDescription2023 Princess Elisabeth, Duchess of Brabant (cropped)01.JPG\n\nLONDON- UK- 5th May 2023. HM King Charles III accompanied by other members of the royal family hosts a reception at Buckingham Palace for the Heads of State and other visiting dignitaries who are due to attend tomorrows Coronation.\n\nPhoto by Ian Jones.\n\n\nDate\n\n5 May 2023, 17:46\n\n\nSource\n\nBuckingham Palace reception\n\n\nAuthor\n\nIan Jones\n\n\nPermission(Reusing this file)\n\n\n\n\n\u00a0\n\n\nThis work is free and may be used by anyone for any purpose. If you wish to use this content, you do not need to request permission as long as you follow any licensing requirements mentioned on this page.\nThe Wikimedia Foundation has received an e-mail confirming that the copyright holder has approved publication under the terms mentioned on this page. This correspondence has been reviewed by a Volunteer Response Team (VRT) member and stored in our permission archive. The correspondence is available to trusted volunteers as ticket #2023050910013168.\nIf you have questions about the archived correspondence, please use the VRT noticeboard.\nTicket link: https://ticket.wikimedia.org/otrs/index.pl?Action=AgentTicketZoom&TicketNumber=2023050910013168\nFind other files from the same ticket: \n\n\n\n\n\nOther versions\n\n\n\n\nThis file has been extracted from another file: Buckingham Palace reception (52873661448).jpg\n\n\n\n\n\n\n"}, {"url": "https://commons.wikimedia.org/wiki/File:Buckingham_Palace_reception_(52872640872).jpg", "metadata": {"og:image": "https://upload.wikimedia.org/wikipedia/commons/thumb/1/13/Buckingham_Palace_reception_%2852872640872%29.jpg/640px-Buckingham_Palace_reception_%2852872640872%29.jpg", "og:image:width": "640", "og:image:height": "427", "og:title": "File:Buckingham Palace reception (52872640872).jpg - Wikimedia Commons", "og:type": "website"}, "text": "\n\n\nDescriptionBuckingham Palace reception (52872640872).jpg\n\nLONDON- UK- 5th May 2023. HM King Charles III accompanied by other members of the royal family hosts a reception at Buckingham Palace for the Heads of State and other visiting dignitaries who are due to attend tomorrows Coronation.\n\nPhoto by Ian Jones.\n\n\nDate\n\n5 May 2023, 17:46\n\n\nSource\n\nBuckingham Palace reception\n\n\nAuthor\n\nIan Jones\n\n\nPermission(Reusing this file)\n\n\n\n\n\u00a0\n\n\nThis work is free and may be used by anyone for any purpose. If you wish to use this content, you do not need to request permission as long as you follow any licensing requirements mentioned on this page.\nThe Wikimedia Foundation has received an e-mail confirming that the copyright holder has approved publication under the terms mentioned on this page. This correspondence has been reviewed by a Volunteer Response Team (VRT) member and stored in our permission archive. The correspondence is available to trusted volunteers as ticket #2023050910013168.\nIf you have questions about the archived correspondence, please use the VRT noticeboard.\nTicket link: https://ticket.wikimedia.org/otrs/index.pl?Action=AgentTicketZoom&TicketNumber=2023050910013168\nFind other files from the same ticket: \n\n\n\n\n\nOther versions\n\n\nThis file has an extracted image: Beatrix of the Netherlands in 2023.jpg.\n\n\n\n"}, {"url": "https://commons.wikimedia.org/wiki/File:Buckingham_Palace_reception_(52872641657).jpg", "metadata": {"og:image": "https://upload.wikimedia.org/wikipedia/commons/thumb/a/a5/Buckingham_Palace_reception_%2852872641657%29.jpg/640px-Buckingham_Palace_reception_%2852872641657%29.jpg", "og:image:width": "640", "og:image:height": "427", "og:title": "File:Buckingham Palace reception (52872641657).jpg - Wikimedia Commons", "og:type": "website"}, "text": "\n\n\nDescriptionBuckingham Palace reception (52872641657).jpg\n\nLONDON- UK- 5th May 2023. HM King Charles III accompanied by other members of the royal family hosts a reception at Buckingham Palace for the Heads of State and other visiting dignitaries who are due to attend tomorrows Coronation.\n\nPhoto by Ian Jones.\n\n\nDate\n\n5 May 2023, 17:46\n\n\nSource\n\nBuckingham Palace reception\n\n\nAuthor\n\nIan Jones\n\n\nPermission(Reusing this file)\n\n\n\n\n\u00a0\n\n\nThis work is free and may be used by anyone for any purpose. If you wish to use this content, you do not need to request permission as long as you follow any licensing requirements mentioned on this page.\nThe Wikimedia Foundation has received an e-mail confirming that the copyright holder has approved publication under the terms mentioned on this page. This correspondence has been reviewed by a Volunteer Response Team (VRT) member and stored in our permission archive. The correspondence is available to trusted volunteers as ticket #2023050910013168.\nIf you have questions about the archived correspondence, please use the VRT noticeboard.\nTicket link: https://ticket.wikimedia.org/otrs/index.pl?Action=AgentTicketZoom&TicketNumber=2023050910013168\nFind other files from the same ticket: \n\n\n\n\n\n"}, {"url": "https://commons.wikimedia.org/wiki/File:Buckingham_Palace_reception_(52873208891).jpg", "metadata": {"og:image": "https://upload.wikimedia.org/wikipedia/commons/thumb/e/eb/Buckingham_Palace_reception_%2852873208891%29.jpg/640px-Buckingham_Palace_reception_%2852873208891%29.jpg", "og:image:width": "640", "og:image:height": "808", "og:title": "File:Buckingham Palace reception (52873208891).jpg - Wikimedia Commons", "og:type": "website"}, "text": "\n\n\nDescriptionBuckingham Palace reception (52873208891).jpg\n\nLONDON- UK- 5th May 2023. HM King Charles III accompanied by other members of the royal family hosts a reception at Buckingham Palace for the Heads of State and other visiting dignitaries who are due to attend tomorrows Coronation.\n\nPhoto by Ian Jones.\n\n\nDate\n\n5 May 2023, 18:05\n\n\nSource\n\nBuckingham Palace reception\n\n\nAuthor\n\nIan Jones\n\n\nPermission(Reusing this file)\n\n\n\n\n\u00a0\n\n\nThis work is free and may be used by anyone for any purpose. If you wish to use this content, you do not need to request permission as long as you follow any licensing requirements mentioned on this page.\nThe Wikimedia Foundation has received an e-mail confirming that the copyright holder has approved publication under the terms mentioned on this page. This correspondence has been reviewed by a Volunteer Response Team (VRT) member and stored in our permission archive. The correspondence is available to trusted volunteers as ticket #2023050910013168.\nIf you have questions about the archived correspondence, please use the VRT noticeboard.\nTicket link: https://ticket.wikimedia.org/otrs/index.pl?Action=AgentTicketZoom&TicketNumber=2023050910013168\nFind other files from the same ticket: \n\n\n\n\n\n"}, {"url": "https://commons.wikimedia.org/wiki/File:Buckingham_Palace_reception_(52873394334).jpg", "metadata": {"og:image": "https://upload.wikimedia.org/wikipedia/commons/thumb/9/9f/Buckingham_Palace_reception_%2852873394334%29.jpg/640px-Buckingham_Palace_reception_%2852873394334%29.jpg", "og:image:width": "640", "og:image:height": "427", "og:title": "File:Buckingham Palace reception (52873394334).jpg - Wikimedia Commons", "og:type": "website"}, "text": "\n\n\nDescriptionBuckingham Palace reception (52873394334).jpg\n\nLONDON- UK- 5th May 2023. HM King Charles III accompanied by other members of the royal family hosts a reception at Buckingham Palace for the Heads of State and other visiting dignitaries who are due to attend tomorrows Coronation.\n\nPhoto by Ian Jones.\n\n\nDate\n\n5 May 2023, 17:46\n\n\nSource\n\nBuckingham Palace reception\n\n\nAuthor\n\nIan Jones\n\n\nPermission(Reusing this file)\n\n\n\n\n\u00a0\n\n\nThis work is free and may be used by anyone for any purpose. If you wish to use this content, you do not need to request permission as long as you follow any licensing requirements mentioned on this page.\nThe Wikimedia Foundation has received an e-mail confirming that the copyright holder has approved publication under the terms mentioned on this page. This correspondence has been reviewed by a Volunteer Response Team (VRT) member and stored in our permission archive. The correspondence is available to trusted volunteers as ticket #2023050910013168.\nIf you have questions about the archived correspondence, please use the VRT noticeboard.\nTicket link: https://ticket.wikimedia.org/otrs/index.pl?Action=AgentTicketZoom&TicketNumber=2023050910013168\nFind other files from the same ticket: \n\n\n\n\n\n"}, {"url": "https://commons.wikimedia.org/wiki/File:Buckingham_Palace_reception_(52873585310).jpg", "metadata": {"og:image": "https://upload.wikimedia.org/wikipedia/commons/thumb/4/44/Buckingham_Palace_reception_%2852873585310%29.jpg/640px-Buckingham_Palace_reception_%2852873585310%29.jpg", "og:image:width": "640", "og:image:height": "520", "og:title": "File:Buckingham Palace reception (52873585310).jpg - Wikimedia Commons", "og:type": "website"}, "text": "\n\n\nDescriptionBuckingham Palace reception (52873585310).jpg\n\nLONDON- UK- 5th May 2023. HM King Charles III accompanied by other members of the royal family hosts a reception at Buckingham Palace for the Heads of State and other visiting dignitaries who are due to attend tomorrows Coronation.\n\nPhoto by Ian Jones.\n\n\nDate\n\n5 May 2023, 18:05\n\n\nSource\n\nBuckingham Palace reception\n\n\nAuthor\n\nIan Jones\n\n\nPermission(Reusing this file)\n\n\n\n\n\u00a0\n\n\nThis work is free and may be used by anyone for any purpose. If you wish to use this content, you do not need to request permission as long as you follow any licensing requirements mentioned on this page.\nThe Wikimedia Foundation has received an e-mail confirming that the copyright holder has approved publication under the terms mentioned on this page. This correspondence has been reviewed by a Volunteer Response Team (VRT) member and stored in our permission archive. The correspondence is available to trusted volunteers as ticket #2023050910013168.\nIf you have questions about the archived correspondence, please use the VRT noticeboard.\nTicket link: https://ticket.wikimedia.org/otrs/index.pl?Action=AgentTicketZoom&TicketNumber=2023050910013168\nFind other files from the same ticket: \n\n\n\n\n\n"}, {"url": "https://commons.wikimedia.org/wiki/File:Buckingham_Palace_reception_(52873595995).jpg", "metadata": {"og:image": "https://upload.wikimedia.org/wikipedia/commons/thumb/e/e2/Buckingham_Palace_reception_%2852873595995%29.jpg/640px-Buckingham_Palace_reception_%2852873595995%29.jpg", "og:image:width": "640", "og:image:height": "427", "og:title": "File:Buckingham Palace reception (52873595995).jpg - Wikimedia Commons", "og:type": "website"}, "text": "\n\n\nDescriptionBuckingham Palace reception (52873595995).jpg\n\nLONDON- UK- 5th May 2023. HM King Charles III accompanied by other members of the royal family hosts a reception at Buckingham Palace for the Heads of State and other visiting dignitaries who are due to attend tomorrows Coronation.\n\nPhoto by Ian Jones.\n\n\nDate\n\n5 May 2023, 17:46\n\n\nSource\n\nBuckingham Palace reception\n\n\nAuthor\n\nIan Jones\n\n\nPermission(Reusing this file)\n\n\n\n\n\u00a0\n\n\nThis work is free and may be used by anyone for any purpose. If you wish to use this content, you do not need to request permission as long as you follow any licensing requirements mentioned on this page.\nThe Wikimedia Foundation has received an e-mail confirming that the copyright holder has approved publication under the terms mentioned on this page. This correspondence has been reviewed by a Volunteer Response Team (VRT) member and stored in our permission archive. The correspondence is available to trusted volunteers as ticket #2023050910013168.\nIf you have questions about the archived correspondence, please use the VRT noticeboard.\nTicket link: https://ticket.wikimedia.org/otrs/index.pl?Action=AgentTicketZoom&TicketNumber=2023050910013168\nFind other files from the same ticket: \n\n\n\n\n\n"}, {"url": "https://commons.wikimedia.org/wiki/File:Buckingham_Palace_reception_(52873596360).jpg", "metadata": {"og:image": "https://upload.wikimedia.org/wikipedia/commons/thumb/9/9e/Buckingham_Palace_reception_%2852873596360%29.jpg/640px-Buckingham_Palace_reception_%2852873596360%29.jpg", "og:image:width": "640", "og:image:height": "427", "og:title": "File:Buckingham Palace reception (52873596360).jpg - Wikimedia Commons", "og:type": "website"}, "text": "\n\n\nDescriptionBuckingham Palace reception (52873596360).jpg\n\nLONDON- UK- 5th May 2023. HM King Charles III accompanied by other members of the royal family hosts a reception at Buckingham Palace for the Heads of State and other visiting dignitaries who are due to attend tomorrows Coronation.\n\nPhoto by Ian Jones.\n\n\nDate\n\n5 May 2023, 17:46\n\n\nSource\n\nBuckingham Palace reception\n\n\nAuthor\n\nIan Jones\n\n\nPermission(Reusing this file)\n\n\n\n\n\u00a0\n\n\nThis work is free and may be used by anyone for any purpose. If you wish to use this content, you do not need to request permission as long as you follow any licensing requirements mentioned on this page.\nThe Wikimedia Foundation has received an e-mail confirming that the copyright holder has approved publication under the terms mentioned on this page. This correspondence has been reviewed by a Volunteer Response Team (VRT) member and stored in our permission archive. The correspondence is available to trusted volunteers as ticket #2023050910013168.\nIf you have questions about the archived correspondence, please use the VRT noticeboard.\nTicket link: https://ticket.wikimedia.org/otrs/index.pl?Action=AgentTicketZoom&TicketNumber=2023050910013168\nFind other files from the same ticket: \n\n\n\n\n\n"}, {"url": "https://commons.wikimedia.org/wiki/File:Buckingham_Palace_reception_(52873597060).jpg", "metadata": {"og:image": "https://upload.wikimedia.org/wikipedia/commons/thumb/f/f9/Buckingham_Palace_reception_%2852873597060%29.jpg/640px-Buckingham_Palace_reception_%2852873597060%29.jpg", "og:image:width": "640", "og:image:height": "427", "og:title": "File:Buckingham Palace reception (52873597060).jpg - Wikimedia Commons", "og:type": "website"}, "text": "\n\n\nDescriptionBuckingham Palace reception (52873597060).jpg\n\nLONDON- UK- 5th May 2023. HM King Charles III accompanied by other members of the royal family hosts a reception at Buckingham Palace for the Heads of State and other visiting dignitaries who are due to attend tomorrows Coronation.\n\nPhoto by Ian Jones.\n\n\nDate\n\n5 May 2023, 17:46\n\n\nSource\n\nBuckingham Palace reception\n\n\nAuthor\n\nIan Jones\n\n\nPermission(Reusing this file)\n\n\n\n\n\u00a0\n\n\nThis work is free and may be used by anyone for any purpose. If you wish to use this content, you do not need to request permission as long as you follow any licensing requirements mentioned on this page.\nThe Wikimedia Foundation has received an e-mail confirming that the copyright holder has approved publication under the terms mentioned on this page. This correspondence has been reviewed by a Volunteer Response Team (VRT) member and stored in our permission archive. The correspondence is available to trusted volunteers as ticket #2023050910013168.\nIf you have questions about the archived correspondence, please use the VRT noticeboard.\nTicket link: https://ticket.wikimedia.org/otrs/index.pl?Action=AgentTicketZoom&TicketNumber=2023050910013168\nFind other files from the same ticket: \n\n\n\n\n\n"}, {"url": "https://commons.wikimedia.org/wiki/File:Buckingham_Palace_reception_(52873660028).jpg", "metadata": {"og:image": "https://upload.wikimedia.org/wikipedia/commons/thumb/f/f7/Buckingham_Palace_reception_%2852873660028%29.jpg/640px-Buckingham_Palace_reception_%2852873660028%29.jpg", "og:image:width": "640", "og:image:height": "427", "og:title": "File:Buckingham Palace reception (52873660028).jpg - Wikimedia Commons", "og:type": "website"}, "text": "\n\n\nDescriptionBuckingham Palace reception (52873660028).jpg\n\nLONDON- UK- 5th May 2023. HM King Charles III accompanied by other members of the royal family hosts a reception at Buckingham Palace for the Heads of State and other visiting dignitaries who are due to attend tomorrows Coronation.\n\nPhoto by Ian Jones.\n\n\nDate\n\n5 May 2023, 17:47\n\n\nSource\n\nBuckingham Palace reception\n\n\nAuthor\n\nIan Jones\n\n\nPermission(Reusing this file)\n\n\n\n\n\u00a0\n\n\nThis work is free and may be used by anyone for any purpose. If you wish to use this content, you do not need to request permission as long as you follow any licensing requirements mentioned on this page.\nThe Wikimedia Foundation has received an e-mail confirming that the copyright holder has approved publication under the terms mentioned on this page. This correspondence has been reviewed by a Volunteer Response Team (VRT) member and stored in our permission archive. The correspondence is available to trusted volunteers as ticket #2023050910013168.\nIf you have questions about the archived correspondence, please use the VRT noticeboard.\nTicket link: https://ticket.wikimedia.org/otrs/index.pl?Action=AgentTicketZoom&TicketNumber=2023050910013168\nFind other files from the same ticket: \n\n\n\n\n\n"}, {"url": "https://commons.wikimedia.org/wiki/File:Buckingham_Palace_reception_(52873660548)_(cropped).jpg", "metadata": {"og:image": "https://upload.wikimedia.org/wikipedia/commons/thumb/d/d0/Buckingham_Palace_reception_%2852873660548%29_%28cropped%29.jpg/640px-Buckingham_Palace_reception_%2852873660548%29_%28cropped%29.jpg", "og:image:width": "640", "og:image:height": "700", "og:title": "File:Buckingham Palace reception (52873660548) (cropped).jpg - Wikimedia Commons", "og:type": "website"}, "text": "\n\n\nDescriptionBuckingham Palace reception (52873660548) (cropped).jpg\n\nLONDON- UK- 5th May 2023. HM King Charles III accompanied by other members of the royal family hosts a reception at Buckingham Palace for the Heads of State and other visiting dignitaries who are due to attend tomorrows Coronation.\n\nPhoto by Ian Jones.\n\n\nDate\n\n5 May 2023, 17:46\n\n\nSource\n\nBuckingham Palace reception\n\n\nAuthor\n\nIan Jones\n\n\nOther versions\n\n\n\n\nThis file has been extracted from another file: Buckingham Palace reception (52873660548).jpg\n\n\n\n\n\n\n"}, {"url": "https://commons.wikimedia.org/wiki/File:Buckingham_Palace_reception_(52873660548).jpg", "metadata": {"og:image": "https://upload.wikimedia.org/wikipedia/commons/thumb/1/1f/Buckingham_Palace_reception_%2852873660548%29.jpg/640px-Buckingham_Palace_reception_%2852873660548%29.jpg", "og:image:width": "640", "og:image:height": "427", "og:title": "File:Buckingham Palace reception (52873660548).jpg - Wikimedia Commons", "og:type": "website"}, "text": "\n\n\nDescriptionBuckingham Palace reception (52873660548).jpg\n\nLONDON- UK- 5th May 2023. HM King Charles III accompanied by other members of the royal family hosts a reception at Buckingham Palace for the Heads of State and other visiting dignitaries who are due to attend tomorrows Coronation.\n\nPhoto by Ian Jones.\n\n\nDate\n\n5 May 2023, 17:46\n\n\nSource\n\nBuckingham Palace reception\n\n\nAuthor\n\nIan Jones\n\n\nPermission(Reusing this file)\n\n\n\n\n\u00a0\n\n\nThis work is free and may be used by anyone for any purpose. If you wish to use this content, you do not need to request permission as long as you follow any licensing requirements mentioned on this page.\nThe Wikimedia Foundation has received an e-mail confirming that the copyright holder has approved publication under the terms mentioned on this page. This correspondence has been reviewed by a Volunteer Response Team (VRT) member and stored in our permission archive. The correspondence is available to trusted volunteers as ticket #2023050910013168.\nIf you have questions about the archived correspondence, please use the VRT noticeboard.\nTicket link: https://ticket.wikimedia.org/otrs/index.pl?Action=AgentTicketZoom&TicketNumber=2023050910013168\nFind other files from the same ticket: \n\n\n\n\n\nOther versions\n\n\nThis file has an extracted image: Buckingham Palace reception (52873660548) (cropped).jpg.\n\n\n\n"}, {"url": "https://commons.wikimedia.org/wiki/File:Buckingham_Palace_reception_(52873661448).jpg", "metadata": {"og:image": "https://upload.wikimedia.org/wikipedia/commons/thumb/d/d6/Buckingham_Palace_reception_%2852873661448%29.jpg/640px-Buckingham_Palace_reception_%2852873661448%29.jpg", "og:image:width": "640", "og:image:height": "427", "og:title": "File:Buckingham Palace reception (52873661448).jpg - Wikimedia Commons", "og:type": "website"}, "text": "\n\n\nDescriptionBuckingham Palace reception (52873661448).jpg\n\nLONDON- UK- 5th May 2023. HM King Charles III accompanied by other members of the royal family hosts a reception at Buckingham Palace for the Heads of State and other visiting dignitaries who are due to attend tomorrows Coronation.\n\nPhoto by Ian Jones.\n\n\nDate\n\n5 May 2023, 17:46\n\n\nSource\n\nBuckingham Palace reception\n\n\nAuthor\n\nIan Jones\n\n\nPermission(Reusing this file)\n\n\n\n\n\u00a0\n\n\nThis work is free and may be used by anyone for any purpose. If you wish to use this content, you do not need to request permission as long as you follow any licensing requirements mentioned on this page.\nThe Wikimedia Foundation has received an e-mail confirming that the copyright holder has approved publication under the terms mentioned on this page. This correspondence has been reviewed by a Volunteer Response Team (VRT) member and stored in our permission archive. The correspondence is available to trusted volunteers as ticket #2023050910013168.\nIf you have questions about the archived correspondence, please use the VRT noticeboard.\nTicket link: https://ticket.wikimedia.org/otrs/index.pl?Action=AgentTicketZoom&TicketNumber=2023050910013168\nFind other files from the same ticket: \n\n\n\n\n\nOther versions\n\n\nThis file has an extracted image: 2023 Princess Elisabeth, Duchess of Brabant (cropped)01.JPG.\n\n\n\n"}, {"url": "https://commons.wikimedia.org/wiki/File:Buckingham_Palace_reception_(52873661943).jpg", "metadata": {"og:image": "https://upload.wikimedia.org/wikipedia/commons/thumb/9/91/Buckingham_Palace_reception_%2852873661943%29.jpg/640px-Buckingham_Palace_reception_%2852873661943%29.jpg", "og:image:width": "640", "og:image:height": "427", "og:title": "File:Buckingham Palace reception (52873661943).jpg - Wikimedia Commons", "og:type": "website"}, "text": "\n\n\nDescriptionBuckingham Palace reception (52873661943).jpg\n\nLONDON- UK- 5th May 2023. HM King Charles III accompanied by other members of the royal family hosts a reception at Buckingham Palace for the Heads of State and other visiting dignitaries who are due to attend tomorrows Coronation.\n\nPhoto by Ian Jones.\n\n\nDate\n\n5 May 2023, 17:46\n\n\nSource\n\nBuckingham Palace reception\n\n\nAuthor\n\nIan Jones\n\n\nPermission(Reusing this file)\n\n\n\n\n\u00a0\n\n\nThis work is free and may be used by anyone for any purpose. If you wish to use this content, you do not need to request permission as long as you follow any licensing requirements mentioned on this page.\nThe Wikimedia Foundation has received an e-mail confirming that the copyright holder has approved publication under the terms mentioned on this page. This correspondence has been reviewed by a Volunteer Response Team (VRT) member and stored in our permission archive. The correspondence is available to trusted volunteers as ticket #2023050910013168.\nIf you have questions about the archived correspondence, please use the VRT noticeboard.\nTicket link: https://ticket.wikimedia.org/otrs/index.pl?Action=AgentTicketZoom&TicketNumber=2023050910013168\nFind other files from the same ticket: \n\n\n\n\n\n"}]