[{"url": "https://commons.wikimedia.org/wiki/File:Grand_Duke_boards_PH-TGD,_Schiphol,_11JUN56-101.jpg", "metadata": {"og:image": "https://upload.wikimedia.org/wikipedia/commons/thumb/a/aa/Grand_Duke_boards_PH-TGD%2C_Schiphol%2C_11JUN56-101.jpg/640px-Grand_Duke_boards_PH-TGD%2C_Schiphol%2C_11JUN56-101.jpg", "og:image:width": "640", "og:image:height": "513", "og:title": "File:Grand Duke boards PH-TGD, Schiphol, 11JUN56-101.jpg - Wikimedia Commons", "og:type": "website"}, "text": "\n\n\nDescriptionGrand Duke boards PH-TGD, Schiphol, 11JUN56-101.jpg\n\nNederlands:  Original caption:  \"Kroonprins Jean en Prinses Josephine Charlotte van Luxemburg op doorreis op Schiphol. \" \u2014 Nationaal Archief\n\n\nDate\n\n11 June 1956\n\n\nSource\n\nNationaal Archief - Link to original file in the dutch caption above.\n\n\nAuthor\n\n\n\n\n\nHarry Pot\n\u00a0(1929\u20131996)\u00a0\u00a0 \u00a0\n\n\n\n\n\nDescription\nDutch photographer, cinematographer and photographer\n\nDate of birth/death\n\n16 October 1929\u00a0\n16 March 1996\u00a0\n\nWork period\n1958\u00a0\n\nWork location\n\nAmsterdam, Bentveld\n\nAuthority file\n\n: Q27877051\nVIAF:\u2009284191334\nISNI:\u2009000000039050874X\nRKD:\u200964479\nKoninklijke:\u2009073478326\n\n\n\ncreator QS:P170,Q27877051Anefo\n\n\nOther versions\n\n\n\n\nThis file has been extracted from another file: Kroonprins Jean en Prinses Josephine Charlotte van Luxemburg op doorreis op Schi, Bestanddeelnr 907-8162.jpg\n\n\n\n\n\n\n"}, {"url": "https://commons.wikimedia.org/wiki/File:Grand_Duke_boards_PH-TGD,_Schiphol,_11JUN56-102.jpg", "metadata": {"og:image": "https://upload.wikimedia.org/wikipedia/commons/thumb/2/21/Grand_Duke_boards_PH-TGD%2C_Schiphol%2C_11JUN56-102.jpg/640px-Grand_Duke_boards_PH-TGD%2C_Schiphol%2C_11JUN56-102.jpg", "og:image:width": "640", "og:image:height": "513", "og:title": "File:Grand Duke boards PH-TGD, Schiphol, 11JUN56-102.jpg - Wikimedia Commons", "og:type": "website"}, "text": "\n\n\nDescriptionGrand Duke boards PH-TGD, Schiphol, 11JUN56-102.jpg\n\nNederlands:  Original caption:  \"Kroonprins Jean en Prinses Josephine Charlotte van Luxemburg op doorreis op Schiphol. \" \u2014 Nationaal Archief\n\n\nDate\n\n11 June 1956\n\n\nSource\n\nNationaal Archief - Link to original file in the dutch caption above.\n\n\nAuthor\n\n\n\n\n\nHarry Pot\n\u00a0(1929\u20131996)\u00a0\u00a0 \u00a0\n\n\n\n\n\nDescription\nDutch photographer, cinematographer and photographer\n\nDate of birth/death\n\n16 October 1929\u00a0\n16 March 1996\u00a0\n\nWork period\n1958\u00a0\n\nWork location\n\nAmsterdam, Bentveld\n\nAuthority file\n\n: Q27877051\nVIAF:\u2009284191334\nISNI:\u2009000000039050874X\nRKD:\u200964479\nKoninklijke:\u2009073478326\n\n\n\ncreator QS:P170,Q27877051Anefo\n\n\nOther versions\n\n\n\n\nThis file has been extracted from another file: Kroonprins Jean en Prinses Josephine Charlotte van Luxemburg op doorreis op Schi, Bestanddeelnr 907-8161.jpg\n\n\n\n\n\n\n"}, {"url": "https://commons.wikimedia.org/wiki/File:Grand_Duke_disembarks_PH-CEC,_Schiphol,_11JUN56-101.jpg", "metadata": {"og:image": "https://upload.wikimedia.org/wikipedia/commons/thumb/b/b6/Grand_Duke_disembarks_PH-CEC%2C_Schiphol%2C_11JUN56-101.jpg/640px-Grand_Duke_disembarks_PH-CEC%2C_Schiphol%2C_11JUN56-101.jpg", "og:image:width": "640", "og:image:height": "512", "og:title": "File:Grand Duke disembarks PH-CEC, Schiphol, 11JUN56-101.jpg - Wikimedia Commons", "og:type": "website"}, "text": "\n\n\nDescriptionGrand Duke disembarks PH-CEC, Schiphol, 11JUN56-101.jpg\n\nNederlands:  Original caption:  \"Kroonprins Jean en Prinses Josephine Charlotte van Luxemburg op doorreis op Schiphol. \" \u2014 Nationaal Archief\n\n\nDate\n\n11 June 1956\n\n\nSource\n\nNationaal Archief - Link to original file in the dutch caption above.\n\n\nAuthor\n\n\n\n\n\nHarry Pot\n\u00a0(1929\u20131996)\u00a0\u00a0 \u00a0\n\n\n\n\n\nDescription\nDutch photographer, cinematographer and photographer\n\nDate of birth/death\n\n16 October 1929\u00a0\n16 March 1996\u00a0\n\nWork period\n1958\u00a0\n\nWork location\n\nAmsterdam, Bentveld\n\nAuthority file\n\n: Q27877051\nVIAF:\u2009284191334\nISNI:\u2009000000039050874X\nRKD:\u200964479\nKoninklijke:\u2009073478326\n\n\n\ncreator QS:P170,Q27877051Anefo\n\n\nOther versions\n\n\n\n\nThis file has been extracted from another file: Kroonprins Jean en Prinses Josephine Charlotte van Luxemburg op doorreis op Schi, Bestanddeelnr 907-8166.jpg\n\n\n\n\n\n\n"}, {"url": "https://commons.wikimedia.org/wiki/File:Grand_Duke_disembarks_PH-CEC,_Schiphol,_11JUN56-102.jpg", "metadata": {"og:image": "https://upload.wikimedia.org/wikipedia/commons/thumb/d/dd/Grand_Duke_disembarks_PH-CEC%2C_Schiphol%2C_11JUN56-102.jpg/640px-Grand_Duke_disembarks_PH-CEC%2C_Schiphol%2C_11JUN56-102.jpg", "og:image:width": "640", "og:image:height": "523", "og:title": "File:Grand Duke disembarks PH-CEC, Schiphol, 11JUN56-102.jpg - Wikimedia Commons", "og:type": "website"}, "text": "\n\n\nDescriptionGrand Duke disembarks PH-CEC, Schiphol, 11JUN56-102.jpg\n\nNederlands:  Original caption:  \"Kroonprins Jean en Prinses Josephine Charlotte van Luxemburg op doorreis op Schiphol. \" \u2014 Nationaal Archief\n\n\nDate\n\n11 June 1956\n\n\nSource\n\nNationaal Archief - Link to original file in the dutch caption above.\n\n\nAuthor\n\n\n\n\n\nHarry Pot\n\u00a0(1929\u20131996)\u00a0\u00a0 \u00a0\n\n\n\n\n\nDescription\nDutch photographer, cinematographer and photographer\n\nDate of birth/death\n\n16 October 1929\u00a0\n16 March 1996\u00a0\n\nWork period\n1958\u00a0\n\nWork location\n\nAmsterdam, Bentveld\n\nAuthority file\n\n: Q27877051\nVIAF:\u2009284191334\nISNI:\u2009000000039050874X\nRKD:\u200964479\nKoninklijke:\u2009073478326\n\n\n\ncreator QS:P170,Q27877051Anefo\n\n\nOther versions\n\n\n\n\nThis file has been extracted from another file: Kroonprins Jean en Prinses Josephine Charlotte van Luxemburg op doorreis op Schi, Bestanddeelnr 907-8165.jpg\n\n\n\n\n\n\n"}, {"url": "https://commons.wikimedia.org/wiki/File:Grand_Duke_disembarks_PH-CEC,_Schiphol,_11JUN56-104.jpg", "metadata": {"og:image": "https://upload.wikimedia.org/wikipedia/commons/thumb/f/f0/Grand_Duke_disembarks_PH-CEC%2C_Schiphol%2C_11JUN56-104.jpg/640px-Grand_Duke_disembarks_PH-CEC%2C_Schiphol%2C_11JUN56-104.jpg", "og:image:width": "640", "og:image:height": "515", "og:title": "File:Grand Duke disembarks PH-CEC, Schiphol, 11JUN56-104.jpg - Wikimedia Commons", "og:type": "website"}, "text": "\n\n\nDescriptionGrand Duke disembarks PH-CEC, Schiphol, 11JUN56-104.jpg\n\nNederlands:  Original caption:  \"Kroonprins Jean en Prinses Josephine Charlotte van Luxemburg op doorreis op Schiphol. \" \u2014 Nationaal Archief\n\n\nDate\n\n11 June 1956\n\n\nSource\n\nNationaal Archief - Link to original file in the dutch caption above.\n\n\nAuthor\n\n\n\n\n\nHarry Pot\n\u00a0(1929\u20131996)\u00a0\u00a0 \u00a0\n\n\n\n\n\nDescription\nDutch photographer, cinematographer and photographer\n\nDate of birth/death\n\n16 October 1929\u00a0\n16 March 1996\u00a0\n\nWork period\n1958\u00a0\n\nWork location\n\nAmsterdam, Bentveld\n\nAuthority file\n\n: Q27877051\nVIAF:\u2009284191334\nISNI:\u2009000000039050874X\nRKD:\u200964479\nKoninklijke:\u2009073478326\n\n\n\ncreator QS:P170,Q27877051Anefo\n\n\nOther versions\n\n\n\n\nThis file has been extracted from another file: Kroonprins Jean en Prinses Josephine Charlotte van Luxemburg op doorreis op Schi, Bestanddeelnr 907-8163.jpg\n\n\n\n\n\n\n"}, {"url": "https://commons.wikimedia.org/wiki/File:Kroonprins_Jean_en_Prinses_Josephine_Charlotte_van_Luxemburg_op_doorreis_op_Schi,_Bestanddeelnr_907-8161.jpg", "metadata": {"og:image": "https://upload.wikimedia.org/wikipedia/commons/thumb/9/91/Kroonprins_Jean_en_Prinses_Josephine_Charlotte_van_Luxemburg_op_doorreis_op_Schi%2C_Bestanddeelnr_907-8161.jpg/640px-Kroonprins_Jean_en_Prinses_Josephine_Charlotte_van_Luxemburg_op_doorreis_op_Schi%2C_Bestanddeelnr_907-8161.jpg", "og:image:width": "640", "og:image:height": "513", "og:title": "File:Kroonprins Jean en Prinses Josephine Charlotte van Luxemburg op doorreis op Schi, Bestanddeelnr 907-8161.jpg - Wikimedia Commons", "og:type": "website"}, "text": "\n\n\nDescriptionKroonprins Jean en Prinses Josephine Charlotte van Luxemburg op doorreis op Schi, Bestanddeelnr 907-8161.jpg\n\nNederlands:  Collectie / Archief\u00a0: Fotocollectie Anefo\nReportage / Serie\u00a0: [ onbekend ]\nBeschrijving\u00a0: Kroonprins Jean en Prinses Josephine Charlotte van Luxemburg op doorreis op Schiphol\nDatum\u00a0: 11 juni 1956\nTrefwoorden\u00a0: Kroonprinsen\nPersoonsnaam\u00a0: Josephine Charlotte, prinses van Belgi\u00eb\nFotograaf\u00a0: Pot, Harry / Anefo\nAuteursrechthebbende\u00a0: Nationaal Archief \nMateriaalsoort\u00a0: Negatief (zwart/wit)\nNummer archiefinventaris\u00a0: bekijk toegang 2.24.01.04\n\nBestanddeelnummer\u00a0: 907-8161\n\n\nDate\n\n11 June 1956\n\n\nSource\n\nhttp://proxy.handle.net/10648/a9498df4-d0b4-102d-bcf8-003048976d84\n\n\nAuthor\n\nHarry Pot / Anefo\n\n\n"}, {"url": "https://commons.wikimedia.org/wiki/File:Kroonprins_Jean_en_Prinses_Josephine_Charlotte_van_Luxemburg_op_doorreis_op_Schi,_Bestanddeelnr_907-8162.jpg", "metadata": {"og:image": "https://upload.wikimedia.org/wikipedia/commons/thumb/6/67/Kroonprins_Jean_en_Prinses_Josephine_Charlotte_van_Luxemburg_op_doorreis_op_Schi%2C_Bestanddeelnr_907-8162.jpg/640px-Kroonprins_Jean_en_Prinses_Josephine_Charlotte_van_Luxemburg_op_doorreis_op_Schi%2C_Bestanddeelnr_907-8162.jpg", "og:image:width": "640", "og:image:height": "513", "og:title": "File:Kroonprins Jean en Prinses Josephine Charlotte van Luxemburg op doorreis op Schi, Bestanddeelnr 907-8162.jpg - Wikimedia Commons", "og:type": "website"}, "text": "\n\n\nDescriptionKroonprins Jean en Prinses Josephine Charlotte van Luxemburg op doorreis op Schi, Bestanddeelnr 907-8162.jpg\n\nNederlands:  Collectie / Archief\u00a0: Fotocollectie Anefo\nReportage / Serie\u00a0: [ onbekend ]\nBeschrijving\u00a0: Kroonprins Jean en Prinses Josephine Charlotte van Luxemburg op doorreis op Schiphol\nDatum\u00a0: 11 juni 1956\nTrefwoorden\u00a0: Kroonprinsen, vliegvelden\nPersoonsnaam\u00a0: Josephine Charlotte, prinses van Belgi\u00eb\nFotograaf\u00a0: Pot, Harry / Anefo\nAuteursrechthebbende\u00a0: Nationaal Archief \nMateriaalsoort\u00a0: Negatief (zwart/wit)\nNummer archiefinventaris\u00a0: bekijk toegang 2.24.01.04\n\nBestanddeelnummer\u00a0: 907-8162\n\n\nDate\n\n11 June 1956\n\n\nSource\n\nhttp://proxy.handle.net/10648/a9498eb2-d0b4-102d-bcf8-003048976d84\n\n\nAuthor\n\nHarry Pot / Anefo\n\n\n"}, {"url": "https://commons.wikimedia.org/wiki/File:Kroonprins_Jean_en_Prinses_Josephine_Charlotte_van_Luxemburg_op_doorreis_op_Schi,_Bestanddeelnr_907-8163.jpg", "metadata": {"og:image": "https://upload.wikimedia.org/wikipedia/commons/thumb/5/56/Kroonprins_Jean_en_Prinses_Josephine_Charlotte_van_Luxemburg_op_doorreis_op_Schi%2C_Bestanddeelnr_907-8163.jpg/640px-Kroonprins_Jean_en_Prinses_Josephine_Charlotte_van_Luxemburg_op_doorreis_op_Schi%2C_Bestanddeelnr_907-8163.jpg", "og:image:width": "640", "og:image:height": "515", "og:title": "File:Kroonprins Jean en Prinses Josephine Charlotte van Luxemburg op doorreis op Schi, Bestanddeelnr 907-8163.jpg - Wikimedia Commons", "og:type": "website"}, "text": "\n\n\nDescriptionKroonprins Jean en Prinses Josephine Charlotte van Luxemburg op doorreis op Schi, Bestanddeelnr 907-8163.jpg\n\nNederlands:  Collectie / Archief\u00a0: Fotocollectie Anefo\nReportage / Serie\u00a0: [ onbekend ]\nBeschrijving\u00a0: Kroonprins Jean en Prinses Josephine Charlotte van Luxemburg op doorreis op Schiphol\nDatum\u00a0: 11 juni 1956\nTrefwoorden\u00a0: Kroonprinsen, vliegvelden\nPersoonsnaam\u00a0: Josephine Charlotte, prinses van Belgi\u00eb\nFotograaf\u00a0: Pot, Harry / Anefo\nAuteursrechthebbende\u00a0: Nationaal Archief \nMateriaalsoort\u00a0: Negatief (zwart/wit)\nNummer archiefinventaris\u00a0: bekijk toegang 2.24.01.04\n\nBestanddeelnummer\u00a0: 907-8163\n\n\nDate\n\n11 June 1956\n\n\nSource\n\nhttp://proxy.handle.net/10648/a9498f70-d0b4-102d-bcf8-003048976d84\n\n\nAuthor\n\nHarry Pot / Anefo\n\n\n"}, {"url": "https://commons.wikimedia.org/wiki/File:Kroonprins_Jean_en_Prinses_Josephine_Charlotte_van_Luxemburg_op_doorreis_op_Schi,_Bestanddeelnr_907-8164.jpg", "metadata": {"og:image": "https://upload.wikimedia.org/wikipedia/commons/thumb/4/45/Kroonprins_Jean_en_Prinses_Josephine_Charlotte_van_Luxemburg_op_doorreis_op_Schi%2C_Bestanddeelnr_907-8164.jpg/640px-Kroonprins_Jean_en_Prinses_Josephine_Charlotte_van_Luxemburg_op_doorreis_op_Schi%2C_Bestanddeelnr_907-8164.jpg", "og:image:width": "640", "og:image:height": "514", "og:title": "File:Kroonprins Jean en Prinses Josephine Charlotte van Luxemburg op doorreis op Schi, Bestanddeelnr 907-8164.jpg - Wikimedia Commons", "og:type": "website"}, "text": "\n\n\nDescriptionKroonprins Jean en Prinses Josephine Charlotte van Luxemburg op doorreis op Schi, Bestanddeelnr 907-8164.jpg\n\nNederlands:  Collectie / Archief\u00a0: Fotocollectie Anefo\nReportage / Serie\u00a0: [ onbekend ]\nBeschrijving\u00a0: Kroonprins Jean en Prinses Josephine Charlotte van Luxemburg op doorreis op Schiphol\nDatum\u00a0: 11 juni 1956\nLocatie\u00a0: Noord-Holland, Schiphol\nTrefwoorden\u00a0: Kroonprinsen, vliegvelden\nPersoonsnaam\u00a0: Josephine Charlotte, prinses van Belgi\u00eb\nFotograaf\u00a0: Pot, Harry / Anefo\nAuteursrechthebbende\u00a0: Nationaal Archief \nMateriaalsoort\u00a0: Negatief (zwart/wit)\nNummer archiefinventaris\u00a0: bekijk toegang 2.24.01.04\n\nBestanddeelnummer\u00a0: 907-8164\n\n\nDate\n\n11 June 1956\n\n\nSource\n\nhttp://proxy.handle.net/10648/a9499042-d0b4-102d-bcf8-003048976d84\n\n\nAuthor\n\nHarry Pot / Anefo\n\n\n"}, {"url": "https://commons.wikimedia.org/wiki/File:Kroonprins_Jean_en_Prinses_Josephine_Charlotte_van_Luxemburg_op_doorreis_op_Schi,_Bestanddeelnr_907-8165.jpg", "metadata": {"og:image": "https://upload.wikimedia.org/wikipedia/commons/thumb/0/0d/Kroonprins_Jean_en_Prinses_Josephine_Charlotte_van_Luxemburg_op_doorreis_op_Schi%2C_Bestanddeelnr_907-8165.jpg/640px-Kroonprins_Jean_en_Prinses_Josephine_Charlotte_van_Luxemburg_op_doorreis_op_Schi%2C_Bestanddeelnr_907-8165.jpg", "og:image:width": "640", "og:image:height": "523", "og:title": "File:Kroonprins Jean en Prinses Josephine Charlotte van Luxemburg op doorreis op Schi, Bestanddeelnr 907-8165.jpg - Wikimedia Commons", "og:type": "website"}, "text": "\n\n\nDescriptionKroonprins Jean en Prinses Josephine Charlotte van Luxemburg op doorreis op Schi, Bestanddeelnr 907-8165.jpg\n\nNederlands:  Collectie / Archief\u00a0: Fotocollectie Anefo\nReportage / Serie\u00a0: [ onbekend ]\nBeschrijving\u00a0: Kroonprins Jean en Prinses Josephine Charlotte van Luxemburg op doorreis op Schiphol\nDatum\u00a0: 11 juni 1956\nTrefwoorden\u00a0: Kroonprinsen, vliegvelden\nPersoonsnaam\u00a0: Josephine Charlotte, prinses van Belgi\u00eb\nFotograaf\u00a0: Pot, Harry / Anefo\nAuteursrechthebbende\u00a0: Nationaal Archief \nMateriaalsoort\u00a0: Negatief (zwart/wit)\nNummer archiefinventaris\u00a0: bekijk toegang 2.24.01.04\n\nBestanddeelnummer\u00a0: 907-8165\n\n\nDate\n\n11 June 1956\n\n\nSource\n\nhttp://proxy.handle.net/10648/a9499100-d0b4-102d-bcf8-003048976d84\n\n\nAuthor\n\nHarry Pot / Anefo\n\n\n"}, {"url": "https://commons.wikimedia.org/wiki/File:Kroonprins_Jean_en_Prinses_Josephine_Charlotte_van_Luxemburg_op_doorreis_op_Schi,_Bestanddeelnr_907-8166.jpg", "metadata": {"og:image": "https://upload.wikimedia.org/wikipedia/commons/thumb/b/b6/Kroonprins_Jean_en_Prinses_Josephine_Charlotte_van_Luxemburg_op_doorreis_op_Schi%2C_Bestanddeelnr_907-8166.jpg/640px-Kroonprins_Jean_en_Prinses_Josephine_Charlotte_van_Luxemburg_op_doorreis_op_Schi%2C_Bestanddeelnr_907-8166.jpg", "og:image:width": "640", "og:image:height": "512", "og:title": "File:Kroonprins Jean en Prinses Josephine Charlotte van Luxemburg op doorreis op Schi, Bestanddeelnr 907-8166.jpg - Wikimedia Commons", "og:type": "website"}, "text": "\n\n\nDescriptionKroonprins Jean en Prinses Josephine Charlotte van Luxemburg op doorreis op Schi, Bestanddeelnr 907-8166.jpg\n\nNederlands:  Collectie / Archief\u00a0: Fotocollectie Anefo\nReportage / Serie\u00a0: [ onbekend ]\nBeschrijving\u00a0: Kroonprins Jean en Prinses Josephine Charlotte van Luxemburg op doorreis op Schiphol\nDatum\u00a0: 11 juni 1956\nTrefwoorden\u00a0: Kroonprinsen, vliegvelden\nPersoonsnaam\u00a0: Josephine Charlotte, prinses van Belgi\u00eb\nFotograaf\u00a0: Pot, Harry / Anefo\nAuteursrechthebbende\u00a0: Nationaal Archief \nMateriaalsoort\u00a0: Negatief (zwart/wit)\nNummer archiefinventaris\u00a0: bekijk toegang 2.24.01.04\n\nBestanddeelnummer\u00a0: 907-8166\n\n\nDate\n\n11 June 1956\n\n\nSource\n\nhttp://proxy.handle.net/10648/a94991be-d0b4-102d-bcf8-003048976d84\n\n\nAuthor\n\nHarry Pot / Anefo\n\n\n"}]