[{"url": "https://commons.wikimedia.org/wiki/File:Blason_de_Cl%C3%A9mentine_de_Belgique.svg", "metadata": {"og:image": "https://upload.wikimedia.org/wikipedia/commons/thumb/c/c1/Blason_de_Cl%C3%A9mentine_de_Belgique.svg/640px-Blason_de_Cl%C3%A9mentine_de_Belgique.svg.png", "og:image:width": "640", "og:image:height": "665", "og:title": "File:Blason de Cl\u00e9mentine de Belgique.svg - Wikimedia Commons", "og:type": "website"}, "text": "\n\n\nCoat\u00a0of\u00a0armsInfoFieldEnglish:  Cl\u00e9mentine de Belgique,Fran\u00e7ais\u00a0:  Cl\u00e9mentine de Belgique,\n\nBlazon referenceInfoFieldFran\u00e7ais\u00a0:  demande de Dunkerqueenflandre, travail d\u00e9riv\u00e9 de File:Blason Imp\u00e9ratrice Marie-Louise.svg (dessinateurs Jimmy44\u00a0; Sodacan) par ajout du blason de Cl\u00e9mentine de Belgique\n\nDate\n\n27 October 2012, 16:13:52\n\nArtistInfoFieldTretinville\n\nSource\n\nOwn work\n\nSVG\u00a0developmentInfoField\u00a0The SVG code is valid.\u00a0This  coat of arms was created with Inkscape.\u00a0\u00a0Coat of arms created for the Blazon Project of the French Wikipedia.\u00a0\n\n\n"}]