[{"url": "https://commons.wikimedia.org/wiki/File:Atelier_Nadar_-_L%C3%A9opold_I._(1790-1865),_K%C3%B6nig_von_Belgien_seit_1831_(Zeno_Fotografie).jpg", "metadata": {"og:image": "https://upload.wikimedia.org/wikipedia/commons/thumb/d/d4/Atelier_Nadar_-_L%C3%A9opold_I._%281790-1865%29%2C_K%C3%B6nig_von_Belgien_seit_1831_%28Zeno_Fotografie%29.jpg/640px-Atelier_Nadar_-_L%C3%A9opold_I._%281790-1865%29%2C_K%C3%B6nig_von_Belgien_seit_1831_%28Zeno_Fotografie%29.jpg", "og:image:width": "640", "og:image:height": "886", "og:title": "File:Atelier Nadar - L\u00e9opold I. (1790-1865), K\u00f6nig von Belgien seit 1831 (Zeno Fotografie).jpg - Wikimedia Commons", "og:type": "website"}, "text": "\n\n\n\nAuthor\n\n\nAtelier Nadar\n\n\nDescription\n\n\nEnglish:  Portrait of Leopold I (1790-1865), King of the Belgians since 1831. \nFrom the Atelier Nadar. King Leopold met F\u00e9lix Nadar for the first time when Nadar launched his hot air balloon \"Le G\u00e9ant\" in Brussels in 1864. The king jokingly told Nadar that he hoped he would jettison all the balloon's sand ballast while over Belgium because it was Belgian sand and that, as king, he had sworn to defend the national soil. (Georges Barral, Impressions a\u00e9riennes d'un compagnon de Nadar, etc., Paris. 1864, p. 16.)\nDeutsch:  Atelier Nadar: L\u00e9opold I. (1790-1865), K\u00f6nig von Belgien seit 1831\n\n\nDate\n\ncirca 1864date QS:P571,+1864-00-00T00:00:00Z/9,P1480,Q5727902\n\n\nSource/Photographer\n\nImage\n\nZeno.org, ID number 20001849204\n\n\nPermission(Reusing this file)\n\nDeutsch:  GemeinfreiEnglish:  Public domain\n\nCollectionInfoFieldDeutsch:  5.000 Meisterwerke der FotografieEnglish:  5,000 Masterpieces of Photography\n\nNotesInfoFieldDeutsch:  Portr\u00e4t\n\n\n"}, {"url": "https://commons.wikimedia.org/wiki/File:Fotoreproductie_van_(vermoedelijk)_een_prent_van_koning_Leopold_I_van_Belgie,_RP-F-F00674-BB.jpg", "metadata": {"og:image": "https://upload.wikimedia.org/wikipedia/commons/thumb/c/c3/Fotoreproductie_van_%28vermoedelijk%29_een_prent_van_koning_Leopold_I_van_Belgie%2C_RP-F-F00674-BB.jpg/640px-Fotoreproductie_van_%28vermoedelijk%29_een_prent_van_koning_Leopold_I_van_Belgie%2C_RP-F-F00674-BB.jpg", "og:image:width": "640", "og:image:height": "945", "og:title": "File:Fotoreproductie van (vermoedelijk) een prent van koning Leopold I van Belgie, RP-F-F00674-BB.jpg - Wikimedia Commons", "og:type": "website"}, "text": "\n\n\nDescriptionFotoreproductie van (vermoedelijk) een prent van koning Leopold I van Belgie, RP-F-F00674-BB.jpg\n\nNederlands:  IdentificatieTitel(s): Fotoreproductie van (vermoedelijk) een prent van koning Leopold I van BelgieObjecttype: foto carte-de-visite reproductie Objectnummer: RP-F-F00674-BBOpschriften / Merken: opschrift, verso, handgeschreven: \u2018L\u00e9opold 1er.\u2019Omschrijving: Onderdeel van Fotoalbum met 123 cartes-de-visite van leden van Europese vorstenhuizen, politici en bekende personen.VervaardigingVervaardiger: fotograaf: anoniem, naar prent van: anoniemDatering: 1855 - 1880Fysieke kenmerken: albuminedrukMateriaal: karton papier fotopapier Techniek: albuminedrukAfmetingen: foto: h 83 mm \u00d7 b 56 mm, karton: h 99 mm \u00d7 b 64 mmOnderwerpWat: historical personsruler, sovereigndecorations, honours (as symbols of the state, etc.), medals and other marks of military honour(military) uniformshairdressWie: Leopold I (koning der Belgen)Verwerving en rechtenVerwerving: overdracht van beheer 1994Copyright: Publiek domein\n\n\nDate\n\nbetween 1855 and 1880date QS:P,+1850-00-00T00:00:00Z/7,P1319,+1855-00-00T00:00:00Z/9,P1326,+1880-00-00T00:00:00Z/9\n\n\nSource\n\nhttp://hdl.handle.net/10934/RM0001.COLLECT.288916\n\n\nAuthor\n\nRijksmuseum\n\n\n"}, {"url": "https://commons.wikimedia.org/wiki/File:Leopold_I,_geb._Leopold_Janis_Christiaan_Friedrich_von_Sachsen-Coburg-Gotha_(1790-1865),_koning_van_Belgi%C3%AB,_objectnr_KA_6895.50_(2).tif", "metadata": {"og:image": "https://upload.wikimedia.org/wikipedia/commons/thumb/c/cc/Leopold_I%2C_geb._Leopold_Janis_Christiaan_Friedrich_von_Sachsen-Coburg-Gotha_%281790-1865%29%2C_koning_van_Belgi%C3%AB%2C_objectnr_KA_6895.50_%282%29.tif/lossless-page1-640px-Leopold_I%2C_geb._Leopold_Janis_Christiaan_Friedrich_von_Sachsen-Coburg-Gotha_%281790-1865%29%2C_koning_van_Belgi%C3%AB%2C_objectnr_KA_6895.50_%282%29.tif.png", "og:image:width": "640", "og:image:height": "885", "og:title": "File:Leopold I, geb. Leopold Janis Christiaan Friedrich von Sachsen-Coburg-Gotha (1790-1865), koning van Belgi\u00eb, objectnr KA 6895.50 (2).tif - Wikimedia Commons", "og:type": "website"}, "text": "\n\n\nDescriptionLeopold I, geb. Leopold Janis Christiaan Friedrich von Sachsen-Coburg-Gotha (1790-1865), koning van Belgi\u00eb, objectnr KA 6895.50 (2).tif\n\nNederlands:  IdentificatieTitel: Leopold I, geb. Leopold Janis Christiaan Friedrich von Sachsen-Coburg-Gotha (1790-1865), koning van Belgi\u00eb Objectnummer: KA 6895.50Objecttype:   foto carte-de-visite Huidige locatie: in depotOnderwerpen:   portret Belgi\u00eb Koninklijk Huis Personen  Leopold I, koning van Belgi\u00eb VervaardigingVervaardiger:   E. Tardif (fotograaf) Datering: 1865 Geproduceerd in: BrusselMateriaal:   papier Afmetingen: 10.8 cm.  (hoogte) x 5.8 cm.  (breedte)Verwerving en rechtenVerworven: legaat 1895VerzamelingWillet-Holthuysen, collectieLicentie: CC PDNaamsvermelding: Amsterdam MuseumDuurzaam webadres: http://hdl.handle.net/11259/collection.76726\n\n\nDate\n\n1865\n\n\nSource\n\nhttp://hdl.handle.net/11259/collection.76726\n\n\nAuthor\n\nE. Tardif (fotograaf)\n\n\nOther versions\n\n\n\n\nThis file has been extracted from another file: Leopold I, geb. Leopold Janis Christiaan Friedrich von Sachsen-Coburg-Gotha (1790-1865), koning van Belgi\u00eb, objectnr KA 6895.50.tif\n\n\n\n\n\n\n"}, {"url": "https://commons.wikimedia.org/wiki/File:Leopold_I,_geb._Leopold_Janis_Christiaan_Friedrich_von_Sachsen-Coburg-Gotha_(1790-1865),_koning_van_Belgi%C3%AB,_objectnr_KA_6895.50_(cropped).tif", "metadata": {"og:image": "https://upload.wikimedia.org/wikipedia/commons/thumb/2/2a/Leopold_I%2C_geb._Leopold_Janis_Christiaan_Friedrich_von_Sachsen-Coburg-Gotha_%281790-1865%29%2C_koning_van_Belgi%C3%AB%2C_objectnr_KA_6895.50_%28cropped%29.tif/lossless-page1-640px-Leopold_I%2C_geb._Leopold_Janis_Christiaan_Friedrich_von_Sachsen-Coburg-Gotha_%281790-1865%29%2C_koning_van_Belgi%C3%AB%2C_objectnr_KA_6895.50_%28cropped%29.tif.png", "og:image:width": "640", "og:image:height": "885", "og:title": "File:Leopold I, geb. Leopold Janis Christiaan Friedrich von Sachsen-Coburg-Gotha (1790-1865), koning van Belgi\u00eb, objectnr KA 6895.50 (cropped).tif - Wikimedia Commons", "og:type": "website"}, "text": "\n\n\nDescriptionLeopold I, geb. Leopold Janis Christiaan Friedrich von Sachsen-Coburg-Gotha (1790-1865), koning van Belgi\u00eb, objectnr KA 6895.50 (cropped).tif\n\nNederlands:  IdentificatieTitel: Leopold I, geb. Leopold Janis Christiaan Friedrich von Sachsen-Coburg-Gotha (1790-1865), koning van Belgi\u00eb Objectnummer: KA 6895.50Objecttype:   foto carte-de-visite Huidige locatie: in depotOnderwerpen:   portret Belgi\u00eb Koninklijk Huis Personen  Leopold I, koning van Belgi\u00eb VervaardigingVervaardiger:   E. Tardif (fotograaf) Datering: 1865 Geproduceerd in: BrusselMateriaal:   papier Afmetingen: 10.8 cm.  (hoogte) x 5.8 cm.  (breedte)Verwerving en rechtenVerworven: legaat 1895VerzamelingWillet-Holthuysen, collectieLicentie: CC PDNaamsvermelding: Amsterdam MuseumDuurzaam webadres: http://hdl.handle.net/11259/collection.76726\n\n\nDate\n\n1865\n\n\nSource\n\nhttp://hdl.handle.net/11259/collection.76726\n\n\nAuthor\n\nE. Tardif (fotograaf)\n\n\nOther versions\n\n\n\n\nThis file has been extracted from another file: Leopold I, geb. Leopold Janis Christiaan Friedrich von Sachsen-Coburg-Gotha (1790-1865), koning van Belgi\u00eb, objectnr KA 6895.50.tif\n\n\n\n\n\n\n"}, {"url": "https://commons.wikimedia.org/wiki/File:Leopold_I,_geb._Leopold_Janis_Christiaan_Friedrich_von_Sachsen-Coburg-Gotha_(1790-1865),_koning_van_Belgi%C3%AB,_objectnr_KA_6895.50.tif", "metadata": {"og:image": "https://upload.wikimedia.org/wikipedia/commons/thumb/a/a8/Leopold_I%2C_geb._Leopold_Janis_Christiaan_Friedrich_von_Sachsen-Coburg-Gotha_%281790-1865%29%2C_koning_van_Belgi%C3%AB%2C_objectnr_KA_6895.50.tif/lossy-page1-640px-Leopold_I%2C_geb._Leopold_Janis_Christiaan_Friedrich_von_Sachsen-Coburg-Gotha_%281790-1865%29%2C_koning_van_Belgi%C3%AB%2C_objectnr_KA_6895.50.tif.jpg", "og:image:width": "640", "og:image:height": "1164", "og:title": "File:Leopold I, geb. Leopold Janis Christiaan Friedrich von Sachsen-Coburg-Gotha (1790-1865), koning van Belgi\u00eb, objectnr KA 6895.50.tif - Wikimedia Commons", "og:type": "website"}, "text": "\n\n\nDescriptionLeopold I, geb. Leopold Janis Christiaan Friedrich von Sachsen-Coburg-Gotha (1790-1865), koning van Belgi\u00eb, objectnr KA 6895.50.tif\n\nNederlands:  IdentificatieTitel: Leopold I, geb. Leopold Janis Christiaan Friedrich von Sachsen-Coburg-Gotha (1790-1865), koning van Belgi\u00eb Objectnummer: KA 6895.50Objecttype:   foto carte-de-visite Huidige locatie: in depotOnderwerpen:   portret Belgi\u00eb Koninklijk Huis Personen  Leopold I, koning van Belgi\u00eb VervaardigingVervaardiger:   E. Tardif (fotograaf) Datering: 1865 Geproduceerd in: BrusselMateriaal:   papier Afmetingen: 10.8 cm.  (hoogte) x 5.8 cm.  (breedte)Verwerving en rechtenVerworven: legaat 1895VerzamelingWillet-Holthuysen, collectieLicentie: CC PDNaamsvermelding: Amsterdam MuseumDuurzaam webadres: http://hdl.handle.net/11259/collection.76726\n\n\nDate\n\n1865\n\n\nSource\n\nhttp://hdl.handle.net/11259/collection.76726\n\n\nAuthor\n\nE. Tardif (fotograaf)\n\n\nOther versions\n\n\nThis file has an extracted image: Leopold I, geb. Leopold Janis Christiaan Friedrich von Sachsen-Coburg-Gotha (1790-1865), koning van Belgi\u00eb, objectnr KA 6895.50 (cropped).tif.\n\n\n\n"}, {"url": "https://commons.wikimedia.org/wiki/File:LeopoldIBelgie.jpg", "metadata": {"og:image": "https://upload.wikimedia.org/wikipedia/commons/thumb/d/dc/LeopoldIBelgie.jpg/640px-LeopoldIBelgie.jpg", "og:image:width": "640", "og:image:height": "858", "og:title": "File:LeopoldIBelgie.jpg - Wikimedia Commons", "og:type": "website"}, "text": "\n\n\nDescriptionLeopoldIBelgie.jpg\n\nNederlands:  Leopold I van Belgi\u00eb (1790-1865)\n\n\nDate\n\nbefore 1865date QS:P,+1865-00-00T00:00:00Z/7,P1326,+1865-00-00T00:00:00Z/9\n\n\nSource\n\nVlaamsch Belgi\u00eb sedert 1830 (www.gutenberg.org)\n\n\nAuthor\n\nUnknown authorUnknown author\n\n\nPermission(Reusing this file)\n\nThis image is in the public domain due to its age.\n\n\n"}, {"url": "https://commons.wikimedia.org/wiki/File:L%C3%A9opold_Ier_-_Photographi%C3%A9_par_Nadar_(1820-1910)_entre_1854_et_1865-remini-enhanced.jpg", "metadata": {"og:image": "https://upload.wikimedia.org/wikipedia/commons/thumb/5/5b/L%C3%A9opold_Ier_-_Photographi%C3%A9_par_Nadar_%281820-1910%29_entre_1854_et_1865-remini-enhanced.jpg/640px-L%C3%A9opold_Ier_-_Photographi%C3%A9_par_Nadar_%281820-1910%29_entre_1854_et_1865-remini-enhanced.jpg", "og:image:width": "640", "og:image:height": "911", "og:title": "File:L\u00e9opold Ier - Photographi\u00e9 par Nadar (1820-1910) entre 1854 et 1865-remini-enhanced.jpg - Wikimedia Commons", "og:type": "website"}, "text": "\n\n\nDescriptionL\u00e9opold Ier - Photographi\u00e9 par Nadar (1820-1910) entre 1854 et 1865-remini-enhanced.jpg\n\nFran\u00e7ais\u00a0:  L\u00e9opold Ier - Photographi\u00e9 par Nadar (1820-1910) entre 1854 et 1865-remini-enhanced\n\n\nDate\n\n7 June 2022\n\n\nSource\n\nOwn work\n\n\nAuthor\n\nMadelgarius\n\n\nOther versions\n\nThis image was retouched by an artificial intelligence via the image processing application Remini.ai.This file was derived from: L\u00e9opold Ier - Photographi\u00e9 par Nadar (1820-1910) entre 1854 et 1865.png\nCette image a \u00e9t\u00e9 retouch\u00e9e par une intelligence artificielle via l'application de traitement d'images Remini.ai.This file was derived from: L\u00e9opold Ier - Photographi\u00e9 par Nadar (1820-1910) entre 1854 et 1865.png\n\n\n"}, {"url": "https://commons.wikimedia.org/wiki/File:L%C3%A9opold_Ier_-_Photographi%C3%A9_par_Nadar_(1820-1910)_entre_1854_et_1865.png", "metadata": {"og:image": "https://upload.wikimedia.org/wikipedia/commons/thumb/1/14/L%C3%A9opold_Ier_-_Photographi%C3%A9_par_Nadar_%281820-1910%29_entre_1854_et_1865.png/640px-L%C3%A9opold_Ier_-_Photographi%C3%A9_par_Nadar_%281820-1910%29_entre_1854_et_1865.png", "og:image:width": "640", "og:image:height": "911", "og:title": "File:L\u00e9opold Ier - Photographi\u00e9 par Nadar (1820-1910) entre 1854 et 1865.png - Wikimedia Commons", "og:type": "website"}, "text": "\n\n\nDescriptionL\u00e9opold Ier - Photographi\u00e9 par Nadar (1820-1910) entre 1854 et 1865.png\n\nEnglish:  Portrait photograph of King Leopold I of the Belgians at his last years, taken by Nadar (1820-1910)Fran\u00e7ais\u00a0:  L\u00e9opold Ier - Photographi\u00e9 par Nadar (1820-1910)\n\n\nDate\n\nbetween 1854 and early 1860s\n\n\nSource\n\nBiblioth\u00e8que nationale de France\n\n\nAuthor\n\n\n\n\n\nNadar\n\u00a0(1820\u20131910)\u00a0\u00a0\u00a0\u00a0 \u00a0\n\n\n\n\n\nAlternative names\n\nlegal name: Gaspard-F\u00e9lix Tournachon pseudonym: Nadar\n\nDescription\nFrench photographer, caricaturist, writer and balloonist\n\nDate of birth/death\n\n6 April 1820\u00a0\n20 March 1910\u00a0\n\nLocation of birth/death\n\nrue Saint-Honor\u00e9\navenue Franklin-D.-Roosevelt\n\nWork period\n1854\u20131910\n\nWork location\n\nParis\u00a0\n\nAuthority file\n\n: Q40116\nVIAF:\u200984808952\nISNI:\u20090000000121418535\nULAN:\u2009500005199\nLCCN:\u2009n50014563\nNLA:\u200935553829\nWorldCat\n\n\n\ncreator QS:P170,Q40116\n\n\nOther versions\n\n Portrait de L\u00e9opold 1er (photographie) \u2013 P. Nadar \u2013 unframed.jpg:\u00a0\nL\u00e9opold Ier - Photographi\u00e9 par Nadar (1820-1910) entre 1854 et 1865-remini-enhanced.jpg:\u00a0\nAtelier Nadar - L\u00e9opold I. (1790-1865), K\u00f6nig von Belgien seit 1831 (Zeno Fotografie).jpg:\u00a0\n\n\n"}, {"url": "https://commons.wikimedia.org/wiki/File:Portrait_de_L%C3%A9opold_1er_(photographie)_%E2%80%93_P._Nadar_%E2%80%93_unframed.jpg", "metadata": {"og:image": "https://upload.wikimedia.org/wikipedia/commons/thumb/8/89/Portrait_de_L%C3%A9opold_1er_%28photographie%29_%E2%80%93_P._Nadar_%E2%80%93_unframed.jpg/640px-Portrait_de_L%C3%A9opold_1er_%28photographie%29_%E2%80%93_P._Nadar_%E2%80%93_unframed.jpg", "og:image:width": "640", "og:image:height": "904", "og:title": "File:Portrait de L\u00e9opold 1er (photographie) \u2013 P. Nadar \u2013 unframed.jpg - Wikimedia Commons", "og:type": "website"}, "text": "\n\n\nDescriptionPortrait de L\u00e9opold 1er (photographie) \u2013 P. Nadar \u2013 unframed.jpg\n\nFran\u00e7ais\u00a0:  L\u00e9opold 1er / [photographie] / [Nadar] / [tirage] P. Nadar\n\n\nDate\n\nbetween 1854 and 1865date QS:P,+1850-00-00T00:00:00Z/7,P1319,+1854-00-00T00:00:00Z/9,P1326,+1865-00-00T00:00:00Z/9\n\n\nSource\n\n\n\n\n\n\nThis file comes from Gallica Digital Library and is available under the digital ID btv1b10535610c/f1\nThis tag does not indicate the copyright status of the attached work. A normal copyright tag is still required. See Commons:Licensing.\n\nOther languages:\n\n\u0627\u0644\u0639\u0631\u0628\u064a\u0629\u00a0\u2219 \u09ac\u09be\u0982\u09b2\u09be\u00a0\u2219 catal\u00e0\u00a0\u2219 Deutsch\u00a0\u2219 English\u00a0\u2219 espa\u00f1ol\u00a0\u2219 fran\u00e7ais\u00a0\u2219 galego\u00a0\u2219 \u05e2\u05d1\u05e8\u05d9\u05ea\u00a0\u2219 magyar\u00a0\u2219 italiano\u00a0\u2219 \u65e5\u672c\u8a9e\u00a0\u2219 \u043c\u0430\u043a\u0435\u0434\u043e\u043d\u0441\u043a\u0438\u00a0\u2219 Nederlands\u00a0\u2219 portugu\u00eas\u00a0\u2219 \u0440\u0443\u0441\u0441\u043a\u0438\u0439\u00a0\u2219 sloven\u0161\u010dina\u00a0\u2219 \u0443\u043a\u0440\u0430\u0457\u043d\u0441\u044c\u043a\u0430\u00a0\u2219 \u7b80\u4f53\u4e2d\u6587\u00a0\u2219 \u7e41\u9ad4\u4e2d\u6587\u00a0\u2219 +/\u2212\n\n\n\n\n\nAuthor\n\n\n\n\n\nNadar\n\u00a0(1820\u20131910)\u00a0\u00a0\u00a0\u00a0 \u00a0\n\n\n\n\n\nAlternative names\n\nlegal name: Gaspard-F\u00e9lix Tournachon pseudonym: Nadar\n\nDescription\nFrench photographer, caricaturist, writer and balloonist\n\nDate of birth/death\n\n6 April 1820\u00a0\n20 March 1910\u00a0\n\nLocation of birth/death\n\nrue Saint-Honor\u00e9\navenue Franklin-D.-Roosevelt\n\nWork period\n1854\u20131910\n\nWork location\n\nParis\u00a0\n\nAuthority file\n\n: Q40116\nVIAF:\u200984808952\nISNI:\u20090000000121418535\nULAN:\u2009500005199\nLCCN:\u2009n50014563\nNLA:\u200935553829\nWorldCat\n\n\n\ncreator QS:P170,Q40116\n\n\nOther versions\n\n\n\n\nThis file has been extracted from another file: Portrait de L\u00e9opold 1er (photographie) \u2013 P. Nadar.jpg\n\n\n\n\n\n\nFile:Atelier Nadar - L\u00e9opold I. (1790-1865), K\u00f6nig von Belgien seit 1831 (Zeno Fotografie).jpg\n\n\n\n\n\n"}, {"url": "https://commons.wikimedia.org/wiki/File:Portrait_de_L%C3%A9opold_1er_(photographie)_%E2%80%93_P._Nadar.jpg", "metadata": {"og:image": "https://upload.wikimedia.org/wikipedia/commons/thumb/f/f2/Portrait_de_L%C3%A9opold_1er_%28photographie%29_%E2%80%93_P._Nadar.jpg/640px-Portrait_de_L%C3%A9opold_1er_%28photographie%29_%E2%80%93_P._Nadar.jpg", "og:image:width": "640", "og:image:height": "941", "og:title": "File:Portrait de L\u00e9opold 1er (photographie) \u2013 P. Nadar.jpg - Wikimedia Commons", "og:type": "website"}, "text": "\n\n\nDescriptionPortrait de L\u00e9opold 1er (photographie) \u2013 P. Nadar.jpg\n\nFran\u00e7ais\u00a0:  L\u00e9opold 1er / [photographie] / [Nadar] / [tirage] P. Nadar\n\n\nDate\n\nbetween 1854 and 1865date QS:P,+1850-00-00T00:00:00Z/7,P1319,+1854-00-00T00:00:00Z/9,P1326,+1865-00-00T00:00:00Z/9\n\n\nSource\n\n\n\n\n\n\nThis file comes from Gallica Digital Library and is available under the digital ID btv1b10535610c/f1\nThis tag does not indicate the copyright status of the attached work. A normal copyright tag is still required. See Commons:Licensing.\n\nOther languages:\n\n\u0627\u0644\u0639\u0631\u0628\u064a\u0629\u00a0\u2219 \u09ac\u09be\u0982\u09b2\u09be\u00a0\u2219 catal\u00e0\u00a0\u2219 Deutsch\u00a0\u2219 English\u00a0\u2219 espa\u00f1ol\u00a0\u2219 fran\u00e7ais\u00a0\u2219 galego\u00a0\u2219 \u05e2\u05d1\u05e8\u05d9\u05ea\u00a0\u2219 magyar\u00a0\u2219 italiano\u00a0\u2219 \u65e5\u672c\u8a9e\u00a0\u2219 \u043c\u0430\u043a\u0435\u0434\u043e\u043d\u0441\u043a\u0438\u00a0\u2219 Nederlands\u00a0\u2219 portugu\u00eas\u00a0\u2219 \u0440\u0443\u0441\u0441\u043a\u0438\u0439\u00a0\u2219 sloven\u0161\u010dina\u00a0\u2219 \u0443\u043a\u0440\u0430\u0457\u043d\u0441\u044c\u043a\u0430\u00a0\u2219 \u7b80\u4f53\u4e2d\u6587\u00a0\u2219 \u7e41\u9ad4\u4e2d\u6587\u00a0\u2219 +/\u2212\n\n\n\n\n\nAuthor\n\n\n\n\n\nNadar\n\u00a0(1820\u20131910)\u00a0\u00a0\u00a0\u00a0 \u00a0\n\n\n\n\n\nAlternative names\n\nlegal name: Gaspard-F\u00e9lix Tournachon pseudonym: Nadar\n\nDescription\nFrench photographer, caricaturist, writer and balloonist\n\nDate of birth/death\n\n6 April 1820\u00a0\n20 March 1910\u00a0\n\nLocation of birth/death\n\nrue Saint-Honor\u00e9\navenue Franklin-D.-Roosevelt\n\nWork period\n1854\u20131910\n\nWork location\n\nParis\u00a0\n\nAuthority file\n\n: Q40116\nVIAF:\u200984808952\nISNI:\u20090000000121418535\nULAN:\u2009500005199\nLCCN:\u2009n50014563\nNLA:\u200935553829\nWorldCat\n\n\n\ncreator QS:P170,Q40116\n\n\nOther versions\n\n\nThis file has an extracted image: Portrait de L\u00e9opold 1er (photographie) \u2013 P. Nadar \u2013 unframed.jpg.\n\n\n\nFile:Atelier Nadar - L\u00e9opold I. (1790-1865), K\u00f6nig von Belgien seit 1831 (Zeno Fotografie).jpg\n\n\n\n\n\n"}, {"url": "https://commons.wikimedia.org/wiki/File:Portret_van_Leopold_I,_koning_van_Belgi%C3%AB,_RP-F-F00674-BD_(crop).jpg", "metadata": {"og:image": "https://upload.wikimedia.org/wikipedia/commons/thumb/a/a6/Portret_van_Leopold_I%2C_koning_van_Belgi%C3%AB%2C_RP-F-F00674-BD_%28crop%29.jpg/640px-Portret_van_Leopold_I%2C_koning_van_Belgi%C3%AB%2C_RP-F-F00674-BD_%28crop%29.jpg", "og:image:width": "640", "og:image:height": "1005", "og:title": "File:Portret van Leopold I, koning van Belgi\u00eb, RP-F-F00674-BD (crop).jpg - Wikimedia Commons", "og:type": "website"}, "text": "\n\n\nDescriptionPortret van Leopold I, koning van Belgi\u00eb, RP-F-F00674-BD (crop).jpg\n\nNederlands:  IdentificatieTitel(s): Portret van Leopold I, koning van Belgi\u00ebObjecttype: foto carte-de-visite Objectnummer: RP-F-F00674-BDOpschriften / Merken: adres, verso: \u201827 rue de l'Ecuyer, entr\u00e9e par la porte coch\u00e8re, Bruxelles\u2019opschrift, verso, handgeschreven: \u2018HM King of the Belgians\u2019opschrift, verso, handgeschreven: \u201850p\u2019Omschrijving: Onderdeel van Fotoalbum met 123 cartes-de-visite van leden van Europese vorstenhuizen, politici en bekende personen.VervaardigingVervaardiger: fotograaf: Gh\u00e9mar Fr\u00e8resDatering: 1855 - 1875Fysieke kenmerken: albuminedrukMateriaal: karton papier fotopapier Techniek: albuminedrukAfmetingen: foto: h 87 mm \u00d7 b 54 mm, karton: h 105 mm \u00d7 b 60 mmOnderwerpWat: historical personsruler, sovereignhead-gear: hat (+ men's clothes)(military) uniformshacking and thrusting weapons (with NAME)decorations, honours (as symbols of the state, etc.)medals and other marks of military honourarmchair, seatWie: Leopold I (koning der Belgen)Verwerving en rechtenVerwerving: overdracht van beheer 1994Copyright: Publiek domein\n\n\nDate\n\nbetween 1855 and 1875date QS:P,+1850-00-00T00:00:00Z/7,P1319,+1855-00-00T00:00:00Z/9,P1326,+1875-00-00T00:00:00Z/9\n\n\nSource\n\n\n\n\nThis file has been extracted from another file: Portret van Leopold I, koning van Belgi\u00eb, RP-F-F00674-BD.jpg\n\n\n\n\n\n\nAuthor\n\nRijksmuseum\n\n\n"}, {"url": "https://commons.wikimedia.org/wiki/File:Portret_van_Leopold_I,_koning_van_Belgi%C3%AB,_RP-F-F00674-BD.jpg", "metadata": {"og:image": "https://upload.wikimedia.org/wikipedia/commons/thumb/4/43/Portret_van_Leopold_I%2C_koning_van_Belgi%C3%AB%2C_RP-F-F00674-BD.jpg/640px-Portret_van_Leopold_I%2C_koning_van_Belgi%C3%AB%2C_RP-F-F00674-BD.jpg", "og:image:width": "640", "og:image:height": "879", "og:title": "File:Portret van Leopold I, koning van Belgi\u00eb, RP-F-F00674-BD.jpg - Wikimedia Commons", "og:type": "website"}, "text": "\n\n\nDescriptionPortret van Leopold I, koning van Belgi\u00eb, RP-F-F00674-BD.jpg\n\nNederlands:  IdentificatieTitel(s): Portret van Leopold I, koning van Belgi\u00ebObjecttype: foto carte-de-visite Objectnummer: RP-F-F00674-BDOpschriften / Merken: adres, verso: \u201827 rue de l'Ecuyer, entr\u00e9e par la porte coch\u00e8re, Bruxelles\u2019opschrift, verso, handgeschreven: \u2018HM King of the Belgians\u2019opschrift, verso, handgeschreven: \u201850p\u2019Omschrijving: Onderdeel van Fotoalbum met 123 cartes-de-visite van leden van Europese vorstenhuizen, politici en bekende personen.VervaardigingVervaardiger: fotograaf: Gh\u00e9mar Fr\u00e8resDatering: 1855 - 1875Fysieke kenmerken: albuminedrukMateriaal: karton papier fotopapier Techniek: albuminedrukAfmetingen: foto: h 87 mm \u00d7 b 54 mm, karton: h 105 mm \u00d7 b 60 mmOnderwerpWat: historical personsruler, sovereignhead-gear: hat (+ men's clothes)(military) uniformshacking and thrusting weapons (with NAME), decorations, honours (as symbols of the state, etc.), medals and other marks of military honourarmchair, seatWie: Leopold I (koning der Belgen)Verwerving en rechtenVerwerving: overdracht van beheer 1994Copyright: Publiek domein\n\n\nDate\n\nbetween 1855 and 1875date QS:P,+1850-00-00T00:00:00Z/7,P1319,+1855-00-00T00:00:00Z/9,P1326,+1875-00-00T00:00:00Z/9\n\n\nSource\n\nhttp://hdl.handle.net/10934/RM0001.COLLECT.288918\n\n\nAuthor\n\nRijksmuseum\n\n\n"}]