[{"url": "https://commons.wikimedia.org/wiki/File:Kronprinzessin_Stefanie.jpg", "metadata": {"og:image": "https://upload.wikimedia.org/wikipedia/commons/thumb/3/3c/Kronprinzessin_Stefanie.jpg/640px-Kronprinzessin_Stefanie.jpg", "og:image:width": "640", "og:image:height": "1008", "og:title": "File:Kronprinzessin Stefanie.jpg - Wikimedia Commons", "og:type": "website"}, "text": "\n\n\n\nAuthor\n\n\n\n\n\n\nUnidentified photographer\n\u00a0 \u00a0\n\n\nDescription\nUnidentified, Unspecified, Unattributed, Not provided, Not mentioned, UnknownUnknown  or Anonymous 19th-century photographer.\n\n\n\n\nDescription\n\n\nDeutsch:  Kronprinzessin Stefanie (1864-1945)\n\n\nDate\n\nmid 1880s\n\n\nSource\n\nBundesmobilienverwaltung/Hofmobiliendepotjuicy pool. direct link\n\n\n"}, {"url": "https://commons.wikimedia.org/wiki/File:Stefanie_of_Belgium.jpg", "metadata": {"og:image": "https://upload.wikimedia.org/wikipedia/commons/thumb/5/5b/Stefanie_of_Belgium.jpg/640px-Stefanie_of_Belgium.jpg", "og:image:width": "640", "og:image:height": "857", "og:title": "File:Stefanie of Belgium.jpg - Wikimedia Commons", "og:type": "website"}, "text": "\n\n\n\nAuthor\n\n\nUnknown authorUnknown author\n\n\nDescription\n\n\nPortrait of St\u00e9phanie of Belgium (1864-1945)\n\n\nDate\n\n19th centurydate QS:P571,+1850-00-00T00:00:00Z/7\n\n\nSource\n\nUnknown sourceUnknown source\n\n\n"}, {"url": "https://commons.wikimedia.org/wiki/File:1864,_Stephanie_von_Belgien.jpg", "metadata": {"og:image": "https://upload.wikimedia.org/wikipedia/commons/5/59/1864%2C_Stephanie_von_Belgien.jpg", "og:image:width": "640", "og:image:height": "1192", "og:title": "File:1864, Stephanie von Belgien.jpg - Wikimedia Commons", "og:type": "website"}, "text": "\n\n\n\nAuthor\n\n\n\n\n\n\nLudwig Grillich\n\u00a0(1856\u20131926)\u00a0\u00a0 \u00a0\n\n\nDescription\nAustrian photographer\n\nDate of birth/death\n\n2 December 1856\u00a0\n21 May 1926\u00a0\n\nLocation of birth/death\n\nVienna\nVienna\n\nWork period\n1885\u20131926\n\nWork location\n\nVienna\u00a0\n\nAuthority file\n\n: Q6699231\nVIAF:\u2009233378028\nISNI:\u20090000000367801147\nGND:\u2009102127139X\nNKC:\u2009mzk2012695524\nRKD:\u2009403161\n\n\n\ncreator QS:P170,Q6699231\n\n\nDescription\n\n\nDeutsch:  Stephanie von Belgien (1864-1945). Fotografie von Ludwig Grillich (1855-1926).[1]\n\n\u2191 Vgl. \u00d6sterreichische Nationalbibliothek, Bildarchiv Austria, Inventarnr. Pk 499, 2/102\n\n\n\n\nDate\n\ncirca 1890date QS:P571,+1890-00-00T00:00:00Z/9,P1480,Q5727902\n\n\nSource\n\n(Original text: [1])\n\noriginally uploaded on de.wikipedia by Thyra (talk\u00a0\u00b7 contribs) at 6 December 2007, 15:25. Filename was 1864, Stephanie von Belgien.jpg.\n\n\n"}, {"url": "https://commons.wikimedia.org/wiki/File:Stephanie_Of_belgium_1864-4.jpg", "metadata": {"og:image": "https://upload.wikimedia.org/wikipedia/commons/8/83/Stephanie_Of_belgium_1864-4.jpg", "og:image:width": "640", "og:image:height": "877", "og:title": "File:Stephanie Of belgium 1864-4.jpg - Wikimedia Commons", "og:type": "website"}, "text": "\n\n\n\nAuthor\n\n\n\n\n\n\nLallie Charles\n\u00a0(1869\u20131919)\u00a0\u00a0 \u00a0\n\n\n\n\n\nAlternative names\n\nBirth name: Charlotte Elizabeth Martin; Lallie Garet-Charles; Lallie Garet Charles; Lallie Charles Carr; Charlotte Elizabeth Carr; Lallie Charles\n\nDescription\nEnglish photographer\n\nDate of birth/death\n\n1869\u00a0\n5 April 1919\u00a0\n\nLocation of birth\n\nIreland\n\n\nWork period\n1900\u00a0\u20131910\u00a0\n\nWork location\n\nRegent's Park, London\n\nAuthority file\n\n: Q37449978\nVIAF:\u200919643256\nISNI:\u20090000000077329622\nLCCN:\u2009nr2007002437\nNLA:\u200941707509\nBNF:\u200916185736z\nWorldCat\n\n\n\ncreator QS:P170,Q37449978\n\n\nDescription\n\n\nPortrait of St\u00e9phanie of Belgium (1864-1945)\n\n\nDate\n\n1911date QS:P571,+1911-00-00T00:00:00Z/9\n\n\nSource\n\n[1]\n\n\nPermission(Reusing this file)\n\nThe copyright has expired (Die Regelschutzfrist f\u00fcr diese Datei ist nach den Ma\u00dfst\u00e4ben des deutschen Urheberrechts abgelaufen, somit ist die Datei gemeinfrei (\u201cpublic domain\u201d).\n\n\n"}, {"url": "https://commons.wikimedia.org/wiki/File:Kronprinzessin_St%C3%A9phanie.jpg", "metadata": {"og:image": "https://upload.wikimedia.org/wikipedia/commons/thumb/6/6c/Kronprinzessin_St%C3%A9phanie.jpg/640px-Kronprinzessin_St%C3%A9phanie.jpg", "og:image:width": "640", "og:image:height": "857", "og:title": "File:Kronprinzessin St\u00e9phanie.jpg - Wikimedia Commons", "og:type": "website"}, "text": "\n\n\nDescriptionKronprinzessin St\u00e9phanie.jpg\n\nEnglish:  St\u00e9phanie of Belgium, Crown Princess of Austria-Hungary\n\n\nDate\n\nmid 1880s\n\n\nSource\n\nhttp://www.gogmsite.net/the-bustle-eras-1870-1890/subalbum-princess-stephanie/stephanie-of-belgium-in-183-2.html\n\n\nAuthor\n\nUnknown authorUnknown author\n\n\n"}, {"url": "https://commons.wikimedia.org/wiki/File:S.A.R.Madame_la_Comtesse_de_Lonyay._Princesse_Stephanie_de_Belgique.jpg", "metadata": {"og:image": "https://upload.wikimedia.org/wikipedia/commons/9/9f/S.A.R.Madame_la_Comtesse_de_Lonyay._Princesse_Stephanie_de_Belgique.jpg", "og:image:width": "640", "og:image:height": "986", "og:title": "File:S.A.R.Madame la Comtesse de Lonyay. Princesse Stephanie de Belgique.jpg - Wikimedia Commons", "og:type": "website"}, "text": "\n\n\nDescriptionS.A.R.Madame la Comtesse de Lonyay. Princesse Stephanie de Belgique.jpg\n\nEnglish:  Stephanie, Princess of Belgium, around 1890\n\n\nDate\n\nmid 1890s\n\n\nSource\n\nhttp://www.gogmsite.net/the-bustle-eras-1870-1890/subalbum-princess-stephanie/stepahanie-of-belgium-seate.html\n\n\nAuthor\n\nUnknown authorUnknown author\n\n\n"}, {"url": "https://commons.wikimedia.org/wiki/File:St%C3%A9phanie_of_Belgium,_Crown_Princess_of_Austria.jpg", "metadata": {"og:image": "https://upload.wikimedia.org/wikipedia/commons/4/4e/St%C3%A9phanie_of_Belgium%2C_Crown_Princess_of_Austria.jpg", "og:image:width": "640", "og:image:height": "959", "og:title": "File:St\u00e9phanie of Belgium, Crown Princess of Austria.jpg - Wikimedia Commons", "og:type": "website"}, "text": "\n\n\nDescriptionSt\u00e9phanie of Belgium, Crown Princess of Austria.jpg\n\nEnglish:  Princess St\u00e9phanie of Belgium, Crown Princess of Austria\n\n\nDate\n\n1910sdate QS:P,+1910-00-00T00:00:00Z/8\n\n\nSource\n\nhttp://dinastias.forogratis.es/stephanie-la-princesa-que-no-pudo-ser-emperatriz-t44-144.html\n\n\nAuthor\n\nUnknown authorUnknown author\n\n\n"}, {"url": "https://commons.wikimedia.org/wiki/File:The_Dowager_Crown_Princess_of_Austria,_Hungary_and_Bohemia.jpg", "metadata": {"og:image": "https://upload.wikimedia.org/wikipedia/commons/thumb/d/d3/The_Dowager_Crown_Princess_of_Austria%2C_Hungary_and_Bohemia.jpg/640px-The_Dowager_Crown_Princess_of_Austria%2C_Hungary_and_Bohemia.jpg", "og:image:width": "640", "og:image:height": "1107", "og:title": "File:The Dowager Crown Princess of Austria, Hungary and Bohemia.jpg - Wikimedia Commons", "og:type": "website"}, "text": "\n\n\nDescriptionThe Dowager Crown Princess of Austria, Hungary and Bohemia.jpg\n\nEnglish:  The Dowager Crown Princess of Austria, Hungary and Bohemia (nee Princess of Belgium)\n\n\nDate\n\n1898\n\n\nSource\n\nhttps://www.pinterest.com/pin/495536765235350192/\n\n\nAuthor\n\n\n\n\n\nOthmar von T\u00fcrk\n\u00a0(1843\u20131904)\u00a0\u00a0 \u00a0\n\n\nAlternative names\n\nOthmar T\u00fcrk von Ramstein, Othmar von T\u00fcrk, Otmar von T\u00fcrk\n\nDescription\nAustrian photographer\n\nDate of birth/death\n\n1843\u00a0\nca. 1904\n\nLocation of birth/death\n\nKostanjevica na Krki\nVienna\n\nWork location\n\nVienna\u00a0\n\nAuthority file\n\n: Q22116860\nVIAF:\u2009316492309\nGND:\u20091025899474\n\n\n\ncreator QS:P170,Q22116860\n\n\n"}, {"url": "https://commons.wikimedia.org/wiki/File:Zur_Erinnerung_an_die_Wiederverm%C3%A4hlung_1900.jpg", "metadata": {"og:image": "https://upload.wikimedia.org/wikipedia/commons/thumb/f/f6/Zur_Erinnerung_an_die_Wiederverm%C3%A4hlung_1900.jpg/640px-Zur_Erinnerung_an_die_Wiederverm%C3%A4hlung_1900.jpg", "og:image:width": "640", "og:image:height": "409", "og:title": "File:Zur Erinnerung an die Wiederverm\u00e4hlung 1900.jpg - Wikimedia Commons", "og:type": "website"}, "text": "\n\n\nDescriptionZur Erinnerung an die Wiederverm\u00e4hlung 1900.jpg\n\nWien Kalksburg, Villa Zichy, Elemer Graf Lonyay, Witwe Stephanie\n\n\nDate\n\n22 March 1900\n\n\nSource\n\nalte Postkarte https://web.archive.org/web/20240210150704/https://www.ebay.de/itm/235248606324\n\n\nAuthor\n\nVerlag Wilhelm Pleyer (siehe https://web.archive.org/web/20240211145706/https://www.alamy.de/wien-kalksburg-villa-zichy-elemer-graf-lonyay-witwe-stephanie22-marz-1900-verwendung-weltweit-image381718040.html)\n\n\n"}]