[{"url": "https://commons.wikimedia.org/wiki/File:Leopold_I_Ruiter.jpg", "metadata": {"og:image": "https://upload.wikimedia.org/wikipedia/commons/thumb/a/af/Leopold_I_Ruiter.jpg/640px-Leopold_I_Ruiter.jpg", "og:image:width": "640", "og:image:height": "871", "og:title": "File:Leopold I Ruiter.jpg - Wikimedia Commons", "og:type": "website"}, "text": "\n\n\n\nEug\u00e8ne Verboeckhoven: Leopold I King of the Belgians\n\u00a0\u00a0\n\n\nArtist\n\n\n\n\n\n\nEug\u00e8ne Verboeckhoven\n\u00a0(1799\u20131881)\u00a0\u00a0 \u00a0\n\n\n\n\n\nAlternative names\n\nEug\u00e8ne Joseph Verboeckhoven\n\nDescription\nBelgian painter, sculptor, drawer, etcher and lithographer\n\nDate of birth/death\n\n8 June 1799\u00a0\n19 January 1881\u00a0\n\nLocation of birth/death\n\nWarneton\nSchaerbeek\n\nWork period\nbetween circa 1815 and circa 1881date QS:P,+1850-00-00T00:00:00Z/7,P1319,+1815-00-00T00:00:00Z/9,P1326,+1881-00-00T00:00:00Z/9,P1480,Q5727902\n\nWork location\n\nGhent (circa 1815date QS:P,+1815-00-00T00:00:00Z/9,P1480,Q5727902), Florence (1842), City of Brussels (1842-1881), Italy, France, England, Germany\n\nAuthority file\n\n: Q1353771\nVIAF:\u200995692980\nISNI:\u20090000000115787158\nULAN:\u2009500002047\nLCCN:\u2009no2006080275\nNLA:\u200935248871\nWorldCat\n\n\n\nartist QS:P170,Q1353771\n\n\nTitle\n\n\nEquestrian portrait of Leopold I of Belgium (1790-1865)\n\n\nObject type\n\npainting\u00a0\n\n\nGenre\n\nequestrian portrait\u00a0\n\n\nDepicted people\n\nLeopold I of Belgium\u00a0\n\n\nDate\n\n19th centurydate QS:P571,+1850-00-00T00:00:00Z/7\n\n\nMedium\n\noilmedium QS:P186,Q296955\n\n\nCollection\n\n\n\n\nRoyal Military Museum\n\u00a0\u00a0\n\n\n\n\n\nNative name\nMus\u00e9e royal de l'arm\u00e9e et de l'histoire militaire\n\nLocation\nCity of Brussels\n\nCoordinates\n50\u00b0\u00a050\u2032\u00a029.01\u2033\u00a0N, 4\u00b0\u00a023\u2032\u00a025.74\u2033\u00a0E  \u00a0\n\nEstablished\n28 June 1923\u00a0\n\nWebsite\nhttp://www.klm-mra.be/\n\nAuthority file\n\n: Q1395176\nVIAF:\u2009140378710\nISNI:\u20090000000122923234\nLCCN:\u2009n81079960\nOSM:\u20091415595\nSUDOC:\u2009028888952\nWorldCat\n\n\n\ninstitution QS:P195,Q1395176\n\n\nSource/Photographer\n\nOwn work\n\n\nOther versions\n\n\n\n\n\n\n\n\n\n\n\n\n\n"}, {"url": "https://commons.wikimedia.org/wiki/File:L%C3%A9opold_Ier_de_Belgique.JPG", "metadata": {"og:image": "https://upload.wikimedia.org/wikipedia/commons/thumb/f/f0/L%C3%A9opold_Ier_de_Belgique.JPG/640px-L%C3%A9opold_Ier_de_Belgique.JPG", "og:image:width": "640", "og:image:height": "820", "og:title": "File:L\u00e9opold Ier de Belgique.JPG - Wikimedia Commons", "og:type": "website"}, "text": "\n\n\nDescriptionL\u00e9opold Ier de Belgique.JPG\n\nFran\u00e7ais\u00a0:  Portrait \u00e9questre du L\u00e9opold I, Premier Roi des Belges. Eug\u00e8ne Verboeckhoven, Mus\u00e9e de l'Arm\u00e9e, Parc du Cinquantenaire, Bruxelles, Belgique.\n\nWikidata has entry Leopold I King of the Belgians (Q26701470) with data related to this item.\n\n\nDate\n\n19 April 2009\n\n\nSource\n\nOwn work\n\n\nAuthor\n\nM0tty\n\n\nPermission(Reusing this file)\n\n\n\n\n\nThis illustration was made by M0tty.\nPlease credit this with\u00a0: Picture by M0tty and mention the license in the vicinity of the image a hyperlink or URL to this page is also a valid attribution. \nA e-mail to  M0tty is much appreciated but not mandatory.\nDo not copy this image illegally by ignoring the terms of the license below, as it is not in the public domain.\nIf you would like special permission to use, license, or purchase the image please contact me M0tty to negotiate terms.\n\n\nThis file is copyrighted and has been released under a license which is incompatible with Facebook's licensing terms. It is not permitted to upload this file at Facebook.\n\nEnglish\u00a0|\nfran\u00e7ais\u00a0| \n+/\u2212\n\n\n\n\n\nOther versions\n\n\n\n\n\n\n\n\n\n\n\n\n\n"}, {"url": "https://commons.wikimedia.org/wiki/File:Schilderij_koning_Leopold_I.jpg", "metadata": {"og:image": "https://upload.wikimedia.org/wikipedia/commons/thumb/e/e8/Schilderij_koning_Leopold_I.jpg/640px-Schilderij_koning_Leopold_I.jpg", "og:image:width": "640", "og:image:height": "960", "og:title": "File:Schilderij koning Leopold I.jpg - Wikimedia Commons", "og:type": "website"}, "text": "\n\n\nDescriptionSchilderij koning Leopold I.jpg\n\n\n\n\n\n\nThis is a file created at the museum: Royal Museum of the Armed Forces and of Military History in Brussels \n\n\n\nDate\n\n24 August 2016, 09:49:02\n\n\nSource\n\nOwn work\n\n\nAuthor\n\nMathias De Meester\n\n\n"}, {"url": "https://commons.wikimedia.org/wiki/File:Wiki_Loves_Art_-_Bruxelles_-_Mus%C3%A9e_royal_de_l%27arm%C3%A9e_et_de_l%27histoire_militaire_-_Leopold_I_Roi_des_Belges_(MDCCCLII).jpg", "metadata": {"og:image": "https://upload.wikimedia.org/wikipedia/commons/thumb/7/71/Wiki_Loves_Art_-_Bruxelles_-_Mus%C3%A9e_royal_de_l%27arm%C3%A9e_et_de_l%27histoire_militaire_-_Leopold_I_Roi_des_Belges_%28MDCCCLII%29.jpg/640px-Wiki_Loves_Art_-_Bruxelles_-_Mus%C3%A9e_royal_de_l%27arm%C3%A9e_et_de_l%27histoire_militaire_-_Leopold_I_Roi_des_Belges_%28MDCCCLII%29.jpg", "og:image:width": "640", "og:image:height": "960", "og:title": "File:Wiki Loves Art - Bruxelles - Mus\u00e9e royal de l'arm\u00e9e et de l'histoire militaire - Leopold I Roi des Belges (MDCCCLII).jpg - Wikimedia Commons", "og:type": "website"}, "text": "\n\n\n\nEug\u00e8ne Verboeckhoven: Leopold I King of the Belgians\n\u00a0\u00a0\n\n\nArtist\n\n\n\n\n\n\nEug\u00e8ne Verboeckhoven\n\u00a0(1799\u20131881)\u00a0\u00a0 \u00a0\n\n\n\n\n\nAlternative names\n\nEug\u00e8ne Joseph Verboeckhoven\n\nDescription\nBelgian painter, sculptor, drawer, etcher and lithographer\n\nDate of birth/death\n\n8 June 1799\u00a0\n19 January 1881\u00a0\n\nLocation of birth/death\n\nWarneton\nSchaerbeek\n\nWork period\nbetween circa 1815 and circa 1881date QS:P,+1850-00-00T00:00:00Z/7,P1319,+1815-00-00T00:00:00Z/9,P1326,+1881-00-00T00:00:00Z/9,P1480,Q5727902\n\nWork location\n\nGhent (circa 1815date QS:P,+1815-00-00T00:00:00Z/9,P1480,Q5727902), Florence (1842), City of Brussels (1842-1881), Italy, France, England, Germany\n\nAuthority file\n\n: Q1353771\nVIAF:\u200995692980\nISNI:\u20090000000115787158\nULAN:\u2009500002047\nLCCN:\u2009no2006080275\nNLA:\u200935248871\nWorldCat\n\n\n\ncreator QS:P170,Q1353771\u00a0\n\n\nTitle\n\n\nLeopold I King of the Belgianslabel QS:Len,\"Leopold I King of the Belgians\"\nlabel QS:Lfr,\"Leopold I Roi des Belges\"\nlabel QS:Lnl,\"Leopold I Koning der Belgen\"\n\n\nObject type\n\npainting\u00a0\n\n\nGenre\n\nequestrian portrait\u00a0\n\n\nDescription\n\n\nEnglish:  painting Leopold I king of the Belgians in the Royal Museum of the Armed Forces and of Military History during Wiki Loves Art, Brussels, Belgium\nFran\u00e7ais\u00a0:  peinture Leopold I Roi des Belges (MDCCCLII) dans le Mus\u00e9e royal de l'arm\u00e9e et de l'histoire militaire, Wiki Loves Art, Bruxelles, Belgique\nNederlands:  schilderij Leopold I koning der Belgen in het Koninklijk Museum van het Leger en de Krijgsgeschiedenis, Wiki Loves Art, Brussel, Belgi\u00eb\n\n\n\n\n\nThis is a file created at the museum: Royal Museum of the Armed Forces and of Military History in Brussels \n\n\nWikidata has entry Leopold I King of the Belgians (Q26701470) with data related to this item.\n\n\nDepicted people\n\nLeopold I of Belgium\u00a0\n\n\nDate\n\n1852\u00a0\n\n\nMedium\n\noil\u00a0\n\n\nCollection\n\n\n\n\nRoyal Military Museum\n\u00a0\u00a0\n\n\n\n\n\nNative name\nMus\u00e9e royal de l'arm\u00e9e et de l'histoire militaire\n\nLocation\nCity of Brussels\n\nCoordinates\n50\u00b0\u00a050\u2032\u00a029.01\u2033\u00a0N, 4\u00b0\u00a023\u2032\u00a025.74\u2033\u00a0E  \u00a0\n\nEstablished\n28 June 1923\u00a0\n\nWebsite\nhttp://www.klm-mra.be/\n\nAuthority file\n\n: Q1395176\nVIAF:\u2009140378710\nISNI:\u20090000000122923234\nLCCN:\u2009n81079960\nOSM:\u20091415595\nSUDOC:\u2009028888952\nWorldCat\n\n\n\ninstitution QS:P195,Q1395176\n\n\n\n\n\nDate\n\n24 August 2016\n\n\nSource\n\nOwn work\n\n\nAuthor\n\nRomaine\n\n\nOther versions\n\n\n\n\n\n\n\n\n\n\n\n\n\n"}]