[{"url": "https://commons.wikimedia.org/wiki/File:Namur_2007_09.JPG", "metadata": {"og:image": "https://upload.wikimedia.org/wikipedia/commons/thumb/7/7e/Namur_2007_09.JPG/640px-Namur_2007_09.JPG", "og:image:width": "640", "og:image:height": "853", "og:title": "File:Namur 2007 09.JPG - Wikimedia Commons", "og:type": "website"}, "text": "\n\n\nDescriptionNamur 2007 09.JPG\n\nStatue du roi Albert I, au confluent de la Sambre et Meuse, Namur (city), Belgium\n\n\nDate\n\nAugust 2007\n\n\nSource\n\nOwn work\n\n\nAuthor\n\nWerneuchen\n\n\n"}, {"url": "https://commons.wikimedia.org/wiki/File:Namur_Citadel_Albert_I_monument.JPG", "metadata": {"og:image": "https://upload.wikimedia.org/wikipedia/commons/thumb/f/f0/Namur_Citadel_Albert_I_monument.JPG/640px-Namur_Citadel_Albert_I_monument.JPG", "og:image:width": "640", "og:image:height": "480", "og:title": "File:Namur Citadel Albert I monument.JPG - Wikimedia Commons", "og:type": "website"}, "text": "\n\n\nDescriptionNamur Citadel Albert I monument.JPG\n\nEnglish:  Equestrian statue of Albert I, King of the Belgians, at the confluence of the rivers Sambre and Meuse at Namur; Belgium.\nNederlands:  Ruiterstandbeeld van koning Albert I aan de samenvloeiing van Samber en Maas te Namen.\n\n\nDate\n\n9 May 2013\n\n\nSource\n\nOwn work\n\n\nAuthor\n\nAd Meskens\n\n\nPermission(Reusing this file)\n\n\nYou are free to use this picture for any purpose as long as you credit its author, Ad Meskens.\nExample:  \u00a9 Ad Meskens / Wikimedia Commons\n  If you use this work outside of the Wikimedia projects, a message or a copy is very much appreciated.\n\n\tThis image is not in the public domain. A statement such as \"From Wikimedia Commons\" or similar is not by itself sufficient. If you do not provide clear attribution to the author you didn't comply with the terms of the file's license and may not use this file. If you are unable or unwilling to provide attribution you should contact Ad Meskens to negotiate a different license. \nThis file has been released under a license which is incompatible with Facebook's licensing terms. It is not permitted to upload this file to Facebook. \n\n\n\n\n\n"}, {"url": "https://commons.wikimedia.org/wiki/File:Namur_Confluent_IMG_1477.JPG", "metadata": {"og:image": "https://upload.wikimedia.org/wikipedia/commons/thumb/e/ea/Namur_Confluent_IMG_1477.JPG/640px-Namur_Confluent_IMG_1477.JPG", "og:image:width": "640", "og:image:height": "427", "og:title": "File:Namur Confluent IMG 1477.JPG - Wikimedia Commons", "og:type": "website"}, "text": "\n\n\nDescriptionNamur Confluent IMG 1477.JPG\n\nThis file has no description, and may be lacking other information.\nPlease provide a meaningful description of this file.\n\n\n\n\nDate\n\n24 July 2012, 15:38:57\n\n\nSource\n\nOwn work\n\n\nAuthor\n\nCalonne Marcel\n\n\n"}, {"url": "https://commons.wikimedia.org/wiki/File:Namur_ConfluentRoiAlbert1er_IMG_1480.JPG", "metadata": {"og:image": "https://upload.wikimedia.org/wikipedia/commons/thumb/2/23/Namur_ConfluentRoiAlbert1er_IMG_1480.JPG/640px-Namur_ConfluentRoiAlbert1er_IMG_1480.JPG", "og:image:width": "640", "og:image:height": "427", "og:title": "File:Namur ConfluentRoiAlbert1er IMG 1480.JPG - Wikimedia Commons", "og:type": "website"}, "text": "\n\n\nDescriptionNamur ConfluentRoiAlbert1er IMG 1480.JPG\n\nThis file has no description, and may be lacking other information.\nPlease provide a meaningful description of this file.\n\n\n\n\nDate\n\n24 July 2012, 15:39:51\n\n\nSource\n\nOwn work\n\n\nAuthor\n\nCalonne Marcel\n\n\n"}]