[{"url": "https://commons.wikimedia.org/wiki/File:HenrietteBelgVend.jpg", "metadata": {"og:image": "https://upload.wikimedia.org/wikipedia/commons/4/44/HenrietteBelgVend.jpg", "og:image:width": "640", "og:image:height": "1000", "og:title": "File:HenrietteBelgVend.jpg - Wikimedia Commons", "og:type": "website"}, "text": "\n\n\n\nAuthor\n\n\nUnknown authorUnknown author\n\n\nDescription\n\n\nDeutsch:  Henriette von Belgien (1870-1948), Herzogin von Vend\u00f4meEnglish:  Princess Henriette of Belgium (1870-1948), Duchess of Vend\u00f4me Fran\u00e7ais\u00a0:  S. A. R. princesse Henriette de Belgique, la duchesse de Vend\u00f4me et princesse d'Orl\u00e9ans par mariage\n\n\nDate\n\ncirca 1900date QS:P571,+1900-00-00T00:00:00Z/9,P1480,Q5727902\n\n\nSource\n\nhttps://www.flickr.com/photos/mrsfujita/3892974412/\n\n\n"}, {"url": "https://commons.wikimedia.org/wiki/File:Crowned_Arms_of_a_Princess_of_Belgium_(1921-2019).svg", "metadata": {"og:image": "https://upload.wikimedia.org/wikipedia/commons/thumb/6/6d/Crowned_Arms_of_a_Princess_of_Belgium_%281921-2019%29.svg/640px-Crowned_Arms_of_a_Princess_of_Belgium_%281921-2019%29.svg.png", "og:image:width": "640", "og:image:height": "909", "og:title": "File:Crowned Arms of a Princess of Belgium (1921-2019).svg - Wikimedia Commons", "og:type": "website"}, "text": "\n\n\nDescriptionCrowned Arms of a Princess of Belgium (1921-2019).svg\n\nEnglish:  Crowned Arms of the Princess of Belgium\n\n\nDate\n\n28 September 2013, 11:42:11\n\n\nSource\n\nOwn work\n\n\nAuthor\n\nSodacan\n\n\nPermission(Reusing this file)\n\n\n\n\n\nThis image shows a flag, a coat of arms, a seal or some other official insignia. The use of such symbols is restricted in many countries. These restrictions are independent of the copyright status.\n I, the copyright holder of this work, hereby publish it under the following license:\n\n This file is licensed under the Creative Commons Attribution-Share Alike 3.0 Unported license.\nYou are free:\nto share \u2013 to copy, distribute and transmit the work\nto remix \u2013 to adapt the work\nUnder the following conditions:\nattribution \u2013 You must give appropriate credit, provide a link to the license, and indicate if changes were made. You may do so in any reasonable manner, but not in any way that suggests the licensor endorses you or your use.\nshare alike \u2013 If you remix, transform, or build upon the material, you must distribute your contributions under the same or compatible license as the original.https://creativecommons.org/licenses/by-sa/3.0CC BY-SA 3.0 Creative Commons Attribution-Share Alike 3.0 truetrue\n\n\n"}, {"url": "https://commons.wikimedia.org/wiki/File:Signature_of_Princess_Henriette_of_Belgium,_Duchess_of_Vend%C3%B4me_in_1884.png", "metadata": {"og:image": "https://upload.wikimedia.org/wikipedia/commons/e/e1/Signature_of_Princess_Henriette_of_Belgium%2C_Duchess_of_Vend%C3%B4me_in_1884.png", "og:image:width": "640", "og:image:height": "325", "og:title": "File:Signature of Princess Henriette of Belgium, Duchess of Vend\u00f4me in 1884.png - Wikimedia Commons", "og:type": "website"}, "text": "\n\n\nDescriptionSignature of Princess Henriette of Belgium, Duchess of Vend\u00f4me in 1884.png\n\nEnglish:  Signature of Princess Henriette of Belgium, Duchess of Vend\u00f4me in 1884\n\n\nDate\n\n1884\n\n\nSource\n\nhttp://www.altesses.eu/princes283.php\n\n\nAuthor\n\nAnonymousUnknown author\n\n\n"}, {"url": "https://commons.wikimedia.org/wiki/File:HenrietteBelgVend.jpg", "metadata": {"og:image": "https://upload.wikimedia.org/wikipedia/commons/4/44/HenrietteBelgVend.jpg", "og:image:width": "640", "og:image:height": "1000", "og:title": "File:HenrietteBelgVend.jpg - Wikimedia Commons", "og:type": "website"}, "text": "\n\n\n\nAuthor\n\n\nUnknown authorUnknown author\n\n\nDescription\n\n\nDeutsch:  Henriette von Belgien (1870-1948), Herzogin von Vend\u00f4meEnglish:  Princess Henriette of Belgium (1870-1948), Duchess of Vend\u00f4me Fran\u00e7ais\u00a0:  S. A. R. princesse Henriette de Belgique, la duchesse de Vend\u00f4me et princesse d'Orl\u00e9ans par mariage\n\n\nDate\n\ncirca 1900date QS:P571,+1900-00-00T00:00:00Z/9,P1480,Q5727902\n\n\nSource\n\nhttps://www.flickr.com/photos/mrsfujita/3892974412/\n\n\n"}, {"url": "https://commons.wikimedia.org/wiki/File:Acte_de_mariage_de_la_Princesse_Henriette_de_Belgique_(12_f%C3%A9vrier_1896).jpg", "metadata": {"og:image": "https://upload.wikimedia.org/wikipedia/commons/thumb/f/f0/Acte_de_mariage_de_la_Princesse_Henriette_de_Belgique_%2812_f%C3%A9vrier_1896%29.jpg/640px-Acte_de_mariage_de_la_Princesse_Henriette_de_Belgique_%2812_f%C3%A9vrier_1896%29.jpg", "og:image:width": "640", "og:image:height": "464", "og:title": "File:Acte de mariage de la Princesse Henriette de Belgique (12 f\u00e9vrier 1896).jpg - Wikimedia Commons", "og:type": "website"}, "text": "\n\n\nDescriptionActe de mariage de la Princesse Henriette de Belgique (12 f\u00e9vrier 1896).jpg\n\nFran\u00e7ais\u00a0:  Acte de mariage de la Princesse Henriette (12 f\u00e9vrier 1896) dress\u00e9 sous l'autorit\u00e9 d'\u00c9mile de Mot, Premier \u00c9chevin, Officier d'\u00c9tat  civil\nEnglish:  Mariage act of Princess Henriette of Belgium (12th february 1896) laid under the authority of \u00c9mile de Mot, First Alderman, Civil Record Officer of Brussels\n\n\nDate\n\n12 February 1896\n\n\nSource\n\n\u00c9tat civil de la Ville de Bruxelles, actes de mariage de 1896, acte n\u00b0 223 du 12 f\u00e9vrier 1896 (open a \"familysearch.org\" account to read the link).\n\n\nAuthor\n\n\u00c9mile de Mot, Premier \u00c9chevin faisant fonction de Bourgmestre de Bruxelles, Officier d'\u00c9tat Civil de Bruxelles\n\n\n"}, {"url": "https://commons.wikimedia.org/wiki/File:Acte_de_naissance_de_la_Princesse_Henriette_(30_novembre_1870).jpg", "metadata": {"og:image": "https://upload.wikimedia.org/wikipedia/commons/thumb/8/80/Acte_de_naissance_de_la_Princesse_Henriette_%2830_novembre_1870%29.jpg/640px-Acte_de_naissance_de_la_Princesse_Henriette_%2830_novembre_1870%29.jpg", "og:image:width": "640", "og:image:height": "913", "og:title": "File:Acte de naissance de la Princesse Henriette (30 novembre 1870).jpg - Wikimedia Commons", "og:type": "website"}, "text": "\n\n\nDescriptionActe de naissance de la Princesse Henriette (30 novembre 1870).jpg\n\nFran\u00e7ais\u00a0:  Acte de naissance de la Princesse Henriette (30 novembre 1870) dress\u00e9 sous l'autorit\u00e9 du Bourgmestre Jules Anspach, Officier d'\u00c9tat Civil\nEnglish:  Birth act of Princess Henriette of Belgium (born 30th november 1870) laid under the authority of Burgomaster Jules Anspach, Civil Record Officer of Brussels\n\n\nDate\n\n1 December 1870\n\n\nSource\n\n\u00c9tat civil de la Ville de Bruxelles, actes de naissance de 1870, 1er d\u00e9cembre 1870 (open a \"familysearch.org\" account to read the link).\n\n\nAuthor\n\nJules Anspach, Bourgmestre de Bruxelles de 1863 \u00e0 1879\n\n\n"}, {"url": "https://commons.wikimedia.org/wiki/File:Albert_I_of_Belgium_with_his_sisters.jpg", "metadata": {"og:image": "https://upload.wikimedia.org/wikipedia/commons/2/2d/Albert_I_of_Belgium_with_his_sisters.jpg", "og:image:width": "640", "og:image:height": "1053", "og:title": "File:Albert I of Belgium with his sisters.jpg - Wikimedia Commons", "og:type": "website"}, "text": "\n\n\nDescriptionAlbert I of Belgium with his sisters.jpg\n\nEnglish:  Prince Albert (future King Albert I of Belgium) and sisters, Henriette (sitting) (later Duchess of Vend\u00f4me) and Josephine (Later Princess of Hohenzollern-Sigmaringen)\n\n\nDate\n\n1890sdate QS:P,+1890-00-00T00:00:00Z/8\n\n\nSource\n\nCollection Ralf De Jonge\n\n\nAuthor\n\nUnknown authorUnknown author\n\n\n"}, {"url": "https://commons.wikimedia.org/wiki/File:Aquarelle_de_Henriette_1903.jpg", "metadata": {"og:image": "https://upload.wikimedia.org/wikipedia/commons/thumb/3/32/Aquarelle_de_Henriette_1903.jpg/640px-Aquarelle_de_Henriette_1903.jpg", "og:image:width": "640", "og:image:height": "457", "og:title": "File:Aquarelle de Henriette 1903.jpg - Wikimedia Commons", "og:type": "website"}, "text": "\n\n\nDescriptionAquarelle de Henriette 1903.jpg\n\nFran\u00e7ais\u00a0:  Aquarelle de Henriette de Belgique (1903)\n\n\nDate\n\n1903\n\n\nSource\n\nSelf-scanned\n\n\nAuthor\n\nHenriette de Belgique\n\n\n"}, {"url": "https://commons.wikimedia.org/wiki/File:Baudouin_with_little_sister_Henriette.jpg", "metadata": {"og:image": "https://upload.wikimedia.org/wikipedia/commons/6/68/Baudouin_with_little_sister_Henriette.jpg", "og:image:width": "640", "og:image:height": "970", "og:title": "File:Baudouin with little sister Henriette.jpg - Wikimedia Commons", "og:type": "website"}, "text": "\n\n\nDescriptionBaudouin with little sister Henriette.jpg\n\nFran\u00e7ais\u00a0:  Prince Baudouin et princesse Henriette (qui deviendra duchesse de Vend\u00f4me) de Belgique, enfants du prince Philippe, comte de Flandre et de la princesse Marie de Hohenzoller.\n\n\nDate\n\nlate 1870s\n\n\nSource\n\nhttps://anna-moscowriuo.livejournal.com/769501.html\n\n\nAuthor\n\nUnknown authorUnknown author\n\n\n"}, {"url": "https://commons.wikimedia.org/wiki/File:Gravin_van_Vlaanderen.tif", "metadata": {"og:image": "https://upload.wikimedia.org/wikipedia/commons/thumb/c/ca/Gravin_van_Vlaanderen.tif/lossy-page1-640px-Gravin_van_Vlaanderen.tif.jpg", "og:image:width": "640", "og:image:height": "456", "og:title": "File:Gravin van Vlaanderen.tif - Wikimedia Commons", "og:type": "website"}, "text": "\n\n\nDescriptionGravin van Vlaanderen.tif\n\nNederlands:  Gravin van Vlaanderen met gezin\n\n\nDate\n\n17 January 2007\n\n\nSource\n\nOwn work\n\n\nAuthor\n\nRalfdejonge\n\n\n"}, {"url": "https://commons.wikimedia.org/wiki/File:Henriette_de_Belgique_durant_la_guerre_1914-1918.jpg", "metadata": {"og:image": "https://upload.wikimedia.org/wikipedia/commons/thumb/e/ef/Henriette_de_Belgique_durant_la_guerre_1914-1918.jpg/640px-Henriette_de_Belgique_durant_la_guerre_1914-1918.jpg", "og:image:width": "640", "og:image:height": "556", "og:title": "File:Henriette de Belgique durant la guerre 1914-1918.jpg - Wikimedia Commons", "og:type": "website"}, "text": "\n\n\nDescriptionHenriette de Belgique durant la guerre 1914-1918.jpg\n\nFran\u00e7ais\u00a0:  Henriette de Belgique durant la guerre 1914-1918\n\n\nDate\n\nTemplate:Other data between\n\n\nSource\n\nSelf-scanned\n\n\nAuthor\n\nUnknown authorUnknown author\n\n\n"}, {"url": "https://commons.wikimedia.org/wiki/File:Henriette_de_Belgique_et_sa_famille_%C3%A0_Neuilly.jpg", "metadata": {"og:image": "https://upload.wikimedia.org/wikipedia/commons/thumb/f/ff/Henriette_de_Belgique_et_sa_famille_%C3%A0_Neuilly.jpg/640px-Henriette_de_Belgique_et_sa_famille_%C3%A0_Neuilly.jpg", "og:image:width": "640", "og:image:height": "408", "og:title": "File:Henriette de Belgique et sa famille \u00e0 Neuilly.jpg - Wikimedia Commons", "og:type": "website"}, "text": "\n\n\nDescriptionHenriette de Belgique et sa famille \u00e0 Neuilly.jpg\n\nFran\u00e7ais\u00a0:  Henriette de Belgique et sa famille \u00e0 Neuilly\u00a0: Emmanuel duc de Vend\u00f4me et leurs trois filles vers 1903\n\n\nDate\n\n1903\n\n\nSource\n\nSelf-scanned\n\n\nAuthor\n\nUnknown authorUnknown author\n\n\n"}, {"url": "https://commons.wikimedia.org/wiki/File:Henriette_de_Belgique.jpg", "metadata": {"og:image": "https://upload.wikimedia.org/wikipedia/commons/thumb/e/ed/Henriette_de_Belgique.jpg/640px-Henriette_de_Belgique.jpg", "og:image:width": "640", "og:image:height": "1047", "og:title": "File:Henriette de Belgique.jpg - Wikimedia Commons", "og:type": "website"}, "text": "\n\n\nDescriptionHenriette de Belgique.jpg\n\nFran\u00e7ais\u00a0:  Henriette de Belgique.\n\n\nDate\n\n1871\n\n\nSource\n\nhttps://www.royalcollection.org.uk/collection/search#/23/collection/2908428/henriette-princess-of-flanders-1870-1948\n\n\nAuthor\n\nGh\u00e9mar Fr\u00e8res\n\n\n"}, {"url": "https://commons.wikimedia.org/wiki/File:Henriette_of_Belgium,_Duchess_of_Vend%C3%B4me.jpg", "metadata": {"og:image": "https://upload.wikimedia.org/wikipedia/commons/thumb/f/f3/Henriette_of_Belgium%2C_Duchess_of_Vend%C3%B4me.jpg/640px-Henriette_of_Belgium%2C_Duchess_of_Vend%C3%B4me.jpg", "og:image:width": "640", "og:image:height": "928", "og:title": "File:Henriette of Belgium, Duchess of Vend\u00f4me.jpg - Wikimedia Commons", "og:type": "website"}, "text": "\n\n\nDescriptionHenriette of Belgium, Duchess of Vend\u00f4me.jpg\n\nEnglish:  Princess Henriette of Belgium, Duchess of Vend\u00f4me\n\n\nDate\n\nmid 1890s\n\n\nSource\n\nCollection Ralf De Jonge\n\n\nAuthor\n\nUnknown authorUnknown author\n\n\n"}, {"url": "https://commons.wikimedia.org/wiki/File:HRH_Princess_Henriette_of_Belgium,_Duchess_of_Vend%C3%B4me.jpg", "metadata": {"og:image": "https://upload.wikimedia.org/wikipedia/commons/1/12/HRH_Princess_Henriette_of_Belgium%2C_Duchess_of_Vend%C3%B4me.jpg", "og:image:width": "640", "og:image:height": "940", "og:title": "File:HRH Princess Henriette of Belgium, Duchess of Vend\u00f4me.jpg - Wikimedia Commons", "og:type": "website"}, "text": "\n\n\nDescriptionHRH Princess Henriette of Belgium, Duchess of Vend\u00f4me.jpg\n\nEnglish:  HRH Princess Henriette of Belgium, Duchess of Vend\u00f4me\n\n\nDate\n\ncirca 1905date QS:P,+1905-00-00T00:00:00Z/9,P1480,Q5727902\n\n\nSource\n\nhttps://uk.pinterest.com/pin/443252788298789348/\n\n\nAuthor\n\n\n\n\n\nFr\u00e9d\u00e9ric Boissonnas\n\u00a0(1858\u20131946)\u00a0\u00a0 \u00a0\n\n\n\n\n\nAlternative names\n\nFr\u00e9d\u00e9ric Boissonas; Boissonnas; \u03a6\u03c1\u03b5\u03bd\u03c4 \u039c\u03c0\u03bf\u03c5\u03b1\u03c3\u03bf\u03bd\u03ac\u03c2; \u03a6\u03c1\u03ad\u03bd\u03c4 \u039c\u03c0\u03bf\u03c5\u03b1\u03c3\u03bf\u03bd\u03ac; Fred Boissonnas; Frederic Boissonnas; Phrent Bouasonas; Fred Boisonnas; Fred Boissonais; Frederick Boissonnas\n\nDescription\nFrench-Swiss photographer\n\nDate of birth/death\n\n18 June 1858\u00a0\n17 October 1946\u00a0\n\nLocation of birth/death\n\nGeneva\nGeneva\n\nWork location\n\nGreece; Geneva\u00a0\n\nAuthority file\n\n: Q123457\nVIAF:\u200941859381\nISNI:\u2009000000011442593X\nULAN:\u2009500026349\nLCCN:\u2009n85818543\nGND:\u2009122328213\nWorldCat\n\n\n\ncreator QS:P170,Q123457 & Andr\u00e9 Taponier\n\n\n"}, {"url": "https://commons.wikimedia.org/wiki/File:La_Duchesse_de_Vendome_et_la_Princesse_Genevieve_d%60Orleans.jpg", "metadata": {"og:image": "https://upload.wikimedia.org/wikipedia/commons/5/58/La_Duchesse_de_Vendome_et_la_Princesse_Genevieve_d%60Orleans.jpg", "og:image:width": "640", "og:image:height": "1051", "og:title": "File:La Duchesse de Vendome et la Princesse Genevieve d`Orleans.jpg - Wikimedia Commons", "og:type": "website"}, "text": "\n\n\nDescriptionLa Duchesse de Vendome et la Princesse Genevieve d`Orleans.jpg\n\nFran\u00e7ais\u00a0:  La Duchesse de Vendome et la Princesse Genevieve d`Orleans\nEnglish:  Princess Henriette of Belgium, Duchess of Vend\u00f4me with her daughter Genevi\u00e8ve d\u2019Orl\u00e9ans\n\n\nDate\n\ncirca 1910date QS:P,+1910-00-00T00:00:00Z/9,P1480,Q5727902\n\n\nSource\n\nhttps://www.flickr.com/photos/mrsfujita/5729669734/\n\n\nAuthor\n\n\n\n\n\nFr\u00e9d\u00e9ric Boissonnas\n\u00a0(1858\u20131946)\u00a0\u00a0 \u00a0\n\n\n\n\n\nAlternative names\n\nFr\u00e9d\u00e9ric Boissonas; Boissonnas; \u03a6\u03c1\u03b5\u03bd\u03c4 \u039c\u03c0\u03bf\u03c5\u03b1\u03c3\u03bf\u03bd\u03ac\u03c2; \u03a6\u03c1\u03ad\u03bd\u03c4 \u039c\u03c0\u03bf\u03c5\u03b1\u03c3\u03bf\u03bd\u03ac; Fred Boissonnas; Frederic Boissonnas; Phrent Bouasonas; Fred Boisonnas; Fred Boissonais; Frederick Boissonnas\n\nDescription\nFrench-Swiss photographer\n\nDate of birth/death\n\n18 June 1858\u00a0\n17 October 1946\u00a0\n\nLocation of birth/death\n\nGeneva\nGeneva\n\nWork location\n\nGreece; Geneva\u00a0\n\nAuthority file\n\n: Q123457\nVIAF:\u200941859381\nISNI:\u2009000000011442593X\nULAN:\u2009500026349\nLCCN:\u2009n85818543\nGND:\u2009122328213\nWorldCat\n\n\n\ncreator QS:P170,Q123457 & Andr\u00e9 Taponier\n\n\n"}, {"url": "https://commons.wikimedia.org/wiki/File:La_princesse_Henriette_de_Belgique.jpg", "metadata": {"og:image": "https://upload.wikimedia.org/wikipedia/commons/thumb/5/58/La_princesse_Henriette_de_Belgique.jpg/640px-La_princesse_Henriette_de_Belgique.jpg", "og:image:width": "640", "og:image:height": "842", "og:title": "File:La princesse Henriette de Belgique.jpg - Wikimedia Commons", "og:type": "website"}, "text": "\n\n\nDescriptionLa princesse Henriette de Belgique.jpg\n\nFran\u00e7ais\u00a0:  S.A.R. la princesse Henriette de Belgique.\n\n\nDate\n\n1895\n\n\nSource\n\nL\u2019Illustration, 7 d\u00e9cembre 1895, p.\u00a0469.\n\n\nAuthor\n\nUnknown authorUnknown authorD\u2019apr\u00e8s une photographie de Jean G\u00fcnther.\n\n\n"}, {"url": "https://commons.wikimedia.org/wiki/File:Le_ch%C3%A2teau_de_Tourronde_(Lugrin)_au_d%C3%A9but_du_XX_%C3%A8_si%C3%A8cle.jpg", "metadata": {"og:image": "https://upload.wikimedia.org/wikipedia/commons/thumb/3/39/Le_ch%C3%A2teau_de_Tourronde_%28Lugrin%29_au_d%C3%A9but_du_XX_%C3%A8_si%C3%A8cle.jpg/640px-Le_ch%C3%A2teau_de_Tourronde_%28Lugrin%29_au_d%C3%A9but_du_XX_%C3%A8_si%C3%A8cle.jpg", "og:image:width": "640", "og:image:height": "406", "og:title": "File:Le ch\u00e2teau de Tourronde (Lugrin) au d\u00e9but du XX \u00e8 si\u00e8cle.jpg - Wikimedia Commons", "og:type": "website"}, "text": "\n\n\nDescriptionLe ch\u00e2teau de Tourronde (Lugrin) au d\u00e9but du XX \u00e8 si\u00e8cle.jpg\n\nFran\u00e7ais\u00a0:  Ch\u00e2teau de Tourronde (Blonay) \u00e0 Lugrin\n\n\nDate\n\n23 February 2011, 18:19:35\n\n\nSource\n\nSelf-scanned\n\n\nAuthor\n\nUnknown authorUnknown author\n\n\n"}, {"url": "https://commons.wikimedia.org/wiki/File:Maria,_Countess_of_Flanders_and_her_children.jpg", "metadata": {"og:image": "https://upload.wikimedia.org/wikipedia/commons/b/b8/Maria%2C_Countess_of_Flanders_and_her_children.jpg", "og:image:width": "640", "og:image:height": "1013", "og:title": "File:Maria, Countess of Flanders and her children.jpg - Wikimedia Commons", "og:type": "website"}, "text": "\n\n\nDescriptionMaria, Countess of Flanders and her children.jpg\n\nEnglish:  Maria, Countess of Flanders and her children: Marie, Countess of Flanders with her children: Baudouin, Henriette and Jos\u00e9phine Caroline\n\n\nDate\n\n1870sdate QS:P,+1870-00-00T00:00:00Z/8\n\n\nSource\n\nhttp://picmoonco.pw/Prince-Franz-of-Bavaria-in-parade-uniform-RARE-pcd-Royalty.html\n\n\nAuthor\n\nUnknown authorUnknown author\n\n\n"}, {"url": "https://commons.wikimedia.org/wiki/File:Marie,_Countess_of_Flanders_with_her_children.jpg", "metadata": {"og:image": "https://upload.wikimedia.org/wikipedia/commons/d/de/Marie%2C_Countess_of_Flanders_with_her_children.jpg", "og:image:width": "640", "og:image:height": "467", "og:title": "File:Marie, Countess of Flanders with her children.jpg - Wikimedia Commons", "og:type": "website"}, "text": "\n\n\nDescriptionMarie, Countess of Flanders with her children.jpg\n\nEnglish:  Marie, Countess of Flanders with her children: Baudouin, Henriette, Jos\u00e9phine Caroline and Albert.\n\n\nDate\n\nlate 1870s\n\n\nSource\n\nhttp://www.ak-ansichtskarten.de/ak/90-Alte-Ansichtskarte/43-Adel-Belgien/8162920-AK-Adel-von-Belgien-La-Comtesse-et-les-Princes-et-Princesses-de-Flandre\n\n\nAuthor\n\nUnknown authorUnknown author\n\n\n"}, {"url": "https://commons.wikimedia.org/wiki/File:Princess_Henriette_of_Belgium_and_sister,_Princess_Jos%C3%A9phine_Caroline_of_Belgium.jpg", "metadata": {"og:image": "https://upload.wikimedia.org/wikipedia/commons/thumb/5/5d/Princess_Henriette_of_Belgium_and_sister%2C_Princess_Jos%C3%A9phine_Caroline_of_Belgium.jpg/640px-Princess_Henriette_of_Belgium_and_sister%2C_Princess_Jos%C3%A9phine_Caroline_of_Belgium.jpg", "og:image:width": "640", "og:image:height": "999", "og:title": "File:Princess Henriette of Belgium and sister, Princess Jos\u00e9phine Caroline of Belgium.jpg - Wikimedia Commons", "og:type": "website"}, "text": "\n\n\nDescriptionPrincess Henriette of Belgium and sister, Princess Jos\u00e9phine Caroline of Belgium.jpg\n\nEnglish:  Princess Henriette of Belgium and sister, Princess Jos\u00e9phine Caroline of Belgium\n\n\nDate\n\nbetween circa 1880 and circa 1900date QS:P,+1500-00-00T00:00:00Z/6,P1319,+1880-00-00T00:00:00Z/9,P1326,+1900-00-00T00:00:00Z/9,P1480,Q5727902\n\n\nSource\n\neuropeana.eu\n\n\nAuthor\n\n\n\n\n\nJean G\u00fcnther\n\u00a0(1860\u2013)\u00a0 \u00a0\n\n\nDescription\nGerman-Belgian photographer\n\nDate of birth/death\n\n23 July 1860\u00a0\nbetween 1920 and 1922date QS:P,+1920-00-00T00:00:00Z/8,P1319,+1920-00-00T00:00:00Z/9,P1326,+1922-00-00T00:00:00Z/9\u00a0\n\nLocation of birth\n\nBonn\n\n\nWork period\n1875\u00a0\u20131914\u00a0\n\nWork location\n\nCity of Brussels\u00a0\n\nAuthority file\n\n: Q116240749\n\n\n\ncreator QS:P170,Q116240749\n\n\n"}, {"url": "https://commons.wikimedia.org/wiki/File:Princess_Henriette_of_Belgium_with_Marie_Louise,_1898_.jpg", "metadata": {"og:image": "https://upload.wikimedia.org/wikipedia/commons/thumb/5/58/Princess_Henriette_of_Belgium_with_Marie_Louise%2C_1898_.jpg/640px-Princess_Henriette_of_Belgium_with_Marie_Louise%2C_1898_.jpg", "og:image:width": "640", "og:image:height": "1031", "og:title": "File:Princess Henriette of Belgium with Marie Louise, 1898 .jpg - Wikimedia Commons", "og:type": "website"}, "text": "\n\n\nDescriptionPrincess Henriette of Belgium with Marie Louise, 1898 .jpg\n\nEnglish:  Princess Henriette of Belgium with Princess Marie Louise of Orl\u00e9ans (1896\u20131973)\n\n\nDate\n\n1898\n\n\nSource\n\nebay\n\n\nAuthor\n\n\n\n\n\nJean G\u00fcnther\n\u00a0(1860\u2013)\u00a0 \u00a0\n\n\nDescription\nGerman-Belgian photographer\n\nDate of birth/death\n\n23 July 1860\u00a0\nbetween 1920 and 1922date QS:P,+1920-00-00T00:00:00Z/8,P1319,+1920-00-00T00:00:00Z/9,P1326,+1922-00-00T00:00:00Z/9\u00a0\n\nLocation of birth\n\nBonn\n\n\nWork period\n1875\u00a0\u20131914\u00a0\n\nWork location\n\nCity of Brussels\u00a0\n\nAuthority file\n\n: Q116240749\n\n\n\ncreator QS:P170,Q116240749\n\n\n"}, {"url": "https://commons.wikimedia.org/wiki/File:Princess_Henriette_of_Belgium,_Duchess_of_Vend%C3%B4me.jpg", "metadata": {"og:image": "https://upload.wikimedia.org/wikipedia/commons/thumb/e/ee/Princess_Henriette_of_Belgium%2C_Duchess_of_Vend%C3%B4me.jpg/640px-Princess_Henriette_of_Belgium%2C_Duchess_of_Vend%C3%B4me.jpg", "og:image:width": "640", "og:image:height": "1010", "og:title": "File:Princess Henriette of Belgium, Duchess of Vend\u00f4me.jpg - Wikimedia Commons", "og:type": "website"}, "text": "\n\n\nDescriptionPrincess Henriette of Belgium, Duchess of Vend\u00f4me.jpg\n\nEnglish:  Princess Henriette of Belgium, Duchess of Vend\u00f4me\n\n\nDate\n\ncirca 1895date QS:P,+1895-00-00T00:00:00Z/9,P1480,Q5727902\n\n\nSource\n\nhttps://www.flickr.com/photos/mrsfujita/5109683589/\n\n\nAuthor\n\n\n\n\n\nFr\u00e9d\u00e9ric Boissonnas\n\u00a0(1858\u20131946)\u00a0\u00a0 \u00a0\n\n\n\n\n\nAlternative names\n\nFr\u00e9d\u00e9ric Boissonas; Boissonnas; \u03a6\u03c1\u03b5\u03bd\u03c4 \u039c\u03c0\u03bf\u03c5\u03b1\u03c3\u03bf\u03bd\u03ac\u03c2; \u03a6\u03c1\u03ad\u03bd\u03c4 \u039c\u03c0\u03bf\u03c5\u03b1\u03c3\u03bf\u03bd\u03ac; Fred Boissonnas; Frederic Boissonnas; Phrent Bouasonas; Fred Boisonnas; Fred Boissonais; Frederick Boissonnas\n\nDescription\nFrench-Swiss photographer\n\nDate of birth/death\n\n18 June 1858\u00a0\n17 October 1946\u00a0\n\nLocation of birth/death\n\nGeneva\nGeneva\n\nWork location\n\nGreece; Geneva\u00a0\n\nAuthority file\n\n: Q123457\nVIAF:\u200941859381\nISNI:\u2009000000011442593X\nULAN:\u2009500026349\nLCCN:\u2009n85818543\nGND:\u2009122328213\nWorldCat\n\n\n\ncreator QS:P170,Q123457 & Andr\u00e9 Taponier\n\n\n"}, {"url": "https://commons.wikimedia.org/wiki/File:Princess_Henriette_of_Belgium.jpg", "metadata": {"og:image": "https://upload.wikimedia.org/wikipedia/commons/thumb/1/1b/Princess_Henriette_of_Belgium.jpg/640px-Princess_Henriette_of_Belgium.jpg", "og:image:width": "640", "og:image:height": "1025", "og:title": "File:Princess Henriette of Belgium.jpg - Wikimedia Commons", "og:type": "website"}, "text": "\n\n\nDescriptionPrincess Henriette of Belgium.jpg\n\nEnglish:  Princess Henriette of Belgium\n\n\nDate\n\nbetween circa 1880 and circa 1900date QS:P,+1500-00-00T00:00:00Z/6,P1319,+1880-00-00T00:00:00Z/9,P1326,+1900-00-00T00:00:00Z/9,P1480,Q5727902\n\n\nSource\n\neuropeana.eu\n\n\nAuthor\n\n\n\n\n\nJean G\u00fcnther\n\u00a0(1860\u2013)\u00a0 \u00a0\n\n\nDescription\nGerman-Belgian photographer\n\nDate of birth/death\n\n23 July 1860\u00a0\nbetween 1920 and 1922date QS:P,+1920-00-00T00:00:00Z/8,P1319,+1920-00-00T00:00:00Z/9,P1326,+1922-00-00T00:00:00Z/9\u00a0\n\nLocation of birth\n\nBonn\n\n\nWork period\n1875\u00a0\u20131914\u00a0\n\nWork location\n\nCity of Brussels\u00a0\n\nAuthority file\n\n: Q116240749\n\n\n\ncreator QS:P170,Q116240749\n\n\n"}, {"url": "https://commons.wikimedia.org/wiki/File:Princess_Henriette_of_Belgium1_(cropped).png", "metadata": {"og:image": "https://upload.wikimedia.org/wikipedia/commons/9/97/Princess_Henriette_of_Belgium1_%28cropped%29.png", "og:image:width": "640", "og:image:height": "865", "og:title": "File:Princess Henriette of Belgium1 (cropped).png - Wikimedia Commons", "og:type": "website"}, "text": "\n\n\nDescriptionPrincess Henriette of Belgium1 (cropped).png\n\nEnglish:  Princess Henriette of Belgium, wife of Prince Emmanuel, Duke of Vendome, wears a beaded bandeau in a postcard portrait.\n\n\nDate\n\nca. 1910s\n\n\nSource\n\nCollection Ralf De Jonge\n\n\nAuthor\n\nUnknown authorUnknown author\n\n\nOther versions\n\n\n\n\nThis file has been extracted from another file: Princess Henriette of Belgium1.png\n\n\n\n\n\n\n"}, {"url": "https://commons.wikimedia.org/wiki/File:Princess_Henriette_of_Belgium1.png", "metadata": {"og:image": "https://upload.wikimedia.org/wikipedia/commons/f/f8/Princess_Henriette_of_Belgium1.png", "og:image:width": "640", "og:image:height": "966", "og:title": "File:Princess Henriette of Belgium1.png - Wikimedia Commons", "og:type": "website"}, "text": "\n\n\nDescriptionPrincess Henriette of Belgium1.png\n\nEnglish:  Princess Henriette of Belgium, wife of Prince Emmanuel, Duke of Vendome, wears a beaded bandeau in a postcard portrait.\n\n\nDate\n\nca. 1910s\n\n\nSource\n\nCollection Ralf De Jonge\n\n\nAuthor\n\nUnknown authorUnknown author\n\n\nOther versions\n\n\nThis file has an extracted image: Princess Henriette of Belgium1 (cropped).png.\n\n\n\n"}, {"url": "https://commons.wikimedia.org/wiki/File:Princess_Marie,_Countess_of_Flanders_with_Josephine_and_Henriette.jpg", "metadata": {"og:image": "https://upload.wikimedia.org/wikipedia/commons/thumb/b/b5/Princess_Marie%2C_Countess_of_Flanders_with_Josephine_and_Henriette.jpg/640px-Princess_Marie%2C_Countess_of_Flanders_with_Josephine_and_Henriette.jpg", "og:image:width": "640", "og:image:height": "1236", "og:title": "File:Princess Marie, Countess of Flanders with Josephine and Henriette.jpg - Wikimedia Commons", "og:type": "website"}, "text": "\n\n\nDescriptionPrincess Marie, Countess of Flanders with Josephine and Henriette.jpg\n\nPortugu\u00eas:  Princess Marie, Countess of Flanders with Josephine and Henriette\n\n\nDate\n\ncirca 1870date QS:P,+1870-00-00T00:00:00Z/9,P1480,Q5727902\n\n\nSource\n\nhttps://www.europeana.eu/pt/item/520/providedCHO_4172_HU_MNL_OL_P_240_1__a_291_\n\n\nAuthor\n\nUnknown authorUnknown author\n\n\n"}, {"url": "https://commons.wikimedia.org/wiki/File:Queen_Elisabeth_of_the_Belgians_and_Henriette,_Duchess_of_Vend%C3%B4me_in_Wulveringem.jpg", "metadata": {"og:image": "https://upload.wikimedia.org/wikipedia/commons/thumb/f/f6/Queen_Elisabeth_of_the_Belgians_and_Henriette%2C_Duchess_of_Vend%C3%B4me_in_Wulveringem.jpg/640px-Queen_Elisabeth_of_the_Belgians_and_Henriette%2C_Duchess_of_Vend%C3%B4me_in_Wulveringem.jpg", "og:image:width": "640", "og:image:height": "439", "og:title": "File:Queen Elisabeth of the Belgians and Henriette, Duchess of Vend\u00f4me in Wulveringem.jpg - Wikimedia Commons", "og:type": "website"}, "text": "\n\n\nDescriptionQueen Elisabeth of the Belgians and Henriette, Duchess of Vend\u00f4me in Wulveringem.jpg\n\nEnglish:  Queen Elisabeth of the Belgians and her sister-in-law Henriette, Duchess of Vend\u00f4me in Wulveringem. The child in front is picking his nose.\n\n\nDate\n\nduring World War I\n\n\nSource\n\nCollection Ralf De Jonge\n\n\nAuthor\n\nUnknown authorUnknown author\n\n\n"}, {"url": "https://commons.wikimedia.org/wiki/File:Signature_of_Princess_Henriette_of_Belgium,_Duchess_of_Vend%C3%B4me_in_1884.png", "metadata": {"og:image": "https://upload.wikimedia.org/wikipedia/commons/e/e1/Signature_of_Princess_Henriette_of_Belgium%2C_Duchess_of_Vend%C3%B4me_in_1884.png", "og:image:width": "640", "og:image:height": "325", "og:title": "File:Signature of Princess Henriette of Belgium, Duchess of Vend\u00f4me in 1884.png - Wikimedia Commons", "og:type": "website"}, "text": "\n\n\nDescriptionSignature of Princess Henriette of Belgium, Duchess of Vend\u00f4me in 1884.png\n\nEnglish:  Signature of Princess Henriette of Belgium, Duchess of Vend\u00f4me in 1884\n\n\nDate\n\n1884\n\n\nSource\n\nhttp://www.altesses.eu/princes283.php\n\n\nAuthor\n\nAnonymousUnknown author\n\n\n"}, {"url": "https://commons.wikimedia.org/wiki/File:Souvenir_d%27amit%C3%A9_Henriette_de_Belgique_Duchesse_de_Vendome.jpg", "metadata": {"og:image": "https://upload.wikimedia.org/wikipedia/commons/thumb/d/de/Souvenir_d%27amit%C3%A9_Henriette_de_Belgique_Duchesse_de_Vendome.jpg/640px-Souvenir_d%27amit%C3%A9_Henriette_de_Belgique_Duchesse_de_Vendome.jpg", "og:image:width": "640", "og:image:height": "754", "og:title": "File:Souvenir d'amit\u00e9 Henriette de Belgique Duchesse de Vendome.jpg - Wikimedia Commons", "og:type": "website"}, "text": "\n\n\nDescriptionSouvenir d'amit\u00e9 Henriette de Belgique Duchesse de Vendome.jpg\n\nEnglish:  Souvenir_d'amit\u00e9 Henriette de Belgique Duchesse de Vendome\n\n\nDate\n\nUnknown dateUnknown date\n\n\nSource\n\nebay\n\n\nAuthor\n\n\n\n\n\nJean G\u00fcnther\n\u00a0(1860\u2013)\u00a0 \u00a0\n\n\nDescription\nGerman-Belgian photographer\n\nDate of birth/death\n\n23 July 1860\u00a0\nbetween 1920 and 1922date QS:P,+1920-00-00T00:00:00Z/8,P1319,+1920-00-00T00:00:00Z/9,P1326,+1922-00-00T00:00:00Z/9\u00a0\n\nLocation of birth\n\nBonn\n\n\nWork period\n1875\u00a0\u20131914\u00a0\n\nWork location\n\nCity of Brussels\u00a0\n\nAuthority file\n\n: Q116240749\n\n\n\ncreator QS:P170,Q116240749\n\n\n"}, {"url": "https://commons.wikimedia.org/wiki/File:Victoire_Eug%C3%A9nie_de_Battenberg,_Henriette_de_Belgique,_Marie-Jos%C3%A9_de_Belgique_et_Lilian_Baels.jpg", "metadata": {"og:image": "https://upload.wikimedia.org/wikipedia/commons/thumb/0/0f/Victoire_Eug%C3%A9nie_de_Battenberg%2C_Henriette_de_Belgique%2C_Marie-Jos%C3%A9_de_Belgique_et_Lilian_Baels.jpg/640px-Victoire_Eug%C3%A9nie_de_Battenberg%2C_Henriette_de_Belgique%2C_Marie-Jos%C3%A9_de_Belgique_et_Lilian_Baels.jpg", "og:image:width": "640", "og:image:height": "490", "og:title": "File:Victoire Eug\u00e9nie de Battenberg, Henriette de Belgique, Marie-Jos\u00e9 de Belgique et Lilian Baels.jpg - Wikimedia Commons", "og:type": "website"}, "text": "\n\n\nDescriptionVictoire Eug\u00e9nie de Battenberg, Henriette de Belgique, Marie-Jos\u00e9 de Belgique et Lilian Baels.jpg\n\nFran\u00e7ais\u00a0:  Victoire Eug\u00e9nie de Battenberg, Henriette de Belgique, Marie-Jos\u00e9 de Belgique et Lilian Baels\n\n\nDate\n\n31 July 2014, 19:41:07\n\n\nSource\n\nSelf-scanned\n\n\nAuthor\n\nUnknown authorUnknown author\n\n\n"}, {"url": "https://commons.wikimedia.org/wiki/File:Voyage_en_Afrique_de_la_duchesse_de_Vend%C3%B4me.jpg", "metadata": {"og:image": "https://upload.wikimedia.org/wikipedia/commons/thumb/0/00/Voyage_en_Afrique_de_la_duchesse_de_Vend%C3%B4me.jpg/640px-Voyage_en_Afrique_de_la_duchesse_de_Vend%C3%B4me.jpg", "og:image:width": "640", "og:image:height": "785", "og:title": "File:Voyage en Afrique de la duchesse de Vend\u00f4me.jpg - Wikimedia Commons", "og:type": "website"}, "text": "\n\n\nDescriptionVoyage en Afrique de la duchesse de Vend\u00f4me.jpg\n\nFran\u00e7ais\u00a0:  Voyage en Afrique du Nord de la duchesse de Vend\u00f4me (publi\u00e9e en 1928)\n\n\nDate\n\n22 July 2020, 14:05:38\n\n\nSource\n\nSelf-scanned\n\n\nAuthor\n\nUnknown authorUnknown author\n\n\n"}]