[{"url": "https://commons.wikimedia.org/wiki/File:Elena_e_Maria_Jos%C3%A9_entrano_a_Montecitorio.jpg", "metadata": {"og:image": "https://upload.wikimedia.org/wikipedia/commons/thumb/7/73/Elena_e_Maria_Jos%C3%A9_entrano_a_Montecitorio.jpg/640px-Elena_e_Maria_Jos%C3%A9_entrano_a_Montecitorio.jpg", "og:image:width": "640", "og:image:height": "519", "og:title": "File:Elena e Maria Jos\u00e9 entrano a Montecitorio.jpg - Wikimedia Commons", "og:type": "website"}, "text": "\n\n\nDescriptionElena e Maria Jos\u00e9 entrano a Montecitorio.jpg\n\nItaliano:  Sua Maest\u00e0 la Regina Elena e la Principessa di Piemonte Maria Jos\u00e9 entrano a Montecitorio per l'inaugurazione dell XXX legislatura\n\n\nDate\n\n1939\n\n\nSource\n\nhttp://foto.italiareale.it/elena-e-maria-jos%C3%A9-entrano-a-montecitorio-per-la-inaugurazione-dell-xxx-legislatura  https://picclick.it/C7270-La-Regina-Margherita-Di-Savoia-Scende-Dalla-293980989640.html\n\n\nAuthor\n\nUnknown authorUnknown author\n\n\nPermission(Reusing this file)\n\n\n\nPublic domainPublic domainfalsefalse\n\n\n\nPublic domain\n\nThe country of origin of this photograph is Italy. It is in the public domain there because its copyright term has expired. According to Law for the Protection of Copyright and Neighbouring Rights n.633, 22 April 1941 and later revisions, images of people or of aspects, elements and facts of natural or social life, obtained with photographic process or with an analogue one, including reproductions of figurative art and film frames of film stocks (Art. 87) are protected for a period of 20 years from creation (Art. 92). This provision shall not apply to photographs of writings, documents, business papers, material objects, technical drawings and similar products (Art. 87). Italian law makes an important distinction between \"works of photographic art\" and \"simple photographs\" (Art. 2, \u00a7 7). Photographs that are \"intellectual work with creative characteristics\" are protected for 70 years after the author's death (Art. 32 bis), whereas simple photographs are protected for a period of 20 years from creation.\n\nItaly\n\n\n\n\n\n\n\nThis may not apply in countries that don't apply the rule of the shorter term to works from Italy. In particular, these are in the public domain in the United States only if:\nwasn't in copyright in the United States due to being registered for copyright there (see Commons:Copyright tags#United States for most cases) and\nwas created prior to 1976 and published prior to 1978 \u2014 then it was out-of-copyright in Italy on the URAA date of restoration (January 1, 1996) (17 U.S.C. \u00a7 104A) (in most cases; for all cases, see Template:PD-Italy/US). If so, please add {{PD-1996}} in addition to this copyright tag. If the image was created after 1975 or was published after 1977, please add {{Not-PD-US-URAA}}.\n\n\u0627\u0644\u0639\u0631\u0628\u064a\u0629\u00a0\u2219 catal\u00e0\u00a0\u2219 Deutsch\u00a0\u2219 English\u00a0\u2219 espa\u00f1ol\u00a0\u2219 fran\u00e7ais\u00a0\u2219 magyar\u00a0\u2219 italiano\u00a0\u2219 \u65e5\u672c\u8a9e\u00a0\u2219 \u043c\u0430\u043a\u0435\u0434\u043e\u043d\u0441\u043a\u0438\u00a0\u2219 portugu\u00eas\u00a0\u2219 \u0440\u0443\u0441\u0441\u043a\u0438\u0439\u00a0\u2219 sicilianu\u00a0\u2219 \u4e2d\u6587\u00a0\u2219 \u4e2d\u6587\uff08\u7b80\u4f53\uff09\u00a0\u2219 \u4e2d\u6587\uff08\u7e41\u9ad4\uff09\u00a0\u2219 \u4e2d\u6587\uff08\u81fa\u7063\uff09\u00a0\u2219 +/\u2212\n\n\n\n\n"}, {"url": "https://commons.wikimedia.org/wiki/File:Pio_XII_al_Quirinale.JPG", "metadata": {"og:image": "https://upload.wikimedia.org/wikipedia/commons/thumb/b/b9/Pio_XII_al_Quirinale.JPG/640px-Pio_XII_al_Quirinale.JPG", "og:image:width": "640", "og:image:height": "910", "og:title": "File:Pio XII al Quirinale.JPG - Wikimedia Commons", "og:type": "website"}, "text": "\n\n\nDescriptionPio XII al Quirinale.JPG\n\nEnglish:  Visit of Pope Pius XII to the Quirinal PalaceDeutsch:  Elena von Montenegro, Marie Jos\u00e9 von Belgien und K\u00f6nig Viktor Emanuel III. von Italien\u00a0bei der Audienz mit Papst\u00a0Pius XII.\u00a0im\u00a0Quirinalspalast\n\n\nDate\n\n28 December 1939\n\n\nSource\n\nTransferred from it.wikipedia to Commons by TreasureIslandMedia.\n\n\nAuthor\n\nThe original uploader was Gregorovius at Italian Wikipedia.\n\n\nPermission(Reusing this file)\n\n\n\nPublic domainPublic domainfalsefalse\n\n\n\nPublic domain\n\nThe country of origin of this photograph is Italy. It is in the public domain there because its copyright term has expired. According to Law for the Protection of Copyright and Neighbouring Rights n.633, 22 April 1941 and later revisions, images of people or of aspects, elements and facts of natural or social life, obtained with photographic process or with an analogue one, including reproductions of figurative art and film frames of film stocks (Art. 87) are protected for a period of 20 years from creation (Art. 92). This provision shall not apply to photographs of writings, documents, business papers, material objects, technical drawings and similar products (Art. 87). Italian law makes an important distinction between \"works of photographic art\" and \"simple photographs\" (Art. 2, \u00a7 7). Photographs that are \"intellectual work with creative characteristics\" are protected for 70 years after the author's death (Art. 32 bis), whereas simple photographs are protected for a period of 20 years from creation.\n\nItaly\n\n\n\n\n\n\n\nThis may not apply in countries that don't apply the rule of the shorter term to works from Italy. In particular, these are in the public domain in the United States only if:\nwasn't in copyright in the United States due to being registered for copyright there (see Commons:Copyright tags#United States for most cases) and\nwas created prior to 1976 and published prior to 1978 \u2014 then it was out-of-copyright in Italy on the URAA date of restoration (January 1, 1996) (17 U.S.C. \u00a7 104A) (in most cases; for all cases, see Template:PD-Italy/US). If so, please add {{PD-1996}} in addition to this copyright tag. If the image was created after 1975 or was published after 1977, please add {{Not-PD-US-URAA}}.\n\n\u0627\u0644\u0639\u0631\u0628\u064a\u0629\u00a0\u2219 catal\u00e0\u00a0\u2219 Deutsch\u00a0\u2219 English\u00a0\u2219 espa\u00f1ol\u00a0\u2219 fran\u00e7ais\u00a0\u2219 magyar\u00a0\u2219 italiano\u00a0\u2219 \u65e5\u672c\u8a9e\u00a0\u2219 \u043c\u0430\u043a\u0435\u0434\u043e\u043d\u0441\u043a\u0438\u00a0\u2219 portugu\u00eas\u00a0\u2219 \u0440\u0443\u0441\u0441\u043a\u0438\u0439\u00a0\u2219 sicilianu\u00a0\u2219 \u4e2d\u6587\u00a0\u2219 \u4e2d\u6587\uff08\u7b80\u4f53\uff09\u00a0\u2219 \u4e2d\u6587\uff08\u7e41\u9ad4\uff09\u00a0\u2219 \u4e2d\u6587\uff08\u81fa\u7063\uff09\u00a0\u2219 +/\u2212\n\n\n\n\nPublic domainPublic domainfalsefalse\n\n\n\n\n\n\nThis work is in the public domain in the United States because it meets three requirements:\n\nit was first published outside the United States (and not published in the U.S. within 30 days),\nit was first published before 1 March 1989 without copyright notice or before 1964 without copyright renewal or before the source country established copyright relations with the United States,\nit was in the public domain in its home country (Italy) on the URAA date (1 January 1996).\n\nIt is also in the public domain in other countries and areas where the copyright terms of anonymous or pseudonymous works are 80 years or less since publication.\n\n\n\n\n\nFor background information, see the explanations on Non-U.S. copyrights.Note: in addition to this statement, there must be a statement on this page explaining why the work was PD on the URAA date in its source country (second case). Additionally, there must be verifiable information about previous publications of the work.\n\n\n\n\n\u09ac\u09be\u0982\u09b2\u09be\u00a0\u2219 Deutsch\u00a0\u2219 English\u00a0\u2219 \u65e5\u672c\u8a9e\u00a0\u2219 \u043c\u0430\u043a\u0435\u0434\u043e\u043d\u0441\u043a\u0438\u00a0\u2219 polski\u00a0\u2219 Ti\u1ebfng Vi\u1ec7t\u00a0\u2219 \u4e2d\u6587\uff08\u7b80\u4f53\uff09\u00a0\u2219 \u4e2d\u6587\uff08\u7e41\u9ad4\uff09\u00a0\u2219 \u4e2d\u6587\uff08\u81fa\u7063\uff09\u00a0\u2219 +/\u2212\n\n\n\n\n"}]