[{"url": "https://commons.wikimedia.org/wiki/File:%C3%9Cbergabe_des_ORF-Friedenslichtes_an_das_belgische_K%C3%B6nigshaus_durch_das_Friedenslichtkind.jpg", "metadata": {"og:image": "https://upload.wikimedia.org/wikipedia/commons/thumb/a/a4/%C3%9Cbergabe_des_ORF-Friedenslichtes_an_das_belgische_K%C3%B6nigshaus_durch_das_Friedenslichtkind.jpg/640px-%C3%9Cbergabe_des_ORF-Friedenslichtes_an_das_belgische_K%C3%B6nigshaus_durch_das_Friedenslichtkind.jpg", "og:image:width": "640", "og:image:height": "427", "og:title": "File:\u00dcbergabe des ORF-Friedenslichtes an das belgische K\u00f6nigshaus durch das Friedenslichtkind.jpg - Wikimedia Commons", "og:type": "website"}, "text": "\n\n\nDescription\u00dcbergabe des ORF-Friedenslichtes an das belgische K\u00f6nigshaus durch das Friedenslichtkind.jpg\n\nDeutsch:  \u00dcbergabe des ORF-Friedenslichtes an das belgische K\u00f6nigshaus durch das Friedenslichtkind Niklas Lehner gemeinsam mit dem Landeshauptmann von Ober\u00f6sterreich Thomas Stelzer und G\u00fcnther Hartl, ORF Ober\u00f6sterreich (2018, Land O\u00d6/Liedl)\n\n\nDate\n\n19 December 2018\n\n\nSource\n\nOwn work\n\n\nAuthor\n\nMichaelAlexander0412\n\n\n"}]