[{"url": "https://commons.wikimedia.org/wiki/File:Royal_Monogram_of_Princess_Elisabeth_of_Belgium.png", "metadata": {"og:image": "https://upload.wikimedia.org/wikipedia/commons/thumb/8/89/Royal_Monogram_of_Princess_Elisabeth_of_Belgium.png/640px-Royal_Monogram_of_Princess_Elisabeth_of_Belgium.png", "og:image:width": "640", "og:image:height": "717", "og:title": "File:Royal Monogram of Princess Elisabeth of Belgium.png - Wikimedia Commons", "og:type": "website"}, "text": "\n\n\nDescriptionRoyal Monogram of Princess Elisabeth of Belgium.png\n\nRoyal Monogram of Princess Elisabeth of Belgium\n\n\nDate\n\n26 August 2018\n\n\nSource\n\n[1]\n\n\nAuthor\n\nOrviIIe\u00a0This vector image includes elements that have been taken or adapted from this file:\u2009Royal Crown of Belgium (Heraldic).svg (by\u00a0Sodacan).\n\n\n"}, {"url": "https://commons.wikimedia.org/wiki/File:Royal_Monogram_of_Princess_Elisabeth_of_Belgium.svg", "metadata": {"og:image": "https://upload.wikimedia.org/wikipedia/commons/thumb/0/00/Royal_Monogram_of_Princess_Elisabeth_of_Belgium.svg/640px-Royal_Monogram_of_Princess_Elisabeth_of_Belgium.svg.png", "og:image:width": "640", "og:image:height": "1458", "og:title": "File:Royal Monogram of Princess Elisabeth of Belgium.svg - Wikimedia Commons", "og:type": "website"}, "text": "\n\n\nDescriptionRoyal Monogram of Princess Elisabeth of Belgium.svg\n\nEnglish:  Royal Monogram of Princess Elisabeth of Belgium\n\n\nDate\n\n29 December 2020\n\n\nSource\n\n2019 Belgian stamp\n\n\nAuthor\n\nGlasshouse\n\n\n"}]