[{"url": "https://commons.wikimedia.org/wiki/File:PM_110544_Liebig_Chromos.jpg", "metadata": {"og:image": "https://upload.wikimedia.org/wikipedia/commons/3/3f/PM_110544_Liebig_Chromos.jpg", "og:image:width": "640", "og:image:height": "1005", "og:title": "File:PM 110544 Liebig Chromos.jpg - Wikimedia Commons", "og:type": "website"}, "text": "\n\n\nDescriptionPM 110544 Liebig Chromos.jpg\n\nEnglish:  Liebig Chromos. Trade card. Series 1346B, The life of Queen Astrid of Belgium, no 2. 1936. Private collection Paul MR Maeyaert. 11 x 7,1cm.\u00a0; Ref: PM_110544_Liebig_Chromos; www.pmrmaeyaert.eu; www.polmayer.com; Cultural heritage; Cultural heritage|Techniques|Postcard trade card; Europe|Belgium. Text on reverse: HET LEVEN VAN KONINGIN ASTRID; De koninklijke Kinderen. 8; Drie kinderen, twee 'Prinsles en een 'Prinses, zijn uit het gelukkig huwelijk van Koning Leopold en Koningin Astrid gesproten. Zij vormen een lieve groep, die door de Koningin zelve, in de nursery van het kasteel van Stuyvenberg, btj 'Brussel, gefotografeerd werd. Lieke kopjes, maar waarop het grootste der ongelukken, dat kinderen treffen kan, woog, zonder dat iemand zulks vermoedde.; Prinses Jozefina-Charlotta zag het levenslicht op 11 Ottober 1927. Drie jaar later, op 7 September 1930, kwam Prins 'Boudewijn, de tegenwoordige Hertog van 'Brabant, ter wereld. Dit Prinsje werd alom, in dit jubeljaar der voorspoedige unie van 'Belgi\u00eb met zijn drie koningen, als de 'Prins van het eeuwfeest begroet.; Op 6 Juni 1934 eindelijk werd het kindje geboren, waarvan alle Belgen hoopten dat het een Prinsje wezen zou, om den ge\u00eberden naam te dragen van 'Prins Albert, in aandenken van den grooten Koning, die vier maanden te voren omgekomen was.; Drie blonde kopjes, zes heldere oogskens, voor allen een waarborg van de verzekerde voortzetting van het grenzeloos en vreedzaam geluk der jonge vorsten.; der voorspoedige unie van 'Belgi\u00eb met zijn drie koningen, als de 'Prins van het eeuwfeest begroet.; Op 6 Juni 1934 eindelijk werd het kindje geboren, waarvan alle Belgen hoopten dat het een Prinsje wezen zou, om den ge\u00eberden naam te dragen van 'Prins Albert, in aandenken van den grooten Koning, die vier maanden te voren omgekomen was.; Drie blonde kopjes, zes heldere oogskens, voor allen een waarborg van de verzekerde voortzetting van het grenzeloos en vreedzaam geluk der jonge vorsten.;\n\n\nDate\n\n11 April 2018, 12:27:56\n\n\nSource\n\nOwn work\n\n\nAuthor\n\nPMRMaeyaert\n\n\n"}, {"url": "https://commons.wikimedia.org/wiki/File:Tafel_in_het_paleis_met_daarop_een_Zweeds_tijdschrift_en_ingelijste_foto%27s_van_k,_Bestanddeelnr_254-6168.jpg", "metadata": {"og:image": "https://upload.wikimedia.org/wikipedia/commons/thumb/a/ab/Tafel_in_het_paleis_met_daarop_een_Zweeds_tijdschrift_en_ingelijste_foto%27s_van_k%2C_Bestanddeelnr_254-6168.jpg/640px-Tafel_in_het_paleis_met_daarop_een_Zweeds_tijdschrift_en_ingelijste_foto%27s_van_k%2C_Bestanddeelnr_254-6168.jpg", "og:image:width": "640", "og:image:height": "492", "og:title": "File:Tafel in het paleis met daarop een Zweeds tijdschrift en ingelijste foto's van k, Bestanddeelnr 254-6168.jpg - Wikimedia Commons", "og:type": "website"}, "text": "\n\n\nDescriptionTafel in het paleis met daarop een Zweeds tijdschrift en ingelijste foto's van k, Bestanddeelnr 254-6168.jpg\n\nNederlands:  Collectie / Archief\u00a0: Fotocollectie Van de Poll\nReportage / Serie\u00a0: Koningshuis Belgi\u00eb\nBeschrijving\u00a0: Tafel in het paleis met daarop een Zweeds tijdschrift en ingelijste foto's van koning Albert van Belgi\u00eb en van prinses Josephine Charlotte en prins Boudewijn die zich over de wieg van hun broertje Albert buigen\nDatum\u00a0: 6 juni 1934\nLocatie\u00a0: Belgi\u00eb\nTrefwoorden\u00a0: foto's, tijdschriften, vorstenhuizen\nPersoonsnaam\u00a0: Albert (prins Belgi\u00eb), Albert I (koning Belgi\u00eb), Boudewijn (kroonprins Belgi\u00eb), Josephine-Charlotte (prinses Belgi\u00eb)\nFotograaf\u00a0: Poll, Willem van de\nAuteursrechthebbende\u00a0: Nationaal Archief \nMateriaalsoort\u00a0: Negatief (zwart/wit)\nNummer archiefinventaris\u00a0: bekijk toegang 2.24.14.02\n\nBestanddeelnummer\u00a0: 254-6168\n\n\nDate\n\n6 June 1934\n\n\nSource\n\nhttp://proxy.handle.net/10648/aef2353a-d0b4-102d-bcf8-003048976d84\n\n\nAuthor\n\nWillem van de Poll\n\n\n"}]