[{"url": "https://commons.wikimedia.org/wiki/File:L%C3%A9a_of_Belgium_-_Charleroi_2015-06-13_-_5.jpg", "metadata": {"og:image": "https://upload.wikimedia.org/wikipedia/commons/thumb/d/db/L%C3%A9a_of_Belgium_-_Charleroi_2015-06-13_-_5.jpg/640px-L%C3%A9a_of_Belgium_-_Charleroi_2015-06-13_-_5.jpg", "og:image:width": "640", "og:image:height": "424", "og:title": "File:L\u00e9a of Belgium - Charleroi 2015-06-13 - 5.jpg - Wikimedia Commons", "og:type": "website"}, "text": "\n\n\nDescriptionL\u00e9a of Belgium - Charleroi 2015-06-13 - 5.jpg\n\nEnglish:  Princess L\u00e9a of Belgium\n\n\nDate\n\n13 June 2015, 12:43:47\n\n\nSource\n\nOwn work\n\n\nAuthor\n\nJmh2o\n\n\nOther versions\n\n\nThis file has an extracted image: L\u00e9a of Belgium - Charleroi 2015-06-13 - 5 (cropped).jpg.\n\n\n\n"}, {"url": "https://commons.wikimedia.org/wiki/File:L%C3%A9a_of_Belgium_-_Charleroi_2015-06-13_-_1.jpg", "metadata": {"og:image": "https://upload.wikimedia.org/wikipedia/commons/thumb/7/76/L%C3%A9a_of_Belgium_-_Charleroi_2015-06-13_-_1.jpg/640px-L%C3%A9a_of_Belgium_-_Charleroi_2015-06-13_-_1.jpg", "og:image:width": "640", "og:image:height": "966", "og:title": "File:L\u00e9a of Belgium - Charleroi 2015-06-13 - 1.jpg - Wikimedia Commons", "og:type": "website"}, "text": "\n\n\nDescriptionL\u00e9a of Belgium - Charleroi 2015-06-13 - 1.jpg\n\nEnglish:  Princess L\u00e9a of Belgium\n\n\nDate\n\n13 June 2015, 12:34:42\n\n\nSource\n\nOwn work\n\n\nAuthor\n\nJmh2o\n\n\n"}, {"url": "https://commons.wikimedia.org/wiki/File:L%C3%A9a_of_Belgium_-_Charleroi_2015-06-13_-_2.jpg", "metadata": {"og:image": "https://upload.wikimedia.org/wikipedia/commons/thumb/6/68/L%C3%A9a_of_Belgium_-_Charleroi_2015-06-13_-_2.jpg/640px-L%C3%A9a_of_Belgium_-_Charleroi_2015-06-13_-_2.jpg", "og:image:width": "640", "og:image:height": "966", "og:title": "File:L\u00e9a of Belgium - Charleroi 2015-06-13 - 2.jpg - Wikimedia Commons", "og:type": "website"}, "text": "\n\n\nDescriptionL\u00e9a of Belgium - Charleroi 2015-06-13 - 2.jpg\n\nEnglish:  Princess L\u00e9a of Belgium\n\n\nDate\n\n13 June 2015, 12:34:55\n\n\nSource\n\nOwn work\n\n\nAuthor\n\nJmh2o\n\n\n"}, {"url": "https://commons.wikimedia.org/wiki/File:L%C3%A9a_of_Belgium_-_Charleroi_2015-06-13_-_3.jpg", "metadata": {"og:image": "https://upload.wikimedia.org/wikipedia/commons/thumb/c/cd/L%C3%A9a_of_Belgium_-_Charleroi_2015-06-13_-_3.jpg/640px-L%C3%A9a_of_Belgium_-_Charleroi_2015-06-13_-_3.jpg", "og:image:width": "640", "og:image:height": "424", "og:title": "File:L\u00e9a of Belgium - Charleroi 2015-06-13 - 3.jpg - Wikimedia Commons", "og:type": "website"}, "text": "\n\n\nDescriptionL\u00e9a of Belgium - Charleroi 2015-06-13 - 3.jpg\n\nEnglish:  Princess L\u00e9a of Belgium\n\n\nDate\n\n13 June 2015, 12:41:52\n\n\nSource\n\nOwn work\n\n\nAuthor\n\nJmh2o\n\n\n"}, {"url": "https://commons.wikimedia.org/wiki/File:L%C3%A9a_of_Belgium_-_Charleroi_2015-06-13_-_4.jpg", "metadata": {"og:image": "https://upload.wikimedia.org/wikipedia/commons/thumb/9/94/L%C3%A9a_of_Belgium_-_Charleroi_2015-06-13_-_4.jpg/640px-L%C3%A9a_of_Belgium_-_Charleroi_2015-06-13_-_4.jpg", "og:image:width": "640", "og:image:height": "966", "og:title": "File:L\u00e9a of Belgium - Charleroi 2015-06-13 - 4.jpg - Wikimedia Commons", "og:type": "website"}, "text": "\n\n\nDescriptionL\u00e9a of Belgium - Charleroi 2015-06-13 - 4.jpg\n\nEnglish:  Princess L\u00e9a of Belgium\n\n\nDate\n\n13 June 2015, 12:43:46\n\n\nSource\n\nOwn work\n\n\nAuthor\n\nJmh2o\n\n\n"}, {"url": "https://commons.wikimedia.org/wiki/File:L%C3%A9a_of_Belgium_-_Charleroi_2015-06-13_-_5_(cropped).jpg", "metadata": {"og:image": "https://upload.wikimedia.org/wikipedia/commons/thumb/5/58/L%C3%A9a_of_Belgium_-_Charleroi_2015-06-13_-_5_%28cropped%29.jpg/640px-L%C3%A9a_of_Belgium_-_Charleroi_2015-06-13_-_5_%28cropped%29.jpg", "og:image:width": "640", "og:image:height": "664", "og:title": "File:L\u00e9a of Belgium - Charleroi 2015-06-13 - 5 (cropped).jpg - Wikimedia Commons", "og:type": "website"}, "text": "\n\n\nDescriptionL\u00e9a of Belgium - Charleroi 2015-06-13 - 5 (cropped).jpg\n\nEnglish:  Princess L\u00e9a of Belgium\n\n\nDate\n\n13 June 2015, 12:43:47\n\n\nSource\n\nOwn work\n\n\nAuthor\n\nJmh2o\n\n\nOther versions\n\n\n\n\nThis file has been extracted from another file: L\u00e9a of Belgium - Charleroi 2015-06-13 - 5.jpg\n\n\n\n\n\n\n"}, {"url": "https://commons.wikimedia.org/wiki/File:L%C3%A9a_of_Belgium_-_Charleroi_2015-06-13_-_5.jpg", "metadata": {"og:image": "https://upload.wikimedia.org/wikipedia/commons/thumb/d/db/L%C3%A9a_of_Belgium_-_Charleroi_2015-06-13_-_5.jpg/640px-L%C3%A9a_of_Belgium_-_Charleroi_2015-06-13_-_5.jpg", "og:image:width": "640", "og:image:height": "424", "og:title": "File:L\u00e9a of Belgium - Charleroi 2015-06-13 - 5.jpg - Wikimedia Commons", "og:type": "website"}, "text": "\n\n\nDescriptionL\u00e9a of Belgium - Charleroi 2015-06-13 - 5.jpg\n\nEnglish:  Princess L\u00e9a of Belgium\n\n\nDate\n\n13 June 2015, 12:43:47\n\n\nSource\n\nOwn work\n\n\nAuthor\n\nJmh2o\n\n\nOther versions\n\n\nThis file has an extracted image: L\u00e9a of Belgium - Charleroi 2015-06-13 - 5 (cropped).jpg.\n\n\n\n"}, {"url": "https://commons.wikimedia.org/wiki/File:Princess_L%C3%A9a_of_Belgium_in_2015_rewards_the_winners.jpeg", "metadata": {"og:image": "https://upload.wikimedia.org/wikipedia/commons/thumb/6/63/Princess_L%C3%A9a_of_Belgium_in_2015_rewards_the_winners.jpeg/640px-Princess_L%C3%A9a_of_Belgium_in_2015_rewards_the_winners.jpeg", "og:image:width": "640", "og:image:height": "427", "og:title": "File:Princess L\u00e9a of Belgium in 2015 rewards the winners.jpeg - Wikimedia Commons", "og:type": "website"}, "text": "\n\n\nDescriptionPrincess L\u00e9a of Belgium in 2015 rewards the winners.jpeg\n\nEnglish:  Princess L\u00e9a of Belgium in 2015 rewards the winners\n\n\nDate\n\n29 March 2015\n\n\nSource\n\nOwn work\n\n\nAuthor\n\nWydok~frwiki\n\n\n"}]