[{"url": "https://commons.wikimedia.org/wiki/File:Coat_of_Arms_of_the_King_of_the_Belgians_(1921-2019).svg", "metadata": {"og:image": "https://upload.wikimedia.org/wikipedia/commons/thumb/e/ec/Coat_of_Arms_of_the_King_of_the_Belgians_%281921-2019%29.svg/640px-Coat_of_Arms_of_the_King_of_the_Belgians_%281921-2019%29.svg.png", "og:image:width": "640", "og:image:height": "717", "og:title": "File:Coat of Arms of the King of the Belgians (1921-2019).svg - Wikimedia Commons", "og:type": "website"}, "text": "\n\n\nDescriptionCoat of Arms of the King of the Belgians (1921-2019).svg\n\nEnglish:  Coat of Arms of the King of the Belgians (from 1921 until 2019)\n\n\nDate\n\n22 September 2013, 17:30:59\n\n\nSource\n\nOwn work, elements by Katepanomegas\n\n\nAuthor\n\nSodacan\n\n\nPermission(Reusing this file)\n\n\n\n\n\nThis image shows a flag, a coat of arms, a seal or some other official insignia. The use of such symbols is restricted in many countries. These restrictions are independent of the copyright status.\n I, the copyright holder of this work, hereby publish it under the following license:\n\n This file is licensed under the Creative Commons Attribution-Share Alike 3.0 Unported license.\nYou are free:\nto share \u2013 to copy, distribute and transmit the work\nto remix \u2013 to adapt the work\nUnder the following conditions:\nattribution \u2013 You must give appropriate credit, provide a link to the license, and indicate if changes were made. You may do so in any reasonable manner, but not in any way that suggests the licensor endorses you or your use.\nshare alike \u2013 If you remix, transform, or build upon the material, you must distribute your contributions under the same or compatible license as the original.https://creativecommons.org/licenses/by-sa/3.0CC BY-SA 3.0 Creative Commons Attribution-Share Alike 3.0 truetrue\n\n\n"}, {"url": "https://commons.wikimedia.org/wiki/File:Royal_Monogram_of_Albert_II_of_Belgium.svg", "metadata": {"og:image": "https://upload.wikimedia.org/wikipedia/commons/thumb/a/aa/Royal_Monogram_of_Albert_II_of_Belgium.svg/640px-Royal_Monogram_of_Albert_II_of_Belgium.svg.png", "og:image:width": "640", "og:image:height": "877", "og:title": "File:Royal Monogram of Albert II of Belgium.svg - Wikimedia Commons", "og:type": "website"}, "text": "\n\n\nDescriptionRoyal Monogram of Albert II of Belgium.svg\n\nRoyal Monogram of King Albert II, King of the Belgians\n\n\nDate\n\n2 September 2010, 06:08 (UTC)\n\n\nSource\n\nPersonal_Standard_of_King_Albert_II_of_Belgium.svg\n\n\nAuthor\n\nPersonal_Standard_of_King_Albert_II_of_Belgium.svg: Ssolbergj + authors of source files\nderivative work: Fry1989 (talk) 06:09, 2 September 2010 (UTC)\n\n\nOther versions\n\nDerivative works of this file:\n\n Dual Cypher of King Albert II and Queen Paola of the Belgians.svg\nDual Cypher of Prince Philippe and Princess Mathilde of Belgium.svg\nRoyal Monogram of King Albert I, King of the Belgians.svg\nRoyal Monogram of King Baudouin I, King of the Belgians.svg\nRoyal Monogram of King Leopold III, King of the Belgians.svg\nRoyal Monogram of Prince Amadeo of Belgium.svg\nRoyal Monogram of Prince Philippe of Belgium.svg\nRoyal Monogram of Princess Mathilde of Belgium.svg\nRoyal Monogram of Queen Fabiola of Belgium.svg\nRoyal Monogram of Queen Paola of Belgium.svg\n\n\n"}, {"url": "https://commons.wikimedia.org/wiki/File:Albert_II,_King_of_Belgium.jpg", "metadata": {"og:image": "https://upload.wikimedia.org/wikipedia/commons/thumb/1/19/Albert_II%2C_King_of_Belgium.jpg/640px-Albert_II%2C_King_of_Belgium.jpg", "og:image:width": "640", "og:image:height": "952", "og:title": "File:Albert II, King of Belgium.jpg - Wikimedia Commons", "og:type": "website"}, "text": "\n\n\nDescriptionAlbert II, King of Belgium.jpg\n\n\u03a3\u03cd\u03bd\u03bf\u03b4\u03bf\u03c2 \u039a\u03bf\u03c1\u03c5\u03c6\u03ae\u03c2 \u0395\u03c5\u03c1\u03c9\u03b1\u03c3\u03b9\u03b1\u03c4\u03b9\u03ba\u03ae\u03c2 \u0394\u03b9\u03ac\u03c3\u03ba\u03b5\u03c8\u03b7\u03c2-ASEM (\u0392\u03c1\u03c5\u03be\u03ad\u03bb\u03bb\u03b5\u03c2, 04-05.10.2010)\n\n\nDate\n\n4 October 2010, 15:08\n\n\nSource\n\n\u03a3\u03cd\u03bd\u03bf\u03b4\u03bf\u03c2 \u039a\u03bf\u03c1\u03c5\u03c6\u03ae\u03c2 \u0395\u03c5\u03c1\u03c9\u03b1\u03c3\u03b9\u03b1\u03c4\u03b9\u03ba\u03ae\u03c2 \u0394\u03b9\u03ac\u03c3\u03ba\u03b5\u03c8\u03b7\u03c2- ASEM\n\n\nAuthor\n\n\u03a5\u03c0\u03bf\u03c5\u03c1\u03b3\u03b5\u03af\u03bf \u0395\u03be\u03c9\u03c4\u03b5\u03c1\u03b9\u03ba\u03ce\u03bd\n\n\nOther versions\n\n\n\n\nThis file has been extracted from another file: \u03a3\u03cd\u03bd\u03bf\u03b4\u03bf\u03c2 \u039a\u03bf\u03c1\u03c5\u03c6\u03ae\u03c2 \u0395\u03c5\u03c1\u03c9\u03b1\u03c3\u03b9\u03b1\u03c4\u03b9\u03ba\u03ae\u03c2 \u0394\u03b9\u03ac\u03c3\u03ba\u03b5\u03c8\u03b7\u03c2- ASEM (5053207199).jpg\n\n\n\n\n\n\n"}, {"url": "https://commons.wikimedia.org/wiki/File:Royal_Monogram_of_Albert_II_of_Belgium.svg", "metadata": {"og:image": "https://upload.wikimedia.org/wikipedia/commons/thumb/a/aa/Royal_Monogram_of_Albert_II_of_Belgium.svg/640px-Royal_Monogram_of_Albert_II_of_Belgium.svg.png", "og:image:width": "640", "og:image:height": "877", "og:title": "File:Royal Monogram of Albert II of Belgium.svg - Wikimedia Commons", "og:type": "website"}, "text": "\n\n\nDescriptionRoyal Monogram of Albert II of Belgium.svg\n\nRoyal Monogram of King Albert II, King of the Belgians\n\n\nDate\n\n2 September 2010, 06:08 (UTC)\n\n\nSource\n\nPersonal_Standard_of_King_Albert_II_of_Belgium.svg\n\n\nAuthor\n\nPersonal_Standard_of_King_Albert_II_of_Belgium.svg: Ssolbergj + authors of source files\nderivative work: Fry1989 (talk) 06:09, 2 September 2010 (UTC)\n\n\nOther versions\n\nDerivative works of this file:\n\n Dual Cypher of King Albert II and Queen Paola of the Belgians.svg\nDual Cypher of Prince Philippe and Princess Mathilde of Belgium.svg\nRoyal Monogram of King Albert I, King of the Belgians.svg\nRoyal Monogram of King Baudouin I, King of the Belgians.svg\nRoyal Monogram of King Leopold III, King of the Belgians.svg\nRoyal Monogram of Prince Amadeo of Belgium.svg\nRoyal Monogram of Prince Philippe of Belgium.svg\nRoyal Monogram of Princess Mathilde of Belgium.svg\nRoyal Monogram of Queen Fabiola of Belgium.svg\nRoyal Monogram of Queen Paola of Belgium.svg\n\n\n"}, {"url": "https://commons.wikimedia.org/wiki/File:Royal_Standard_of_King_Albert_II_of_Belgium.svg", "metadata": {"og:image": "https://upload.wikimedia.org/wikipedia/commons/thumb/8/8f/Royal_Standard_of_King_Albert_II_of_Belgium.svg/640px-Royal_Standard_of_King_Albert_II_of_Belgium.svg.png", "og:image:width": "640", "og:image:height": "640", "og:title": "File:Royal Standard of King Albert II of Belgium.svg - Wikimedia Commons", "og:type": "website"}, "text": "\n\n\nDescriptionRoyal Standard of King Albert II of Belgium.svg\n\nEnglish:  Royal Standard of King Albert II of Belgium, who reigned from 1993 to 2013 and maintains his title as King from 2013 to present.\n\n\nDate\n\n21 July 2013\n\n\nSource\n\nOwn work, based upon File:Personal Standard of King Albert II of Belgium.svg[1] \u00a0This vector image includes elements that have been taken or adapted from this file:\u2009Royal Monogram of Albert II of Belgium.svg (by\u00a0Fry1989). \u00a0This vector image includes elements that have been taken or adapted from this file:\u2009Arms of Belgium.svg (by\u00a0Ssolbergj).\n\n\nAuthor\n\nTRAJAN 117\n\n\nPermission(Reusing this file)\n\n\n\n\n\nThis image shows a flag, a coat of arms, a seal or some other official insignia. The use of such symbols is restricted in many countries. These restrictions are independent of the copyright status.\n I, the copyright holder of this work, hereby publish it under the following licenses:\n\n\n\n\nPermission is granted to copy, distribute and/or modify this document under the terms of the GNU Free Documentation License, Version 1.2 or any later version published by the Free Software Foundation; with no Invariant Sections, no Front-Cover Texts, and no Back-Cover Texts. A copy of the license is included in the section entitled GNU Free Documentation License.http://www.gnu.org/copyleft/fdl.htmlGFDLGNU Free Documentation Licensetruetrue\n\n\n This file is licensed under the Creative Commons Attribution-Share Alike 3.0 Unported, 2.5 Generic, 2.0 Generic and 1.0 Generic license.\nYou are free:\nto share \u2013 to copy, distribute and transmit the work\nto remix \u2013 to adapt the work\nUnder the following conditions:\nattribution \u2013 You must give appropriate credit, provide a link to the license, and indicate if changes were made. You may do so in any reasonable manner, but not in any way that suggests the licensor endorses you or your use.\nshare alike \u2013 If you remix, transform, or build upon the material, you must distribute your contributions under the same or compatible license as the original.https://creativecommons.org/licenses/by-sa/3.0CC BY-SA 3.0 Creative Commons Attribution-Share Alike 3.0 truetrue\nYou may select the license of your choice.\n\n\n"}, {"url": "https://commons.wikimedia.org/wiki/File:Coat_of_arms_of_a_former_King_of_the_Belgians.svg", "metadata": {"og:image": "https://upload.wikimedia.org/wikipedia/commons/thumb/c/c0/Coat_of_arms_of_a_former_King_of_the_Belgians.svg/640px-Coat_of_arms_of_a_former_King_of_the_Belgians.svg.png", "og:image:width": "640", "og:image:height": "698", "og:title": "File:Coat of arms of a former King of the Belgians.svg - Wikimedia Commons", "og:type": "website"}, "text": "\n\n\nDescriptionCoat of arms of a former King of the Belgians.svg\n\nEnglish:  Coat of arms of a former King of the Belgians, in accordance with the Royal Decree published on 19 July and signed on 12 July 2019, by King Philippe of Belgium.\n\n\nDate\n\n24 July 2019\n\n\nSource\n\nOwn work\n\n\nAuthor\n\nSodacan\n\n\n"}, {"url": "https://commons.wikimedia.org/wiki/File:Albert_II_of_Belgium_Signature.svg", "metadata": {"og:image": "https://upload.wikimedia.org/wikipedia/commons/thumb/e/e5/Albert_II_of_Belgium_Signature.svg/640px-Albert_II_of_Belgium_Signature.svg.png", "og:image:width": "640", "og:image:height": "153", "og:title": "File:Albert II of Belgium Signature.svg - Wikimedia Commons", "og:type": "website"}, "text": "\n\n\nDescriptionAlbert II of Belgium Signature.svg\n\nEnglish:  Albert II of Belgium's signature.\n\n\nSource\n\nTraced in Adobe Illustrator from http://www.leadersautographs.com/images/Albert_II.jpg\n\n\nAuthor\n\nAlbert II of Belgium\n\n\nPermission(Reusing this file)\n\n\n\nPublic domainPublic domainfalsefalse\n\n\n\n\n\nThis work is ineligible for copyright and therefore in the public domain because it consists entirely of information that is common property and contains no original authorship.\n\n\n\n"}, {"url": "https://commons.wikimedia.org/wiki/File:Royal_Standard_of_King_Albert_II_of_Belgium.svg", "metadata": {"og:image": "https://upload.wikimedia.org/wikipedia/commons/thumb/8/8f/Royal_Standard_of_King_Albert_II_of_Belgium.svg/640px-Royal_Standard_of_King_Albert_II_of_Belgium.svg.png", "og:image:width": "640", "og:image:height": "640", "og:title": "File:Royal Standard of King Albert II of Belgium.svg - Wikimedia Commons", "og:type": "website"}, "text": "\n\n\nDescriptionRoyal Standard of King Albert II of Belgium.svg\n\nEnglish:  Royal Standard of King Albert II of Belgium, who reigned from 1993 to 2013 and maintains his title as King from 2013 to present.\n\n\nDate\n\n21 July 2013\n\n\nSource\n\nOwn work, based upon File:Personal Standard of King Albert II of Belgium.svg[1] \u00a0This vector image includes elements that have been taken or adapted from this file:\u2009Royal Monogram of Albert II of Belgium.svg (by\u00a0Fry1989). \u00a0This vector image includes elements that have been taken or adapted from this file:\u2009Arms of Belgium.svg (by\u00a0Ssolbergj).\n\n\nAuthor\n\nTRAJAN 117\n\n\nPermission(Reusing this file)\n\n\n\n\n\nThis image shows a flag, a coat of arms, a seal or some other official insignia. The use of such symbols is restricted in many countries. These restrictions are independent of the copyright status.\n I, the copyright holder of this work, hereby publish it under the following licenses:\n\n\n\n\nPermission is granted to copy, distribute and/or modify this document under the terms of the GNU Free Documentation License, Version 1.2 or any later version published by the Free Software Foundation; with no Invariant Sections, no Front-Cover Texts, and no Back-Cover Texts. A copy of the license is included in the section entitled GNU Free Documentation License.http://www.gnu.org/copyleft/fdl.htmlGFDLGNU Free Documentation Licensetruetrue\n\n\n This file is licensed under the Creative Commons Attribution-Share Alike 3.0 Unported, 2.5 Generic, 2.0 Generic and 1.0 Generic license.\nYou are free:\nto share \u2013 to copy, distribute and transmit the work\nto remix \u2013 to adapt the work\nUnder the following conditions:\nattribution \u2013 You must give appropriate credit, provide a link to the license, and indicate if changes were made. You may do so in any reasonable manner, but not in any way that suggests the licensor endorses you or your use.\nshare alike \u2013 If you remix, transform, or build upon the material, you must distribute your contributions under the same or compatible license as the original.https://creativecommons.org/licenses/by-sa/3.0CC BY-SA 3.0 Creative Commons Attribution-Share Alike 3.0 truetrue\nYou may select the license of your choice.\n\n\n"}, {"url": "https://commons.wikimedia.org/wiki/File:20170624_104_chaudfontaine.jpg", "metadata": {"og:image": "https://upload.wikimedia.org/wikipedia/commons/thumb/c/c8/20170624_104_chaudfontaine.jpg/640px-20170624_104_chaudfontaine.jpg", "og:image:width": "640", "og:image:height": "956", "og:title": "File:20170624 104 chaudfontaine.jpg - Wikimedia Commons", "og:type": "website"}, "text": "\n\n\nDescription20170624 104 chaudfontaine.jpg\n\nFran\u00e7ais\u00a0:  Vue de l'avenue des Thermes \u00e0 Chaudfontaine (province de Li\u00e8ge, Belgique).\n\n\nDate\n\n24 June 2017, 16:54:32\n\n\nSource\n\nOwn work\n\n\nAuthor\n\nJean Housen\n\n\n"}, {"url": "https://commons.wikimedia.org/wiki/File:Albert_II_of_Belgium_Signature.svg", "metadata": {"og:image": "https://upload.wikimedia.org/wikipedia/commons/thumb/e/e5/Albert_II_of_Belgium_Signature.svg/640px-Albert_II_of_Belgium_Signature.svg.png", "og:image:width": "640", "og:image:height": "153", "og:title": "File:Albert II of Belgium Signature.svg - Wikimedia Commons", "og:type": "website"}, "text": "\n\n\nDescriptionAlbert II of Belgium Signature.svg\n\nEnglish:  Albert II of Belgium's signature.\n\n\nSource\n\nTraced in Adobe Illustrator from http://www.leadersautographs.com/images/Albert_II.jpg\n\n\nAuthor\n\nAlbert II of Belgium\n\n\nPermission(Reusing this file)\n\n\n\nPublic domainPublic domainfalsefalse\n\n\n\n\n\nThis work is ineligible for copyright and therefore in the public domain because it consists entirely of information that is common property and contains no original authorship.\n\n\n\n"}, {"url": "https://commons.wikimedia.org/wiki/File:Coat_of_Arms_of_Albert_of_Belgium_(Order_of_the_Seraphim).svg", "metadata": {"og:image": "https://upload.wikimedia.org/wikipedia/commons/thumb/9/96/Coat_of_Arms_of_Albert_of_Belgium_%28Order_of_the_Seraphim%29.svg/640px-Coat_of_Arms_of_Albert_of_Belgium_%28Order_of_the_Seraphim%29.svg.png", "og:image:width": "640", "og:image:height": "1134", "og:title": "File:Coat of Arms of Albert of Belgium (Order of the Seraphim).svg - Wikimedia Commons", "og:type": "website"}, "text": "\n\n\nDescriptionCoat of Arms of Albert of Belgium (Order of the Seraphim).svg\n\nEnglish:  Coat of arms of Albert F\u00e9lix Humbert of Belgium as Knight Collar of the Royal Order of the Seraphim (Sweden)\nAs usual in the Armorial of the Order, Prince Albert of Belgium didn't change his arms as Seraphim Knight whem he became king of the Belgiams as Albert II.\nSvenska:  Serafimerorden Albert F\u00e9lix Humbert av Belgien vapen\n\n\nDate\n\n15 October 2017\n\n\nSource\n\n[1], [2]\n\n\nAuthor\n\nHeralder, elements by User:Sodacan\n\n\u00a0This vector image includes elements that have been taken or adapted from this file:\u2009Order of the Seraphim in heraldry.svg (by\u00a0Ssolbergj).\n\n\nPermission(Reusing this file)\n\nOwn work\n\n\n"}, {"url": "https://commons.wikimedia.org/wiki/File:Coat_of_Arms_of_Kings_Albert_II_and_Philippe_of_the_Belgians_(Order_of_the_Elephant_Variant).svg", "metadata": {"og:image": "https://upload.wikimedia.org/wikipedia/commons/thumb/b/b8/Coat_of_Arms_of_Kings_Albert_II_and_Philippe_of_the_Belgians_%28Order_of_the_Elephant_Variant%29.svg/640px-Coat_of_Arms_of_Kings_Albert_II_and_Philippe_of_the_Belgians_%28Order_of_the_Elephant_Variant%29.svg.png", "og:image:width": "640", "og:image:height": "828", "og:title": "File:Coat of Arms of Kings Albert II and Philippe of the Belgians (Order of the Elephant Variant).svg - Wikimedia Commons", "og:type": "website"}, "text": "\n\n\nDescriptionCoat of Arms of Kings Albert II and Philippe of the Belgians (Order of the Elephant Variant).svg\n\nEnglish:  Coat of arms of Kings Albert II and Philippe of the Belgians (Order of the Elephant Variant)  Arms adopted when they were heirs\n\n\nDate\n\n12 February 2022\n\n\nSource\n\nOwn work\n\n\nAuthor\n\nSodacan\n\n\n"}, {"url": "https://commons.wikimedia.org/wiki/File:Map_of_countries_and_their_representatives_received_by_Albert_II.png", "metadata": {"og:image": "https://upload.wikimedia.org/wikipedia/commons/thumb/3/36/Map_of_countries_and_their_representatives_received_by_Albert_II.png/640px-Map_of_countries_and_their_representatives_received_by_Albert_II.png", "og:image:width": "640", "og:image:height": "376", "og:title": "File:Map of countries and their representatives received by Albert II.png - Wikimedia Commons", "og:type": "website"}, "text": "\n\n\nDescriptionMap of countries and their representatives received by Albert II.png\n\nFran\u00e7ais\u00a0:  Carte des pays et leurs repr\u00e9sentants re\u00e7us par Albert II\n\n\nDate\n\n12 August 2021\n\n\nSource\n\nOwn work\n\n\nAuthor\n\nRossbif\n\n\n"}, {"url": "https://commons.wikimedia.org/wiki/File:Map_of_countries_visited_by_Albert_II.png", "metadata": {"og:image": "https://upload.wikimedia.org/wikipedia/commons/thumb/b/b7/Map_of_countries_visited_by_Albert_II.png/640px-Map_of_countries_visited_by_Albert_II.png", "og:image:width": "640", "og:image:height": "368", "og:title": "File:Map of countries visited by Albert II.png - Wikimedia Commons", "og:type": "website"}, "text": "\n\n\nDescriptionMap of countries visited by Albert II.png\n\nFran\u00e7ais\u00a0:  Carte des pays visit\u00e9s par Albert II\n\n\nDate\n\n12 August 2021\n\n\nSource\n\nOwn work\n\n\nAuthor\n\nRossbif\n\n\n"}, {"url": "https://commons.wikimedia.org/wiki/File:Royal_Monogram_of_Albert_II_of_Belgium.svg", "metadata": {"og:image": "https://upload.wikimedia.org/wikipedia/commons/thumb/a/aa/Royal_Monogram_of_Albert_II_of_Belgium.svg/640px-Royal_Monogram_of_Albert_II_of_Belgium.svg.png", "og:image:width": "640", "og:image:height": "877", "og:title": "File:Royal Monogram of Albert II of Belgium.svg - Wikimedia Commons", "og:type": "website"}, "text": "\n\n\nDescriptionRoyal Monogram of Albert II of Belgium.svg\n\nRoyal Monogram of King Albert II, King of the Belgians\n\n\nDate\n\n2 September 2010, 06:08 (UTC)\n\n\nSource\n\nPersonal_Standard_of_King_Albert_II_of_Belgium.svg\n\n\nAuthor\n\nPersonal_Standard_of_King_Albert_II_of_Belgium.svg: Ssolbergj + authors of source files\nderivative work: Fry1989 (talk) 06:09, 2 September 2010 (UTC)\n\n\nOther versions\n\nDerivative works of this file:\n\n Dual Cypher of King Albert II and Queen Paola of the Belgians.svg\nDual Cypher of Prince Philippe and Princess Mathilde of Belgium.svg\nRoyal Monogram of King Albert I, King of the Belgians.svg\nRoyal Monogram of King Baudouin I, King of the Belgians.svg\nRoyal Monogram of King Leopold III, King of the Belgians.svg\nRoyal Monogram of Prince Amadeo of Belgium.svg\nRoyal Monogram of Prince Philippe of Belgium.svg\nRoyal Monogram of Princess Mathilde of Belgium.svg\nRoyal Monogram of Queen Fabiola of Belgium.svg\nRoyal Monogram of Queen Paola of Belgium.svg\n\n\n"}]