[{"url": "https://commons.wikimedia.org/wiki/File:Brugge_-_panoramio_(245).jpg", "metadata": {"og:image": "https://upload.wikimedia.org/wikipedia/commons/thumb/9/9b/Brugge_-_panoramio_%28245%29.jpg/640px-Brugge_-_panoramio_%28245%29.jpg", "og:image:width": "640", "og:image:height": "853", "og:title": "File:Brugge - panoramio (245).jpg - Wikimedia Commons", "og:type": "website"}, "text": "\n\n\nDescriptionBrugge - panoramio (245).jpg\n\nNederlands:  Brugge\n\n\nThis is a photo of onroerend erfgoed number 205255\n\n\n\nDate\n\nTaken on\u00a013 April 2012\n\n\nSource\n\nhttps://web.archive.org/web/20161102183820/http://www.panoramio.com/photo/70602940\n\n\nAuthor\n\nNikolai Karaneschev\n\n\nPermission(Reusing this file)\n\n\nThis file is licensed under the Creative Commons Attribution 3.0 Unported license.Attribution: Nikolai Karaneschev\nYou are free:\nto share \u2013 to copy, distribute and transmit the work\nto remix \u2013 to adapt the work\nUnder the following conditions:\nattribution \u2013 You must give appropriate credit, provide a link to the license, and indicate if changes were made. You may do so in any reasonable manner, but not in any way that suggests the licensor endorses you or your use.\nhttps://creativecommons.org/licenses/by/3.0CC BY 3.0 Creative Commons Attribution 3.0 truetrue\n\n\n\n\n\nThis image, which was originally posted to Panoramio, was automatically reviewed on 29 December 2016 by Panoramio upload bot, who confirmed that it was available on Panoramio under the above license on that date.\n\n\nTags(from Panoramio photo page)InfoField2012, Brugge\n\n\n"}, {"url": "https://commons.wikimedia.org/wiki/File:Vlaams_herkenningsteken_beschermd_erfgoed.svg", "metadata": {"og:image": "https://upload.wikimedia.org/wikipedia/commons/thumb/6/6f/Vlaams_herkenningsteken_beschermd_erfgoed.svg/640px-Vlaams_herkenningsteken_beschermd_erfgoed.svg.png", "og:image:width": "640", "og:image:height": "961", "og:title": "File:Vlaams herkenningsteken beschermd erfgoed.svg - Wikimedia Commons", "og:type": "website"}, "text": "\n\n\nDescriptionVlaams herkenningsteken beschermd erfgoed.svg\n\nNederlands:  Herkenningsteken voor beschermd erfgoed in het Vlaams Gewest, 2014-2023. Afhankelijk van de aard van het beschermde object kan er nog de tekst \"Beschermd monument\", \"Beschermd stads- of dorpsgezicht\", \"Beschermd cultuurhistorisch landschap\", \"Beschermde archeologische site\" of \"Beschermd varend erfgoed\" op worden geplaatst. Sinds 2023 is er een nieuw, \u00e9\u00e9nduidig herkenningsteken voor het Vlaams Gewest.\n\n\nDate\n\n9 August 2017\n\n\nSource\n\nOwn work\n\n\nAuthor\n\nHenxter\n\n\n"}, {"url": "https://commons.wikimedia.org/wiki/File:Albert-Statue-Bruges.jpg", "metadata": {"og:image": "https://upload.wikimedia.org/wikipedia/commons/thumb/f/f6/Albert-Statue-Bruges.jpg/640px-Albert-Statue-Bruges.jpg", "og:image:width": "640", "og:image:height": "873", "og:title": "File:Albert-Statue-Bruges.jpg - Wikimedia Commons", "og:type": "website"}, "text": "\n\n\nDescriptionAlbert-Statue-Bruges.jpg\n\nEnglish:  Equestrian statue of King Albert I of Belgium in BrugesNederlands:  Ruiterstandbeeld Koning Albert I\n\n\nDate\n\n31 October 2013, 10:40:51\n\n\nSource\n\nOwn work\n\n\nAuthor\n\nAcediscovery\n\n\n"}, {"url": "https://commons.wikimedia.org/wiki/File:Brugge_-_panoramio_(245).jpg", "metadata": {"og:image": "https://upload.wikimedia.org/wikipedia/commons/thumb/9/9b/Brugge_-_panoramio_%28245%29.jpg/640px-Brugge_-_panoramio_%28245%29.jpg", "og:image:width": "640", "og:image:height": "853", "og:title": "File:Brugge - panoramio (245).jpg - Wikimedia Commons", "og:type": "website"}, "text": "\n\n\nDescriptionBrugge - panoramio (245).jpg\n\nNederlands:  Brugge\n\n\nThis is a photo of onroerend erfgoed number 205255\n\n\n\nDate\n\nTaken on\u00a013 April 2012\n\n\nSource\n\nhttps://web.archive.org/web/20161102183820/http://www.panoramio.com/photo/70602940\n\n\nAuthor\n\nNikolai Karaneschev\n\n\nPermission(Reusing this file)\n\n\nThis file is licensed under the Creative Commons Attribution 3.0 Unported license.Attribution: Nikolai Karaneschev\nYou are free:\nto share \u2013 to copy, distribute and transmit the work\nto remix \u2013 to adapt the work\nUnder the following conditions:\nattribution \u2013 You must give appropriate credit, provide a link to the license, and indicate if changes were made. You may do so in any reasonable manner, but not in any way that suggests the licensor endorses you or your use.\nhttps://creativecommons.org/licenses/by/3.0CC BY 3.0 Creative Commons Attribution 3.0 truetrue\n\n\n\n\n\nThis image, which was originally posted to Panoramio, was automatically reviewed on 29 December 2016 by Panoramio upload bot, who confirmed that it was available on Panoramio under the above license on that date.\n\n\nTags(from Panoramio photo page)InfoField2012, Brugge\n\n\n"}, {"url": "https://commons.wikimedia.org/wiki/File:Brugge_-_panoramio_(246).jpg", "metadata": {"og:image": "https://upload.wikimedia.org/wikipedia/commons/thumb/7/7a/Brugge_-_panoramio_%28246%29.jpg/640px-Brugge_-_panoramio_%28246%29.jpg", "og:image:width": "640", "og:image:height": "853", "og:title": "File:Brugge - panoramio (246).jpg - Wikimedia Commons", "og:type": "website"}, "text": "\n\n\nDescriptionBrugge - panoramio (246).jpg\n\nBrugge\n\n\nDate\n\nTaken on\u00a013 April 2012\n\n\nSource\n\nhttps://web.archive.org/web/20161025031822/http://www.panoramio.com/photo/70602955\n\n\nAuthor\n\nNikolai Karaneschev\n\n\nPermission(Reusing this file)\n\n\nThis file is licensed under the Creative Commons Attribution 3.0 Unported license.Attribution: Nikolai Karaneschev\nYou are free:\nto share \u2013 to copy, distribute and transmit the work\nto remix \u2013 to adapt the work\nUnder the following conditions:\nattribution \u2013 You must give appropriate credit, provide a link to the license, and indicate if changes were made. You may do so in any reasonable manner, but not in any way that suggests the licensor endorses you or your use.\nhttps://creativecommons.org/licenses/by/3.0CC BY 3.0 Creative Commons Attribution 3.0 truetrue\n\n\n\n\n\nThis image, which was originally posted to Panoramio, was automatically reviewed on 29 December 2016 by Panoramio upload bot, who confirmed that it was available on Panoramio under the above license on that date.\n\n\nTags(from Panoramio photo page)InfoField2012, Brugge\n\n\n"}, {"url": "https://commons.wikimedia.org/wiki/File:Koning_Albert_I_Park_in_Brugge_(06).jpg", "metadata": {"og:image": "https://upload.wikimedia.org/wikipedia/commons/thumb/7/7e/Koning_Albert_I_Park_in_Brugge_%2806%29.jpg/640px-Koning_Albert_I_Park_in_Brugge_%2806%29.jpg", "og:image:width": "640", "og:image:height": "480", "og:title": "File:Koning Albert I Park in Brugge (06).jpg - Wikimedia Commons", "og:type": "website"}, "text": "\n\n\nDescriptionKoning Albert I Park in Brugge (06).jpg\n\nNederlands:  Koning Albert I-Park - Brugge - West-Vlaanderen - Belgi\u00eb\n\n\nDate\n\n17 December 2012, 16:01:20\n\n\nSource\n\nOwn work\n\n\nAuthor\n\nSpotter2\n\n\n"}, {"url": "https://commons.wikimedia.org/wiki/File:Standbeeeld_Koning_Albert_I_in_Brugge.jpg", "metadata": {"og:image": "https://upload.wikimedia.org/wikipedia/commons/thumb/8/87/Standbeeeld_Koning_Albert_I_in_Brugge.jpg/640px-Standbeeeld_Koning_Albert_I_in_Brugge.jpg", "og:image:width": "640", "og:image:height": "853", "og:title": "File:Standbeeeld Koning Albert I in Brugge.jpg - Wikimedia Commons", "og:type": "website"}, "text": "\n\n\nDescriptionStandbeeeld Koning Albert I in Brugge.jpg\n\nNederlands:  Standbeeld van de Belgische Koning Albert I (1875-1934) - Koning Albert I-Park - Brugge - West-Vlaanderen - Belgi\u00eb\n\n\nDate\n\n13 November 2008, 16:47:18\n\n\nSource\n\nOwn work\n\n\nAuthor\n\nSpotter2\n\n\n"}, {"url": "https://commons.wikimedia.org/wiki/File:Standbeeld_van_Koning_Albert_I_tijdens_de_werken_van_2020_(01).jpg", "metadata": {"og:image": "https://upload.wikimedia.org/wikipedia/commons/thumb/8/87/Standbeeld_van_Koning_Albert_I_tijdens_de_werken_van_2020_%2801%29.jpg/640px-Standbeeld_van_Koning_Albert_I_tijdens_de_werken_van_2020_%2801%29.jpg", "og:image:width": "640", "og:image:height": "480", "og:title": "File:Standbeeld van Koning Albert I tijdens de werken van 2020 (01).jpg - Wikimedia Commons", "og:type": "website"}, "text": "\n\n\nDescriptionStandbeeld van Koning Albert I tijdens de werken van 2020 (01).jpg\n\nNederlands:  Het standbeeld van Koning Albert I van Belgi\u00eb in de steigers tijdens de heraanleg van het Koning Albert I-park  - Brugge - West-Vlaanderen - Belgi\u00eb. Op de achtergrond het Concertgebouw.\n\n\nDate\n\n6 September 2020, 13:24:06\n\n\nSource\n\nOwn work\n\n\nAuthor\n\nSpotter2\n\n\n"}, {"url": "https://commons.wikimedia.org/wiki/File:Standbeeld_van_Koning_Albert_I_tijdens_de_werken_van_2020_(02).jpg", "metadata": {"og:image": "https://upload.wikimedia.org/wikipedia/commons/thumb/2/2b/Standbeeld_van_Koning_Albert_I_tijdens_de_werken_van_2020_%2802%29.jpg/640px-Standbeeld_van_Koning_Albert_I_tijdens_de_werken_van_2020_%2802%29.jpg", "og:image:width": "640", "og:image:height": "499", "og:title": "File:Standbeeld van Koning Albert I tijdens de werken van 2020 (02).jpg - Wikimedia Commons", "og:type": "website"}, "text": "\n\n\nDescriptionStandbeeld van Koning Albert I tijdens de werken van 2020 (02).jpg\n\nNederlands:  Het standbeeld van Koning Albert I van Belgi\u00eb in de steigers tijdens de heraanleg van het Koning Albert I-park  - Brugge - West-Vlaanderen - Belgi\u00eb. Op de achtergrond het Concertgebouw.\n\n\nDate\n\n6 September 2020, 13:41:13\n\n\nSource\n\nOwn work\n\n\nAuthor\n\nSpotter2\n\n\n"}, {"url": "https://commons.wikimedia.org/wiki/File:Standbeeld_van_Koning_Albert_I_tijdens_de_werken_van_2020_(03).jpg", "metadata": {"og:image": "https://upload.wikimedia.org/wikipedia/commons/thumb/d/d5/Standbeeld_van_Koning_Albert_I_tijdens_de_werken_van_2020_%2803%29.jpg/640px-Standbeeld_van_Koning_Albert_I_tijdens_de_werken_van_2020_%2803%29.jpg", "og:image:width": "640", "og:image:height": "480", "og:title": "File:Standbeeld van Koning Albert I tijdens de werken van 2020 (03).jpg - Wikimedia Commons", "og:type": "website"}, "text": "\n\n\nDescriptionStandbeeld van Koning Albert I tijdens de werken van 2020 (03).jpg\n\nNederlands:  Het standbeeld van Koning Albert I van Belgi\u00eb in de steigers tijdens de heraanleg van het Koning Albert I-park  - Brugge - West-Vlaanderen - Belgi\u00eb.\n\n\nDate\n\n6 September 2020, 13:39:55\n\n\nSource\n\nOwn work\n\n\nAuthor\n\nSpotter2\n\n\n"}, {"url": "https://commons.wikimedia.org/wiki/File:Statue_of_King_Albert_I_in_Bruges.jpg", "metadata": {"og:image": "https://upload.wikimedia.org/wikipedia/commons/thumb/7/77/Statue_of_King_Albert_I_in_Bruges.jpg/640px-Statue_of_King_Albert_I_in_Bruges.jpg", "og:image:width": "640", "og:image:height": "853", "og:title": "File:Statue of King Albert I in Bruges.jpg - Wikimedia Commons", "og:type": "website"}, "text": "\n\n\nDescriptionStatue of King Albert I in Bruges.jpg\n\nPolski:  Pomnik kr\u00f3la Alberta I w Brugii\n\n\nDate\n\n13 May 2010\n\n\nSource\n\nOwn work\n\n\nAuthor\n\nRaf24\n\n\n"}]