[{"url": "https://commons.wikimedia.org/wiki/File:Princess_Claire_of_Belgium_(2011).jpg", "metadata": {"og:image": "https://upload.wikimedia.org/wikipedia/commons/thumb/f/fb/Princess_Claire_of_Belgium_%282011%29.jpg/640px-Princess_Claire_of_Belgium_%282011%29.jpg", "og:image:width": "640", "og:image:height": "863", "og:title": "File:Princess Claire of Belgium (2011).jpg - Wikimedia Commons", "og:type": "website"}, "text": "\n\n\nDescriptionPrincess Claire of Belgium (2011).jpg\n\nEnglish:  Princess Claire of Belgium visits Werktuigdagen Oudenaarde 2011\n\n\nDate\n\n25 September 2011, 16:53:41\n\n\nSource\n\nhttps://www.flickr.com/photos/werktuigendagen/6187257179/\n\n\nAuthor\n\nWerktuigendagen Oudenaarde\n\n\n"}, {"url": "https://commons.wikimedia.org/wiki/File:ClaireDeBelgique_LeRoeulx_2013.jpg", "metadata": {"og:image": "https://upload.wikimedia.org/wikipedia/commons/thumb/c/c7/ClaireDeBelgique_LeRoeulx_2013.jpg/640px-ClaireDeBelgique_LeRoeulx_2013.jpg", "og:image:width": "640", "og:image:height": "960", "og:title": "File:ClaireDeBelgique LeRoeulx 2013.jpg - Wikimedia Commons", "og:type": "website"}, "text": "\n\n\nDescriptionClaireDeBelgique LeRoeulx 2013.jpg\n\nFran\u00e7ais\u00a0:  Princesse Claire de Belgique lors du Royal Concours International de Roses Nouvelles du Roeulx en 2013\n\n\nDate\n\n6 September 2013\n\n\nSource\n\nOwn work\n\n\nAuthor\n\nJleclerc\n\n\n"}, {"url": "https://commons.wikimedia.org/wiki/File:Princess_Claire_of_Belgium_(2011).jpg", "metadata": {"og:image": "https://upload.wikimedia.org/wikipedia/commons/thumb/f/fb/Princess_Claire_of_Belgium_%282011%29.jpg/640px-Princess_Claire_of_Belgium_%282011%29.jpg", "og:image:width": "640", "og:image:height": "863", "og:title": "File:Princess Claire of Belgium (2011).jpg - Wikimedia Commons", "og:type": "website"}, "text": "\n\n\nDescriptionPrincess Claire of Belgium (2011).jpg\n\nEnglish:  Princess Claire of Belgium visits Werktuigdagen Oudenaarde 2011\n\n\nDate\n\n25 September 2011, 16:53:41\n\n\nSource\n\nhttps://www.flickr.com/photos/werktuigendagen/6187257179/\n\n\nAuthor\n\nWerktuigendagen Oudenaarde\n\n\n"}]