[{"url": "https://commons.wikimedia.org/wiki/File:Isabel_de_B%C3%A9lgica_e_hijos.png", "metadata": {"og:image": "https://upload.wikimedia.org/wikipedia/commons/b/b3/Isabel_de_B%C3%A9lgica_e_hijos.png", "og:image:width": "640", "og:image:height": "753", "og:title": "File:Isabel de B\u00e9lgica e hijos.png - Wikimedia Commons", "og:type": "website"}, "text": "\n\n\nDescriptionIsabel de B\u00e9lgica e hijos.png\n\nEspa\u00f1ol:  Fotograf\u00eda de la reina Isabel de B\u00e9lgica con sus hijos Leopoldo, Carlos y Mar\u00eda publicada en 1914 con motivo de haber sido B\u00e9lgica invadida por Alemania\n\n\nDate\n\n1914\n\n\nSource\n\nMundo Gr\u00e1fico, n\u00famero 146 de 12 de agosto de 1914, p\u00e1gina 18\n\n\nAuthor\n\nNo consta\n\n\n"}]