[{"url": "https://commons.wikimedia.org/wiki/File:Kronprinzessin_Stephanie_(1864-1945)_in_einer_Ballrobe_aus_hellem_Satin.jpg", "metadata": {"og:image": "https://upload.wikimedia.org/wikipedia/commons/thumb/7/7f/Kronprinzessin_Stephanie_%281864-1945%29_in_einer_Ballrobe_aus_hellem_Satin.jpg/640px-Kronprinzessin_Stephanie_%281864-1945%29_in_einer_Ballrobe_aus_hellem_Satin.jpg", "og:image:width": "640", "og:image:height": "1319", "og:title": "File:Kronprinzessin Stephanie (1864-1945) in einer Ballrobe aus hellem Satin.jpg - Wikimedia Commons", "og:type": "website"}, "text": "\n\n\n\nHans Makart: Kronprinzessin Stephanie (1864-1945) in einer Ballrobe aus hellem Satin\n\u00a0\u00a0( )\n\n\nArtist\n\n\n\n\n\n\nHans Makart\n\u00a0(1840\u20131884)\u00a0\u00a0 \u00a0\n\n\n\n\n\nAlternative names\n\nJohann Ferdinand Apollonius Makart\n\nDescription\nAustrian painter, drawer, designer and decoratoracademic history painting\n\nDate of birth/death\n\n28 May 1840 / 29 May 1840\u00a0\n3 October 1884\u00a0\n\nLocation of birth/death\n\nSalzburg\nVienna\n\nWork location\n\nVienna (1858), Salzburg (1859), Munich (1859-1865), Vienna (1869-1884)\n\nAuthority file\n\n: Q511444\nVIAF:\u200932791716\nISNI:\u20090000000073651286\nULAN:\u2009500026894\nLCCN:\u2009n84193240\nWGA:\u2009m/makart\nWorldCat\n\n\n\nartist QS:P170,Q511444\n\n\nTitle\n\n\nKronprinzessin Stephanie (1864-1945) in einer Ballrobe aus hellem Satin\n\n\nObject type\n\npaintingobject_type QS:P31,Q3305213\n\n\nDescription\n\n\nPrincess St\u00e9phanie of Belgium\n\n\nDate\n\n1881date QS:P571,+1881-00-00T00:00:00Z/9\n\n\nMedium\n\npainting\n\n\nCollection\n\n\n\n\nKunsthistorisches Museum\n\u00a0\u00a0\n\n\n\n\n\nNative name\nKunsthistorisches Museum\n\nLocation\nVienna, Austria\n\nCoordinates\n48\u00b0\u00a012\u2032\u00a013.97\u2033\u00a0N, 16\u00b0\u00a021\u2032\u00a041.76\u2033\u00a0E  \u00a0\n\nEstablished\n17 October 1891\u00a0\n\nWebsite\nwww.khm.at/en\u00a0\n\nAuthority file\n\n: Q95569\nVIAF:\u2009126584224\nISNI:\u20090000000121159908\nLCCN:\u2009n50056014\nMusicBrainz:\u20090cdcd4c5-5d49-4621-a809-87adfaf8eabb\nOSM:\u200920165\nWorldCat\n\n\n\ninstitution QS:P195,Q95569\n\n\nSource/Photographer\n\n[1]\n\nupload 2008\n\n\nPermission(Reusing this file)\n\nReproduction of a painting that is in the public domain because of its age\n\n\n"}, {"url": "https://commons.wikimedia.org/wiki/File:Hans_Canon_-_Crown_Princess_Stephanie_of_Belgium.jpg", "metadata": {"og:image": "https://upload.wikimedia.org/wikipedia/commons/a/a5/Hans_Canon_-_Crown_Princess_Stephanie_of_Belgium.jpg", "og:image:width": "640", "og:image:height": "1223", "og:title": "File:Hans Canon - Crown Princess Stephanie of Belgium.jpg - Wikimedia Commons", "og:type": "website"}, "text": "\n\n\n\nArtist\n\n\n\n\n\n\nHans Canon\n\u00a0(1829\u20131885)\u00a0\u00a0 \u00a0\n\n\n\n\n\nAlternative names\n\nJohann Stra\u0161i\u0159ipka\n\nDescription\nAustrian painter, drawer, illustrator, lithographer and watercolorist\n\nDate of birth/death\n\n15 March 1829\u00a0\n12 September 1885\u00a0\n\nLocation of birth/death\n\nVienna\nVienna\n\nWork location\n\nStuttgart (1869\u20131874); Karlsruhe (1862\u20131863); Prague; Vienna\u00a0\n\nAuthority file\n\n: Q673664\nVIAF:\u20098191852\nISNI:\u20090000000066748880\nULAN:\u2009500062427\nLCCN:\u2009nr94026234\nGND:\u2009119165457\nWorldCat\n\n\n\nartist QS:P170,Q673664\n\n\nDescription\n\n\nEnglish:  Crown Princess Stephanie of Belgium, consort to Crown Prince Rudolf of Austria\n\n\nDate\n\n1881date QS:P571,+1881-00-00T00:00:00Z/9\n\n\nMedium\n\noil on canvasmedium QS:P186,Q296955;P186,Q12321255,P518,Q861259\n\n\nCollection\n\n\n\n\nKunsthistorisches Museum\n\u00a0\u00a0\n\n\n\n\n\nNative name\nKunsthistorisches Museum\n\nLocation\nVienna, Austria\n\nCoordinates\n48\u00b0\u00a012\u2032\u00a013.97\u2033\u00a0N, 16\u00b0\u00a021\u2032\u00a041.76\u2033\u00a0E  \u00a0\n\nEstablished\n17 October 1891\u00a0\n\nWebsite\nwww.khm.at/en\u00a0\n\nAuthority file\n\n: Q95569\nVIAF:\u2009126584224\nISNI:\u20090000000121159908\nLCCN:\u2009n50056014\nMusicBrainz:\u20090cdcd4c5-5d49-4621-a809-87adfaf8eabb\nOSM:\u200920165\nWorldCat\n\n\n\ninstitution QS:P195,Q95569\n\n\nSource/Photographer\n\nwww.magnoliabox.com\n\n\n"}, {"url": "https://commons.wikimedia.org/wiki/File:Carl_Fr%C3%B6schl_-_Portrait_der_Kronprinzessin_Stephanie_von_Habsburg,_Gattin_von_Kronprinz_Rudolf.jpg", "metadata": {"og:image": "https://upload.wikimedia.org/wikipedia/commons/0/0e/Carl_Fr%C3%B6schl_-_Portrait_der_Kronprinzessin_Stephanie_von_Habsburg%2C_Gattin_von_Kronprinz_Rudolf.jpg", "og:image:width": "640", "og:image:height": "931", "og:title": "File:Carl Fr\u00f6schl - Portrait der Kronprinzessin Stephanie von Habsburg, Gattin von Kronprinz Rudolf.jpg - Wikimedia Commons", "og:type": "website"}, "text": "\n\n\n\nArtist\n\n\n\n\n\n\nCarl Fr\u00f6schl\n\u00a0(1848\u20131934)\u00a0\u00a0 \u00a0\n\n\n\n\n\nDescription\nAustrian painter and illustrator\n\nDate of birth/death\n\n23 April 1848 / 23 August 1848\u00a0\n14 September 1934\u00a0\n\nLocation of birth/death\n\nVienna\nVienna\n\nAuthority file\n\n: Q39439457\nVIAF:\u2009268091969\nULAN:\u2009500081307\nGND:\u2009116831294\nSUDOC:\u2009244168989\nNLP:\u2009a0000003695251\n\n\n\nartist QS:P170,Q39439457\n\n\nDescription\n\n\nDeutsch:  Portrait der Kronprinzessin Stephanie von Habsburg, Gattin von Kronprinz Rudolf\n\n\nDate\n\n19th centurydate QS:P571,+1850-00-00T00:00:00Z/7\n\n\nMedium\n\npainting\n\n\nCollection\n\n\n\n\nUnidentified location\n\n\n\nLocation\n19th-century portrait paintings of women, with Not identified, Not provided, Unspecified, Unmentioned or UnknownUnknown  location\nlabel QS:Len,\"Not identified, Not provided, Unspecified, Unmentioned or UnknownUnknown  location\" and year.\n\n\n\n\nSource/Photographer\n\nhttp://erzsebet-kiralyne.blog.cz/1204/obraz-stephanie-od-froschla\n\n\n"}, {"url": "https://commons.wikimedia.org/wiki/File:Hedwig_H%C3%B6na-Senft_-_Stephanie_von_Belgien.jpg", "metadata": {"og:image": "https://upload.wikimedia.org/wikipedia/commons/5/5c/Hedwig_H%C3%B6na-Senft_-_Stephanie_von_Belgien.jpg", "og:image:width": "640", "og:image:height": "821", "og:title": "File:Hedwig H\u00f6na-Senft - Stephanie von Belgien.jpg - Wikimedia Commons", "og:type": "website"}, "text": "\n\n\nDescriptionHedwig H\u00f6na-Senft - Stephanie von Belgien.jpg\n\nPolski:  Stephanie von Belgien (1864-1945)\n\n\nDate\n\n1883\n\n\nSource\n\nwww.mutualart.com\n\n\nAuthor\n\nHedwig H\u00f6na-Senft (1855\u20131923)\n\n\n"}, {"url": "https://commons.wikimedia.org/wiki/File:Stef%C3%A1nia_belga_kir%C3%A1lyi_hercegn%C5%91.jpg", "metadata": {"og:image": "https://upload.wikimedia.org/wikipedia/commons/3/34/Stef%C3%A1nia_belga_kir%C3%A1lyi_hercegn%C5%91.jpg", "og:image:width": "640", "og:image:height": "1269", "og:title": "File:Stef\u00e1nia belga kir\u00e1lyi hercegn\u0151.jpg - Wikimedia Commons", "og:type": "website"}, "text": "\n\n\nDescriptionStef\u00e1nia belga kir\u00e1lyi hercegn\u0151.jpg\n\nMagyar:  Stef\u00e1nia hercegn\u0151t, L\u00f3nyai Elem\u00e9r hitves\u00e9t (1864\u20131945), Rudolf tr\u00f3n\u00f6r\u00f6k\u00f6s \u00f6zvegy\u00e9t \u00e1br\u00e1zol\u00f3, majdnem eg\u00e9sz alakos, balra fordul\u00f3, szemben\u00e9z\u0151 portr\u00e9.\n\n\nDate\n\n20. sz\u00e1zad eleje\n\n\nSource\n\n\n\n\nPannonhalma Archabbey\n\u00a0\u00a0\n\n\n\n\n\nNative name\nPannonhalmi Benc\u00e9s F\u0151ap\u00e1ts\u00e1g\u00a0\n\nLocation\nPannonhalma\n\nCoordinates\n47\u00b0\u00a033\u2032\u00a010\u2033\u00a0N, 17\u00b0\u00a045\u2032\u00a040\u2033\u00a0E  \u00a0\n\nEstablished\n10th centurydate QS:P,+950-00-00T00:00:00Z/7\u00a0\n\nWebsite\nwww.bences.hu\u00a0\n\nAuthority file\n\n: Q936285\nVIAF:\u2009126296757\nISNI:\u2009000000012348013X\nLCCN:\u2009n85091292\nOSM:\u20097286674\nUNESCO:\u2009758\nWorldCat\n\n\n\ninstitution QS:P195,Q936285\n\n\nAuthor\n\n\n\n\n\nJ\u00f3zsef \u00c1rp\u00e1d Koppay\n\u00a0(1859\u20131927)\u00a0\u00a0 \u00a0\n\n\n\n\n\nAlternative names\n\nBaron J\u00f3zsef \u00c1rp\u00e1d Koppay von Dr\u00e9toma; Josef Arpad Koppay\n\nDescription\nHungarian painter and illustrator\n\nDate of birth/death\n\n15 March 1859\n2 September 1927\u00a0\n\nLocation of birth/death\n\nVienna\nBad Gastein\n\nWork period\n1874\u00a0\u20131917\u00a0\n\nWork location\n\nMunich; Madrid; Paris; Berlin; Vienna; Z\u00fcrich; Bern\u00a0\n\nAuthority file\n\n: Q1704224\nVIAF:\u200917971385\nISNI:\u20090000000020548736\nULAN:\u2009500107532\nLCCN:\u2009nb2007026206\nGND:\u2009116338695\nWorldCat\n\n\n\ncreator QS:P170,Q1704224\n\n\n"}, {"url": "https://commons.wikimedia.org/wiki/File:Stephanie_von_Belgien.jpg", "metadata": {"og:image": "https://upload.wikimedia.org/wikipedia/commons/9/9d/Stephanie_von_Belgien.jpg", "og:image:width": "640", "og:image:height": "988", "og:title": "File:Stephanie von Belgien.jpg - Wikimedia Commons", "og:type": "website"}, "text": "\n\n\nDescriptionStephanie von Belgien.jpg\n\nEnglish:  Princess St\u00e9phanie of Belgium, Crown Princess of Austria-Hungary\n\n\nDate\n\nlate 1880s\n\n\nSource\n\nhttp://www.gogmsite.net/the-bustle-eras-1870-1890/subalbum-princess-stephanie/archduchess-stephanie-by-jo.html\n\n\nAuthor\n\n\n\n\n\nJ\u00f3zsef \u00c1rp\u00e1d Koppay\n\u00a0(1859\u20131927)\u00a0\u00a0 \u00a0\n\n\n\n\n\nAlternative names\n\nBaron J\u00f3zsef \u00c1rp\u00e1d Koppay von Dr\u00e9toma; Josef Arpad Koppay\n\nDescription\nHungarian painter and illustrator\n\nDate of birth/death\n\n15 March 1859\n2 September 1927\u00a0\n\nLocation of birth/death\n\nVienna\nBad Gastein\n\nWork period\n1874\u00a0\u20131917\u00a0\n\nWork location\n\nMunich; Madrid; Paris; Berlin; Vienna; Z\u00fcrich; Bern\u00a0\n\nAuthority file\n\n: Q1704224\nVIAF:\u200917971385\nISNI:\u20090000000020548736\nULAN:\u2009500107532\nLCCN:\u2009nb2007026206\nGND:\u2009116338695\nWorldCat\n\n\n\ncreator QS:P170,Q1704224\n\n\n"}, {"url": "https://commons.wikimedia.org/wiki/File:St%C3%A9phanie_-_Crown_Princess_of_Austria-Hungary.jpg", "metadata": {"og:image": "https://upload.wikimedia.org/wikipedia/commons/thumb/f/f7/St%C3%A9phanie_-_Crown_Princess_of_Austria-Hungary.jpg/640px-St%C3%A9phanie_-_Crown_Princess_of_Austria-Hungary.jpg", "og:image:width": "640", "og:image:height": "794", "og:title": "File:St\u00e9phanie - Crown Princess of Austria-Hungary.jpg - Wikimedia Commons", "og:type": "website"}, "text": "\n\n\nDescriptionSt\u00e9phanie - Crown Princess of Austria-Hungary.jpg\n\nEnglish:  St\u00e9phanie - Crown Princess of Austria-Hungary (nee Princess of Belgium)\n\n\nDate\n\n1882\n\n\nSource\n\n\n\n\nImperial Furniture Museum\n\u00a0\u00a0\n\n\n\n\n\nNative name\nHofmobiliendepot\n\nParent institution\nBundesmuseen Austria\u00a0\n\nLocation\nVienna\n\nCoordinates\n48\u00b0\u00a011\u2032\u00a054.24\u2033\u00a0N, 16\u00b0\u00a020\u2032\u00a048.48\u2033\u00a0E  \u00a0\n\nEstablished\n1747\u00a0\n\nWebsite\nhttp://www.hofmobiliendepot.at/\n\nAuthority file\n\n: Q1623194\nVIAF:\u2009209254223\nOSM:\u20091606455\nGND:\u200910059233-8\nNKC:\u2009ko2018976748\nJ9U:\u2009987007604068605171\n\n\n\ninstitution QS:P195,Q1623194\n\n\nAuthor\n\n\n\n\n\nHeinrich von Angeli\n\u00a0(1840\u20131925)\u00a0\u00a0 \u00a0\n\n\n\n\n\nAlternative names\n\nHeinrich von Angeli\n\nDescription\nAustrian- painter and university teacher\n\nDate of birth/death\n\n8 July 1840\u00a0\n21 October 1925\u00a0\n\nLocation of birth/death\n\nSopron\nVienna\n\nWork location\n\nVienna\u00a0\n\nAuthority file\n\n: Q527201\nVIAF:\u200922133787\nISNI:\u20090000000066411233\nULAN:\u2009500014667\nLCCN:\u2009no2014123225\nGND:\u2009119067501\nWorldCat\n\n\n\ncreator QS:P170,Q527201\n\n\n"}]