[{"url": "https://commons.wikimedia.org/wiki/File:Triennale_delle_terre_italiane_1940.jpg", "metadata": {"og:image": "https://upload.wikimedia.org/wikipedia/commons/2/24/Triennale_delle_terre_italiane_1940.jpg", "og:image:width": "640", "og:image:height": "429", "og:title": "File:Triennale delle terre italiane 1940.jpg - Wikimedia Commons", "og:type": "website"}, "text": "\n\n\nDescriptionTriennale delle terre italiane 1940.jpg\n\nItaliano:  Napoli Prima Mostra Triennale delle Terre Italiane d'oltremare - palazzo degli Uffici - salone Mediterraneo - il re Vittorio Emanuele III, il principe Umberto II e la principessa Maria Jos\u00e8 in visita.\n\n\nDate\n\nTaken in\u00a0June 1940\n\n\nSource\n\nlombardiabeniculturali.it\n\n\nAuthor\n\n\n\n\n\nFederico Patellani\n\u00a0(1911\u20131977)\u00a0 \u00a0\n\n\n\n\n\nAlternative names\n\nPat Monterosso; Federico Pattellani\n\nDescription\nItalian film director, screenwriter, photographer, painter, jurist and director\n\nDate of birth/death\n\n1 December 1911\u00a0\n10 February 1977\u00a0\n\nLocation of birth/death\n\nMonza\nMilan\n\nWork period\n1935\u00a0\n\nAuthority file\n\n: Q15489549\nVIAF:\u200927214429\nISNI:\u2009000000002457742X\nULAN:\u2009500323760\nLCCN:\u2009n80053247\nGND:\u2009119415984\nWorldCat\n\n\n\ncreator QS:P170,Q15489549\n\n\n"}]