[{"url": "https://commons.wikimedia.org/wiki/File:Princess_Charlotte_of_Belgium.jpg", "metadata": {"og:image": "https://upload.wikimedia.org/wikipedia/commons/thumb/f/f0/Princess_Charlotte_of_Belgium.jpg/640px-Princess_Charlotte_of_Belgium.jpg", "og:image:width": "640", "og:image:height": "780", "og:title": "File:Princess Charlotte of Belgium.jpg - Wikimedia Commons", "og:type": "website"}, "text": "\n\n\n\nFranz Xaver Winterhalter: Princess Charlotte of Belgium (1840-1927)\n\u00a0\u00a0\n\n\nArtist\n\n\n\n\n\n\nFranz Xaver Winterhalter\n\u00a0(1805\u20131873)\u00a0\u00a0 \u00a0\n\n\n\n\n\nDescription\nGerman- painter, lithographer, drawer, portrait painter and visual artist\n\nDate of birth/death\n\n20 April 1805\u00a0\n8 July 1873\u00a0\n\nLocation of birth/death\n\nMenzenschwand\nFrankfurt\n\nWork period\n1863\u00a0\n\nWork location\n\nParis; Belgium; Freiburg im Breisgau; Karlsruhe; Munich; Kingdom of Italy; Russia; Spain; United Kingdom of Great Britain and Ireland\u00a0\n\nAuthority file\n\n: Q168659\nVIAF:\u200936949805\nISNI:\u20090000000116211257\nULAN:\u2009500007953\nLCCN:\u2009nr88006766\nWGA:\u2009w/winterhx\nWorldCat\n\n\n\nartist QS:P170,Q168659\n\n\nTitle\n\n\nPrincess Charlotte of Belgium (1840-1927)\u00a0label QS:Len,\"Princess Charlotte of Belgium (1840-1927)\"\n\n\nObject type\n\npaintingobject_type QS:P31,Q3305213\n\n\nGenre\n\nportrait\u00a0\n\n\nDate\n\n1842date QS:P571,+1842-00-00T00:00:00Z/9\n\n\nMedium\n\noil on canvasmedium QS:P186,Q296955;P186,Q12321255,P518,Q861259\n\n\nDimensions\n\nheight: 72.4 cm (28.5 in); width: 58.4 cm (22.9 in)dimensions QS:P2048,72.4U174728dimensions QS:P2049,58.4U174728\n\n\nCollection\n\n\n\n\nRoyal Collection\n\u00a0\u00a0\n\n\n\n\n\nNative name\nRoyal Collection of the United Kingdom\n\nLocation\nUnited Kingdom\n\nEstablished\nafter 1491date QS:P,+1491-00-00T00:00:00Z/7,P1319,+1491-00-00T00:00:00Z/9\n\nWebsite\nhttps://www.rct.uk\n\nAuthority file\n\n: Q1459037\n\n\n\ninstitution QS:P195,Q1459037\n\n\nAccession number\n\n\nRCIN 403603 (Royal Collection)\u00a0\n\n\nReferences\n\nhttp://www.royalcollection.org.uk/egallery/object.asp?maker=12557&object=403603&row=2\n\n\nSource/Photographer\n\nUnknown sourceUnknown source\n\n\n"}, {"url": "https://commons.wikimedia.org/wiki/File:Charlotte_van_Belgi%C3%AB.jpg", "metadata": {"og:image": "https://upload.wikimedia.org/wikipedia/commons/thumb/8/83/Charlotte_van_Belgi%C3%AB.jpg/640px-Charlotte_van_Belgi%C3%AB.jpg", "og:image:width": "640", "og:image:height": "764", "og:title": "File:Charlotte van Belgi\u00eb.jpg - Wikimedia Commons", "og:type": "website"}, "text": "\n\n\n\nArtist\n\n\n\n\n\n\nHermann Winterhalter\n\u00a0(1808\u20131891)\u00a0\u00a0 \u00a0\n\n\n\n\n\nAlternative names\n\nHermann Fidel Winterhalter\n\nDescription\npainter, lithographer, portrait painter and genre painter\n\nDate of birth/death\n\n23 September 1808\u00a0\n24 February 1891 / 26 February 1891\u00a0\n\nLocation of birth/death\n\nSt. Blasien\nKarlsruhe\n\nWork location\n\nParis; Karlsruhe\u00a0\n\nAuthority file\n\n: Q15462627\nVIAF:\u20095770088\nISNI:\u20090000000066798861\nULAN:\u2009500030524\nLCCN:\u2009nr00002368\nGND:\u2009120734222\nWorldCat\n\n\n\nartist QS:P170,Q15462627\n\n\nDescription\n\n\nEnglish:  Allegorie van de schaamte - formerly identified as Prinses Charlotte van Belgi\u00eb\n\n\nDate\n\ncirca 1850date QS:P571,+1850-00-00T00:00:00Z/9,P1480,Q5727902\n\n\nMedium\n\noilmedium QS:P186,Q296955\n\n\nDimensions\n\n46 \u00d7 48.5 cm (18.1 \u00d7 19 in)\n\n\nCollection\n\nRoyal Collection Brussels\n\n\nSource/Photographer\n\nRoyal Collection Brussels\n\n\nPermission(Reusing this file)\n\nKIK\n\n\n"}, {"url": "https://commons.wikimedia.org/wiki/File:Empress_Charlotte_of_Mexico_(Hearst_Castle).jpg", "metadata": {"og:image": "https://upload.wikimedia.org/wikipedia/commons/9/9d/Empress_Charlotte_of_Mexico_%28Hearst_Castle%29.jpg", "og:image:width": "640", "og:image:height": "848", "og:title": "File:Empress Charlotte of Mexico (Hearst Castle).jpg - Wikimedia Commons", "og:type": "website"}, "text": "\n\n\n\nFranz Xaver Winterhalter: Portr\u00e4t der Charlotte of Belgium (1840-1927)\n\u00a0\u00a0\n\n\nArtist\n\n\n\n\n\n\nFranz Xaver Winterhalter\n\u00a0(1805\u20131873)\u00a0\u00a0 \u00a0\n\n\n\n\n\nDescription\nGerman- painter, lithographer, drawer, portrait painter and visual artist\n\nDate of birth/death\n\n20 April 1805\u00a0\n8 July 1873\u00a0\n\nLocation of birth/death\n\nMenzenschwand\nFrankfurt\n\nWork period\n1863\u00a0\n\nWork location\n\nParis; Belgium; Freiburg im Breisgau; Karlsruhe; Munich; Kingdom of Italy; Russia; Spain; United Kingdom of Great Britain and Ireland\u00a0\n\nAuthority file\n\n: Q168659\nVIAF:\u200936949805\nISNI:\u20090000000116211257\nULAN:\u2009500007953\nLCCN:\u2009nr88006766\nWGA:\u2009w/winterhx\nWorldCat\n\n\n\nartist QS:P170,Q168659\n\n\nTitle\n\n\nPortrait of Charlotte of Belgium (1840-1927)label QS:Len,\"Portrait of Charlotte of Belgium (1840-1927)\"\n\n\nObject type\n\npaintingobject_type QS:P31,Q3305213\n\n\nDate\n\n1864date QS:P571,+1864-00-00T00:00:00Z/9\n\n\nMedium\n\noil on canvasmedium QS:P186,Q296955;P186,Q12321255,P518,Q861259\n\n\nCollection\n\n\n\n\nHearst Castle\n\u00a0\n\n\n\n\n\nParent institution\nHearst San Simeon State Historical Monument\u00a0\n\nLocation\nSan Luis Obispo County\u00a0, United States of America\n\nCoordinates\n35\u00b0\u00a041\u2032\u00a007\u2033\u00a0N, 121\u00b0\u00a010\u2032\u00a004\u2033\u00a0W  \u00a0\n\nEstablished\n1919\u00a0\n\nWebsite\nwww.hearstcastle.org\u00a0\n\nAuthority file\n\n: Q378143\nVIAF:\u2009239204554\nNRHP:\u200972000253\nGND:\u20094645953-4\nSUDOC:\u2009084096160\n\n\n\ninstitution QS:P195,Q378143\n\n\nSource/Photographer\n\nhttps://www.instagram.com/p/BLzPfk7AJ34/?hl=it\n\n\nOther versions\n\n\n\n\nDifferent version attributed to Winterhalter\n\n\n\nCompanion picture\n\n\n\n:Chapultepec Castle\n\n\n\nCopy by Albert Graefle\n\n\n\n\n"}, {"url": "https://commons.wikimedia.org/wiki/File:Portrait_de_Marie-Charlotte_de_Belgique,_imp%C3%A9ratrice_du_Mexique.jpg", "metadata": {"og:image": "https://upload.wikimedia.org/wikipedia/commons/a/a0/Portrait_de_Marie-Charlotte_de_Belgique%2C_imp%C3%A9ratrice_du_Mexique.jpg", "og:image:width": "640", "og:image:height": "912", "og:title": "File:Portrait de Marie-Charlotte de Belgique, imp\u00e9ratrice du Mexique.jpg - Wikimedia Commons", "og:type": "website"}, "text": "\n\n\n\nFranz Xaver Winterhalter: Portr\u00e4t der Charlotte of Belgium, Empress of Mexico, Grand Master of the Order of Saint Charles\n\u00a0\u00a0\n\n\nArtist\n\n\n\n\n\n\nFranz Xaver Winterhalter\n\u00a0(1805\u20131873)\u00a0\u00a0 \u00a0\n\n\n\n\n\nDescription\nGerman- painter, lithographer, drawer, portrait painter and visual artist\n\nDate of birth/death\n\n20 April 1805\u00a0\n8 July 1873\u00a0\n\nLocation of birth/death\n\nMenzenschwand\nFrankfurt\n\nWork period\n1863\u00a0\n\nWork location\n\nParis; Belgium; Freiburg im Breisgau; Karlsruhe; Munich; Kingdom of Italy; Russia; Spain; United Kingdom of Great Britain and Ireland\u00a0\n\nAuthority file\n\n: Q168659\nVIAF:\u200936949805\nISNI:\u20090000000116211257\nULAN:\u2009500007953\nLCCN:\u2009nr88006766\nWGA:\u2009w/winterhx\nWorldCat\n\n\n\nartist QS:P170,Q168659\n\n\nTitle\n\n\nPortrait of Charlotte of Belgium, Empress of Mexico, Grand Master of the Order of Saint Charleslabel QS:Len,\"Portrait of Charlotte of Belgium, Empress of Mexico, Grand Master of the Order of Saint Charles\"\n\n\nObject type\n\npaintingobject_type QS:P31,Q3305213\n\n\nDescription\n\n\nEnglish:  This copy of the original does not appear in \"The Winterhalter Catalogue\". It differs from the Winterhalter original version from Hearst Castle, as the subject has a different shoulder decoration, sash, and dress colouring. The Graefle copy, painted for Queen Victoria, copies the original but has a different tiara.\n\n\nDate\n\n1864date QS:P571,+1864-00-00T00:00:00Z/9\n\n\nMedium\n\noil on canvasmedium QS:P186,Q296955;P186,Q12321255,P518,Q861259\n\n\nDimensions\n\nheight: 965 mm (37.99 in); width: 725 mm (28.54 in)dimensions QS:P2048,965U174789dimensions QS:P2049,725U174789\n\n\nCollection\n\n\n\n\nMus\u00e9e des P\u00eacheries, F\u00e9camp\n\u00a0\u00a0\n\n\n\n\n\nLocation\nF\u00e9camp\u00a0, France\n\nCoordinates\n49\u00b0\u00a045\u2032\u00a042.04\u2033\u00a0N, 0\u00b0\u00a022\u2032\u00a005.72\u2033\u00a0E  \u00a0\n\nEstablished\n2017\u00a0\n\nWebsite\nwww.ville-fecamp.fr/Les-Pecheries-Musee-de-Fecamp.html\u00a0\n\nAuthority file\n\n: Q48757267\n\n\n\ninstitution QS:P195,Q48757267\n\n\nReferences\n\nhttps://www.pop.culture.gouv.fr/notice/joconde/07150000260?image=%5B%22oui%22%5D&listResPage=4&mainSearch=%22Winterhalter%22&mosaicPage=4&last_view=%22mosaic%22&idQuery=%22fd1bfc3-a1d-6aaf-02ac-ea228e1a3bf8%22\n\n\nSource\n\nThis file is lacking source information.\nPlease edit this file's description and provide a source.\n\n\n\n\nOther versions\n\n\nThis file has an extracted image: Order of Saint Charles, Mexico.jpg.\n\n\n\n\nDifferent Winterhalter (original) version at Hearst Castle\n\n\n\nCopy by Albert Graefle (Royal Collection, UK)\n\n\n\n\n"}, {"url": "https://commons.wikimedia.org/wiki/File:Carlota_Amalia_de_B%C3%A9lgica.jpg", "metadata": {"og:image": "https://upload.wikimedia.org/wikipedia/commons/3/31/Carlota_Amalia_de_B%C3%A9lgica.jpg", "og:image:width": "640", "og:image:height": "957", "og:title": "File:Carlota Amalia de B\u00e9lgica.jpg - Wikimedia Commons", "og:type": "website"}, "text": "\n\n\n\nAlbert Gr\u00e4fle: English:  Portrait of Charlotte of BelgiumEspa\u00f1ol:  Carlota Amalia de B\u00e9lgica\n\u00a0\u00a0(  \u00a0)\n\n\nArtist\n\n\n\n\n\n\nAlbert Gr\u00e4fle\n\u00a0(1807\u20131889)\u00a0\u00a0 \u00a0\n\n\n\n\n\nAlternative names\n\nAlbert Gr\u00e4fle, Albert Grefle\n\nDescription\nGerman painter\n\nDate of birth/death\n\n2 May 1807\u00a0\n28 December 1889\u00a0\n\nLocation of birth/death\n\nFreiburg im Breisgau\nMunich\n\nWork period\nFreiburg im Breisgau (1825-....), Munich (1827-....), Paris (1839-1848), Munich (1852-....)\n\nAuthority file\n\n: Q4710366\nVIAF:\u200932270724\nISNI:\u20090000000115648078\nULAN:\u2009500081029\nGND:\u2009116809833\nBNF:\u200914974989r\n\n\n\nartist QS:P170,Q4710366\n\n\nTitle\n\n\nEnglish:  Portrait of Charlotte of BelgiumEspa\u00f1ol:  Carlota Amalia de B\u00e9lgica\n\n\nDate\n\n1865date QS:P571,+1865-00-00T00:00:00Z/9\n\n\nMedium\n\noilmedium QS:P186,Q296955\n\n\nCollection\n\n\n\n\nMuseo Nacional de Historia\n\u00a0\u00a0\n\n\n\n\n\nNative name\nMuseo Nacional de Historia (MNH)\n\nLocation\nChapultepec Hill, Chapultepec Park, Colonia Miguel HIdalgo, Mexico City (M\u00e9xico, D. F.), M\u00e9xico.\n\nCoordinates\n19\u00b0\u00a025\u2032\u00a014.16\u2033\u00a0N, 99\u00b0\u00a010\u2032\u00a053.6\u2033\u00a0W  \u00a0\n\nEstablished\nfrom 1778 until 1788date QS:P,+1750-00-00T00:00:00Z/7,P580,+1778-00-00T00:00:00Z/9,P582,+1788-00-00T00:00:00Z/9:  built1944:  opened to public\n\nWebsite\nhttp://www.mnh.inah.gob.mx/\n\nAuthority file\n\n: Q6940502\nVIAF:\u2009137364312\nLCCN:\u2009n83139368\nJ9U:\u2009987007393149905171\nWorldCat\n\n\n\ninstitution QS:P195,Q6940502\n\n\nCurrent location\n\n\nMusic Room\n\n\nSource/Photographer\n\n[1]\n\n\nOther versions\n\n\n\n\n\n\n\n\ncrop\n\n\n\n::counterpart\n\n\n\n\n"}, {"url": "https://commons.wikimedia.org/wiki/File:Santiago_Rebull_-_Emperatriz_Carlota_(1867).jpg", "metadata": {"og:image": "https://upload.wikimedia.org/wikipedia/commons/thumb/e/e8/Santiago_Rebull_-_Emperatriz_Carlota_%281867%29.jpg/640px-Santiago_Rebull_-_Emperatriz_Carlota_%281867%29.jpg", "og:image:width": "640", "og:image:height": "783", "og:title": "File:Santiago Rebull - Emperatriz Carlota (1867).jpg - Wikimedia Commons", "og:type": "website"}, "text": "\n\n\n\nArtist\n\n\n\n\n\n\nSantiago Rebull\n\u00a0(1829\u20131902)\u00a0\u00a0 \u00a0\n\n\nDescription\nMexican painter and university teacher\n\nDate of birth/death\n\n1829\u00a0\n1902 / 12 February 1902\u00a0\n\nLocation of birth/death\n\nMexico City\nMexico City\n\nAuthority file\n\n: Q764029\nVIAF:\u200953098567\nISNI:\u20090000000067070557\nULAN:\u2009500118462\nLCCN:\u2009n84182704\nGND:\u20091161384820\nWorldCat\n\n\n\nartist QS:P170,Q764029\n\n\nObject type\n\npaintingobject_type QS:P31,Q3305213\n\n\nDescription\n\n\nEnglish:  Portrait of Empress Carlota of Mexico (1840-1927)\n\n\nDate\n\n1867date QS:P571,+1867-00-00T00:00:00Z/9\n\n\nMedium\n\noilmedium QS:P186,Q296955\n\n\nCollection\n\n\n\n\nMuseo Nacional de Arte\n\u00a0\u00a0\n\n\n\n\n\nNative name\nMuseo Nacional de Arte\n\nParent institution\nInstituto Nacional de Bellas Artes y Literatura\u00a0\n\nLocation\nMexico City\n\nCoordinates\n19\u00b0\u00a026\u2032\u00a011\u2033\u00a0N, 99\u00b0\u00a008\u2032\u00a022\u2033\u00a0W  \u00a0\n\nEstablished\n23 June 1982\u00a0\n\nWebsite\nwww.munal.mx\n\nAuthority file\n\n: Q1138147\nVIAF:\u2009137951343\nISNI:\u20090000000093849003\nLCCN:\u2009n85027607\nOSM:\u200914592229\nSUDOC:\u2009031744931\nWorldCat\n\n\n\ninstitution QS:P195,Q1138147\n\n\nSource/Photographer\n\nMuseo Nacional de Arte (Mexico)\n\n\n"}, {"url": "https://commons.wikimedia.org/wiki/File:Albert_Graefle_(1807-89)_-_Princess_Charlotte_of_Belgium,_Empress_of_Mexico_(1840-1927)_-_RCIN_402474_-_Royal_Collection.jpg", "metadata": {"og:image": "https://upload.wikimedia.org/wikipedia/commons/2/27/Albert_Graefle_%281807-89%29_-_Princess_Charlotte_of_Belgium%2C_Empress_of_Mexico_%281840-1927%29_-_RCIN_402474_-_Royal_Collection.jpg", "og:image:width": "640", "og:image:height": "846", "og:title": "File:Albert Graefle (1807-89) - Princess Charlotte of Belgium, Empress of Mexico (1840-1927) - RCIN 402474 - Royal Collection.jpg - Wikimedia Commons", "og:type": "website"}, "text": "\n\n\n\nAlbert Gr\u00e4fle: Princess Charlotte of Belgium, Empress of Mexico (1840-1927)\n\u00a0\u00a0\n\n\nArtist\n\n\n\n\n\n\nAlbert Gr\u00e4fle\n\u00a0(1807\u20131889)\u00a0\u00a0 \u00a0\n\n\n\n\n\nAlternative names\n\nAlbert Gr\u00e4fle, Albert Grefle\n\nDescription\nGerman painter\n\nDate of birth/death\n\n2 May 1807\u00a0\n28 December 1889\u00a0\n\nLocation of birth/death\n\nFreiburg im Breisgau\nMunich\n\nWork period\nFreiburg im Breisgau (1825-....), Munich (1827-....), Paris (1839-1848), Munich (1852-....)\n\nAuthority file\n\n: Q4710366\nVIAF:\u200932270724\nISNI:\u20090000000115648078\nULAN:\u2009500081029\nGND:\u2009116809833\nBNF:\u200914974989r\n\n\n\ncreator QS:P170,Q4710366\u00a0\n\n\nTitle\n\n\nPrincess Charlotte of Belgium, Empress of Mexico (1840-1927)\u00a0title QS:P1476,en:\"Princess Charlotte of Belgium, Empress of Mexico (1840-1927)\u00a0\"\nlabel QS:Len,\"Princess Charlotte of Belgium, Empress of Mexico (1840-1927)\u00a0\"\n\n\nObject type\n\npainting\u00a0\n\n\nGenre\n\nportrait\u00a0\n\n\nMedium\n\noil  on  canvas\u00a0\n\n\nDimensions\n\nheight: 99.3 cm (39 in)\u00a0; width: 74.2 cm (29.2 in)\u00a0dimensions QS:P2048,+99.3U174728dimensions QS:P2049,+74.2U174728\n\n\nCollection\n\n\n\n\nRoyal Collection\n\u00a0\u00a0\n\n\n\n\n\nNative name\nRoyal Collection of the United Kingdom\n\nLocation\nUnited Kingdom\n\nEstablished\nafter 1491date QS:P,+1491-00-00T00:00:00Z/7,P1319,+1491-00-00T00:00:00Z/9\n\nWebsite\nhttps://www.rct.uk\n\nAuthority file\n\n: Q1459037\n\n\n\ninstitution QS:P195,Q1459037\n\n\n\nAccession number\n\n\nRCIN 402474 (Royal Collection)\u00a0\n\n\nReferences\n\nRoyal Collection (UK) ID:  402474\u00a0\n\n\nSource\n\nRoyal Collection\u00a0\n\n\n"}, {"url": "https://commons.wikimedia.org/wiki/File:Carlota_by_Graefel.jpg", "metadata": {"og:image": "https://upload.wikimedia.org/wikipedia/commons/thumb/4/46/Carlota_by_Graefel.jpg/640px-Carlota_by_Graefel.jpg", "og:image:width": "640", "og:image:height": "649", "og:title": "File:Carlota by Graefel.jpg - Wikimedia Commons", "og:type": "website"}, "text": ""}, {"url": "https://commons.wikimedia.org/wiki/File:Carlota_by_Winterhalter_cropped.jpg", "metadata": {"og:image": "https://upload.wikimedia.org/wikipedia/commons/4/43/Carlota_by_Winterhalter_cropped.jpg", "og:image:width": "640", "og:image:height": "640", "og:title": "File:Carlota by Winterhalter cropped.jpg - Wikimedia Commons", "og:type": "website"}, "text": ""}, {"url": "https://commons.wikimedia.org/wiki/File:Carlota,_Empress_of_M%C3%A9xico_and_Princess_of_Belgium.jpg", "metadata": {"og:image": "https://upload.wikimedia.org/wikipedia/commons/thumb/9/96/Carlota%2C_Empress_of_M%C3%A9xico_and_Princess_of_Belgium.jpg/640px-Carlota%2C_Empress_of_M%C3%A9xico_and_Princess_of_Belgium.jpg", "og:image:width": "640", "og:image:height": "768", "og:title": "File:Carlota, Empress of M\u00e9xico and Princess of Belgium.jpg - Wikimedia Commons", "og:type": "website"}, "text": "\n\n\n\nCarlota, Empress of Mexico (1840\u20131927)\n\u00a0\u00a0\n\n\nAuthor\n\n\nUnidentified artist\n\n\nTitle\n\n\nCarlota, Empress of Mexico (1840\u20131927)\u00a0title QS:P1476,en:\"Carlota, Empress of Mexico (1840\u20131927)\u00a0\"\nlabel QS:Len,\"Carlota, Empress of Mexico (1840\u20131927)\u00a0\"\n\n\nObject type\n\npainting\u00a0\n\n\nGenre\n\nportrait\u00a0\n\n\nDescription\n\n\nEnglish:  Empress Carlota of Mexico\n\n\nDepicted people\n\nCharlotte of Belgium\u00a0\n\n\nDate\n\n1860-1870\n\n\nMedium\n\noil\u00a0\n\n\nCollection\n\n\n\n\nNew-York Historical Society\n\u00a0\u00a0\n\n\n\n\n\nNative name\nNew-York Historical Society\n\nLocation\nNew York City\n\nCoordinates\n40\u00b0\u00a046\u2032\u00a045\u2033\u00a0N, 73\u00b0\u00a058\u2032\u00a027\u2033\u00a0W  \u00a0\n\nEstablished\n1804\n\nWebsite\nwww.nyhistory.org\n\nAuthority file\n\n: Q1059456\nVIAF:\u2009139302409\nISNI:\u20090000000406262466\nULAN:\u2009500303612\nLCCN:\u2009n79017947\nNLA:\u200935383196\nWorldCat\n\n\n\ninstitution QS:P195,Q1059456\n\n\n\nAccession number\n\n\n1892.6 (New-York Historical Society)\u00a0\n\n\nReferences\n\nCatalogue of the Gallery of Art of the New York Historical Society,  289\u00a0\nhttps://emuseum.nyhistory.org/objects/19098/carlota-empress-of-mexico-18401927\u00a0\n\n\nSource/Photographer\n\nNew York Historical Society Museum & Library\n\n\n"}, {"url": "https://commons.wikimedia.org/wiki/File:Charlotte_of_belgium_1844.jpg", "metadata": {"og:image": "https://upload.wikimedia.org/wikipedia/commons/thumb/0/0d/Charlotte_of_belgium_1844.jpg/640px-Charlotte_of_belgium_1844.jpg", "og:image:width": "640", "og:image:height": "980", "og:title": "File:Charlotte of belgium 1844.jpg - Wikimedia Commons", "og:type": "website"}, "text": "\n\n\n\nArtist\n\n\n\n\n\n\nStudio of Franz Xaver Winterhalter\n\u00a0(1805\u20131873)\u00a0\u00a0 \u00a0\n\n\n\n\n\nDescription\nGerman- painter, lithographer, drawer, portrait painter and visual artist\n\nDate of birth/death\n\n20 April 1805\u00a0\n8 July 1873\u00a0\n\nLocation of birth/death\n\nMenzenschwand\nFrankfurt\n\nWork period\n1863\u00a0\n\nWork location\n\nParis; Belgium; Freiburg im Breisgau; Karlsruhe; Munich; Kingdom of Italy; Russia; Spain; United Kingdom of Great Britain and Ireland\u00a0\n\nAuthority file\n\n: Q168659\nVIAF:\u200936949805\nISNI:\u20090000000116211257\nULAN:\u2009500007953\nLCCN:\u2009nr88006766\nWGA:\u2009w/winterhx\nWorldCat\n\n\n\n\n\nObject type\n\npaintingobject_type QS:P31,Q3305213\n\n\nDescription\n\n\nEnglish:  Charlotte of Belgium. Daughter of King Leopold I\n\n\nDate\n\n1844date QS:P571,+1844-00-00T00:00:00Z/9\n\n\nMedium\n\noil on canvasmedium QS:P186,Q296955;P186,Q12321255,P518,Q861259\n\n\nDimensions\n\nheight: 92.1 cm (36.2 in); width: 64.2 cm (25.2 in)dimensions QS:P2048,92.1U174728dimensions QS:P2049,64.2U174728\n\n\nSource/Photographer\n\nwww.mutualart.com\n\n\n"}, {"url": "https://commons.wikimedia.org/wiki/File:Charlotte_of_Belgium,_Empress_consort_of_Mexico.jpg", "metadata": {"og:image": "https://upload.wikimedia.org/wikipedia/commons/thumb/a/a1/Charlotte_of_Belgium%2C_Empress_consort_of_Mexico.jpg/640px-Charlotte_of_Belgium%2C_Empress_consort_of_Mexico.jpg", "og:image:width": "640", "og:image:height": "871", "og:title": "File:Charlotte of Belgium, Empress consort of Mexico.jpg - Wikimedia Commons", "og:type": "website"}, "text": "\n\n\nDescriptionCharlotte of Belgium, Empress consort of Mexico.jpg\n\nItaliano:  Ritratto dell'arciduchessa Carlotta in costume della Brianza\n\n\nDate\n\n1857\n\n\nSource\n\nhttps://www.gettyimages.com/detail/news-photo/italy-friuli-venezia-giulia-trieste-miramare-castle-all-news-photo/187389221\n\n\nAuthor\n\n\n\n\n\nJean-Fran\u00e7ois Portaels\n\u00a0(1818\u20131895)\u00a0\u00a0 \u00a0\n\n\n\n\n\nAlternative names\n\nJan Frans Portaels\n\nDescription\nBelgian painter and teacher\n\nDate of birth/death\n\n3 April 1818\u00a0\n8 February 1895\u00a0\n\nLocation of birth/death\n\nVilvoorde\nSchaerbeek\n\nWork location\n\nCity of Brussels (1841), Paris (1841), Florence (July 1853-August 1843, August 1844-September 1844), Morocco (1844-1847), Egypt\n\nAuthority file\n\n: Q919158\nVIAF:\u200959868466\nISNI:\u20090000000066779716\nULAN:\u2009500027219\nLCCN:\u2009n80068339\nDBNL:\u2009port039\nWorldCat\n\n\n\ncreator QS:P170,Q919158\n\n\n"}, {"url": "https://commons.wikimedia.org/wiki/File:Charlotte_von_Belgien,_Kaiserin_von_Mexiko.jpg", "metadata": {"og:image": "https://upload.wikimedia.org/wikipedia/commons/3/3e/Charlotte_von_Belgien%2C_Kaiserin_von_Mexiko.jpg", "og:image:width": "640", "og:image:height": "900", "og:title": "File:Charlotte von Belgien, Kaiserin von Mexiko.jpg - Wikimedia Commons", "og:type": "website"}, "text": "\n\n\nDescriptionCharlotte von Belgien, Kaiserin von Mexiko.jpg\n\nEnglish:  Charlotte von Belgien, Kaiserin von Mexiko\n\n\nDate\n\n1865\n\n\nSource\n\nhttp://belgieroyalist.blogspot.com/2010/11/children-of-leopold-1er.html\n\n\nAuthor\n\nUnknown authorUnknown author\n\n\n"}, {"url": "https://commons.wikimedia.org/wiki/File:Dell%27Acqua_Arrival_of_Empress_Elisabeth_in_Miramare.jpg", "metadata": {"og:image": "https://upload.wikimedia.org/wikipedia/commons/thumb/0/0c/Dell%27Acqua_Arrival_of_Empress_Elisabeth_in_Miramare.jpg/640px-Dell%27Acqua_Arrival_of_Empress_Elisabeth_in_Miramare.jpg", "og:image:width": "640", "og:image:height": "423", "og:title": "File:Dell'Acqua Arrival of Empress Elisabeth in Miramare.jpg - Wikimedia Commons", "og:type": "website"}, "text": "\n\n\nDescriptionDell'Acqua Arrival of Empress Elisabeth in Miramare.jpg\n\nVisit of Empress Elisabeth at the Castello di Miramare 1861; Charlotte of Belgium (in white dress) welcomes Elisabeth while her husband Emperor Franz Joseph I. and his brother Ferdinand Maximilian wait on the boat\n\n\nDate\n\n1865\n\n\nSource\n\nHistorical Museum of Castello di Miramare (Trieste)\n\n\nAuthor\n\n\n\n\n\nCesare Dell\u2019Acqua\n\u00a0(1821\u20131905)\u00a0\u00a0 \u00a0\n\n\n\n\n\nAlternative names\n\nCesare Dell'Acqua; Cesare F\u00e9lix Georges Dell' Acqua; C\u00e9sare Dell'Acqua; Acqua, Cesare Dell; C\u00e9sare Dell Acqua; Cesare Felice Giorgio Dell\u2019Acqua; Cesare Felix Georges Dell' Acqua; Cesare Felix Georges dell' Acqua; Cesare Dell' Acqua\n\nDescription\nItalian painter, history painter, watercolorist and lithographer\n\nDate of birth/death\n\n22 July 1821\u00a0\n16 February 1905\u00a0\n\nLocation of birth/death\n\nPiran\nIxelles - Elsene\n\nWork location\n\nTrieste; City of Brussels\u00a0\n\nAuthority file\n\n: Q721879\nVIAF:\u20092742202\nISNI:\u20090000000115865355\nULAN:\u2009500016282\nLCCN:\u2009n2019002344\nGND:\u2009116006218\nWorldCat\n\n\n\ncreator QS:P170,Q721879\n\n\n"}, {"url": "https://commons.wikimedia.org/wiki/File:Emperatriz_Carlota_I_de_Mexico.png", "metadata": {"og:image": "https://upload.wikimedia.org/wikipedia/commons/7/74/Emperatriz_Carlota_I_de_Mexico.png", "og:image:width": "640", "og:image:height": "868", "og:title": "File:Emperatriz Carlota I de Mexico.png - Wikimedia Commons", "og:type": "website"}, "text": "\n\n\n\nAlbert Gr\u00e4fle: English:  Portrait of Charlotte of Belgium (1840-1927), Empress of MexicoEspa\u00f1ol:  Retrato de Carlota, Emperatriz de M\u00e9xico\n\u00a0\u00a0(  \u00a0)\n\n\nArtist\n\n\n\n\n\n\nAlbert Gr\u00e4fle\n\u00a0(1807\u20131889)\u00a0\u00a0 \u00a0\n\n\n\n\n\nAlternative names\n\nAlbert Gr\u00e4fle, Albert Grefle\n\nDescription\nGerman painter\n\nDate of birth/death\n\n2 May 1807\u00a0\n28 December 1889\u00a0\n\nLocation of birth/death\n\nFreiburg im Breisgau\nMunich\n\nWork period\nFreiburg im Breisgau (1825-....), Munich (1827-....), Paris (1839-1848), Munich (1852-....)\n\nAuthority file\n\n: Q4710366\nVIAF:\u200932270724\nISNI:\u20090000000115648078\nULAN:\u2009500081029\nGND:\u2009116809833\nBNF:\u200914974989r\n\n\n\nartist QS:P170,Q4710366\n\n\nTitle\n\n\nEnglish:  Portrait of Charlotte of Belgium (1840-1927), Empress of MexicoEspa\u00f1ol:  Retrato de Carlota, Emperatriz de M\u00e9xico\n\n\nDate\n\n1864date QS:P571,+1864-00-00T00:00:00Z/9\n\n\nMedium\n\noilmedium QS:P186,Q296955\n\n\nCollection\n\n\n\n\nMuseo Nacional de Historia\n\u00a0\u00a0\n\n\n\n\n\nNative name\nMuseo Nacional de Historia (MNH)\n\nLocation\nChapultepec Hill, Chapultepec Park, Colonia Miguel HIdalgo, Mexico City (M\u00e9xico, D. F.), M\u00e9xico.\n\nCoordinates\n19\u00b0\u00a025\u2032\u00a014.16\u2033\u00a0N, 99\u00b0\u00a010\u2032\u00a053.6\u2033\u00a0W  \u00a0\n\nEstablished\nfrom 1778 until 1788date QS:P,+1750-00-00T00:00:00Z/7,P580,+1778-00-00T00:00:00Z/9,P582,+1788-00-00T00:00:00Z/9:  built1944:  opened to public\n\nWebsite\nhttp://www.mnh.inah.gob.mx/\n\nAuthority file\n\n: Q6940502\nVIAF:\u2009137364312\nLCCN:\u2009n83139368\nJ9U:\u2009987007393149905171\nWorldCat\n\n\n\ninstitution QS:P195,Q6940502\n\n\nCurrent location\n\n\nMusic Room\n\n\nSource/Photographer\n\n[1]\n\n\nOther versions\n\n\n\n\n\n\n\n\n::counterpart\n\n\n\nVersion of Albert Graefle\n\n\n\n\n\n\n\n\n"}, {"url": "https://commons.wikimedia.org/wiki/File:Empress_Carlota_of_Mexico.jpg", "metadata": {"og:image": "https://upload.wikimedia.org/wikipedia/commons/thumb/1/1d/Empress_Carlota_of_Mexico.jpg/640px-Empress_Carlota_of_Mexico.jpg", "og:image:width": "640", "og:image:height": "805", "og:title": "File:Empress Carlota of Mexico.jpg - Wikimedia Commons", "og:type": "website"}, "text": "\n\n\nDescriptionEmpress Carlota of Mexico.jpg\n\nEnglish:  Empress Carlota wears a black evening dress with pleated bodice in this portrait.\n\n\nDate\n\n1863\n\n\nSource\n\n[1]\n\n\nAuthor\n\nHeinrich Eduard\n\n\n"}, {"url": "https://commons.wikimedia.org/wiki/File:Empress_Charlotte.jpg", "metadata": {"og:image": "https://upload.wikimedia.org/wikipedia/commons/thumb/0/09/Empress_Charlotte.jpg/640px-Empress_Charlotte.jpg", "og:image:width": "640", "og:image:height": "996", "og:title": "File:Empress Charlotte.jpg - Wikimedia Commons", "og:type": "website"}, "text": "\n\n\nDescriptionEmpress Charlotte.jpg\n\nEnglish:  Image taken from:\nTitle: \"Maximilian in Mexico. A woman's reminiscences of the French intervention. 1862-1867 [Illustrated.]\"\nAuthor(s): Stevenson, Sara Yorke [person]\nBritish Library shelfmark: \"Digital Store 9770.b.17\"\nPage: 121 (scanned page number - not necessarily the actual page number in the publication)\nPlace of publication: New York (United States of America)\nDate of publication: 1899\nPublisher: Century\nType of resource: Monograph\nLanguage(s): English\nPhysical description: xiv, 327 pages (8\u00b0)\nExplore this item in the British Library\u2019s catalogue:  \n003501864 (physical copy) and 015178466 (digitised copy)\n(numbers are British Library identifiers)\nOther links related to this image:\n- View this image as a scanned publication on the British Library\u2019s online viewer (you can download the image, selected pages or the whole book)\n- Order a higher quality scanned version of this image from the British Library\nOther links related to this publication:\n- View all the illustrations found in this publication\n- View all the illustrations in publications from the same year (1899)\n- Download the Optical Character Recognised (OCR) derived text for this publication as JavaScript Object Notation (JSON)\n- Explore and experiment with the British Library\u2019s digital collections\nThe British Library community is able to flourish online thanks to freely available resources such as this. \nYou can help support our mission to continue making our collection accessible to everyone, for research, inspiration and enjoyment, by donating on the British Library supporter webpage here. \n\nThank you for supporting the British Library.\n\n\nDate\n\n7 December 2013\n\n\nSource\n\nhttps://www.flickr.com/photos/britishlibrary/11253021425/\n\n\nAuthor\n\nBritish Library\n\n\n"}, {"url": "https://commons.wikimedia.org/wiki/File:Franz_Schrotzberg_-_Princess_Charlotte_of_Belgium.jpg", "metadata": {"og:image": "https://upload.wikimedia.org/wikipedia/commons/thumb/b/b9/Franz_Schrotzberg_-_Princess_Charlotte_of_Belgium.jpg/640px-Franz_Schrotzberg_-_Princess_Charlotte_of_Belgium.jpg", "og:image:width": "640", "og:image:height": "853", "og:title": "File:Franz Schrotzberg - Princess Charlotte of Belgium.jpg - Wikimedia Commons", "og:type": "website"}, "text": "\n\n\n\nFranz Schrotzberg: Sarolta belga hercegn\u0151\n\u00a0\u00a0(  \u00a0)\n\n\nArtist\n\n\n\n\n\n\nFranz Schrotzberg\n\u00a0(1811\u20131889)\u00a0\u00a0 \u00a0\n\n\n\n\n\nAlternative names\n\nFranz Schr\u00f6tzberger; schrotzberg franz; Franz Schrotzberzg [Schrotzberg]; schrotzberg; f. schrotzberg; franz schrotzberg\n\nDescription\nAustrian- painter and portrait painter\n\nDate of birth/death\n\n2 April 1811\u00a0\n29 May 1889\u00a0\n\nLocation of birth/death\n\nVienna\nGraz\n\nAuthority file\n\n: Q1448969\nVIAF:\u200981412503\nISNI:\u20090000000066897405\nULAN:\u2009500018146\nGND:\u200913718624X\nRKD:\u200971263\n\n\n\nartist QS:P170,Q1448969\n\n\nTitle\n\n\nSarolta belga hercegn\u0151\n\n\nObject type\n\npaintingobject_type QS:P31,Q3305213\n\n\nDescription\n\n\nEnglish:  Princess Charlotte of BelgiumMagyar:  Sarolta belga hercegn\u0151\n\n\nDate\n\n1858date QS:P571,+1858-00-00T00:00:00Z/9\n\n\nMedium\n\npainting\n\n\nCollection\n\n\n\n\nPannonhalma Archabbey\n\u00a0\u00a0\n\n\n\n\n\nNative name\nPannonhalmi Benc\u00e9s F\u0151ap\u00e1ts\u00e1g\u00a0\n\nLocation\nPannonhalma\n\nCoordinates\n47\u00b0\u00a033\u2032\u00a010\u2033\u00a0N, 17\u00b0\u00a045\u2032\u00a040\u2033\u00a0E  \u00a0\n\nEstablished\n10th centurydate QS:P,+950-00-00T00:00:00Z/7\u00a0\n\nWebsite\nwww.bences.hu\u00a0\n\nAuthority file\n\n: Q936285\nVIAF:\u2009126296757\nISNI:\u2009000000012348013X\nLCCN:\u2009n85091292\nOSM:\u20097286674\nUNESCO:\u2009758\nWorldCat\n\n\n\ninstitution QS:P195,Q936285\n\n\nSource/Photographer\n\nhttps://hu.museum-digital.org/object/61709\n\n\nPermission(Reusing this file)\n\npublic domain due to old age\n\n\n"}, {"url": "https://commons.wikimedia.org/wiki/File:Franz_Xaver_Winterhalter_(1805-73)_-_Princess_Charlotte_of_Belgium_(1840-1927)_-_RCIN_403603_-_Royal_Collection.jpg", "metadata": {"og:image": "https://upload.wikimedia.org/wikipedia/commons/thumb/9/91/Franz_Xaver_Winterhalter_%281805-73%29_-_Princess_Charlotte_of_Belgium_%281840-1927%29_-_RCIN_403603_-_Royal_Collection.jpg/640px-Franz_Xaver_Winterhalter_%281805-73%29_-_Princess_Charlotte_of_Belgium_%281840-1927%29_-_RCIN_403603_-_Royal_Collection.jpg", "og:image:width": "640", "og:image:height": "779", "og:title": "File:Franz Xaver Winterhalter (1805-73) - Princess Charlotte of Belgium (1840-1927) - RCIN 403603 - Royal Collection.jpg - Wikimedia Commons", "og:type": "website"}, "text": "\n\n\n\nFranz Xaver Winterhalter: Princess Charlotte of Belgium (1840-1927)\n\u00a0\u00a0\n\n\nArtist\n\n\n\n\n\n\nFranz Xaver Winterhalter\n\u00a0(1805\u20131873)\u00a0\u00a0 \u00a0\n\n\n\n\n\nDescription\nGerman- painter, lithographer, drawer, portrait painter and visual artist\n\nDate of birth/death\n\n20 April 1805\u00a0\n8 July 1873\u00a0\n\nLocation of birth/death\n\nMenzenschwand\nFrankfurt\n\nWork period\n1863\u00a0\n\nWork location\n\nParis; Belgium; Freiburg im Breisgau; Karlsruhe; Munich; Kingdom of Italy; Russia; Spain; United Kingdom of Great Britain and Ireland\u00a0\n\nAuthority file\n\n: Q168659\nVIAF:\u200936949805\nISNI:\u20090000000116211257\nULAN:\u2009500007953\nLCCN:\u2009nr88006766\nWGA:\u2009w/winterhx\nWorldCat\n\n\n\ncreator QS:P170,Q168659\u00a0\n\n\nTitle\n\n\nPrincess Charlotte of Belgium (1840-1927)\u00a0title QS:P1476,en:\"Princess Charlotte of Belgium (1840-1927)\u00a0\"\nlabel QS:Len,\"Princess Charlotte of Belgium (1840-1927)\u00a0\"\n\n\nObject type\n\npainting\u00a0\n\n\nGenre\n\nportrait\u00a0\n\n\nDate\n\n1842\u00a0\n\n\nMedium\n\noil  on  canvas\u00a0\n\n\nDimensions\n\nheight: 72.4 cm (28.5 in)\u00a0; width: 58.3 cm (22.9 in)\u00a0dimensions QS:P2048,+72.4U174728dimensions QS:P2049,+58.3U174728\n\n\nCollection\n\n\n\n\nRoyal Collection\n\u00a0\u00a0\n\n\n\n\n\nNative name\nRoyal Collection of the United Kingdom\n\nLocation\nUnited Kingdom\n\nEstablished\nafter 1491date QS:P,+1491-00-00T00:00:00Z/7,P1319,+1491-00-00T00:00:00Z/9\n\nWebsite\nhttps://www.rct.uk\n\nAuthority file\n\n: Q1459037\n\n\n\ninstitution QS:P195,Q1459037\n\n\n\nAccession number\n\n\nRCIN 403603 (Royal Collection)\u00a0\n\n\nReferences\n\nRoyal Collection (UK) ID:  403603\u00a0\n\n\nSource\n\nRoyal Collection\u00a0\n\n\n"}, {"url": "https://commons.wikimedia.org/wiki/File:Hermann_Winterhalter_(1808-91)_-_Princess_Charlotte_of_Belgium_(1840-1927)_-_RCIN_403674_-_Royal_Collection.jpg", "metadata": {"og:image": "https://upload.wikimedia.org/wikipedia/commons/thumb/4/44/Hermann_Winterhalter_%281808-91%29_-_Princess_Charlotte_of_Belgium_%281840-1927%29_-_RCIN_403674_-_Royal_Collection.jpg/640px-Hermann_Winterhalter_%281808-91%29_-_Princess_Charlotte_of_Belgium_%281840-1927%29_-_RCIN_403674_-_Royal_Collection.jpg", "og:image:width": "640", "og:image:height": "956", "og:title": "File:Hermann Winterhalter (1808-91) - Princess Charlotte of Belgium (1840-1927) - RCIN 403674 - Royal Collection.jpg - Wikimedia Commons", "og:type": "website"}, "text": "\n\n\n\nHermann Winterhalter: Princess Charlotte of Belgium (1840-1927)\n\u00a0\u00a0\n\n\nArtist\n\n\n\n\n\n\nHermann Winterhalter\n\u00a0(1808\u20131891)\u00a0\u00a0 \u00a0\n\n\n\n\n\nAlternative names\n\nHermann Fidel Winterhalter\n\nDescription\npainter, lithographer, portrait painter and genre painter\n\nDate of birth/death\n\n23 September 1808\u00a0\n24 February 1891 / 26 February 1891\u00a0\n\nLocation of birth/death\n\nSt. Blasien\nKarlsruhe\n\nWork location\n\nParis; Karlsruhe\u00a0\n\nAuthority file\n\n: Q15462627\nVIAF:\u20095770088\nISNI:\u20090000000066798861\nULAN:\u2009500030524\nLCCN:\u2009nr00002368\nGND:\u2009120734222\nWorldCat\n\n\n\ncreator QS:P170,Q15462627\u00a0\n\n\nTitle\n\n\nPrincess Charlotte of Belgium (1840-1927)\u00a0title QS:P1476,en:\"Princess Charlotte of Belgium (1840-1927)\u00a0\"\nlabel QS:Len,\"Princess Charlotte of Belgium (1840-1927)\u00a0\"\n\n\nObject type\n\npainting\u00a0\n\n\nGenre\n\nportrait\u00a0\n\n\nDepicted people\n\nCharlotte of Belgium\u00a0\n\n\nDate\n\n1848\u00a0\n\n\nMedium\n\noil  on  canvas\u00a0\n\n\nDimensions\n\nheight: 99 cm (38.9 in)\u00a0; width: 66.8 cm (26.2 in)\u00a0dimensions QS:P2048,+99.0U174728dimensions QS:P2049,+66.8U174728\n\n\nCollection\n\n\n\n\nRoyal Collection\n\u00a0\u00a0\n\n\n\n\n\nNative name\nRoyal Collection of the United Kingdom\n\nLocation\nUnited Kingdom\n\nEstablished\nafter 1491date QS:P,+1491-00-00T00:00:00Z/7,P1319,+1491-00-00T00:00:00Z/9\n\nWebsite\nhttps://www.rct.uk\n\nAuthority file\n\n: Q1459037\n\n\n\ninstitution QS:P195,Q1459037\n\n\n\nAccession number\n\n\nRCIN 403674 (Royal Collection)\u00a0\n\n\nReferences\n\nRoyal Collection (UK) ID:  403674\u00a0\n\n\nSource\n\nRoyal Collection\u00a0\n\n\n"}, {"url": "https://commons.wikimedia.org/wiki/File:Hermann_Winterhalter_Portrait_of_Princess_Charlotte_of_Belgium.jpg", "metadata": {"og:image": "https://upload.wikimedia.org/wikipedia/commons/thumb/c/cf/Hermann_Winterhalter_Portrait_of_Princess_Charlotte_of_Belgium.jpg/640px-Hermann_Winterhalter_Portrait_of_Princess_Charlotte_of_Belgium.jpg", "og:image:width": "640", "og:image:height": "956", "og:title": "File:Hermann Winterhalter Portrait of Princess Charlotte of Belgium.jpg - Wikimedia Commons", "og:type": "website"}, "text": "\n\n\nDescriptionHermann Winterhalter Portrait of Princess Charlotte of Belgium.jpg\n\nEnglish:  Portrait of Princess Charlotte of Belgium (1840-1927)\n\n\nDate\n\n1848\n\n\nSource\n\nRoyal Collection\n\n\nAuthor\n\n\n\n\n\nHermann Winterhalter\n\u00a0(1808\u20131891)\u00a0\u00a0 \u00a0\n\n\n\n\n\nAlternative names\n\nHermann Fidel Winterhalter\n\nDescription\npainter, lithographer, portrait painter and genre painter\n\nDate of birth/death\n\n23 September 1808\u00a0\n24 February 1891 / 26 February 1891\u00a0\n\nLocation of birth/death\n\nSt. Blasien\nKarlsruhe\n\nWork location\n\nParis; Karlsruhe\u00a0\n\nAuthority file\n\n: Q15462627\nVIAF:\u20095770088\nISNI:\u20090000000066798861\nULAN:\u2009500030524\nLCCN:\u2009nr00002368\nGND:\u2009120734222\nWorldCat\n\n\n\ncreator QS:P170,Q15462627\n\n\n"}, {"url": "https://commons.wikimedia.org/wiki/File:Isidore_Pils_-_Empress_Charlotte_of_Mexico.jpg", "metadata": {"og:image": "https://upload.wikimedia.org/wikipedia/commons/thumb/3/38/Isidore_Pils_-_Empress_Charlotte_of_Mexico.jpg/640px-Isidore_Pils_-_Empress_Charlotte_of_Mexico.jpg", "og:image:width": "640", "og:image:height": "856", "og:title": "File:Isidore Pils - Empress Charlotte of Mexico.jpg - Wikimedia Commons", "og:type": "website"}, "text": "\n\n\nDescriptionIsidore Pils - Empress Charlotte of Mexico.jpg\n\nEnglish:  Empress Charlotte of Mexico\n\n\nDate\n\ncirca 1865date QS:P,+1865-00-00T00:00:00Z/9,P1480,Q5727902\n\n\nSource\n\n\n\n\nHofburg Palace\n\u00a0\u00a0\n\n\n\n\n\nNative name\nHofburg\u00a0\n\nLocation\nInnere Stadt\u00a0, Austria\n\nCoordinates\n48\u00b0\u00a012\u2032\u00a023\u2033\u00a0N, 16\u00b0\u00a021\u2032\u00a055\u2033\u00a0E  \u00a0\n\nEstablished\n1913\u00a0\n\nWebsite\nwww.hofburg-wien.at\u00a0\n\nAuthority file\n\n: Q46242\nVIAF:\u2009138199167\nLCCN:\u2009n50055695\nOSM:\u20093898175\nGND:\u20094244475-5\nJ9U:\u2009987007590284005171\nWorldCat\n\n\n\ninstitution QS:P195,Q46242\nKleiner Salon\n\n\nAuthor\n\n\n\n\n\nIsidore Pils\n\u00a0(\u20131875)\u00a0\u00a0 \u00a0\n\n\n\n\n\nAlternative names\n\nIsidore-Alexandre-Augustin Pils\n\nDescription\nFrench painter\n\nDate of birth/death\n\n19 July 1813 / 7 November 1815\u00a0\n3 September 1875\u00a0\n\nLocation of birth/death\n\nParis\nDouarnenez\n\nAuthority file\n\n: Q708968\nVIAF:\u200954264563\nISNI:\u20090000000107963668\nULAN:\u2009500022835\nLCCN:\u2009nr90024708\nWGA:\u2009p/pils\nWorldCat\n\n\n\ncreator QS:P170,Q708968\n\n\n"}, {"url": "https://commons.wikimedia.org/wiki/File:John_Phillip_(1817-67)_-_Princess_Charlotte_of_Belgium_(1840-1927)_-_RCIN_406939_-_Royal_Collection.jpg", "metadata": {"og:image": "https://upload.wikimedia.org/wikipedia/commons/thumb/c/cd/John_Phillip_%281817-67%29_-_Princess_Charlotte_of_Belgium_%281840-1927%29_-_RCIN_406939_-_Royal_Collection.jpg/640px-John_Phillip_%281817-67%29_-_Princess_Charlotte_of_Belgium_%281840-1927%29_-_RCIN_406939_-_Royal_Collection.jpg", "og:image:width": "640", "og:image:height": "746", "og:title": "File:John Phillip (1817-67) - Princess Charlotte of Belgium (1840-1927) - RCIN 406939 - Royal Collection.jpg - Wikimedia Commons", "og:type": "website"}, "text": "\n\n\n\nJohn Phillip: Princess Charlotte of Belgium (1840-1927)\n\u00a0\u00a0\n\n\nArtist\n\n\n\n\n\n\nJohn Phillip\n\u00a0(1817\u20131867)\u00a0\u00a0 \u00a0\n\n\n\n\n\nDescription\nBritish painter\n\nDate of birth/death\n\n19 April 1817\u00a0\n1867\u00a0\n\nLocation of birth/death\n\nAberdeen\nLondon\n\nWork period\nVictorian\n\nWork location\n\nUnited Kingdom of Great Britain and Ireland (1836\u20131867); Spain (1851\u20131867)\u00a0\n\nAuthority file\n\n: Q6252800\nVIAF:\u200950288817\nISNI:\u20090000000066827941\nULAN:\u2009500021176\nLCCN:\u2009nr2004021374\nOxford Dict.:\u200922140\nWorldCat\n\n\n\ncreator QS:P170,Q6252800\u00a0\n\n\nTitle\n\n\nPrincess Charlotte of Belgium (1840-1927)\u00a0title QS:P1476,en:\"Princess Charlotte of Belgium (1840-1927)\u00a0\"\nlabel QS:Len,\"Princess Charlotte of Belgium (1840-1927)\u00a0\"\n\n\nObject type\n\npainting\u00a0\n\n\nGenre\n\nportrait\u00a0\n\n\nDepicted people\n\nCharlotte of Belgium\u00a0\n\n\nDate\n\n1852\u00a0\n\n\nMedium\n\noil  on  canvas\u00a0\n\n\nDimensions\n\nheight: 33.9 cm (13.3 in)\u00a0; width: 29.3 cm (11.5 in)\u00a0dimensions QS:P2048,+33.9U174728dimensions QS:P2049,+29.3U174728\n\n\nCollection\n\n\n\n\nRoyal Collection\n\u00a0\u00a0\n\n\n\n\n\nNative name\nRoyal Collection of the United Kingdom\n\nLocation\nUnited Kingdom\n\nEstablished\nafter 1491date QS:P,+1491-00-00T00:00:00Z/7,P1319,+1491-00-00T00:00:00Z/9\n\nWebsite\nhttps://www.rct.uk\n\nAuthority file\n\n: Q1459037\n\n\n\ninstitution QS:P195,Q1459037\n\n\n\nAccession number\n\n\nRCIN 406939 (Royal Collection)\u00a0\n\n\nReferences\n\nRoyal Collection (UK) ID:  406939\u00a0\n\n\nSource\n\nRoyal Collection\u00a0\n\n\n"}, {"url": "https://commons.wikimedia.org/wiki/File:Keizerin_Charlotte_van_Mexico.jpg", "metadata": {"og:image": "https://upload.wikimedia.org/wikipedia/commons/f/f7/Keizerin_Charlotte_van_Mexico.jpg", "og:image:width": "640", "og:image:height": "912", "og:title": "File:Keizerin Charlotte van Mexico.jpg - Wikimedia Commons", "og:type": "website"}, "text": "\n\n\nDescriptionKeizerin Charlotte van Mexico.jpg\n\nEnglish:  Charlotte of Belgium  Empress of Mexico\n\n\nDate\n\n6 December 2012, 02:24:35\n\n\nSource\n\nhttp://www.allthingsroyal.nl/blog/2012/08/11/monarchen-met-een-steekje-los-deel-1-prinses-charlotte-van-belgie-keizerin-van-mexico/\n\n\nAuthor\n\nunknown painter 1870\n\n\n"}, {"url": "https://commons.wikimedia.org/wiki/File:Louis_Gallait_(1810-87)_-_Princess_Charlotte_of_Belgium_(1840-1927)_-_RCIN_403630_-_Royal_Collection.jpg", "metadata": {"og:image": "https://upload.wikimedia.org/wikipedia/commons/thumb/6/6a/Louis_Gallait_%281810-87%29_-_Princess_Charlotte_of_Belgium_%281840-1927%29_-_RCIN_403630_-_Royal_Collection.jpg/640px-Louis_Gallait_%281810-87%29_-_Princess_Charlotte_of_Belgium_%281840-1927%29_-_RCIN_403630_-_Royal_Collection.jpg", "og:image:width": "640", "og:image:height": "817", "og:title": "File:Louis Gallait (1810-87) - Princess Charlotte of Belgium (1840-1927) - RCIN 403630 - Royal Collection.jpg - Wikimedia Commons", "og:type": "website"}, "text": "\n\n\n\nLouis Gallait: Princess Charlotte of Belgium (1840-1927)\n\u00a0\u00a0\n\n\nArtist\n\n\n\n\n\n\nLouis Gallait\n\u00a0(1810\u20131887)\u00a0\u00a0 \u00a0\n\n\n\n\n\nAlternative names\n\nLouis Galait; Louis-Joseph Gallait; Louis Pallait; innocent louis gallait; L. Gallait; Gallait; Gallaits\n\nDescription\nBelgian painter, etcher and lithographer\n\nDate of birth/death\n\n10 March 1810 / 10 February 1810 / 10 May 1810\u00a0\n20 November 1887\u00a0\n\nLocation of birth/death\n\nTournai\nSchaerbeek\n\nWork period\nbetween circa 1825 and circa 1887date QS:P,+1850-00-00T00:00:00Z/7,P1319,+1825-00-00T00:00:00Z/9,P1326,+1887-00-00T00:00:00Z/9,P1480,Q5727902\n\nWork location\n\nCity of Brussels, Paris\n\nAuthority file\n\n: Q538173\nVIAF:\u200954417831\nISNI:\u20090000000078216937\nULAN:\u2009500018878\nLCCN:\u2009nr89003537\nWGA:\u2009g/gallait\nWorldCat\n\n\n\ncreator QS:P170,Q538173\u00a0\n\n\nTitle\n\n\nPrincess Charlotte of Belgium (1840-1927)\u00a0title QS:P1476,en:\"Princess Charlotte of Belgium (1840-1927)\u00a0\"\nlabel QS:Len,\"Princess Charlotte of Belgium (1840-1927)\u00a0\"\n\n\nObject type\n\npainting\u00a0\n\n\nGenre\n\nportrait\u00a0\n\n\nDepicted people\n\nCharlotte of Belgium\u00a0\n\n\nDate\n\n1846\u00a0\n\n\nMedium\n\noil  on  panel\u00a0\n\n\nDimensions\n\nheight: 38 cm (14.9 in)\u00a0; width: 29.6 cm (11.6 in)\u00a0; thickness: 0.7 cm (0.2 in)\u00a0dimensions QS:P2048,+38.0U174728dimensions QS:P2049,+29.6U174728dimensions QS:P2610,+0.7U174728\n\n\nCollection\n\n\n\n\nRoyal Collection\n\u00a0\u00a0\n\n\n\n\n\nNative name\nRoyal Collection of the United Kingdom\n\nLocation\nUnited Kingdom\n\nEstablished\nafter 1491date QS:P,+1491-00-00T00:00:00Z/7,P1319,+1491-00-00T00:00:00Z/9\n\nWebsite\nhttps://www.rct.uk\n\nAuthority file\n\n: Q1459037\n\n\n\ninstitution QS:P195,Q1459037\n\n\n\nAccession number\n\n\nRCIN 403630 (Royal Collection)\u00a0\n\n\nReferences\n\nRoyal Collection (UK) ID:  403630\u00a0\n\n\nSource\n\nRoyal Collection\u00a0\n\n\n"}, {"url": "https://commons.wikimedia.org/wiki/File:Matrimonio_tra_Carlotta_del_Belgio_e_Massimiliano_d%27Austria.jpg", "metadata": {"og:image": "https://upload.wikimedia.org/wikipedia/commons/thumb/1/14/Matrimonio_tra_Carlotta_del_Belgio_e_Massimiliano_d%27Austria.jpg/640px-Matrimonio_tra_Carlotta_del_Belgio_e_Massimiliano_d%27Austria.jpg", "og:image:width": "640", "og:image:height": "473", "og:title": "File:Matrimonio tra Carlotta del Belgio e Massimiliano d'Austria.jpg - Wikimedia Commons", "og:type": "website"}, "text": "\n\n\nDescriptionMatrimonio tra Carlotta del Belgio e Massimiliano d'Austria.jpg\n\nItaliano:  Matrinonio tra Carlotta del Belgio e Massimiliano d'AustriaNederlands:  Gravure huwelijk Charlotte van Belgi\u00eb met Maximiliaan van Oostenrijk\n\n\nDate\n\ncirca 1857date QS:P,+1857-00-00T00:00:00Z/9,P1480,Q5727902\n\n\nSource\n\n\n\n\nMiramare Castle\n\u00a0\u00a0\n\n\n\n\n\nNative name\nMiramare\u00a0\n\nLocation\nTrieste\u00a0, Italy\n\nCoordinates\n45\u00b0\u00a042\u2032\u00a008.83\u2033\u00a0N, 13\u00b0\u00a042\u2032\u00a044.34\u2033\u00a0E  \u00a0\n\nEstablished\n1860\u00a0\n\nAuthority file\n\n: Q165069\nVIAF:\u2009143508321\nISNI:\u20090000000121742060\nLCCN:\u2009nr91007410\nGND:\u20094717675-1\nSUDOC:\u2009069055394\nWorldCat\n\n\n\ninstitution QS:P195,Q165069\n\n\nAuthor\n\nCesare dell'Acqua (1821-1905)\n\n\nPermission(Reusing this file)\n\n\n\nPublic domainPublic domainfalsefalse\n\n\n\n\n\n\nThis work is in the public domain in its country of origin and other countries and areas where the copyright term is the author's life plus 70 years or fewer.\n\n\n You must also include a United States public domain tag to indicate why this work is in the public domain in the United States.\u00a0Note that a few countries have copyright terms longer than 70 years: Mexico has 100 years, Jamaica has 95 years, Colombia has 80 years, and Guatemala and Samoa have 75 years. This image may not be in the public domain in these countries, which moreover do not implement the rule of the shorter term. Honduras has a general copyright term of 75 years, but it does implement the rule of the shorter term. Copyright may extend on works created by French who died for France in World War II (more information), Russians who served in the Eastern Front of World War II (known as the Great Patriotic War in Russia) and posthumously rehabilitated victims of Soviet repressions (more information).\n\n\n\nThis file has been identified as being free of known restrictions under copyright law, including all related and neighboring rights.\nhttps://creativecommons.org/publicdomain/mark/1.0/PDMCreative Commons Public Domain Mark 1.0falsefalse\n\n\n"}, {"url": "https://commons.wikimedia.org/wiki/File:Portret_van_keizerin_Charlotte.jpg", "metadata": {"og:image": "https://upload.wikimedia.org/wikipedia/commons/b/b5/Portret_van_keizerin_Charlotte.jpg", "og:image:width": "640", "og:image:height": "811", "og:title": "File:Portret van keizerin Charlotte.jpg - Wikimedia Commons", "og:type": "website"}, "text": "\n\n\n\nEnglish:  Portrait of Charlotte of Belgium, Empress of Mexico.\n\n\n\nArtist\n\n\nTiburcio Sanchez de la Barquera\n\n\nTitle\n\n\nEnglish:  Portrait of Charlotte of Belgium, Empress of Mexico.\n\n\nDate\n\n1866date QS:P571,+1866-00-00T00:00:00Z/9\n\n\nMedium\n\noilmedium QS:P186,Q296955\n\n\nDimensions\n\n103.5 x 93\n\n\nCollection\n\nMuseo Storico del castello di Miramare\n\n\nSource/Photographer\n\nhttp://www.culturaitalia.it/opencms/it/contenuti/eventi/Carlotta__principessa_felice_nel_Castello_di_Miramare.html?language=it\n\n\n"}, {"url": "https://commons.wikimedia.org/wiki/File:Portret_van_Prinses_Charlotte_als_kind_ten_voeten_uit_met_zwarte_sjerp.jpg", "metadata": {"og:image": "https://upload.wikimedia.org/wikipedia/commons/thumb/c/c1/Portret_van_Prinses_Charlotte_als_kind_ten_voeten_uit_met_zwarte_sjerp.jpg/640px-Portret_van_Prinses_Charlotte_als_kind_ten_voeten_uit_met_zwarte_sjerp.jpg", "og:image:width": "640", "og:image:height": "894", "og:title": "File:Portret van Prinses Charlotte als kind ten voeten uit met zwarte sjerp.jpg - Wikimedia Commons", "og:type": "website"}, "text": "\n\n\n\nFranz Xaver Winterhalter: Full-length portrait of Princess Charlotte as a child with a black sash\n\u00a0\u00a0\n\n\nArtist\n\n\n\n\n\n\nFranz Xaver Winterhalter\n\u00a0(1805\u20131873)\u00a0\u00a0 \u00a0\n\n\n\n\n\nDescription\nGerman- painter, lithographer, drawer, portrait painter and visual artist\n\nDate of birth/death\n\n20 April 1805\u00a0\n8 July 1873\u00a0\n\nLocation of birth/death\n\nMenzenschwand\nFrankfurt\n\nWork period\n1863\u00a0\n\nWork location\n\nParis; Belgium; Freiburg im Breisgau; Karlsruhe; Munich; Kingdom of Italy; Russia; Spain; United Kingdom of Great Britain and Ireland\u00a0\n\nAuthority file\n\n: Q168659\nVIAF:\u200936949805\nISNI:\u20090000000116211257\nULAN:\u2009500007953\nLCCN:\u2009nr88006766\nWGA:\u2009w/winterhx\nWorldCat\n\n\n\ncreator QS:P170,Q168659\u00a0\n\n\nTitle\n\n\nDutch:  Portret van Prinses Charlotte als kind ten voeten uit met zwarte sjerp\u00a0Full-length portrait of Princess Charlotte as a child with a black sashtitle QS:P1476,nl:\"Portret van Prinses Charlotte als kind ten voeten uit met zwarte sjerp\u00a0\"\nlabel QS:Lnl,\"Portret van Prinses Charlotte als kind ten voeten uit met zwarte sjerp\u00a0\"\nlabel QS:Len,\"Full-length portrait of Princess Charlotte as a child with a black sash\"\nlabel QS:Lfr,\"Portrait en pied de la princesse Charlotte enfant avec une ceinture noire\"\n\n\nObject type\n\npainting\u00a0\n\n\nGenre\n\nportrait\u00a0\n\n\nDepicted people\n\nCharlotte of Belgium\u00a0\n\n\nDate\n\n1844\u00a0\n\n\nMedium\n\noil  on  canvas\u00a0\n\n\nDimensions\n\nheight: 140 cm (55.1 in)\u00a0; width: 98 cm (38.5 in)\u00a0dimensions QS:P2048,+140U174728dimensions QS:P2049,+98U174728\n\n\nCollection\n\n\n\n\nRoyal Collection of Belgium\n\u00a0\u00a0\n\n\n\n\n\nNative name\nKoninklijke Verzameling\n\nLocation\nCity of Brussels\n\nWebsite\nwww.monarchie.be/de/monarchie/zivilliste/konigliche-sammlung\u00a0\n\nAuthority file\n\n: Q2536986\n\n\n\ninstitution QS:P195,Q2536986\n\n\n\nAccession number\n\n\n0105TA (Royal Collection of Belgium)\u00a0\n\n\nReferences\n\nBALaT object ID:  20034479\u00a0\n\n\nSource/Photographer\n\nUnknown sourceUnknown source\n\n\n"}, {"url": "https://commons.wikimedia.org/wiki/File:Portret_van_prinses_Charlotte_van_Belgi%C3%AB.jpg", "metadata": {"og:image": "https://upload.wikimedia.org/wikipedia/commons/f/f0/Portret_van_prinses_Charlotte_van_Belgi%C3%AB.jpg", "og:image:width": "640", "og:image:height": "1079", "og:title": "File:Portret van prinses Charlotte van Belgi\u00eb.jpg - Wikimedia Commons", "og:type": "website"}, "text": "\n\n\nDescriptionPortret van prinses Charlotte van Belgi\u00eb.jpg\n\nEnglish:  Portret van prinses Charlotte van Belgi\u00eb\n\n\nDate\n\n1857\n\n\nSource\n\nAntwerpen St\u00e4dhuis\n\n\nAuthor\n\n\n\n\n\nNicaise de Keyser\n\u00a0(1813\u20131887)\u00a0\u00a0 \u00a0\n\n\n\n\n\nAlternative names\n\nNicaise De Keyzer\n\nDescription\nBelgian painter and drawer\n\nDate of birth/death\n\n26 August 1813\u00a0\n16 July 1887\u00a0\n\nLocation of birth/death\n\nZandvliet\nAntwerp\n\nWork period\nbetween circa 1825 and circa 1887date QS:P,+1850-00-00T00:00:00Z/7,P1319,+1825-00-00T00:00:00Z/9,P1326,+1887-00-00T00:00:00Z/9,P1480,Q5727902\n\nWork location\n\nAntwerp (circa 1825date QS:P,+1825-00-00T00:00:00Z/9,P1480,Q5727902), Italy (1840), France (1840), Antwerp (1858)\n\nAuthority file\n\n: Q569045\nVIAF:\u200934728648\nISNI:\u20090000000081140021\nULAN:\u2009500019077\nLCCN:\u2009n89620333\nWGA:\u2009k/keyserni\nWorldCat\n\n\n\ncreator QS:P170,Q569045\n\n\n"}, {"url": "https://commons.wikimedia.org/wiki/File:Princess_Charlotte_of_Belgium_(later_Empress_of_Mexico).jpg", "metadata": {"og:image": "https://upload.wikimedia.org/wikipedia/commons/thumb/b/b5/Princess_Charlotte_of_Belgium_%28later_Empress_of_Mexico%29.jpg/640px-Princess_Charlotte_of_Belgium_%28later_Empress_of_Mexico%29.jpg", "og:image:width": "640", "og:image:height": "746", "og:title": "File:Princess Charlotte of Belgium (later Empress of Mexico).jpg - Wikimedia Commons", "og:type": "website"}, "text": "\n\n\nDescriptionPrincess Charlotte of Belgium (later Empress of Mexico).jpg\n\nEnglish:  Princess Charlotte of Belgium (later Empress of Mexico), 1852\n\n\nDate\n\n1852\n\n\nSource\n\nhttps://www.rct.uk/collection/406939/princess-charlotte-of-belgium-1840-1927\n\n\nAuthor\n\nJohn Phillip (1817\u20131867)\n\n\n"}, {"url": "https://commons.wikimedia.org/wiki/File:Princess_Charlotte_of_Belgium,_Empress_of_Mexico.jpg", "metadata": {"og:image": "https://upload.wikimedia.org/wikipedia/commons/thumb/c/c5/Princess_Charlotte_of_Belgium%2C_Empress_of_Mexico.jpg/640px-Princess_Charlotte_of_Belgium%2C_Empress_of_Mexico.jpg", "og:image:width": "640", "og:image:height": "853", "og:title": "File:Princess Charlotte of Belgium, Empress of Mexico.jpg - Wikimedia Commons", "og:type": "website"}, "text": "\n\n\nDescriptionPrincess Charlotte of Belgium, Empress of Mexico.jpg\n\nEnglish:  Princess Charlotte of Belgium, Empress of Mexico (1840-1927)\n\n\nDate\n\nBefore March 1868\n\n\nSource\n\n\n\n\nRoyal Collection\n\u00a0\u00a0\n\n\n\n\n\nNative name\nRoyal Collection of the United Kingdom\n\nLocation\nUnited Kingdom\n\nEstablished\nafter 1491date QS:P,+1491-00-00T00:00:00Z/7,P1319,+1491-00-00T00:00:00Z/9\n\nWebsite\nhttps://www.rct.uk\n\nAuthority file\n\n: Q1459037\n\n\n\ninstitution QS:P195,Q1459037\n\n\nAuthor\n\n\n\n\n\nAlbert Gr\u00e4fle\n\u00a0(1807\u20131889)\u00a0\u00a0 \u00a0\n\n\n\n\n\nAlternative names\n\nAlbert Gr\u00e4fle, Albert Grefle\n\nDescription\nGerman painter\n\nDate of birth/death\n\n2 May 1807\u00a0\n28 December 1889\u00a0\n\nLocation of birth/death\n\nFreiburg im Breisgau\nMunich\n\nWork period\nFreiburg im Breisgau (1825-....), Munich (1827-....), Paris (1839-1848), Munich (1852-....)\n\nAuthority file\n\n: Q4710366\nVIAF:\u200932270724\nISNI:\u20090000000115648078\nULAN:\u2009500081029\nGND:\u2009116809833\nBNF:\u200914974989r\n\n\n\ncreator QS:P170,Q4710366\n\n\nPermission(Reusing this file)\n\nhttps://www.rct.uk/collection/search#/13/collection/402474/princess-charlotte-of-belgium-empress-of-mexico-1840-1927\n\n\n"}, {"url": "https://commons.wikimedia.org/wiki/File:Rebull_Max_und_Charlotte.jpg", "metadata": {"og:image": "https://upload.wikimedia.org/wikipedia/commons/5/52/Rebull_Max_und_Charlotte.jpg", "og:image:width": "640", "og:image:height": "744", "og:title": "File:Rebull Max und Charlotte.jpg - Wikimedia Commons", "og:type": "website"}, "text": "\n\n\n\nArtist\n\n\n\n\n\n\nSantiago Rebull\n\u00a0(1829\u20131902)\u00a0\u00a0 \u00a0\n\n\nDescription\nMexican painter and university teacher\n\nDate of birth/death\n\n1829\u00a0\n1902 / 12 February 1902\u00a0\n\nLocation of birth/death\n\nMexico City\nMexico City\n\nAuthority file\n\n: Q764029\nVIAF:\u200953098567\nISNI:\u20090000000067070557\nULAN:\u2009500118462\nLCCN:\u2009n84182704\nGND:\u20091161384820\nWorldCat\n\n\n\nartist QS:P170,Q764029\n\n\nObject type\n\npaintingobject_type QS:P31,Q3305213\n\n\nDescription\n\n\nEspa\u00f1ol:  Retrato de Maximiliano y Carlota\n\n\nDate\n\ncirca 1864date QS:P571,+1864-00-00T00:00:00Z/9,P1480,Q5727902\n\n\nMedium\n\npainting\n\n\nCollection\n\n\n\n\nMiramare Castle\n\u00a0\u00a0\n\n\n\n\n\nNative name\nMiramare\u00a0\n\nLocation\nTrieste\u00a0, Italy\n\nCoordinates\n45\u00b0\u00a042\u2032\u00a008.83\u2033\u00a0N, 13\u00b0\u00a042\u2032\u00a044.34\u2033\u00a0E  \u00a0\n\nEstablished\n1860\u00a0\n\nAuthority file\n\n: Q165069\nVIAF:\u2009143508321\nISNI:\u20090000000121742060\nLCCN:\u2009nr91007410\nGND:\u20094717675-1\nSUDOC:\u2009069055394\nWorldCat\n\n\n\ninstitution QS:P195,Q165069\n\n\nSource/Photographer\n\nRebull_Max_y_Carlota_sXIX.jpg\n\nderivative work: Joaqu\u00edn Mart\u00ednez Rosado (talk)\n\n\n"}, {"url": "https://commons.wikimedia.org/wiki/File:Rebull_Max_y_Carlota_sXIX.jpg", "metadata": {"og:image": "https://upload.wikimedia.org/wikipedia/commons/0/0b/Rebull_Max_y_Carlota_sXIX.jpg", "og:image:width": "640", "og:image:height": "734", "og:title": "File:Rebull Max y Carlota sXIX.jpg - Wikimedia Commons", "og:type": "website"}, "text": "\n\n\n\nArtist\n\n\n\n\n\n\nSantiago Rebull\n\u00a0(1829\u20131902)\u00a0\u00a0 \u00a0\n\n\nDescription\nMexican painter and university teacher\n\nDate of birth/death\n\n1829\u00a0\n1902 / 12 February 1902\u00a0\n\nLocation of birth/death\n\nMexico City\nMexico City\n\nAuthority file\n\n: Q764029\nVIAF:\u200953098567\nISNI:\u20090000000067070557\nULAN:\u2009500118462\nLCCN:\u2009n84182704\nGND:\u20091161384820\nWorldCat\n\n\n\nartist QS:P170,Q764029\n\n\nObject type\n\npaintingobject_type QS:P31,Q3305213\n\n\nDescription\n\n\nEspa\u00f1ol:  Retrato de Maximiliano y Carlota\n\n\nDate\n\ncirca 1864date QS:P571,+1864-00-00T00:00:00Z/9,P1480,Q5727902\n\n\nMedium\n\noilmedium QS:P186,Q296955\n\n\nCollection\n\n\n\n\nMiramare Castle\n\u00a0\u00a0\n\n\n\n\n\nNative name\nMiramare\u00a0\n\nLocation\nTrieste\u00a0, Italy\n\nCoordinates\n45\u00b0\u00a042\u2032\u00a008.83\u2033\u00a0N, 13\u00b0\u00a042\u2032\u00a044.34\u2033\u00a0E  \u00a0\n\nEstablished\n1860\u00a0\n\nAuthority file\n\n: Q165069\nVIAF:\u2009143508321\nISNI:\u20090000000121742060\nLCCN:\u2009nr91007410\nGND:\u20094717675-1\nSUDOC:\u2009069055394\nWorldCat\n\n\n\ninstitution QS:P195,Q165069\n\n\nSource/Photographer\n\nhttp://www.tam.itesm.mx/art/sigloxix/530.jpg\n\n\n"}, {"url": "https://commons.wikimedia.org/wiki/File:Ritratto_dell%27arciduchessa_Carlotta_in_costume_della_Brianza.jpg", "metadata": {"og:image": "https://upload.wikimedia.org/wikipedia/commons/thumb/d/d0/Ritratto_dell%27arciduchessa_Carlotta_in_costume_della_Brianza.jpg/640px-Ritratto_dell%27arciduchessa_Carlotta_in_costume_della_Brianza.jpg", "og:image:width": "640", "og:image:height": "895", "og:title": "File:Ritratto dell'arciduchessa Carlotta in costume della Brianza.jpg - Wikimedia Commons", "og:type": "website"}, "text": "\n\n\nDescriptionRitratto dell'arciduchessa Carlotta in costume della Brianza.jpg\n\nItaliano:  Ritratto dell'arciduchessa Carlotta in costume della Brianza\n\n\nDate\n\n1857\n\n\nSource\n\nMuseo Storico del castello di Miramare\n\n\nAuthor\n\n\n\n\n\nJean-Fran\u00e7ois Portaels\n\u00a0(1818\u20131895)\u00a0\u00a0 \u00a0\n\n\n\n\n\nAlternative names\n\nJan Frans Portaels\n\nDescription\nBelgian painter and teacher\n\nDate of birth/death\n\n3 April 1818\u00a0\n8 February 1895\u00a0\n\nLocation of birth/death\n\nVilvoorde\nSchaerbeek\n\nWork location\n\nCity of Brussels (1841), Paris (1841), Florence (July 1853-August 1843, August 1844-September 1844), Morocco (1844-1847), Egypt\n\nAuthority file\n\n: Q919158\nVIAF:\u200959868466\nISNI:\u20090000000066779716\nULAN:\u2009500027219\nLCCN:\u2009n80068339\nDBNL:\u2009port039\nWorldCat\n\n\n\ncreator QS:P170,Q919158\n\n\n"}, {"url": "https://commons.wikimedia.org/wiki/File:%D0%A8%D0%B0%D1%80%D0%BB%D0%BE%D1%82%D1%82%D0%B0_%D0%91%D0%B5%D0%BB%D1%8C%D0%B3%D0%B8%D0%B9%D1%81%D0%BA%D0%B0%D1%8F_-_%D0%98%D0%BC%D0%BF%D0%B5%D1%80%D0%B0%D1%82%D1%80%D0%B8%D1%86%D0%B0_%D0%9C%D0%B5%D0%BA%D1%81%D0%B8%D0%BA%D0%B8.jpg", "metadata": {"og:image": "https://upload.wikimedia.org/wikipedia/commons/thumb/5/56/%D0%A8%D0%B0%D1%80%D0%BB%D0%BE%D1%82%D1%82%D0%B0_%D0%91%D0%B5%D0%BB%D1%8C%D0%B3%D0%B8%D0%B9%D1%81%D0%BA%D0%B0%D1%8F_-_%D0%98%D0%BC%D0%BF%D0%B5%D1%80%D0%B0%D1%82%D1%80%D0%B8%D1%86%D0%B0_%D0%9C%D0%B5%D0%BA%D1%81%D0%B8%D0%BA%D0%B8.jpg/640px-%D0%A8%D0%B0%D1%80%D0%BB%D0%BE%D1%82%D1%82%D0%B0_%D0%91%D0%B5%D0%BB%D1%8C%D0%B3%D0%B8%D0%B9%D1%81%D0%BA%D0%B0%D1%8F_-_%D0%98%D0%BC%D0%BF%D0%B5%D1%80%D0%B0%D1%82%D1%80%D0%B8%D1%86%D0%B0_%D0%9C%D0%B5%D0%BA%D1%81%D0%B8%D0%BA%D0%B8.jpg", "og:image:width": "640", "og:image:height": "945", "og:title": "File:\u0428\u0430\u0440\u043b\u043e\u0442\u0442\u0430 \u0411\u0435\u043b\u044c\u0433\u0438\u0439\u0441\u043a\u0430\u044f - \u0418\u043c\u043f\u0435\u0440\u0430\u0442\u0440\u0438\u0446\u0430 \u041c\u0435\u043a\u0441\u0438\u043a\u0438.jpg - Wikimedia Commons", "og:type": "website"}, "text": "\n\n\nDescription\u0428\u0430\u0440\u043b\u043e\u0442\u0442\u0430 \u0411\u0435\u043b\u044c\u0433\u0438\u0439\u0441\u043a\u0430\u044f - \u0418\u043c\u043f\u0435\u0440\u0430\u0442\u0440\u0438\u0446\u0430 \u041c\u0435\u043a\u0441\u0438\u043a\u0438.jpg\n\nEnglish:  \u0428\u0430\u0440\u043b\u043e\u0442\u0442\u0430 \u0411\u0435\u043b\u044c\u0433\u0438\u0439\u0441\u043a\u0430\u044f - \u0418\u043c\u043f\u0435\u0440\u0430\u0442\u0440\u0438\u0446\u0430 \u041c\u0435\u043a\u0441\u0438\u043a\u0438\n\n\nDate\n\n1865\n\n\nSource\n\nhttps://www.pinterest.com/pin/446137906807678169/\n\n\nAuthor\n\n\n\n\n\nAlbert Gr\u00e4fle\n\u00a0(1807\u20131889)\u00a0\u00a0 \u00a0\n\n\n\n\n\nAlternative names\n\nAlbert Gr\u00e4fle, Albert Grefle\n\nDescription\nGerman painter\n\nDate of birth/death\n\n2 May 1807\u00a0\n28 December 1889\u00a0\n\nLocation of birth/death\n\nFreiburg im Breisgau\nMunich\n\nWork period\nFreiburg im Breisgau (1825-....), Munich (1827-....), Paris (1839-1848), Munich (1852-....)\n\nAuthority file\n\n: Q4710366\nVIAF:\u200932270724\nISNI:\u20090000000115648078\nULAN:\u2009500081029\nGND:\u2009116809833\nBNF:\u200914974989r\n\n\n\ncreator QS:P170,Q4710366\n\n\n"}, {"url": "https://commons.wikimedia.org/wiki/File:%D0%A8%D0%B0%D1%80%D0%BB%D0%BE%D1%82%D1%82%D0%B0_%D0%91%D0%B5%D0%BB%D1%8C%D0%B3%D0%B8%D0%B9%D1%81%D0%BA%D0%B0%D1%8F_-_%D0%98%D0%BC%D0%BF%D0%B5%D1%80%D0%B0%D1%82%D1%80%D0%B8%D1%86%D0%B0_%D0%9C%D0%B5%D0%BA%D1%81%D0%B8%D0%BA%D0%B8.png", "metadata": {"og:image": "https://upload.wikimedia.org/wikipedia/commons/thumb/8/82/%D0%A8%D0%B0%D1%80%D0%BB%D0%BE%D1%82%D1%82%D0%B0_%D0%91%D0%B5%D0%BB%D1%8C%D0%B3%D0%B8%D0%B9%D1%81%D0%BA%D0%B0%D1%8F_-_%D0%98%D0%BC%D0%BF%D0%B5%D1%80%D0%B0%D1%82%D1%80%D0%B8%D1%86%D0%B0_%D0%9C%D0%B5%D0%BA%D1%81%D0%B8%D0%BA%D0%B8.png/640px-%D0%A8%D0%B0%D1%80%D0%BB%D0%BE%D1%82%D1%82%D0%B0_%D0%91%D0%B5%D0%BB%D1%8C%D0%B3%D0%B8%D0%B9%D1%81%D0%BA%D0%B0%D1%8F_-_%D0%98%D0%BC%D0%BF%D0%B5%D1%80%D0%B0%D1%82%D1%80%D0%B8%D1%86%D0%B0_%D0%9C%D0%B5%D0%BA%D1%81%D0%B8%D0%BA%D0%B8.png", "og:image:width": "640", "og:image:height": "823", "og:title": "File:\u0428\u0430\u0440\u043b\u043e\u0442\u0442\u0430 \u0411\u0435\u043b\u044c\u0433\u0438\u0439\u0441\u043a\u0430\u044f - \u0418\u043c\u043f\u0435\u0440\u0430\u0442\u0440\u0438\u0446\u0430 \u041c\u0435\u043a\u0441\u0438\u043a\u0438.png - Wikimedia Commons", "og:type": "website"}, "text": "\n\n\nDescription\u0428\u0430\u0440\u043b\u043e\u0442\u0442\u0430 \u0411\u0435\u043b\u044c\u0433\u0438\u0439\u0441\u043a\u0430\u044f - \u0418\u043c\u043f\u0435\u0440\u0430\u0442\u0440\u0438\u0446\u0430 \u041c\u0435\u043a\u0441\u0438\u043a\u0438.png\n\nEnglish:  \u0428\u0430\u0440\u043b\u043e\u0442\u0442\u0430 \u0411\u0435\u043b\u044c\u0433\u0438\u0439\u0441\u043a\u0430\u044f - \u0418\u043c\u043f\u0435\u0440\u0430\u0442\u0440\u0438\u0446\u0430 \u041c\u0435\u043a\u0441\u0438\u043a\u0438\n\n\nDate\n\n1865\n\n\nSource\n\nhttps://www.gettyimages.com/detail/news-photo/portrait-of-charlotte-of-saxe-coburg-gotha-empress-of-news-photo/164076509\n\n\nAuthor\n\nAlbert Grafle (1809-1889)\n\n\n"}]