[{"url": "https://commons.wikimedia.org/wiki/File:20100630_liege06.JPG", "metadata": {"og:image": "https://upload.wikimedia.org/wikipedia/commons/thumb/b/b1/20100630_liege06.JPG/640px-20100630_liege06.JPG", "og:image:width": "640", "og:image:height": "428", "og:title": "File:20100630 liege06.JPG - Wikimedia Commons", "og:type": "website"}, "text": "\n\n\nDescription20100630 liege06.JPG\n\nFran\u00e7ais\u00a0:  Le Pont Albert 1er \u00e0 Li\u00e8ge.\n\n\nDate\n\n30 June 2010\n\n\nSource\n\nOwn work\n\n\nAuthor\n\nJean Housen\n\n\n"}, {"url": "https://commons.wikimedia.org/wiki/File:20101111_liege220_plitalie.JPG", "metadata": {"og:image": "https://upload.wikimedia.org/wikipedia/commons/thumb/0/07/20101111_liege220_plitalie.JPG/640px-20101111_liege220_plitalie.JPG", "og:image:width": "640", "og:image:height": "428", "og:title": "File:20101111 liege220 plitalie.JPG - Wikimedia Commons", "og:type": "website"}, "text": "\n\n\nDescription20101111 liege220 plitalie.JPG\n\nFran\u00e7ais\u00a0:  Vue de la statue \u00e9questre du roi Albert Ier sur le boulevard Fr\u00e8re-Orban \u00e0 Li\u00e8ge\u00a0; \u00e0 l'arri\u00e8re-plan le pont Albert 1er et la place d'Italie.\n\n\nDate\n\n11 November 2010\n\n\nSource\n\nOwn work\n\n\nAuthor\n\nJean Housen\n\n\n"}, {"url": "https://commons.wikimedia.org/wiki/File:20130322_liege12.JPG", "metadata": {"og:image": "https://upload.wikimedia.org/wikipedia/commons/thumb/d/dc/20130322_liege12.JPG/640px-20130322_liege12.JPG", "og:image:width": "640", "og:image:height": "428", "og:title": "File:20130322 liege12.JPG - Wikimedia Commons", "og:type": "website"}, "text": "\n\n\nDescription20130322 liege12.JPG\n\nFran\u00e7ais\u00a0:  Vue de l'Esplanade Albert Ier \u00e0 Li\u00e8ge.\n\n\nDate\n\n22 March 2013, 17:21:56\n\n\nSource\n\nOwn work\n\n\nAuthor\n\nJean Housen\n\n\n"}, {"url": "https://commons.wikimedia.org/wiki/File:20141108_liege159.JPG", "metadata": {"og:image": "https://upload.wikimedia.org/wikipedia/commons/thumb/3/3c/20141108_liege159.JPG/640px-20141108_liege159.JPG", "og:image:width": "640", "og:image:height": "428", "og:title": "File:20141108 liege159.JPG - Wikimedia Commons", "og:type": "website"}, "text": "\n\n\nDescription20141108 liege159.JPG\n\nFran\u00e7ais\u00a0:  Vue du quartier d'Avroy \u00e0 Li\u00e8ge.\n\n\nDate\n\n8 November 2014, 15:30:13\n\n\nSource\n\nOwn work\n\n\nAuthor\n\nJean Housen\n\n\n"}, {"url": "https://commons.wikimedia.org/wiki/File:20170405_liege15.jpg", "metadata": {"og:image": "https://upload.wikimedia.org/wikipedia/commons/thumb/d/dd/20170405_liege15.jpg/640px-20170405_liege15.jpg", "og:image:width": "640", "og:image:height": "428", "og:title": "File:20170405 liege15.jpg - Wikimedia Commons", "og:type": "website"}, "text": "\n\n\nDescription20170405 liege15.jpg\n\nFran\u00e7ais\u00a0:  Vue de la Meuse \u00e0 Li\u00e8ge, du quai de Rome au quai van Hoegaerden.\n\n\nDate\n\n5 April 2017, 06:24:41\n\n\nSource\n\nOwn work\n\n\nAuthor\n\nJean Housen\n\n\n"}, {"url": "https://commons.wikimedia.org/wiki/File:Charles_Leplae_(1903-1961)_Standbeeld_van_koning_Albert_I_-_Luik.jpg", "metadata": {"og:image": "https://upload.wikimedia.org/wikipedia/commons/thumb/3/30/Charles_Leplae_%281903-1961%29_Standbeeld_van_koning_Albert_I_-_Luik.jpg/640px-Charles_Leplae_%281903-1961%29_Standbeeld_van_koning_Albert_I_-_Luik.jpg", "og:image:width": "640", "og:image:height": "360", "og:title": "File:Charles Leplae (1903-1961) Standbeeld van koning Albert I - Luik.jpg - Wikimedia Commons", "og:type": "website"}, "text": "\n\n\nDescriptionCharles Leplae (1903-1961) Standbeeld van koning Albert I - Luik.jpg\n\nNederlands:  Charles Leplae (1903-1961) Standbeeld van koning Albert I - Luik\n\n\n\n\nThis photo of immovable heritage has been taken in the Walloon Region \n\n\n\n\n\nDate\n\n23 August 2018, 14:59:43\n\n\nSource\n\npicture taken and uploaded by Paul Hermans\n\n\nAuthor\n\n\n\n\n\nCharles Leplae\n\u00a0(1903\u20131961)\u00a0\u00a0 \u00a0\n\n\nAlternative names\n\nCharles LePlae\n\nDescription\nBelgian sculptor and visual artist\n\nDate of birth/death\n\n4 June 1903\u00a0\n19 September 1961\u00a0\n\nLocation of birth/death\n\nLeuven\nUccle - Ukkel\n\nAuthority file\n\n: Q16233388\nVIAF:\u200974662991\nISNI:\u20090000000109884349\nULAN:\u2009500194457\nLCCN:\u2009no2012100784\nGND:\u2009119433990\nWorldCat\n\n\n\ncreator QS:P170,Q16233388\n\n\n"}, {"url": "https://commons.wikimedia.org/wiki/File:Li%C3%A8ge,_standbeeld_van_Koning_Albert_I_te_paard_IMG_9683_2019-06-01_21.16.jpg", "metadata": {"og:image": "https://upload.wikimedia.org/wikipedia/commons/thumb/b/b8/Li%C3%A8ge%2C_standbeeld_van_Koning_Albert_I_te_paard_IMG_9683_2019-06-01_21.16.jpg/640px-Li%C3%A8ge%2C_standbeeld_van_Koning_Albert_I_te_paard_IMG_9683_2019-06-01_21.16.jpg", "og:image:width": "640", "og:image:height": "439", "og:title": "File:Li\u00e8ge, standbeeld van Koning Albert I te paard IMG 9683 2019-06-01 21.16.jpg - Wikimedia Commons", "og:type": "website"}, "text": "\n\n\nDescriptionLi\u00e8ge, standbeeld van Koning Albert I te paard IMG 9683 2019-06-01 21.16.jpg\n\nFran\u00e7ais\u00a0:  Li\u00e8ge, statue \u00e9questre du roi Albert Ier\nNederlands:  Luik, standbeeld van Koning Albert I te paard\nEnglish:  Li\u00e8ge, statue king Albert l\n\n\nDate\n\n1 June 2019, 21:16:17\n\n\nSource\n\nOwn work\n\n\nAuthor\n\nMichielverbeek\n\n\n"}, {"url": "https://commons.wikimedia.org/wiki/File:Statue_%C3%A9questre_du_roi_Albert_Ier.JPG", "metadata": {"og:image": "https://upload.wikimedia.org/wikipedia/commons/thumb/1/18/Statue_%C3%A9questre_du_roi_Albert_Ier.JPG/640px-Statue_%C3%A9questre_du_roi_Albert_Ier.JPG", "og:image:width": "640", "og:image:height": "360", "og:title": "File:Statue \u00e9questre du roi Albert Ier.JPG - Wikimedia Commons", "og:type": "website"}, "text": "\n\n\nDescriptionStatue \u00e9questre du roi Albert Ier.JPG\n\nFran\u00e7ais\u00a0:  Statue \u00e9questre du roi Albert Ier\n\n\nDate\n\n22 November 2012, 14:10:04\n\n\nSource\n\nOwn work\n\n\nAuthor\n\nCrucialFriend\n\n\n"}, {"url": "https://commons.wikimedia.org/wiki/File:Statue_%C3%A9questre_du_roi_Albert_Ier1.JPG", "metadata": {"og:image": "https://upload.wikimedia.org/wikipedia/commons/thumb/c/c8/Statue_%C3%A9questre_du_roi_Albert_Ier1.JPG/640px-Statue_%C3%A9questre_du_roi_Albert_Ier1.JPG", "og:image:width": "640", "og:image:height": "1139", "og:title": "File:Statue \u00e9questre du roi Albert Ier1.JPG - Wikimedia Commons", "og:type": "website"}, "text": "\n\n\nDescriptionStatue \u00e9questre du roi Albert Ier1.JPG\n\nFran\u00e7ais\u00a0:  Statue \u00e9questre du roi Albert Ier\n\n\nDate\n\n22 November 2012, 14:10:04\n\n\nSource\n\nOwn work\n\n\nAuthor\n\nCrucialFriend\n\n\n"}, {"url": "https://commons.wikimedia.org/wiki/File:Statue_%C3%A9questre_du_roi_Albert_Ier2.JPG", "metadata": {"og:image": "https://upload.wikimedia.org/wikipedia/commons/thumb/7/72/Statue_%C3%A9questre_du_roi_Albert_Ier2.JPG/640px-Statue_%C3%A9questre_du_roi_Albert_Ier2.JPG", "og:image:width": "640", "og:image:height": "360", "og:title": "File:Statue \u00e9questre du roi Albert Ier2.JPG - Wikimedia Commons", "og:type": "website"}, "text": "\n\n\nDescriptionStatue \u00e9questre du roi Albert Ier2.JPG\n\nFran\u00e7ais\u00a0:  Statue \u00e9questre du roi Albert Ier\n\n\nDate\n\n22 November 2012, 14:10:04\n\n\nSource\n\nOwn work\n\n\nAuthor\n\nCrucialFriend\n\n\n"}, {"url": "https://commons.wikimedia.org/wiki/File:Statue_%C3%A9questre_du_roi_Albert_Ier3.JPG", "metadata": {"og:image": "https://upload.wikimedia.org/wikipedia/commons/thumb/e/e1/Statue_%C3%A9questre_du_roi_Albert_Ier3.JPG/640px-Statue_%C3%A9questre_du_roi_Albert_Ier3.JPG", "og:image:width": "640", "og:image:height": "360", "og:title": "File:Statue \u00e9questre du roi Albert Ier3.JPG - Wikimedia Commons", "og:type": "website"}, "text": "\n\n\nDescriptionStatue \u00e9questre du roi Albert Ier3.JPG\n\nFran\u00e7ais\u00a0:  Statue \u00e9questre du roi Albert Ier\n\n\nDate\n\n22 November 2012, 14:10:04\n\n\nSource\n\nOwn work\n\n\nAuthor\n\nCrucialFriend\n\n\n"}, {"url": "https://commons.wikimedia.org/wiki/File:Statue_%C3%A9questre_du_roi_Albert_Ier4.JPG", "metadata": {"og:image": "https://upload.wikimedia.org/wikipedia/commons/thumb/0/00/Statue_%C3%A9questre_du_roi_Albert_Ier4.JPG/640px-Statue_%C3%A9questre_du_roi_Albert_Ier4.JPG", "og:image:width": "640", "og:image:height": "360", "og:title": "File:Statue \u00e9questre du roi Albert Ier4.JPG - Wikimedia Commons", "og:type": "website"}, "text": "\n\n\nDescriptionStatue \u00e9questre du roi Albert Ier4.JPG\n\nFran\u00e7ais\u00a0:  Statue \u00e9questre du roi Albert Ier\n\n\nDate\n\n22 November 2012, 14:10:04\n\n\nSource\n\nOwn work\n\n\nAuthor\n\nCrucialFriend\n\n\n"}]