[{"url": "https://commons.wikimedia.org/wiki/File:Voetbalwedstrijd_Belgie_tegen_Holland_in_Deurne_(4-2)._Spelers_worden_voorgestel,_Bestanddeelnr_905-0420.jpg", "metadata": {"og:image": "https://upload.wikimedia.org/wikipedia/commons/thumb/4/48/Voetbalwedstrijd_Belgie_tegen_Holland_in_Deurne_%284-2%29._Spelers_worden_voorgestel%2C_Bestanddeelnr_905-0420.jpg/640px-Voetbalwedstrijd_Belgie_tegen_Holland_in_Deurne_%284-2%29._Spelers_worden_voorgestel%2C_Bestanddeelnr_905-0420.jpg", "og:image:width": "640", "og:image:height": "494", "og:title": "File:Voetbalwedstrijd Belgie tegen Holland in Deurne (4-2). Spelers worden voorgestel, Bestanddeelnr 905-0420.jpg - Wikimedia Commons", "og:type": "website"}, "text": "\n\n\nDescriptionVoetbalwedstrijd Belgie tegen Holland in Deurne (4-2). Spelers worden voorgestel, Bestanddeelnr 905-0420.jpg\n\nNederlands:  Collectie / Archief\u00a0: Fotocollectie Anefo\nReportage / Serie\u00a0: [ onbekend ]\nBeschrijving\u00a0: Voetbalwedstrijd Belgie tegen Holland in Deurne (4-2). Spelers worden voorgesteld aan prinses Charlotte en prinses Albert\nDatum\u00a0: 6 april 1952\nLocatie\u00a0: Deurne (Belgi\u00eb)\nTrefwoorden\u00a0: voetbal\nFotograaf\u00a0: Pot, Harry / Anefo\nAuteursrechthebbende\u00a0: Nationaal Archief \nMateriaalsoort\u00a0: Glasnegatief\nNummer archiefinventaris\u00a0: bekijk toegang 2.24.01.09\n\nBestanddeelnummer\u00a0: 905-0420\n\n\nDate\n\n6 April 1952\n\n\nSource\n\nhttp://proxy.handle.net/10648/a8f7a99e-d0b4-102d-bcf8-003048976d84\n\n\nAuthor\n\nHarry Pot / Anefo\n\n\n"}]