[{"url": "https://commons.wikimedia.org/wiki/File:1914%D0%90%D0%BB%D1%8C%D0%B1%D0%B5%D1%80%D1%82%D0%9A%D0%BE%D1%80%D0%BE%D0%BB%D1%8C%D0%91%D0%B5%D0%BB%D1%8C%D0%B3%D0%B8%D0%B8.jpg", "metadata": {"og:image": "https://upload.wikimedia.org/wikipedia/commons/thumb/5/5b/1914%D0%90%D0%BB%D1%8C%D0%B1%D0%B5%D1%80%D1%82%D0%9A%D0%BE%D1%80%D0%BE%D0%BB%D1%8C%D0%91%D0%B5%D0%BB%D1%8C%D0%B3%D0%B8%D0%B8.jpg/640px-1914%D0%90%D0%BB%D1%8C%D0%B1%D0%B5%D1%80%D1%82%D0%9A%D0%BE%D1%80%D0%BE%D0%BB%D1%8C%D0%91%D0%B5%D0%BB%D1%8C%D0%B3%D0%B8%D0%B8.jpg", "og:image:width": "640", "og:image:height": "356", "og:title": "File:1914\u0410\u043b\u044c\u0431\u0435\u0440\u0442\u041a\u043e\u0440\u043e\u043b\u044c\u0411\u0435\u043b\u044c\u0433\u0438\u0438.jpg - Wikimedia Commons", "og:type": "website"}, "text": "\n\n\n\nIlya Repin: Q105581371\n\u00a0\u00a0\n\n\nArtist\n\n\n\n\n\n\nIlya Repin\n\u00a0(1844\u20131930)\u00a0\u00a0\u00a0\u00a0 \u00a0\n\n\n\n\n\nAlternative names\n\nRussian:  \u0418\u043b\u044c\u044f \u0415\u0444\u0438\u043c\u043e\u0432\u0438\u0447 \u0420\u0435\u043f\u0438\u043d\n\nDescription\nRussian- painter, sculptor, essayist, graphic artist and teacher\n\nDate of birth/death\n\n24 July 1844 (in Julian calendar)\u00a0\n29 September 1930\u00a0\n\nLocation of birth/death\n\nChuhuiv\nRepino\n\nWork location\n\nSaint Petersburg, Moscow, Chuhuiv\n\nAuthority file\n\n: Q172911\nVIAF:\u200930329364\nISNI:\u20090000000122779324\nULAN:\u2009500024225\nLCCN:\u2009n79075231\nMusicBrainz:\u20097ba03e68-0bbe-4227-830b-388c36c5653a\nWorldCat\n\n\n\nartist QS:P170,Q172911\n\n\nObject type\n\npaintingobject_type QS:P31,Q3305213\n\n\nDescription\n\n\n\u0420\u0443\u0441\u0441\u043a\u0438\u0439:  \u0411\u0435\u043b\u044c\u0433\u0438\u0439\u0441\u043a\u0438\u0439 \u043a\u043e\u0440\u043e\u043b\u044c \u0410\u043b\u044c\u0431\u0435\u0440\u0442 \u0432 \u043c\u043e\u043c\u0435\u043d\u0442 \u0432\u0437\u0440\u044b\u0432\u0430 \u043f\u043b\u043e\u0442\u0438\u043d\u044b \u0432 1914 \u0433\u043e\u0434\u0443\n\n\nDate\n\n1914date QS:P571,+1914-00-00T00:00:00Z/9\n\n\nMedium\n\noil on canvasmedium QS:P186,Q296955;P186,Q12321255,P518,Q861259\n\n\nDimensions\n\nheight: 144 cm (56.6 in); width: 246 cm (96.8 in)dimensions QS:P2048,144U174728dimensions QS:P2049,246U174728\n\n\nCollection\n\n\n\n\nSamara Art Museum\n\u00a0\u00a0\n\n\n\n\n\nNative name\n\u0421\u0430\u043c\u0430\u0440\u0441\u043a\u0438\u0439 \u0445\u0443\u0434\u043e\u0436\u0435\u0441\u0442\u0432\u0435\u043d\u043d\u044b\u0439 \u043c\u0443\u0437\u0435\u0439\n\nLocation\nSamara, Russia\n\nCoordinates\n53\u00b0\u00a011\u2032\u00a021.79\u2033\u00a0N, 50\u00b0\u00a005\u2032\u00a023.92\u2033\u00a0E  \u00a0\n\nEstablished\n25 April 1897\n\nWebsite\nhttp://artmus.ru\n\nAuthority file\n\n: Q3329599\nVIAF:\u2009315084585\nLCCN:\u2009n99018042\nOSM:\u20092082311\nSUDOC:\u2009226118894\nkulturnoe-nasledie:\u20096310019000\nWorldCat\n\n\n\ninstitution QS:P195,Q3329599\n\n\nSource/Photographer\n\n[1]\n\n\n"}, {"url": "https://commons.wikimedia.org/wiki/File:Emile_Baes_-_Portrait_of_Albert_I_of_Belgium_on_the_banks_of_the_Yser.jpg", "metadata": {"og:image": "https://upload.wikimedia.org/wikipedia/commons/thumb/3/31/Emile_Baes_-_Portrait_of_Albert_I_of_Belgium_on_the_banks_of_the_Yser.jpg/640px-Emile_Baes_-_Portrait_of_Albert_I_of_Belgium_on_the_banks_of_the_Yser.jpg", "og:image:width": "640", "og:image:height": "730", "og:title": "File:Emile Baes - Portrait of Albert I of Belgium on the banks of the Yser.jpg - Wikimedia Commons", "og:type": "website"}, "text": "\n\n\n\nEmile Baes: Portrait of Albert I of Belgium on the banks of the Yser\n\u00a0\u00a0\n\n\nArtist\n\n\n\n\n\n\nEmile Baes\n\u00a0(1879\u20131953)\u00a0\u00a0 \u00a0\n\n\n\n\n\nAlternative names\n\nEmile Charles Baes; \u00c9mile Baes; \u00c9mile Charles Robert Baes\n\nDescription\nBelgian painter, printmaker, illustrator, art critic and art historian\n\nDate of birth/death\n\n12 November 1879\u00a0\n3 January 1953\u00a0\n\nLocation of birth/death\n\nCity of Brussels\n6th arrondissement of Paris\n\nWork location\n\nParis (1933\u20131939)\u00a0\n\nAuthority file\n\n: Q19951784\nVIAF:\u200995947682\nISNI:\u20090000000078468093\nULAN:\u2009500041125\nLCCN:\u2009n92098280\nSUDOC:\u200911181572X\nWorldCat\n\n\n\nartist QS:P170,Q19951784\n\n\nTitle\n\n\nPortrait of Albert I of Belgium on the banks of the Yserlabel QS:Len,\"Portrait of Albert I of Belgium on the banks of the Yser\"\n\n\nObject type\n\npaintingobject_type QS:P31,Q3305213\n\n\nGenre\n\nportrait\u00a0\n\n\nDepicted people\n\nAlbert I of Belgium\u00a0\n\n\nDate\n\n1932date QS:P571,+1932-00-00T00:00:00Z/9\n\n\nMedium\n\noil  on  boardmedium QS:P186,Q296955;P186,Q18668582,P518,Q861259\n\n\nDimensions\n\nheight: 191 cm (75.1 in); width: 221 cm (87 in)dimensions QS:P2048,191U174728dimensions QS:P2049,221U174728\n\n\nCollection\n\n\n\n\nMus\u00e9e de l'Arm\u00e9e\n\u00a0\u00a0\n\n\n\n\n\nNative name\nMus\u00e9e de l'Arm\u00e9e\u00a0\n\nParent institution\nMinist\u00e8re de la D\u00e9fense (France)\n\nLocation\nH\u00f4tel des Invalides, Paris\n\nCoordinates\n48\u00b0\u00a051\u2032\u00a025\u2033\u00a0N, 2\u00b0\u00a018\u2032\u00a046\u2033\u00a0E  \u00a0\n\nEstablished\n1905\u00a0\n\nWebsite\nwww.musee-armee.fr\n\nAuthority file\n\n: Q1996069\nVIAF:\u2009136752691\nISNI:\u2009000000012165479X\nULAN:\u2009500310002\nLCCN:\u2009n50055343\nGND:\u20091030841-6\nWorldCat\n\n\n\ninstitution QS:P195,Q1996069\n\n\nAccession number\n\n\n04791C1 and Ea 2002 (Mus\u00e9e de l'Arm\u00e9e)\u00a0\n\n\nReferences\n\nhttps://www.photo.rmn.fr/archive/17-500009-2C6NU0ATSZJLS.html\u00a0\n\n\nSource/Photographer\n\nhttps://artsandculture.google.com/asset/king-albert-i-of-belgium-on-the-banks-of-the-yser/GwEEGYW65xghpw\n\n\n"}, {"url": "https://commons.wikimedia.org/wiki/File:Acervo_Museu_do_Senado_(20375283165).jpg", "metadata": {"og:image": "https://upload.wikimedia.org/wikipedia/commons/thumb/9/93/Acervo_Museu_do_Senado_%2820375283165%29.jpg/640px-Acervo_Museu_do_Senado_%2820375283165%29.jpg", "og:image:width": "640", "og:image:height": "826", "og:title": "File:Acervo Museu do Senado (20375283165).jpg - Wikimedia Commons", "og:type": "website"}, "text": "\n\n\nDescriptionAcervo Museu do Senado (20375283165).jpg\n\nT\u00edtulo: Retrato do rei Alberto da B\u00e9lgica\nAutor: Jacques Madyol\nAno: 1920\nT\u00e9cnica: \u00d3leo sobre tela\n\nDimens\u00e3o: 253 cm x 200cm\n\n\nDate\n\nOriginal:  1920;  This version:  5 August 2015, 10:37\n\n\nSource\n\nAcervo Museu do Senado - Senado The Commons\n\n\nAuthor\n\n\n\n\n\nJacques Madyol\n\u00a0(1871\u20131950)\u00a0 \u00a0\n\n\n\n\n\nAlternative names\n\nJacob Jean Madiol; Jacob Madiol\n\nDescription\nBelgian painter\n\nDate of birth/death\n\n6 September 1871\u00a0\n15 August 1950\u00a0\n\nLocation of birth/death\n\nIxelles - Elsene\nIxelles - Elsene\n\nWork period\n1895\u00a0\u20131949\u00a0\n\nWork location\n\nCity of Brussels; Nice\u00a0\n\nAuthority file\n\n: Q2796652\nRKD:\u200989045\n\n\n\ncreator QS:P170,Q2796652\n\n\n"}, {"url": "https://commons.wikimedia.org/wiki/File:Albert,_King_of_the_Belgians._New_York_Tribune,_September_28,_1919.jpg", "metadata": {"og:image": "https://upload.wikimedia.org/wikipedia/commons/thumb/4/4b/Albert%2C_King_of_the_Belgians._New_York_Tribune%2C_September_28%2C_1919.jpg/640px-Albert%2C_King_of_the_Belgians._New_York_Tribune%2C_September_28%2C_1919.jpg", "og:image:width": "640", "og:image:height": "846", "og:title": "File:Albert, King of the Belgians. New York Tribune, September 28, 1919.jpg - Wikimedia Commons", "og:type": "website"}, "text": "\n\n\nDescriptionAlbert, King of the Belgians. New York Tribune, September 28, 1919.jpg\n\nEnglish:  Painting of King Albert I of Belgium. Cover of the Sunday graphic section of the New York Tribune\n\n\nDate\n\n28 September 1919\n\n\nSource\n\nNew-York Tribune (New York [N.Y.]), September 28, 1919\n\nLibrary of Congress\nhttps://www.loc.gov/item/sn83030214/1919-09-28/ed-1\n\n\nAuthor\n\nUnidentified (signed lower right)\n\n\n"}, {"url": "https://commons.wikimedia.org/wiki/File:Balleroy_-_portrait_du_roi_albert.jpg", "metadata": {"og:image": "https://upload.wikimedia.org/wikipedia/commons/d/db/Balleroy_-_portrait_du_roi_albert.jpg", "og:image:width": "640", "og:image:height": "777", "og:title": "File:Balleroy - portrait du roi albert.jpg - Wikimedia Commons", "og:type": "website"}, "text": "\n\n\nDescriptionBalleroy - portrait du roi albert.jpg\n\nEnglish:  Portrait of King Albert I., Painting by Albert de Balleroy, oil / canvasFran\u00e7ais\u00a0:  Portrait du Roi Albert, Albert de Balleroy, huile / toile\n\n\nDate\n\n15 August 2013, 22:07:44\n\n\nSource\n\nhttp://www.arcadja.com/auctions/fr/portrait_du_roi_albert_1er/artwork/promo/5472921/1450523130/\n\n\nAuthor\n\nAlbert de Balleroy\n\n\n"}, {"url": "https://commons.wikimedia.org/wiki/File:Belgium_King_Albert_I_of_1934_(cropped).jpg", "metadata": {"og:image": "https://upload.wikimedia.org/wikipedia/commons/2/27/Belgium_King_Albert_I_of_1934_%28cropped%29.jpg", "og:image:width": "640", "og:image:height": "931", "og:title": "File:Belgium King Albert I of 1934 (cropped).jpg - Wikimedia Commons", "og:type": "website"}, "text": "\n\n\nDescriptionBelgium King Albert I of 1934 (cropped).jpg\n\nEnglish:  Belgium, King Albert I of\n1934\n\n\nDate\n\n1934\n\n\nSource\n\nhttps://www.delaszlocatalogueraisonne.com/catalogue/the-catalogue/belgium-king-albert-i-of-7867\n\n\nAuthor\n\n\n\n\n\nPhilip de L\u00e1szl\u00f3\n\u00a0(1869\u20131937)\u00a0\u00a0 \u00a0\n\n\n\n\n\nDescription\nHungarian-British painter and sculptor\n\nDate of birth/death\n\n30 April 1869\u00a0\n22 November 1937\u00a0\n\nLocation of birth/death\n\nPest\nHampstead\n\nWork location\n\nBudapest (1885\u20131889); Rome (March 1900\u20131900); Budapest (1900\u20131903); Vienna (1903\u20131907); Budapest (1892\u2013March 1900); Paris (1890\u20131891); Munich (1891\u20131892); Munich (1889\u20131890); London (1907\u20131937)\u00a0\n\nAuthority file\n\n: Q704208\nVIAF:\u200915508935\nISNI:\u20090000000010450882\nULAN:\u2009500023836\nLCCN:\u2009no2004037532\nOpen Library:\u2009OL6453886A\nWorldCat\n\n\n\ncreator QS:P170,Q704208\n\n\nOther versions\n\n\n\n\nThis file has been extracted from another file: Belgium King Albert I of 1934.jpg\n\n\n\n\n\n\n"}, {"url": "https://commons.wikimedia.org/wiki/File:Belgium_King_Albert_I_of_1934.jpg", "metadata": {"og:image": "https://upload.wikimedia.org/wikipedia/commons/thumb/c/ce/Belgium_King_Albert_I_of_1934.jpg/640px-Belgium_King_Albert_I_of_1934.jpg", "og:image:width": "640", "og:image:height": "851", "og:title": "File:Belgium King Albert I of 1934.jpg - Wikimedia Commons", "og:type": "website"}, "text": "\n\n\nDescriptionBelgium King Albert I of 1934.jpg\n\nEnglish:  Belgium, King Albert I of\n1934\n\n\nDate\n\n1934\n\n\nSource\n\nhttps://www.delaszlocatalogueraisonne.com/catalogue/the-catalogue/belgium-king-albert-i-of-7867\n\n\nAuthor\n\n\n\n\n\nPhilip de L\u00e1szl\u00f3\n\u00a0(1869\u20131937)\u00a0\u00a0 \u00a0\n\n\n\n\n\nDescription\nHungarian-British painter and sculptor\n\nDate of birth/death\n\n30 April 1869\u00a0\n22 November 1937\u00a0\n\nLocation of birth/death\n\nPest\nHampstead\n\nWork location\n\nBudapest (1885\u20131889); Rome (March 1900\u20131900); Budapest (1900\u20131903); Vienna (1903\u20131907); Budapest (1892\u2013March 1900); Paris (1890\u20131891); Munich (1891\u20131892); Munich (1889\u20131890); London (1907\u20131937)\u00a0\n\nAuthority file\n\n: Q704208\nVIAF:\u200915508935\nISNI:\u20090000000010450882\nULAN:\u2009500023836\nLCCN:\u2009no2004037532\nOpen Library:\u2009OL6453886A\nWorldCat\n\n\n\ncreator QS:P170,Q704208\n\n\nOther versions\n\n\nThis file has an extracted image: Belgium King Albert I of 1934 (cropped).jpg.\n\n\n\n"}, {"url": "https://commons.wikimedia.org/wiki/File:Belgium,_King_Albert_I_of_1934,.jpg", "metadata": {"og:image": "https://upload.wikimedia.org/wikipedia/commons/thumb/4/47/Belgium%2C_King_Albert_I_of_1934%2C.jpg/640px-Belgium%2C_King_Albert_I_of_1934%2C.jpg", "og:image:width": "640", "og:image:height": "807", "og:title": "File:Belgium, King Albert I of 1934,.jpg - Wikimedia Commons", "og:type": "website"}, "text": "\n\n\nDescriptionBelgium, King Albert I of 1934,.jpg\n\nEnglish:  Belgium, King Albert I of\n1934\n\n\nDate\n\n1934\n\n\nSource\n\nhttps://www.delaszlocatalogueraisonne.com/catalogue/the-catalogue/belgium-king-albert-i-of-111346\n\n\nAuthor\n\n\n\n\n\nPhilip de L\u00e1szl\u00f3\n\u00a0(1869\u20131937)\u00a0\u00a0 \u00a0\n\n\n\n\n\nDescription\nHungarian-British painter and sculptor\n\nDate of birth/death\n\n30 April 1869\u00a0\n22 November 1937\u00a0\n\nLocation of birth/death\n\nPest\nHampstead\n\nWork location\n\nBudapest (1885\u20131889); Rome (March 1900\u20131900); Budapest (1900\u20131903); Vienna (1903\u20131907); Budapest (1892\u2013March 1900); Paris (1890\u20131891); Munich (1891\u20131892); Munich (1889\u20131890); London (1907\u20131937)\u00a0\n\nAuthority file\n\n: Q704208\nVIAF:\u200915508935\nISNI:\u20090000000010450882\nULAN:\u2009500023836\nLCCN:\u2009no2004037532\nOpen Library:\u2009OL6453886A\nWorldCat\n\n\n\ncreator QS:P170,Q704208\n\n\n"}, {"url": "https://commons.wikimedia.org/wiki/File:Belgium,_King_Albert_I_of_1934.jpg", "metadata": {"og:image": "https://upload.wikimedia.org/wikipedia/commons/thumb/d/d1/Belgium%2C_King_Albert_I_of_1934.jpg/640px-Belgium%2C_King_Albert_I_of_1934.jpg", "og:image:width": "640", "og:image:height": "810", "og:title": "File:Belgium, King Albert I of 1934.jpg - Wikimedia Commons", "og:type": "website"}, "text": "\n\n\n\nPhilip de L\u00e1szl\u00f3: Bust portrait of King Albert I\n\u00a0\u00a0\n\n\nArtist\n\n\n\n\n\n\nPhilip de L\u00e1szl\u00f3\n\u00a0(1869\u20131937)\u00a0\u00a0 \u00a0\n\n\n\n\n\nDescription\nHungarian-British painter and sculptor\n\nDate of birth/death\n\n30 April 1869\u00a0\n22 November 1937\u00a0\n\nLocation of birth/death\n\nPest\nHampstead\n\nWork location\n\nBudapest (1885\u20131889); Rome (March 1900\u20131900); Budapest (1900\u20131903); Vienna (1903\u20131907); Budapest (1892\u2013March 1900); Paris (1890\u20131891); Munich (1891\u20131892); Munich (1889\u20131890); London (1907\u20131937)\u00a0\n\nAuthority file\n\n: Q704208\nVIAF:\u200915508935\nISNI:\u20090000000010450882\nULAN:\u2009500023836\nLCCN:\u2009no2004037532\nOpen Library:\u2009OL6453886A\nWorldCat\n\n\n\ncreator QS:P170,Q704208\u00a0\n\n\nTitle\n\n\nFrench:  Portrait en buste du roi Albert Ier\u00a0Bust portrait of King Albert Ititle QS:P1476,fr:\"Portrait en buste du roi Albert Ier\u00a0\"\nlabel QS:Lfr,\"Portrait en buste du roi Albert Ier\u00a0\"\nlabel QS:Len,\"Bust portrait of King Albert I\"\nlabel QS:Lnl,\"Busteportret van koning Albert I\"\n\n\nObject type\n\npainting\u00a0\n\n\nGenre\n\nportrait\u00a0\n\n\nDepicted people\n\nAlbert I of Belgium\u00a0\n\n\nDate\n\nMay 1934\u00a0\n\n\nMedium\n\noil  on  board\u00a0\n\n\nDimensions\n\nheight: 92 cm (36.2 in)\u00a0; width: 72.5 cm (28.5 in)\u00a0dimensions QS:P2048,+92U174728dimensions QS:P2049,+72.5U174728\n\n\nCollection\n\n\n\n\nRoyal Collection of Belgium\n\u00a0\u00a0\n\n\n\n\n\nNative name\nKoninklijke Verzameling\n\nLocation\nCity of Brussels\n\nWebsite\nwww.monarchie.be/de/monarchie/zivilliste/konigliche-sammlung\u00a0\n\nAuthority file\n\n: Q2536986\n\n\n\ninstitution QS:P195,Q2536986\n\n\n\nPlace of creation\n\nLaeken\u00a0\n\n\nReferences\n\nKing Albert I of Belgium, Philip de L\u00e1szl\u00f3 Archive Trust (English)\u00a0\nBALaT object ID:  20002484\u00a0\n\n\nSource/Photographer\n\ndelaszlocatalogueraisonne.com\n\n\n"}, {"url": "https://commons.wikimedia.org/wiki/File:Bernard_Partridge_-_Unconquerable_-_Sarjeant_Gallery.jpg", "metadata": {"og:image": "https://upload.wikimedia.org/wikipedia/commons/thumb/5/59/Bernard_Partridge_-_Unconquerable_-_Sarjeant_Gallery.jpg/640px-Bernard_Partridge_-_Unconquerable_-_Sarjeant_Gallery.jpg", "og:image:width": "640", "og:image:height": "960", "og:title": "File:Bernard Partridge - Unconquerable - Sarjeant Gallery.jpg - Wikimedia Commons", "og:type": "website"}, "text": "\n\n\n\nJohn Bernard Partridge: Unconquerable\n\u00a0\u00a0\n\n\nArtist\n\n\n\n\n\n\nJohn Bernard Partridge\n\u00a0(1861\u20131945)\u00a0\u00a0\u00a0 \u00a0\n\n\n\n\n\nAlternative names\n\nBernard Partridge\n\nDescription\nBritish illustrator, stage actor, painter, drawer and poster artist\n\nDate of birth/death\n\n11 October 1861\u00a0\n9 August 1945\u00a0\n\nLocation of birth/death\n\nLondon\nLondon\n\nWork location\n\nLondon; Netherlands (1898); Volendam (1898)\u00a0\n\nAuthority file\n\n: Q6221672\nVIAF:\u200945832617\nISNI:\u20090000000083790909\nULAN:\u2009500019341\nLCCN:\u2009n87901723\nOxford Dict.:\u200935402\nWorldCat\n\n\n\ncreator QS:P170,Q6221672\u00a0\n\n\nTitle\n\n\nUnconquerable\u00a0title QS:P1476,en:\"Unconquerable\u00a0\"\nlabel QS:Len,\"Unconquerable\u00a0\"\n\n\nObject type\n\npainting\u00a0\n\n\nMedium\n\nwatercolor paint and paper\u00a0\n\n\nCollection\n\n\n\n\nSarjeant Gallery Te Whare O Rehua Whanganui\n\u00a0\n\n\n\n\n\nLocation\nWhanganui District\u00a0, New Zealand\n\nCoordinates\n39\u00b0\u00a055\u2032\u00a052.38\u2033\u00a0S, 175\u00b0\u00a003\u2032\u00a011.96\u2033\u00a0E  \u00a0\n\nWebsite\nwww.sarjeant.org.nz\u00a0\n\nAuthority file\n\n: Q7424149\nVIAF:\u2009156083587\nLCCN:\u2009n92107051\nWorldCat\n\n\n\n\n\n\nAccession number\n\n\n1918/2/115 (Sarjeant Gallery Te Whare O Rehua Whanganui)\u00a0\n\n\nReferences\n\nhttps://collection.sarjeant.org.nz/objects/46236/unconquerable (English)\u00a0\n\n\nSource/Photographer\n\nhttps://collection.sarjeant.org.nz/explore\n\n\n"}, {"url": "https://commons.wikimedia.org/wiki/File:His_Majesty_Albert_I_of_Belgium,_by_Douglas_Volk.jpg", "metadata": {"og:image": "https://upload.wikimedia.org/wikipedia/commons/thumb/f/f8/His_Majesty_Albert_I_of_Belgium%2C_by_Douglas_Volk.jpg/640px-His_Majesty_Albert_I_of_Belgium%2C_by_Douglas_Volk.jpg", "og:image:width": "640", "og:image:height": "1013", "og:title": "File:His Majesty Albert I of Belgium, by Douglas Volk.jpg - Wikimedia Commons", "og:type": "website"}, "text": "\n\n\nDescriptionHis Majesty Albert I of Belgium, by Douglas Volk.jpg\n\nEnglish:  \nIdentifier: exhibitionofwarp00nati (find matches)\nTitle: Exhibition of war portraits\u00a0: signing of the Peace treaty, 1919, and portraits of distinguished leaders of America and of the allied nations painted by eminent American artists for presentation to the National portrait gallery\nYear: 1921 (1920s)\nAuthors:  National Art Committee Metropolitan Museum of Art (New York, N.Y.) Levy, Florence Nightingale, 1870-\nSubjects:  Portraits World War, 1914-1918\nPublisher:  New York\u00a0: National Art Committee\nContributing Library:  University of California Libraries\nDigitizing Sponsor:  MSN\n\nView Book Page: Book Viewer\nAbout This Book: Catalog Entry\nView All Images: All Images From Book\nClick here to view book online to see this illustration in context in a browseable online version of this book.\n\nText Appearing Before Image:\nfood committee, Council of National De-fense, April to August iqi/; appointed United StatesFood Administrator by President Wilson, August 10,iqi7, resigned June, iqiq; at present (iqio) chairmanEuropean Relief Council. LL.D., Brown Unixersity,University of Pennsylvania, Harvard, Princeton,Yale, Oberlin, University of Alabama, Liege, Brus-sels; D.C.L., Oxford. Commander Legion of Honor;Audiffret prize, French Academy, iqi8; HonoraryCitizen and Friend cf the Belgian Nation; citizenof Finland; burger of Antwerp, and other Belgiancities; medalist Mining and Metallurgical Society ofAmerica, National Institute Social Sciences, Societyof Western Engineers; Trustee Stanford University;Fellow Royal Geographical Society; Honorary mem-ber American Institute Mining and MetallurgicalEngineers; member Societee Ingenieurs Civils deFrance, Societee Beige des Ingenieurs et des Indus-tries; American Association for the Advancement ofScience; Hakluyt Society, etc. Author of books andarticles on mining.\nText Appearing After Image:\nHIS MAJESTY ALBERT I By Douglas Volk, N.A.Presented by the City of Cincinnati His Majesty ALBERT I (Leopold-Clement-Marie-Meinrad), King of the Belgians and Commander-in-Chief of the Belgian armies. Born in Brussels, 1875. Son of Prince Philip,Count of Flanders, and of Marie, Princess of Belgium.Educated as a civil engineer; visited the United Statesin i8q8 and studied railroading under James J. Hill.Succeeded his uncle. King Leopold II, on December17, and took oath December 23, iqcq. When theGermans entered Belgium. August 4, iqi4, KingAlbert refused to permit them to pass through hiscountry to France and thus to violate Belgiumsneutrality. After the armistice the formal return toAntwerp was made on November iq. iqi8, and toBrussels a few days later. Visited the United StatesOctober, iqiq. To be PaintcJ HER MAJESTY ELIZABETH By jean McLane Her Majesty ELIZABETH, Queen of the Belgians. Born at the Castle of Possenhoven in Bavaria,1S76. Married Albert, Duke of Saxony, at Vlunich,Octobe\n\nNote About Images\n\nPlease note that these images are extracted from scanned page images that may have been digitally enhanced for readability - coloration and appearance of these illustrations may not perfectly resemble the original work.\n\n\nDate\n\n1921\n\n\nSource\n\nhttps://www.flickr.com/photos/internetarchivebookimages/14592473730/\n\nSource book page: https://archive.org/stream/exhibitionofwarp00nati/exhibitionofwarp00nati#page/n22/mode/1up\n\n\nAuthor\n\nInternet Archive Book Images\n\n\nPermission(Reusing this file)\n\nAt the time of upload, the image license was automatically confirmed using the Flickr API. For more information see Flickr API detail.\n\nFlickr tagsInfoField\nbookid:exhibitionofwarp00nati\nbookyear:1921\nbookdecade:1920\nbookcentury:1900\nbookauthor:National_Art_Committee\nbookauthor:Metropolitan_Museum_of_Art__New_York__N_Y__\nbookauthor:Levy__Florence_Nightingale__1870_\nbooksubject:Portraits\nbooksubject:World_War__1914_1918\nbookpublisher:New_York___National_Art_Committee\nbookcontributor:University_of_California_Libraries\nbooksponsor:MSN\nbookleafnumber:22\nbookcollection:cdl\nbookcollection:americana\n\nFlickr posted dateInfoField29 July 2014\n\n\n"}, {"url": "https://commons.wikimedia.org/wiki/File:Malempr%C3%A9,_L%C3%A9o_-_Portrait_d%27Albert_Ier_vers_l%27%C3%A2ge_de_sept_ans_-_4059_-_Royal_Collection_of_Belgium.jpg", "metadata": {"og:image": "https://upload.wikimedia.org/wikipedia/commons/thumb/e/ee/Malempr%C3%A9%2C_L%C3%A9o_-_Portrait_d%27Albert_Ier_vers_l%27%C3%A2ge_de_sept_ans_-_4059_-_Royal_Collection_of_Belgium.jpg/640px-Malempr%C3%A9%2C_L%C3%A9o_-_Portrait_d%27Albert_Ier_vers_l%27%C3%A2ge_de_sept_ans_-_4059_-_Royal_Collection_of_Belgium.jpg", "og:image:width": "640", "og:image:height": "1298", "og:title": "File:Malempr\u00e9, L\u00e9o - Portrait d'Albert Ier vers l'\u00e2ge de sept ans - 4059 - Royal Collection of Belgium.jpg - Wikimedia Commons", "og:type": "website"}, "text": "\n\n\n\nL\u00e9o Malempr\u00e9: Portrait of Albert I at the age of seven\n\u00a0\u00a0\n\n\nArtist\n\n\n\n\n\n\nL\u00e9o Malempr\u00e9\n\u00a0(1860\u20131917)\u00a0 \u00a0\n\n\nAlternative names\n\nLeo Malempr\u00e9; L\u00e9opold Malempr\u00e9; Leo Malempre; Leon Malempr\u00e9\n\nDescription\nFrench painter\n\nDate of birth/death\n\n1860\u00a0\n1917\u00a0\n\nWork period\n1885\u00a0\u20131909\u00a0\n\nWork location\n\nLondon\u00a0\n\nAuthority file\n\n: Q19997952\nVIAF:\u200996184541\nULAN:\u2009500071880\nRKD:\u200952138\n\n\n\n\u00a0\n\n\nTitle\n\n\nFrench:  Portrait d'Albert Ier vers l'\u00e2ge de sept ans\u00a0Portrait of Albert I at the age of seventitle QS:P1476,fr:\"Portrait d'Albert Ier vers l'\u00e2ge de sept ans\u00a0\"\nlabel QS:Lfr,\"Portrait d'Albert Ier vers l'\u00e2ge de sept ans\u00a0\"\nlabel QS:Len,\"Portrait of Albert I at the age of seven\"\nlabel QS:Lnl,\"Portret van Albert I op zevenjarige leeftijd\"\n\n\nObject type\n\npainting\u00a0\n\n\nGenre\n\nportrait\u00a0\n\n\nDepicted people\n\nAlbert I of Belgium\u00a0\n\n\nDate\n\ncirca 1882\u00a0\n\n\nMedium\n\noil  on  canvas\u00a0\n\n\nCollection\n\n\n\n\nRoyal Collection of Belgium\n\u00a0\u00a0\n\n\n\n\n\nNative name\nKoninklijke Verzameling\n\nLocation\nCity of Brussels\n\nWebsite\nwww.monarchie.be/de/monarchie/zivilliste/konigliche-sammlung\u00a0\n\nAuthority file\n\n: Q2536986\n\n\n\ninstitution QS:P195,Q2536986\n\n\n\nAccession number\n\n\n4059 (Royal Collection of Belgium)\u00a0\n\n\nReferences\n\nBALaT object ID:  11018148\u00a0\n\n\nSource\n\nBALaT\u00a0\n\n\n"}, {"url": "https://commons.wikimedia.org/wiki/File:Portret_van_Koning_Albert_I.jpg", "metadata": {"og:image": "https://upload.wikimedia.org/wikipedia/commons/2/2f/Portret_van_Koning_Albert_I.jpg", "og:image:width": "640", "og:image:height": "928", "og:title": "File:Portret van Koning Albert I.jpg - Wikimedia Commons", "og:type": "website"}, "text": "\n\n\nDescriptionPortret van Koning Albert I.jpg\n\nPortugu\u00eas:  Object number: 74075\nType of object: portret[schildering], schilderij\nInstitution place: Antwerpen[deelgemeente]\nInstitution (repository): Stadhuis[Antwerpen]\nInstitution (owner): Stedelijke Administratie[Antwerpen]\n\nCreator: Opsomer, Isidoor (schilder)\n\n\nDate\n\n28 August 2021\n\n\nSource\n\nhttp://balat.kikirpa.be/photo.php?path=B050667&objnr=74075&nr=3\n\n\nAuthor\n\nOpsomer, Isidoor (schilder)\n\n\n"}, {"url": "https://commons.wikimedia.org/wiki/File:Prestation_de_serment_du_roi_Albert_I.jpg", "metadata": {"og:image": "https://upload.wikimedia.org/wikipedia/commons/thumb/8/84/Prestation_de_serment_du_roi_Albert_I.jpg/640px-Prestation_de_serment_du_roi_Albert_I.jpg", "og:image:width": "640", "og:image:height": "410", "og:title": "File:Prestation de serment du roi Albert I.jpg - Wikimedia Commons", "og:type": "website"}, "text": "\n\n\nDescriptionPrestation de serment du roi Albert I.jpg\n\nFran\u00e7ais\u00a0:  Prestation de serment du roi Albert I\n\n\nDate\n\n23 December 1909\n\n\nSource\n\nhttp://www.lavenir.net/cnt/dmf20130208_00266100\n\n\nAuthor\n\nJules Cran (1876 \u2013 1926)\n\n\n"}, {"url": "https://commons.wikimedia.org/wiki/File:Retrato_do_Rei_Albert_I_dos_Belgas,.jpg", "metadata": {"og:image": "https://upload.wikimedia.org/wikipedia/commons/thumb/3/35/Retrato_do_Rei_Albert_I_dos_Belgas%2C.jpg/640px-Retrato_do_Rei_Albert_I_dos_Belgas%2C.jpg", "og:image:width": "640", "og:image:height": "1004", "og:title": "File:Retrato do Rei Albert I dos Belgas,.jpg - Wikimedia Commons", "og:type": "website"}, "text": "\n\n\n\nArtist\n\n\n\n\n\n\nHerman Richir\n\u00a0(1866\u20131942)\u00a0\u00a0 \u00a0\n\n\n\n\n\nAlternative names\n\nHerman Jean Joseph Richir\n\nDescription\nBelgian painter\n\nDate of birth/death\n\n4 December 1866\u00a0\n15 March 1942\u00a0\n\nLocation of birth/death\n\nIxelles - Elsene\nUccle - Ukkel\n\nAuthority file\n\n: Q3134084\nVIAF:\u200995743396\nISNI:\u20090000000077324098\nULAN:\u2009500010219\nBNF:\u200914927263t\nRKD:\u200966662\n\n\n\nartist QS:P170,Q3134084\n\n\nPublisher\n\n\nEditeur G. Caillau, Bruxelles\n\n\nDescription\n\n\nPortugu\u00eas:  Retrato do Rei Albert I dos Belgas\nEditeur G. Caillau, Bruxelles\n\n\nDate\n\n29 August 2021, 17:30:38\n\n\nReferences\n\nBiblioth\u00e8que nationale de France\n\n\nSource/Photographer\n\nSelf-scanned by GabrielDorneles\n\n\n"}, {"url": "https://commons.wikimedia.org/wiki/File:His_Majesty_Albert_I_by_Douglas_Volk_1919-20.jpg", "metadata": {"og:image": "https://upload.wikimedia.org/wikipedia/commons/thumb/6/69/His_Majesty_Albert_I_by_Douglas_Volk_1919-20.jpg/640px-His_Majesty_Albert_I_by_Douglas_Volk_1919-20.jpg", "og:image:width": "640", "og:image:height": "977", "og:title": "File:His Majesty Albert I by Douglas Volk 1919-20.jpg - Wikimedia Commons", "og:type": "website"}, "text": "\n\n\n\nArtist\n\n\n\n\n\n\nDouglas Volk\n\u00a0(1856\u20131935)\u00a0\u00a0 \u00a0\n\n\n\n\n\nAlternative names\n\nStephen Arnold Douglas Volk\n\nDescription\nAmerican painter\n\nDate of birth/death\n\n23 February 1856\u00a0\n7 February 1935\u00a0\n\nLocation of birth/death\n\nPittsfield, Massachusetts\nFryeburg, Maine\n\nAuthority file\n\n: Q1252545\nVIAF:\u200956278119\nISNI:\u20090000000067072915\nULAN:\u2009500016788\nLCCN:\u2009no2002035922\nGND:\u20091243285230\nWorldCat\n\n\n\nartist QS:P170,Q1252545\n\n\nObject type\n\npaintingobject_type QS:P31,Q3305213\n\n\nDescription\n\n\nEnglish:  His Majesty Albert I, King of the Belgians and Commander-in-Chief of the Belgian Armies (1919-20)\n\n\nDate\n\npainting 1919-20photograph 1921\n\n\nMedium\n\npainting\n\n\nCollection\n\n\n\n\nNational Portrait Gallery\n\u00a0\u00a0\n\n\n\n\n\nNative name\nNational Portrait Gallery, Washington\n\nParent institution\nSmithsonian Institution\n\nLocation\nWashington, D.C.\n\nCoordinates\n38\u00b0\u00a053\u2032\u00a052\u2033\u00a0N, 77\u00b0\u00a001\u2032\u00a023\u2033\u00a0W  \u00a0\n\nEstablished\n1968\n\nWebsite\nwww.npg.si.edu\n\nAuthority file\n\n: Q1967614\nVIAF:\u2009149534865\nISNI:\u20090000000121822407\nLCCN:\u2009n79054427\nGND:\u20091022499-3\nSELIBR:\u2009242072\nWorldCat\n\n\n\ninstitution QS:P195,Q1967614\nSmithsonian Institution\n\n\nSource/Photographer\n\nunidentified photographer\n\nThe National Art Committee, Exhibition of War Portraits, The American Federation of Arts, 1921.[1]\n\n\nPermission(Reusing this file)\n\n\n\nPublic domainPublic domainfalsefalse\n\n\n\n\n\n\nThe author died in 1935, so this work is in the public domain in its country of origin and other countries and areas where the copyright term is the author's life plus 80 years or fewer.\n\n\nThis work is in the public domain in the United States because it was published (or registered with the U.S. Copyright Office) before January 1, 1929.\n\n\n\nThis file has been identified as being free of known restrictions under copyright law, including all related and neighboring rights.\nhttps://creativecommons.org/publicdomain/mark/1.0/PDMCreative Commons Public Domain Mark 1.0falsefalse\n\n\n"}]