[{"url": "https://commons.wikimedia.org/wiki/File:Grab_Louise_Prinzessin_von_Belgien.jpg", "metadata": {"og:image": "https://upload.wikimedia.org/wikipedia/commons/thumb/2/28/Grab_Louise_Prinzessin_von_Belgien.jpg/640px-Grab_Louise_Prinzessin_von_Belgien.jpg", "og:image:width": "640", "og:image:height": "853", "og:title": "File:Grab Louise Prinzessin von Belgien.jpg - Wikimedia Commons", "og:type": "website"}, "text": "\n\n\nDescriptionGrab Louise Prinzessin von Belgien.jpg\n\nDeutsch:  Grab der Luise Prinzessin von Belgien auf dem S\u00fcdfriedhof in Wiesbaden\n\n\nDate\n\n19 September 2021\n\n\nSource\n\nOwn work\n\n\nAuthor\n\nStawi0611\n\n\n"}, {"url": "https://commons.wikimedia.org/wiki/File:Tombe_de_Louise_de_Belgique_au_cimeti%C3%A8re_de_Wiesbaden.JPG", "metadata": {"og:image": "https://upload.wikimedia.org/wikipedia/commons/7/71/Tombe_de_Louise_de_Belgique_au_cimeti%C3%A8re_de_Wiesbaden.JPG", "og:image:width": "640", "og:image:height": "853", "og:title": "File:Tombe de Louise de Belgique au cimeti\u00e8re de Wiesbaden.JPG - Wikimedia Commons", "og:type": "website"}, "text": "\n\n\nDescriptionTombe de Louise de Belgique au cimeti\u00e8re de Wiesbaden.JPG\n\nFran\u00e7ais\u00a0:  Tombe de la Princesse Louise de Belgique \u00e0 de:S\u00fcdfriedhof (Wiesbaden)\n\n\nDate\n\n18 May 2012\n\n\nSource\n\nOwn work\n\n\nAuthor\n\nColson.michel\n\n\n"}]