[{"url": "https://commons.wikimedia.org/wiki/File:Standbeeld_Koning_Albert_I.jpg", "metadata": {"og:image": "https://upload.wikimedia.org/wikipedia/commons/thumb/a/a0/Standbeeld_Koning_Albert_I.jpg/640px-Standbeeld_Koning_Albert_I.jpg", "og:image:width": "640", "og:image:height": "423", "og:title": "File:Standbeeld Koning Albert I.jpg - Wikimedia Commons", "og:type": "website"}, "text": "\n\n\nDescriptionStandbeeld Koning Albert I.jpg\n\nNederlands:  Standbeeld van Koning Albert I\n\n\nDate\n\n31 August 2017, 14:11:27\n\n\nSource\n\nOwn work\n\n\nAuthor\n\nSally V\n\n\n"}, {"url": "https://commons.wikimedia.org/wiki/File:-i---i-_(5425379513).jpg", "metadata": {"og:image": "https://upload.wikimedia.org/wikipedia/commons/thumb/9/9f/-i---i-_%285425379513%29.jpg/640px--i---i-_%285425379513%29.jpg", "og:image:width": "640", "og:image:height": "800", "og:title": "File:-i---i- (5425379513).jpg - Wikimedia Commons", "og:type": "website"}, "text": "\n\n\nDescription-i---i- (5425379513).jpg\n\nThis file has no description, and may be lacking other information.\nPlease provide a meaningful description of this file.\n\n\n\n\nDate\n\n7 February 2011, 09:40\n\n\nSource\n\nFlickr\n\n\nAuthor\n\nAndrew Basterfield\n\n\n"}, {"url": "https://commons.wikimedia.org/wiki/File:-i---i-_(5425388681).jpg", "metadata": {"og:image": "https://upload.wikimedia.org/wikipedia/commons/thumb/9/9a/-i---i-_%285425388681%29.jpg/640px--i---i-_%285425388681%29.jpg", "og:image:width": "640", "og:image:height": "512", "og:title": "File:-i---i- (5425388681).jpg - Wikimedia Commons", "og:type": "website"}, "text": "\n\n\nDescription-i---i- (5425388681).jpg\n\nThis file has no description, and may be lacking other information.\nPlease provide a meaningful description of this file.\n\n\n\n\nDate\n\n7 February 2011, 09:36\n\n\nSource\n\nFlickr\n\n\nAuthor\n\nAndrew Basterfield\n\n\n"}, {"url": "https://commons.wikimedia.org/wiki/File:Albert_-_panoramio.jpg", "metadata": {"og:image": "https://upload.wikimedia.org/wikipedia/commons/thumb/5/54/Albert_-_panoramio.jpg/640px-Albert_-_panoramio.jpg", "og:image:width": "640", "og:image:height": "438", "og:title": "File:Albert - panoramio.jpg - Wikimedia Commons", "og:type": "website"}, "text": "\n\n\nDescriptionAlbert - panoramio.jpg\n\nAlbert\n\n\nDate\n\nTaken on\u00a01 July 2009\n\n\nSource\n\nhttps://web.archive.org/web/20161013200324/http://www.panoramio.com/photo/24187533\n\n\nAuthor\n\nSch\u00f6lla Schwarz\n\n\nPermission(Reusing this file)\n\n\nThis file is licensed under the Creative Commons Attribution 3.0 Unported license.Attribution: Sch\u00f6lla Schwarz\nYou are free:\nto share \u2013 to copy, distribute and transmit the work\nto remix \u2013 to adapt the work\nUnder the following conditions:\nattribution \u2013 You must give appropriate credit, provide a link to the license, and indicate if changes were made. You may do so in any reasonable manner, but not in any way that suggests the licensor endorses you or your use.\nhttps://creativecommons.org/licenses/by/3.0CC BY 3.0 Creative Commons Attribution 3.0 truetrue\n\n\n\n\n\nThis image, which was originally posted to Panoramio, was automatically reviewed on 29 October 2016 by Panoramio upload bot, who confirmed that it was available on Panoramio under the above license on that date.\n\n\n\n"}, {"url": "https://commons.wikimedia.org/wiki/File:Albert_I,_King_of_the_belgians.JPG", "metadata": {"og:image": "https://upload.wikimedia.org/wikipedia/commons/5/50/Albert_I%2C_King_of_the_belgians.JPG", "og:image:width": "640", "og:image:height": "762", "og:title": "File:Albert I, King of the belgians.JPG - Wikimedia Commons", "og:type": "website"}, "text": "\n\n\nDescriptionAlbert I, King of the belgians.JPG\n\nEnglish:  This is a sculpture by Alfred Courtens (1889-1967).\n\n\nDate\n\n29 April 2007\n\n\nSource\n\nOwn work\n\n\nAuthor\n\nCarolus\n\n\n"}, {"url": "https://commons.wikimedia.org/wiki/File:Albertine_-_01.jpg", "metadata": {"og:image": "https://upload.wikimedia.org/wikipedia/commons/thumb/6/69/Albertine_-_01.jpg/640px-Albertine_-_01.jpg", "og:image:width": "640", "og:image:height": "427", "og:title": "File:Albertine - 01.jpg - Wikimedia Commons", "og:type": "website"}, "text": "\n\n\nDescriptionAlbertine - 01.jpg\n\nFran\u00e7ais\u00a0:  Belgique - Bruxelles - Biblioth\u00e8que Albertine (Architecture monumentale - architectes Jules Ghobert et Maurice Houyoux - 1954-1969)\n\n\nDate\n\n19 July 2017, 08:19:36\n\n\nSource\n\nOwn work\n\n\nAuthor\n\nEmDee\n\n\n"}, {"url": "https://commons.wikimedia.org/wiki/File:Albertine_-_Statue_%C3%A9questre_d%27Albert_Ier_-_01.jpg", "metadata": {"og:image": "https://upload.wikimedia.org/wikipedia/commons/thumb/1/12/Albertine_-_Statue_%C3%A9questre_d%27Albert_Ier_-_01.jpg/640px-Albertine_-_Statue_%C3%A9questre_d%27Albert_Ier_-_01.jpg", "og:image:width": "640", "og:image:height": "451", "og:title": "File:Albertine - Statue \u00e9questre d'Albert Ier - 01.jpg - Wikimedia Commons", "og:type": "website"}, "text": "\n\n\nDescriptionAlbertine - Statue \u00e9questre d'Albert Ier - 01.jpg\n\nFran\u00e7ais\u00a0:  Belgique - Bruxelles - Statue \u00e9questre d'Albert Ier devant la biblioth\u00e8que Albertine\n\n\nDate\n\n13 March 2014, 18:21:00\n\n\nSource\n\nOwn work\n\n\nAuthor\n\nEmDee\n\n\n"}, {"url": "https://commons.wikimedia.org/wiki/File:Albertine_-_Statue_%C3%A9questre_d%27Albert_Ier_-_02.jpg", "metadata": {"og:image": "https://upload.wikimedia.org/wikipedia/commons/thumb/c/c7/Albertine_-_Statue_%C3%A9questre_d%27Albert_Ier_-_02.jpg/640px-Albertine_-_Statue_%C3%A9questre_d%27Albert_Ier_-_02.jpg", "og:image:width": "640", "og:image:height": "909", "og:title": "File:Albertine - Statue \u00e9questre d'Albert Ier - 02.jpg - Wikimedia Commons", "og:type": "website"}, "text": "\n\n\nDescriptionAlbertine - Statue \u00e9questre d'Albert Ier - 02.jpg\n\nFran\u00e7ais\u00a0:  Belgique - Bruxelles - Statue \u00e9questre d'Albert Ier devant la biblioth\u00e8que Albertine\n\n\nDate\n\n13 March 2014, 18:22:44\n\n\nSource\n\nOwn work\n\n\nAuthor\n\nEmDee\n\n\n"}, {"url": "https://commons.wikimedia.org/wiki/File:Albertine_-_Statue_%C3%A9questre_d%27Albert_Ier_-_03.jpg", "metadata": {"og:image": "https://upload.wikimedia.org/wikipedia/commons/thumb/8/86/Albertine_-_Statue_%C3%A9questre_d%27Albert_Ier_-_03.jpg/640px-Albertine_-_Statue_%C3%A9questre_d%27Albert_Ier_-_03.jpg", "og:image:width": "640", "og:image:height": "524", "og:title": "File:Albertine - Statue \u00e9questre d'Albert Ier - 03.jpg - Wikimedia Commons", "og:type": "website"}, "text": "\n\n\nDescriptionAlbertine - Statue \u00e9questre d'Albert Ier - 03.jpg\n\nFran\u00e7ais\u00a0:  Belgique - Bruxelles - Statue \u00e9questre d'Albert Ier devant la biblioth\u00e8que Albertine\n\n\nDate\n\n13 March 2014, 18:16:50\n\n\nSource\n\nOwn work\n\n\nAuthor\n\nEmDee\n\n\n"}, {"url": "https://commons.wikimedia.org/wiki/File:Albertine_-_Statue_%C3%A9questre_d%27Albert_Ier_-_04.jpg", "metadata": {"og:image": "https://upload.wikimedia.org/wikipedia/commons/thumb/3/36/Albertine_-_Statue_%C3%A9questre_d%27Albert_Ier_-_04.jpg/640px-Albertine_-_Statue_%C3%A9questre_d%27Albert_Ier_-_04.jpg", "og:image:width": "640", "og:image:height": "796", "og:title": "File:Albertine - Statue \u00e9questre d'Albert Ier - 04.jpg - Wikimedia Commons", "og:type": "website"}, "text": "\n\n\nDescriptionAlbertine - Statue \u00e9questre d'Albert Ier - 04.jpg\n\nFran\u00e7ais\u00a0:  Belgique - Bruxelles - Statue \u00e9questre d'Albert Ier devant la biblioth\u00e8que Albertine\n\n\nDate\n\n13 March 2014, 18:17:08\n\n\nSource\n\nOwn work\n\n\nAuthor\n\nEmDee\n\n\n"}, {"url": "https://commons.wikimedia.org/wiki/File:Alfred_Courtens,_statue_%C3%A9questre_d%27Albert_1er,_Bruxelles.jpg", "metadata": {"og:image": "https://upload.wikimedia.org/wikipedia/commons/4/46/Alfred_Courtens%2C_statue_%C3%A9questre_d%27Albert_1er%2C_Bruxelles.jpg", "og:image:width": "640", "og:image:height": "960", "og:title": "File:Alfred Courtens, statue \u00e9questre d'Albert 1er, Bruxelles.jpg - Wikimedia Commons", "og:type": "website"}, "text": "\n\n\nDescriptionAlfred Courtens, statue \u00e9questre d'Albert 1er, Bruxelles.jpg\n\nFran\u00e7ais\u00a0:  Alfred Courtens, statue \u00e9questre d'Albert 1er, Bruxelles\n\n\nDate\n\n5 July 2010\n\n\nSource\n\nOwn work\n\n\nAuthor\n\nLorent Bernard\n\n\n"}, {"url": "https://commons.wikimedia.org/wiki/File:Brussel_-_panoramio_(31).jpg", "metadata": {"og:image": "https://upload.wikimedia.org/wikipedia/commons/thumb/d/dc/Brussel_-_panoramio_%2831%29.jpg/640px-Brussel_-_panoramio_%2831%29.jpg", "og:image:width": "640", "og:image:height": "480", "og:title": "File:Brussel - panoramio (31).jpg - Wikimedia Commons", "og:type": "website"}, "text": "\n\n\nDescriptionBrussel - panoramio (31).jpg\n\nBrussel\n\n\nDate\n\nTaken on\u00a014 April 2012\n\n\nSource\n\nhttps://web.archive.org/web/20161025111940/http://www.panoramio.com/photo/70611363\n\n\nAuthor\n\nNikolai Karaneschev\n\n\nPermission(Reusing this file)\n\n\nThis file is licensed under the Creative Commons Attribution 3.0 Unported license.Attribution: Nikolai Karaneschev\nYou are free:\nto share \u2013 to copy, distribute and transmit the work\nto remix \u2013 to adapt the work\nUnder the following conditions:\nattribution \u2013 You must give appropriate credit, provide a link to the license, and indicate if changes were made. You may do so in any reasonable manner, but not in any way that suggests the licensor endorses you or your use.\nhttps://creativecommons.org/licenses/by/3.0CC BY 3.0 Creative Commons Attribution 3.0 truetrue\n\n\n\n\n\nThis image, which was originally posted to Panoramio, was automatically reviewed on 29 December 2016 by Panoramio upload bot, who confirmed that it was available on Panoramio under the above license on that date.\n\n\nTags(from Panoramio photo page)InfoFieldBrussel, 2012, BRUSSEL \u0411\u0420\u042e\u041a\u0421\u0415\u041b\n\n\n"}, {"url": "https://commons.wikimedia.org/wiki/File:Brussel,_Kunstberg-PM_51000.jpg", "metadata": {"og:image": "https://upload.wikimedia.org/wikipedia/commons/thumb/1/1c/Brussel%2C_Kunstberg-PM_51000.jpg/640px-Brussel%2C_Kunstberg-PM_51000.jpg", "og:image:width": "640", "og:image:height": "427", "og:title": "File:Brussel, Kunstberg-PM 51000.jpg - Wikimedia Commons", "og:type": "website"}, "text": "\n\n\nDescriptionBrussel, Kunstberg-PM 51000.jpg\n\nEnglish:  Belgium. Brussels Hoofdstedelijk Gewest, R\u00e9gion de Bruxelles-Capitale. Brussel/Bruxelles. Kunstberg/Mont des arts. The square with equestrian statue of Belgian king Albert I. Alfred Courtens. Bronze. 1951.\n\n\nDate\n\n29 June 2010\n\n\nSource\n\nOwn work\n\n\nAuthor\n\nPMRMaeyaert\n\n\n"}, {"url": "https://commons.wikimedia.org/wiki/File:Brussel,_Kunstberg-PM_51002.jpg", "metadata": {"og:image": "https://upload.wikimedia.org/wikipedia/commons/thumb/4/48/Brussel%2C_Kunstberg-PM_51002.jpg/640px-Brussel%2C_Kunstberg-PM_51002.jpg", "og:image:width": "640", "og:image:height": "960", "og:title": "File:Brussel, Kunstberg-PM 51002.jpg - Wikimedia Commons", "og:type": "website"}, "text": "\n\n\nDescriptionBrussel, Kunstberg-PM 51002.jpg\n\nEnglish:  Belgium. Brussels Hoofdstedelijk Gewest, R\u00e9gion de Bruxelles-Capitale. Brussel/Bruxelles. Kunstberg/Mont des arts. The square with equestrian statue of Belgian king Albert I. Alfred Courtens. Bronze. 1951.\n\n\nDate\n\n29 June 2010\n\n\nSource\n\nOwn work\n\n\nAuthor\n\nPMRMaeyaert\n\n\n"}, {"url": "https://commons.wikimedia.org/wiki/File:Brussel,_Kunstberg-PM_51004.jpg", "metadata": {"og:image": "https://upload.wikimedia.org/wikipedia/commons/thumb/3/34/Brussel%2C_Kunstberg-PM_51004.jpg/640px-Brussel%2C_Kunstberg-PM_51004.jpg", "og:image:width": "640", "og:image:height": "427", "og:title": "File:Brussel, Kunstberg-PM 51004.jpg - Wikimedia Commons", "og:type": "website"}, "text": "\n\n\nDescriptionBrussel, Kunstberg-PM 51004.jpg\n\nNederlands:  Belgie. Brussel Hoofdstedelijk Gewest, R\u00e9gion de Bruxelles-Capitale. Brussel/Bruxelles. Kunstberg/Mont des arts.English:  Belgium. Brussels. The square with equestrian statue of Belgian king Albert I. Alfred Courtens. Bronze. 1951.questrian statue of Albert I of Belgium in Brussels.\n\n\nDate\n\n29 June 2010\n\n\nSource\n\nOwn work\n\n\nAuthor\n\nPMRMaeyaert\n\n\n"}, {"url": "https://commons.wikimedia.org/wiki/File:Brussels_(Ank_Kumar,_Infosys_Limited)_02.jpg", "metadata": {"og:image": "https://upload.wikimedia.org/wikipedia/commons/thumb/4/44/Brussels_%28Ank_Kumar%2C_Infosys_Limited%29_02.jpg/640px-Brussels_%28Ank_Kumar%2C_Infosys_Limited%29_02.jpg", "og:image:width": "640", "og:image:height": "427", "og:title": "File:Brussels (Ank Kumar, Infosys Limited) 02.jpg - Wikimedia Commons", "og:type": "website"}, "text": "\n\n\nDescriptionBrussels (Ank Kumar, Infosys Limited) 02.jpg\n\nEnglish:  Brussels (Ank Kumar, Infosys Limited)\n\n\nDate\n\n9 March 2015, 13:48:45\n\n\nSource\n\nOwn work\n\n\nAuthor\n\nAnk kumar\n\n\n"}, {"url": "https://commons.wikimedia.org/wiki/File:Brussels_Kunstberg_Statue_Albert_I_01.jpg", "metadata": {"og:image": "https://upload.wikimedia.org/wikipedia/commons/thumb/9/9f/Brussels_Kunstberg_Statue_Albert_I_01.jpg/640px-Brussels_Kunstberg_Statue_Albert_I_01.jpg", "og:image:width": "640", "og:image:height": "726", "og:title": "File:Brussels Kunstberg Statue Albert I 01.jpg - Wikimedia Commons", "og:type": "website"}, "text": "\n\n\nDescriptionBrussels Kunstberg Statue Albert I 01.jpg\n\nNederlands:  Detail van het ruiterstandbeeld van Albert I op de Kunstberg te Brussel. Het werk is van Alfred Courtens.\nEnglish:  Detail of the equestrian statue of Albert I of the Belgians by Alfred Courtens on Kunstberg  in Brussels.\n\n\nDate\n\n14 February 2018, 14:36:16\n\n\nSource\n\nOwn work\n\n\nAuthor\n\nAd Meskens\n\n\n"}, {"url": "https://commons.wikimedia.org/wiki/File:Brussels_Kunstberg_Statue_Albert_I_02.jpg", "metadata": {"og:image": "https://upload.wikimedia.org/wikipedia/commons/thumb/7/7d/Brussels_Kunstberg_Statue_Albert_I_02.jpg/640px-Brussels_Kunstberg_Statue_Albert_I_02.jpg", "og:image:width": "640", "og:image:height": "853", "og:title": "File:Brussels Kunstberg Statue Albert I 02.jpg - Wikimedia Commons", "og:type": "website"}, "text": "\n\n\nDescriptionBrussels Kunstberg Statue Albert I 02.jpg\n\nNederlands:  Detail van het ruiterstandbeeld van Albert I op de Kunstberg te Brussel. Het werk is van Alfred Courtens.\nEnglish:  Detail of the equestrian statue of Albert I of the Belgians by Alfred Courtens on Kunstberg  in Brussels.\n\n\nDate\n\n14 February 2018, 14:37:44\n\n\nSource\n\nOwn work\n\n\nAuthor\n\nAd Meskens\n\n\n"}, {"url": "https://commons.wikimedia.org/wiki/File:Brussels_Kunstberg_Statue_Albert_I_03.jpg", "metadata": {"og:image": "https://upload.wikimedia.org/wikipedia/commons/thumb/e/e6/Brussels_Kunstberg_Statue_Albert_I_03.jpg/640px-Brussels_Kunstberg_Statue_Albert_I_03.jpg", "og:image:width": "640", "og:image:height": "532", "og:title": "File:Brussels Kunstberg Statue Albert I 03.jpg - Wikimedia Commons", "og:type": "website"}, "text": "\n\n\nDescriptionBrussels Kunstberg Statue Albert I 03.jpg\n\nNederlands:  Het ruiterstandbeeld van Albert I op de Kunstberg te Brussel. Het werk is van Alfred Courtens.\nEnglish:  The equestrian statue of Albert I of the Belgians by Alfred Courtens on Kunstberg  in Brussels.\n\n\nDate\n\n24 February 2019, 16:30:55\n\n\nSource\n\nOwn work\n\n\nAuthor\n\nAd Meskens\nYou are free to use this picture for any purpose as long as you credit its author, Ad Meskens.\nExample:  \u00a9 Ad Meskens / Wikimedia Commons\n  If you use this work outside of the Wikimedia projects, a message or a copy is very much appreciated.\n\n\tThis image is not in the public domain. A statement such as \"From Wikimedia Commons\" or similar is not by itself sufficient. If you do not provide clear attribution to the author you didn't comply with the terms of the file's license and may not use this file. If you are unable or unwilling to provide attribution you should contact Ad Meskens to negotiate a different license. \nThis file has been released under a license which is incompatible with Facebook's licensing terms. It is not permitted to upload this file to Facebook. \n\n\n\n\n\n"}, {"url": "https://commons.wikimedia.org/wiki/File:Brussels_Saint_James_on_Coudenberg_and_equestrian_statue_Albert_I.jpg", "metadata": {"og:image": "https://upload.wikimedia.org/wikipedia/commons/thumb/1/1a/Brussels_Saint_James_on_Coudenberg_and_equestrian_statue_Albert_I.jpg/640px-Brussels_Saint_James_on_Coudenberg_and_equestrian_statue_Albert_I.jpg", "og:image:width": "640", "og:image:height": "853", "og:title": "File:Brussels Saint James on Coudenberg and equestrian statue Albert I.jpg - Wikimedia Commons", "og:type": "website"}, "text": "\n\n\nDescriptionBrussels Saint James on Coudenberg and equestrian statue Albert I.jpg\n\nNederlands:  Het ruiterstandbeeld van Albert I op de Kunstberg te Brussel. Het werk is van Alfred Courtens. Op de achtergrond de kerk van St-Jacob op de Koudenbergkerk, Brussel.\nEnglish:  The equestrian statue of Albert I of the Belgians by Alfred Courtens on Kunstberg (Brussels) with  the Church of Saint James on Coudenberg in the background.\n\n\nDate\n\n24 February 2019, 16:32:20\n\n\nSource\n\nOwn work\n\n\nAuthor\n\nAd Meskens\nYou are free to use this picture for any purpose as long as you credit its author, Ad Meskens.\nExample:  \u00a9 Ad Meskens / Wikimedia Commons\n  If you use this work outside of the Wikimedia projects, a message or a copy is very much appreciated.\n\n\tThis image is not in the public domain. A statement such as \"From Wikimedia Commons\" or similar is not by itself sufficient. If you do not provide clear attribution to the author you didn't comply with the terms of the file's license and may not use this file. If you are unable or unwilling to provide attribution you should contact Ad Meskens to negotiate a different license. \nThis file has been released under a license which is incompatible with Facebook's licensing terms. It is not permitted to upload this file to Facebook. \n\n\n\n\n\n"}, {"url": "https://commons.wikimedia.org/wiki/File:Brussels,_standbeeld_van_Koning_Albert_l_op_le_Mont_des_Arts_foto7_2015-06-07_14.08.jpg", "metadata": {"og:image": "https://upload.wikimedia.org/wikipedia/commons/thumb/7/75/Brussels%2C_standbeeld_van_Koning_Albert_l_op_le_Mont_des_Arts_foto7_2015-06-07_14.08.jpg/640px-Brussels%2C_standbeeld_van_Koning_Albert_l_op_le_Mont_des_Arts_foto7_2015-06-07_14.08.jpg", "og:image:width": "640", "og:image:height": "480", "og:title": "File:Brussels, standbeeld van Koning Albert l op le Mont des Arts foto7 2015-06-07 14.08.jpg - Wikimedia Commons", "og:type": "website"}, "text": "\n\n\nDescriptionBrussels, standbeeld van Koning Albert l op le Mont des Arts foto7 2015-06-07 14.08.jpg\n\nEnglish:  Brussels, statue King Albert l at le Mont des Arts\nNederlands:  Brussel, standbeeld van Koning Albert l op de Kunstberg\nFran\u00e7ais\u00a0:  Bruxelles, statue de roi Albert l au Mont des Arts\n\n\nDate\n\n7 June 2015, 14:10:37\n\n\nSource\n\nOwn work\n\n\nAuthor\n\nMichielverbeek\n\n\n"}, {"url": "https://commons.wikimedia.org/wiki/File:Brussels.albertine.jpg", "metadata": {"og:image": "https://upload.wikimedia.org/wikipedia/commons/thumb/e/e6/Brussels.albertine.jpg/640px-Brussels.albertine.jpg", "og:image:width": "640", "og:image:height": "400", "og:title": "File:Brussels.albertine.jpg - Wikimedia Commons", "og:type": "website"}, "text": "\n\n\nDescriptionBrussels.albertine.jpg\n\nEnglish:  Place de l'Albertine, Brussels (Belgium). On the foreground statues of king Albert I and  queen Elisabeth of Belgium\n\n\nDate\n\n1975\n\n\nSource\n\nOwn work\n\n\nAuthor\n\nGuywets\n\n\n"}, {"url": "https://commons.wikimedia.org/wiki/File:Bruxelles_-_Place_de_l%27Albertine_Covered_In_Snow_(4257109925).jpg", "metadata": {"og:image": "https://upload.wikimedia.org/wikipedia/commons/thumb/f/f9/Bruxelles_-_Place_de_l%27Albertine_Covered_In_Snow_%284257109925%29.jpg/640px-Bruxelles_-_Place_de_l%27Albertine_Covered_In_Snow_%284257109925%29.jpg", "og:image:width": "640", "og:image:height": "361", "og:title": "File:Bruxelles - Place de l'Albertine Covered In Snow (4257109925).jpg - Wikimedia Commons", "og:type": "website"}, "text": "\n\n\nDescriptionBruxelles - Place de l'Albertine Covered In Snow (4257109925).jpg\n\nThe statue of Elisabeth faces the one of her husband, Albert I of Belgium.\n\n\nDate\n\n7 January 2010, 13:31\n\n\nSource\n\nBruxelles  - Place de l'Albertine Covered In Snow\n\n\nAuthor\n\nWilliam Murphy from Dublin, Ireland\n\n\n"}, {"url": "https://commons.wikimedia.org/wiki/File:Bruxelles_-_Place_de_l%27Albertine_Covered_In_Snow_(4257111225).jpg", "metadata": {"og:image": "https://upload.wikimedia.org/wikipedia/commons/thumb/8/89/Bruxelles_-_Place_de_l%27Albertine_Covered_In_Snow_%284257111225%29.jpg/640px-Bruxelles_-_Place_de_l%27Albertine_Covered_In_Snow_%284257111225%29.jpg", "og:image:width": "640", "og:image:height": "361", "og:title": "File:Bruxelles - Place de l'Albertine Covered In Snow (4257111225).jpg - Wikimedia Commons", "og:type": "website"}, "text": "\n\n\nDescriptionBruxelles - Place de l'Albertine Covered In Snow (4257111225).jpg\n\nThe Kunstberg or Mont des Arts  is a historic site in the center of Brussels, Belgium.\nThe showcase square was created for the Universal Exposition held in Brussels in 1910. It featured a park and a monumental staircase with cascading fountains descending the gentle slope from Place Royale down to Boulevard de l'Empereur/Keizerslaan.\nThe original square was destroyed during the post-war construction frenzy known as Brusselization; between 1954 and 1965, the square and its surroundings gave way to massive, severely geometric postmodern structures such as the Royal Library of Belgium and the Congress Palace.\nThe Mont des Arts offers one of Brussels\u2019 finest views. From the vantage point on a hill, the famous tower of the Brussels Town Hall at the Grand Place is clearly visible. On a sunny day, the Koekelberg Basilica and even the Atomium can be seen.\n\nMajor tourist attractions are located within walking distance from the Kunstberg: the Musical Instrument Museum, the Royal Museums of Fine Arts, the Royal Palace, and the city\u2019s cathedral.\n\n\nDate\n\n7 January 2010, 13:32\n\n\nSource\n\nBruxelles  - Place de l'Albertine Covered In Snow\n\n\nAuthor\n\nWilliam Murphy from Dublin, Ireland\n\n\n"}, {"url": "https://commons.wikimedia.org/wiki/File:Equestrian_statue_of_Albert_I_of_Belgium_(Brussels)_November_2014.jpg", "metadata": {"og:image": "https://upload.wikimedia.org/wikipedia/commons/thumb/d/dc/Equestrian_statue_of_Albert_I_of_Belgium_%28Brussels%29_November_2014.jpg/640px-Equestrian_statue_of_Albert_I_of_Belgium_%28Brussels%29_November_2014.jpg", "og:image:width": "640", "og:image:height": "825", "og:title": "File:Equestrian statue of Albert I of Belgium (Brussels) November 2014.jpg - Wikimedia Commons", "og:type": "website"}, "text": "\n\n\nDescriptionEquestrian statue of Albert I of Belgium (Brussels) November 2014.jpg\n\nEnglish:  Equestrian statue of Albert I of Belgium (Brussels) November 2014.\n\n\nDate\n\n22 November 2014, 11:30:21\n\n\nSource\n\nOwn work\n\n\nAuthor\n\n\n\n\n\nBeno\u00eet Prieur\n\u00a0(1975\u2013)\u00a0\u00a0 \u00a0\n\n\n\n\n\nDescription\nFrench Wikimedian, software engineer, science writer, sportswriter, correspondent and radio personality\n\nDate of birth\n\n19 August 1975\u00a0\n\n\nLocation of birth\n\nAuxerre\n\n\nAuthority file\n\n: Q42790984\nVIAF:\u2009151150747109216302144\nISNI:\u20090000000464532823\nORCID:\u20090000-0003-0786-0049\nResearcherID:\u2009AFI-3891-2022\nMusicBrainz:\u2009e6460645-fca4-49cd-a68d-910b52b88027\n\n\n\ncreator QS:P170,Q42790984\n\n\n"}, {"url": "https://commons.wikimedia.org/wiki/File:Equestrian_statue_of_Albert_I_of_Belgium_in_Brussels.jpg", "metadata": {"og:image": "https://upload.wikimedia.org/wikipedia/commons/thumb/1/1a/Equestrian_statue_of_Albert_I_of_Belgium_in_Brussels.jpg/640px-Equestrian_statue_of_Albert_I_of_Belgium_in_Brussels.jpg", "og:image:width": "640", "og:image:height": "774", "og:title": "File:Equestrian statue of Albert I of Belgium in Brussels.jpg - Wikimedia Commons", "og:type": "website"}, "text": "\n\n\nDescriptionEquestrian statue of Albert I of Belgium in Brussels.jpg\n\nEnglish:  Equestrian statue of Albert I of Belgium by Alfred Courtens in Brussels\n\n\nDate\n\n2 August 2023, 10:27:03\n\n\nSource\n\nOwn work\n\n\nAuthor\n\nYair Haklai\n\n\n"}, {"url": "https://commons.wikimedia.org/wiki/File:Garden_of_Kunstberg_viewed_from_Mont_des_Arts_during_nautical_twilight_(DSCF1028).jpg", "metadata": {"og:image": "https://upload.wikimedia.org/wikipedia/commons/thumb/0/0b/Garden_of_Kunstberg_viewed_from_Mont_des_Arts_during_nautical_twilight_%28DSCF1028%29.jpg/640px-Garden_of_Kunstberg_viewed_from_Mont_des_Arts_during_nautical_twilight_%28DSCF1028%29.jpg", "og:image:width": "640", "og:image:height": "428", "og:title": "File:Garden of Kunstberg viewed from Mont des Arts during nautical twilight (DSCF1028).jpg - Wikimedia Commons", "og:type": "website"}, "text": "\n\n\nDescriptionGarden of Kunstberg viewed from Mont des Arts during nautical twilight (DSCF1028).jpg\n\nEnglish:  Garden of Kunstberg viewed from Mont des Arts during the nautical twilight\n\n\n\n\nThis photo of immovable heritage has been taken in the Brussels Capital Region \n\n\n\n\n\nDate\n\n26 September 2018, 20:25:19\n\n\nSource\n\nOwn work\n\n\nAuthor\n\nTrougnouf (Benoit Brummer)\n\n\nOther versions\n\n\n\n\nView from Mont des Arts during civil twilight (DSCF8292).jpg\n\n\n\n\nMont des Arts during morning civil twilight (DSCF7450).jpg\n\n\n\n\n\n"}, {"url": "https://commons.wikimedia.org/wiki/File:King_Albert_statue_in_Brussels_01.jpg", "metadata": {"og:image": "https://upload.wikimedia.org/wikipedia/commons/thumb/3/3b/King_Albert_statue_in_Brussels_01.jpg/640px-King_Albert_statue_in_Brussels_01.jpg", "og:image:width": "640", "og:image:height": "854", "og:title": "File:King Albert statue in Brussels 01.jpg - Wikimedia Commons", "og:type": "website"}, "text": "\n\n\nDescriptionKing Albert statue in Brussels 01.jpg\n\nEnglish:  King Albert statue in Brussels, Place de L'Albertine.\n\n\nDate\n\n6 October 2013, 14:54:07\n\n\nSource\n\nOwn work\n\n\nAuthor\n\nWitia\n\n\n"}, {"url": "https://commons.wikimedia.org/wiki/File:King_of_Albert_I_-_panoramio.jpg", "metadata": {"og:image": "https://upload.wikimedia.org/wikipedia/commons/thumb/7/7c/King_of_Albert_I_-_panoramio.jpg/640px-King_of_Albert_I_-_panoramio.jpg", "og:image:width": "640", "og:image:height": "480", "og:title": "File:King of Albert I - panoramio.jpg - Wikimedia Commons", "og:type": "website"}, "text": "\n\n\nDescriptionKing of Albert I - panoramio.jpg\n\nKing of Albert I\n\n\nDate\n\nTaken on\u00a017 July 2010\n\n\nSource\n\nhttps://web.archive.org/web/20161024175458/http://www.panoramio.com/photo/72462409\n\n\nAuthor\n\nMister No\n\n\nPermission(Reusing this file)\n\n\nThis file is licensed under the Creative Commons Attribution 3.0 Unported license.Attribution: Mister No\nYou are free:\nto share \u2013 to copy, distribute and transmit the work\nto remix \u2013 to adapt the work\nUnder the following conditions:\nattribution \u2013 You must give appropriate credit, provide a link to the license, and indicate if changes were made. You may do so in any reasonable manner, but not in any way that suggests the licensor endorses you or your use.\nhttps://creativecommons.org/licenses/by/3.0CC BY 3.0 Creative Commons Attribution 3.0 truetrue\n\n\n\n\n\nThis image, which was originally posted to Panoramio, was automatically reviewed on 4 January 2017 by Panoramio upload bot, who confirmed that it was available on Panoramio under the above license on that date.\n\n\nTags(from Panoramio photo page)InfoFieldBrussel, Bruxelles\n\n\n"}, {"url": "https://commons.wikimedia.org/wiki/File:Leopold_bruxelles.jpg", "metadata": {"og:image": "https://upload.wikimedia.org/wikipedia/commons/thumb/9/91/Leopold_bruxelles.jpg/640px-Leopold_bruxelles.jpg", "og:image:width": "640", "og:image:height": "427", "og:title": "File:Leopold bruxelles.jpg - Wikimedia Commons", "og:type": "website"}, "text": "\n\n\nDescriptionLeopold bruxelles.jpg\n\n\u0420\u0443\u0441\u0441\u043a\u0438\u0439:  Leopold bruxelles\n\n\nDate\n\n9 April 2023, 16:20:40\n\n\nSource\n\nOwn work\n\n\nAuthor\n\nAsif Masimov masimovasif.net\n\n\n"}, {"url": "https://commons.wikimedia.org/wiki/File:Mont_des_Arts_(Bruxelles).jpg", "metadata": {"og:image": "https://upload.wikimedia.org/wikipedia/commons/thumb/a/a9/Mont_des_Arts_%28Bruxelles%29.jpg/640px-Mont_des_Arts_%28Bruxelles%29.jpg", "og:image:width": "640", "og:image:height": "480", "og:title": "File:Mont des Arts (Bruxelles).jpg - Wikimedia Commons", "og:type": "website"}, "text": "\n\n\nDescriptionMont des Arts (Bruxelles).jpg\n\nFran\u00e7ais\u00a0:  Vue g\u00e9n\u00e9rale du Mont des Arts\n\n\nDate\n\n5 December 2014, 17:38:07\n\n\nSource\n\nOwn work\n\n\nAuthor\n\nChristophe Degryse\n\n\n"}, {"url": "https://commons.wikimedia.org/wiki/File:Mont_des_Arts_during_morning_civil_twilight_(DSCF7450).jpg", "metadata": {"og:image": "https://upload.wikimedia.org/wikipedia/commons/thumb/a/a4/Mont_des_Arts_during_morning_civil_twilight_%28DSCF7450%29.jpg/640px-Mont_des_Arts_during_morning_civil_twilight_%28DSCF7450%29.jpg", "og:image:width": "640", "og:image:height": "424", "og:title": "File:Mont des Arts during morning civil twilight (DSCF7450).jpg - Wikimedia Commons", "og:type": "website"}, "text": "\n\n\nDescriptionMont des Arts during morning civil twilight (DSCF7450).jpg\n\nEnglish:  Mont des Arts during morning civil twilight (Garden of Kunstberg and Place de l'Albertine). Brussels, Belgium\n\n\n\n\n\nThis is a photo of a monument in Brussels, number: 2043-0009/0\n\n\n\n\n\nThis photo of immovable heritage has been taken in the Brussels Capital Region \n\n\n\n\n\n\n\n\nThis is a photo of a monument in Brussels, number: 2043-0016/0\n\n\n\nDate\n\n8 August 2020, 05:56:54\n\n\nSource\n\nOwn work\n\n\nAuthor\n\nTrougnouf (Benoit Brummer)\n\n\nOther versions\n\n\n\n\nGarden of Kunstberg viewed from Mont des Arts during nautical twilight (DSCF1028).jpg\n\n\n\n\nView from Mont des Arts during civil twilight (DSCF8292).jpg\n\n\n\n\n\n"}, {"url": "https://commons.wikimedia.org/wiki/File:Mont_des_Arts-1811.jpg", "metadata": {"og:image": "https://upload.wikimedia.org/wikipedia/commons/thumb/6/6f/Mont_des_Arts-1811.jpg/640px-Mont_des_Arts-1811.jpg", "og:image:width": "640", "og:image:height": "961", "og:title": "File:Mont des Arts-1811.jpg - Wikimedia Commons", "og:type": "website"}, "text": "\n\n\nDescriptionMont des Arts-1811.jpg\n\nMont des Arts Br\u00fcssel\n\n\nDate\n\n30 July 2015, 17:52:51\n\n\nSource\n\nOwn work\n\n\nAuthor\n\nMichael Kramer\n\n\nPermission(Reusing this file)\n\ncc-by-sa-3.0, 2.5, 2.0, 1.0\n\n\n"}, {"url": "https://commons.wikimedia.org/wiki/File:Pomnik_kr%C3%B3la_Alberta_I_w_Brukseli.jpg", "metadata": {"og:image": "https://upload.wikimedia.org/wikipedia/commons/thumb/7/71/Pomnik_kr%C3%B3la_Alberta_I_w_Brukseli.jpg/640px-Pomnik_kr%C3%B3la_Alberta_I_w_Brukseli.jpg", "og:image:width": "640", "og:image:height": "853", "og:title": "File:Pomnik kr\u00f3la Alberta I w Brukseli.jpg - Wikimedia Commons", "og:type": "website"}, "text": "\n\n\nDescriptionPomnik kr\u00f3la Alberta I w Brukseli.jpg\n\nEnglish:  Statue of King Albert I in Brussels\n\n\nDate\n\n8 May 2010\n\n\nSource\n\nOwn work\n\n\nAuthor\n\nRaf24\n\n\n"}, {"url": "https://commons.wikimedia.org/wiki/File:Royal_Library_of_Belgium,_exterior_view_of_the_building.jpg", "metadata": {"og:image": "https://upload.wikimedia.org/wikipedia/commons/thumb/4/4d/Royal_Library_of_Belgium%2C_exterior_view_of_the_building.jpg/640px-Royal_Library_of_Belgium%2C_exterior_view_of_the_building.jpg", "og:image:width": "640", "og:image:height": "480", "og:title": "File:Royal Library of Belgium, exterior view of the building.jpg - Wikimedia Commons", "og:type": "website"}, "text": "\n\n\nDescriptionRoyal Library of Belgium, exterior view of the building.jpg\n\n\n\n\n\n\nThis is a file created at the museum: Royal Library of Belgium in Brussels \n\n\n\nDate\n\n16 August 2016, 12:22:28\n\n\nSource\n\nOwn work\n\n\nAuthor\n\nSoraya Belghazi\n\n\n"}, {"url": "https://commons.wikimedia.org/wiki/File:Ruiterstandbeeld1.JPG", "metadata": {"og:image": "https://upload.wikimedia.org/wikipedia/commons/thumb/b/b7/Ruiterstandbeeld1.JPG/640px-Ruiterstandbeeld1.JPG", "og:image:width": "640", "og:image:height": "480", "og:title": "File:Ruiterstandbeeld1.JPG - Wikimedia Commons", "og:type": "website"}, "text": "\n\n\nDescriptionRuiterstandbeeld1.JPG\n\nNederlands:  Ruiterstandbeeld Koning Albert I aan de Kunstberg te Brussel\n\n\nDate\n\n29 September 2007 (original upload date)\n\n\nSource\n\nOwn work\n\n\nAuthor\n\nWasily at Dutch Wikipedia\n\n\n"}, {"url": "https://commons.wikimedia.org/wiki/File:Standbeeld_Koning_Albert_I.jpg", "metadata": {"og:image": "https://upload.wikimedia.org/wikipedia/commons/thumb/a/a0/Standbeeld_Koning_Albert_I.jpg/640px-Standbeeld_Koning_Albert_I.jpg", "og:image:width": "640", "og:image:height": "423", "og:title": "File:Standbeeld Koning Albert I.jpg - Wikimedia Commons", "og:type": "website"}, "text": "\n\n\nDescriptionStandbeeld Koning Albert I.jpg\n\nNederlands:  Standbeeld van Koning Albert I\n\n\nDate\n\n31 August 2017, 14:11:27\n\n\nSource\n\nOwn work\n\n\nAuthor\n\nSally V\n\n\n"}, {"url": "https://commons.wikimedia.org/wiki/File:Statue_du_roi_Albert_1er_Bruxelles_J1a.jpg", "metadata": {"og:image": "https://upload.wikimedia.org/wikipedia/commons/thumb/8/86/Statue_du_roi_Albert_1er_Bruxelles_J1a.jpg/640px-Statue_du_roi_Albert_1er_Bruxelles_J1a.jpg", "og:image:width": "640", "og:image:height": "442", "og:title": "File:Statue du roi Albert 1er Bruxelles J1a.jpg - Wikimedia Commons", "og:type": "website"}, "text": "\n\n\nDescriptionStatue du roi Albert 1er Bruxelles J1a.jpg\n\nEnglish:  Statue of the  king Albert 1st at the The \"Mont des Arts\" in Brussels, Belgium.\nFran\u00e7ais\u00a0:  Statue du roi Albert 1er au Mont des Arts \u00e0 Bruxelles, Belgique.\n\n\nDate\n\n4 May 2014\n\n\nSource\n\nOwn work\n\n\nAuthor\n\nJamain\n\n\nOther versions\n\n\n\n\n\n\n\n\n\n"}, {"url": "https://commons.wikimedia.org/wiki/File:Statue_du_roi_Albert_1er_Bruxelles_J1b.jpg", "metadata": {"og:image": "https://upload.wikimedia.org/wikipedia/commons/thumb/3/3b/Statue_du_roi_Albert_1er_Bruxelles_J1b.jpg/640px-Statue_du_roi_Albert_1er_Bruxelles_J1b.jpg", "og:image:width": "640", "og:image:height": "462", "og:title": "File:Statue du roi Albert 1er Bruxelles J1b.jpg - Wikimedia Commons", "og:type": "website"}, "text": "\n\n\nDescriptionStatue du roi Albert 1er Bruxelles J1b.jpg\n\nEnglish:  Statue of the  king Albert 1st at the The \"Mont des Arts\" in Brussels, Belgium.\nFran\u00e7ais\u00a0:  Statue du roi Albert 1er au Mont des Arts \u00e0 Bruxelles, Belgique.\n\n\nDate\n\n4 May 2014\n\n\nSource\n\nOwn work\n\n\nAuthor\n\nJamain\n\n\nOther versions\n\n\n\n\n\n\n\n\n\n"}, {"url": "https://commons.wikimedia.org/wiki/File:Statue_du_roi_Albert_1er_Bruxelles_J2.jpg", "metadata": {"og:image": "https://upload.wikimedia.org/wikipedia/commons/thumb/3/37/Statue_du_roi_Albert_1er_Bruxelles_J2.jpg/640px-Statue_du_roi_Albert_1er_Bruxelles_J2.jpg", "og:image:width": "640", "og:image:height": "908", "og:title": "File:Statue du roi Albert 1er Bruxelles J2.jpg - Wikimedia Commons", "og:type": "website"}, "text": "\n\n\nDescriptionStatue du roi Albert 1er Bruxelles J2.jpg\n\nEnglish:  Statue of the  king Albert 1st at the The \"Mont des Arts\" in Brussels, Belgium.\nFran\u00e7ais\u00a0:  Statue du roi Albert 1er au Mont des Arts \u00e0 Bruxelles, Belgique.\n\n\nDate\n\n4 May 2014\n\n\nSource\n\nOwn work\n\n\nAuthor\n\nJamain\n\n\n"}, {"url": "https://commons.wikimedia.org/wiki/File:Statue_du_Roi_Albert_I,_place_de_l%27Albertine_%C3%A0_Bruxelles_-_panoramio.jpg", "metadata": {"og:image": "https://upload.wikimedia.org/wikipedia/commons/thumb/c/c3/Statue_du_Roi_Albert_I%2C_place_de_l%27Albertine_%C3%A0_Bruxelles_-_panoramio.jpg/640px-Statue_du_Roi_Albert_I%2C_place_de_l%27Albertine_%C3%A0_Bruxelles_-_panoramio.jpg", "og:image:width": "640", "og:image:height": "964", "og:title": "File:Statue du Roi Albert I, place de l'Albertine \u00e0 Bruxelles - panoramio.jpg - Wikimedia Commons", "og:type": "website"}, "text": "\n\n\nDescriptionStatue du Roi Albert I, place de l'Albertine \u00e0 Bruxelles - panoramio.jpg\n\nStatue du Roi Albert I, place de l'Albertine \u00e0 Bruxelles\n\n\nDate\n\n16 July 2013 (original upload date)\n\n\nSource\n\nhttps://web.archive.org/web/20161027194403/http://www.panoramio.com/photo/93226148\n\n\nAuthor\n\nPaul Fleury\n\n\nPermission(Reusing this file)\n\n\nThis file is licensed under the Creative Commons Attribution 3.0 Unported license.Attribution: Paul Fleury\nYou are free:\nto share \u2013 to copy, distribute and transmit the work\nto remix \u2013 to adapt the work\nUnder the following conditions:\nattribution \u2013 You must give appropriate credit, provide a link to the license, and indicate if changes were made. You may do so in any reasonable manner, but not in any way that suggests the licensor endorses you or your use.\nhttps://creativecommons.org/licenses/by/3.0CC BY 3.0 Creative Commons Attribution 3.0 truetrue\n\n\n\n\n\nThis image, which was originally posted to Panoramio, was automatically reviewed on 2 March 2017 by Panoramio upload bot, who confirmed that it was available on Panoramio under the above license on that date.\n\n\nTags(from Panoramio photo page)InfoFieldBrussel, HDR\n\n\n"}, {"url": "https://commons.wikimedia.org/wiki/File:STATUE_OF_ALBERT_I_IN_THE_MONT_DES_ARTS_GARDENS_-_BRUSSELS.jpg", "metadata": {"og:image": "https://upload.wikimedia.org/wikipedia/commons/7/7b/STATUE_OF_ALBERT_I_IN_THE_MONT_DES_ARTS_GARDENS_-_BRUSSELS.jpg", "og:image:width": "640", "og:image:height": "961", "og:title": "File:STATUE OF ALBERT I IN THE MONT DES ARTS GARDENS - BRUSSELS.jpg - Wikimedia Commons", "og:type": "website"}, "text": "\n\n\nDescriptionSTATUE OF ALBERT I IN THE MONT DES ARTS GARDENS - BRUSSELS.jpg\n\nEnglish:  ALBERT I STATUE;  REIGNED AS KING OF THE BELGIANS FROM 1909 THROUGH 1934. THIS WAS A CRUCIAL PERIOD IN THE HISTORY OF BELGIUM SINCE IT INCLUDED THE PERIOD OF \tWORLD WAR I (1914 - 1918) WHEN 99 PERCENT OF BELGIUM WAS OVERRUN, OCCUPIED, AND RULED BY THE GERMAN EMPIRE.\n\n\nDate\n\n11 February 2013, 15:00:33\n\n\nSource\n\nOwn work\n\n\nAuthor\n\nJERRYE AND ROY KLOTZ MD\n\n\n"}, {"url": "https://commons.wikimedia.org/wiki/File:Statue_roi_Albert_Bruxelles.JPG", "metadata": {"og:image": "https://upload.wikimedia.org/wikipedia/commons/thumb/c/c9/Statue_roi_Albert_Bruxelles.JPG/640px-Statue_roi_Albert_Bruxelles.JPG", "og:image:width": "640", "og:image:height": "958", "og:title": "File:Statue roi Albert Bruxelles.JPG - Wikimedia Commons", "og:type": "website"}, "text": "\n\n\nDescriptionStatue roi Albert Bruxelles.JPG\n\n\n\n\n\n\nCette image a \u00e9t\u00e9 cr\u00e9\u00e9e par Savant-fou\n\n\nElle est donc sous licence libre. Si jamais vous avez besoin d'autres clich\u00e9s sur ce th\u00e8me, contactez-moi\u00a0! Merci de cr\u00e9diter: Image de Savant-fou (http://fr.wikipedia.org/wiki/Utilisateur:Savant-fou - //commons.wikimedia.org/wiki/File:Statue_roi_Albert_Bruxelles.JPG). If you need other pictures about this subject, please feel free to contact me. Please credit\u00a0: Picture of Savant-fou (http://fr.wikipedia.org/wiki/Utilisateur:Savant-fou - //commons.wikimedia.org/wiki/File:Statue_roi_Albert_Bruxelles.JPG).\n\n\n\n\nDate\n\n2 January 2010\n\n\nSource\n\nOwn work\n\n\nAuthor\n\nSavant-fou\n\n\nPermission(Reusing this file)\n\nOwn work, copyleft: Multi-license with GFDL and Creative Commons CC-BY-SA-3.0 and older versions (2.5, 2.0 and 1.0)\n\n\n"}, {"url": "https://commons.wikimedia.org/wiki/File:Zicht_op_de_Kunstberg_met_tuin_vanaf_de_Museumstraat_bij_avond.jpg", "metadata": {"og:image": "https://upload.wikimedia.org/wikipedia/commons/thumb/e/ee/Zicht_op_de_Kunstberg_met_tuin_vanaf_de_Museumstraat_bij_avond.jpg/640px-Zicht_op_de_Kunstberg_met_tuin_vanaf_de_Museumstraat_bij_avond.jpg", "og:image:width": "640", "og:image:height": "361", "og:title": "File:Zicht op de Kunstberg met tuin vanaf de Museumstraat bij avond.jpg - Wikimedia Commons", "og:type": "website"}, "text": "\n\n\nDescriptionZicht op de Kunstberg met tuin vanaf de Museumstraat bij avond.jpg\n\nNederlands:  De Kunstberg met tuin, gezien vanaf de Museumstraat. Links de Koninklijke Bibliotheek van Belgi\u00eb en rechts het klokkenspel van de Kunstberg.\nFran\u00e7ais\u00a0:  Le Mont des Arts avec jardin, vu de la Rue de la Mus\u00e9e. A gauche la Biblioth\u00e8que Royale de Belgique et \u00e0 droite le carillon du Mont des Arts.\nEnglish:  The Kunstberg with garden, seen from the Museum street. On the left the Royal Library of Belgium and on the right the carillon of the Mont des Arts.\n\n\nDate\n\n11 April 2019, 19:40:06\n\n\nSource\n\nOwn work\n\n\nAuthor\n\nMatteoNL97\n\n\n"}, {"url": "https://commons.wikimedia.org/wiki/File:Zicht_op_de_Kunstberg_met_tuin_vanaf_de_Museumstraat.jpg", "metadata": {"og:image": "https://upload.wikimedia.org/wikipedia/commons/thumb/2/26/Zicht_op_de_Kunstberg_met_tuin_vanaf_de_Museumstraat.jpg/640px-Zicht_op_de_Kunstberg_met_tuin_vanaf_de_Museumstraat.jpg", "og:image:width": "640", "og:image:height": "361", "og:title": "File:Zicht op de Kunstberg met tuin vanaf de Museumstraat.jpg - Wikimedia Commons", "og:type": "website"}, "text": "\n\n\nDescriptionZicht op de Kunstberg met tuin vanaf de Museumstraat.jpg\n\nNederlands:  De Kunstberg met tuin, gezien vanaf de Museumstraat. Links de Koninklijke Bibliotheek van Belgi\u00eb en rechts het klokkenspel van de Kunstberg.\nFran\u00e7ais\u00a0:  Le Mont des Arts avec jardin, vu de la Rue de la Mus\u00e9e. A gauche la Biblioth\u00e8que Royale de Belgique et \u00e0 droite le carillon du Mont des Arts.\nEnglish:  The Kunstberg with garden, seen from the Museum street. On the left the Royal Library of Belgium and on the right the carillon of the Mont des Arts.\n\n\nDate\n\n10 April 2019, 15:27:23\n\n\nSource\n\nOwn work\n\n\nAuthor\n\nMatteoNL97\n\n\n"}, {"url": "https://commons.wikimedia.org/wiki/File:Zicht_op_een_regenachtige_Kunstberg_vanaf_de_Museumstraat.jpg", "metadata": {"og:image": "https://upload.wikimedia.org/wikipedia/commons/thumb/d/d3/Zicht_op_een_regenachtige_Kunstberg_vanaf_de_Museumstraat.jpg/640px-Zicht_op_een_regenachtige_Kunstberg_vanaf_de_Museumstraat.jpg", "og:image:width": "640", "og:image:height": "361", "og:title": "File:Zicht op een regenachtige Kunstberg vanaf de Museumstraat.jpg - Wikimedia Commons", "og:type": "website"}, "text": "\n\n\nDescriptionZicht op een regenachtige Kunstberg vanaf de Museumstraat.jpg\n\nNederlands:  De Kunstberg met tuin, gezien vanaf de Museumstraat. Links de Koninklijke Bibliotheek van Belgi\u00eb en rechts het klokkenspel van de Kunstberg.\nFran\u00e7ais\u00a0:  Le Mont des Arts avec jardin, vu de la Rue de la Mus\u00e9e. A gauche la Biblioth\u00e8que Royale de Belgique et \u00e0 droite le carillon du Mont des Arts.\nEnglish:  The Kunstberg with garden, seen from the Museum street. On the left the Royal Library of Belgium and on the right the carillon of the Mont des Arts.\n\n\nDate\n\n9 April 2019, 15:02:03\n\n\nSource\n\nOwn work\n\n\nAuthor\n\nMatteoNL97\n\n\n"}, {"url": "https://commons.wikimedia.org/wiki/File:%D0%9F%D0%B0%D0%BC%D1%8F%D1%82%D0%BD%D0%B8%D0%BA_%D0%BA%D0%BE%D1%80%D0%BE%D0%BB%D1%8E_%D0%91%D0%B5%D0%BB%D1%8C%D0%B3%D0%B8%D0%B8_%D0%90%D0%BB%D1%8C%D0%B1%D0%B5%D1%80%D1%82%D1%83_1_(Albert_I_of_Belgium)_-_panoramio.jpg", "metadata": {"og:image": "https://upload.wikimedia.org/wikipedia/commons/thumb/d/d4/%D0%9F%D0%B0%D0%BC%D1%8F%D1%82%D0%BD%D0%B8%D0%BA_%D0%BA%D0%BE%D1%80%D0%BE%D0%BB%D1%8E_%D0%91%D0%B5%D0%BB%D1%8C%D0%B3%D0%B8%D0%B8_%D0%90%D0%BB%D1%8C%D0%B1%D0%B5%D1%80%D1%82%D1%83_1_%28Albert_I_of_Belgium%29_-_panoramio.jpg/640px-%D0%9F%D0%B0%D0%BC%D1%8F%D1%82%D0%BD%D0%B8%D0%BA_%D0%BA%D0%BE%D1%80%D0%BE%D0%BB%D1%8E_%D0%91%D0%B5%D0%BB%D1%8C%D0%B3%D0%B8%D0%B8_%D0%90%D0%BB%D1%8C%D0%B1%D0%B5%D1%80%D1%82%D1%83_1_%28Albert_I_of_Belgium%29_-_panoramio.jpg", "og:image:width": "640", "og:image:height": "427", "og:title": "File:\u041f\u0430\u043c\u044f\u0442\u043d\u0438\u043a \u043a\u043e\u0440\u043e\u043b\u044e \u0411\u0435\u043b\u044c\u0433\u0438\u0438 \u0410\u043b\u044c\u0431\u0435\u0440\u0442\u0443 1 (Albert I of Belgium) - panoramio.jpg - Wikimedia Commons", "og:type": "website"}, "text": "\n\n\nDescription\u041f\u0430\u043c\u044f\u0442\u043d\u0438\u043a \u043a\u043e\u0440\u043e\u043b\u044e \u0411\u0435\u043b\u044c\u0433\u0438\u0438 \u0410\u043b\u044c\u0431\u0435\u0440\u0442\u0443 1 (Albert I of Belgium) - panoramio.jpg\n\n\u041f\u0430\u043c\u044f\u0442\u043d\u0438\u043a \u043a\u043e\u0440\u043e\u043b\u044e \u0411\u0435\u043b\u044c\u0433\u0438\u0438 \u0410\u043b\u044c\u0431\u0435\u0440\u0442\u0443 1 (Albert I of Belgium)\n\n\nDate\n\nTaken on\u00a026 April 2014\n\n\nSource\n\nhttps://web.archive.org/web/20161028181025/http://www.panoramio.com/photo/107289536\n\n\nAuthor\n\ntiger rus\n\n\nPermission(Reusing this file)\n\n\nThis file is licensed under the Creative Commons Attribution 3.0 Unported license.Attribution: tiger rus\nYou are free:\nto share \u2013 to copy, distribute and transmit the work\nto remix \u2013 to adapt the work\nUnder the following conditions:\nattribution \u2013 You must give appropriate credit, provide a link to the license, and indicate if changes were made. You may do so in any reasonable manner, but not in any way that suggests the licensor endorses you or your use.\nhttps://creativecommons.org/licenses/by/3.0CC BY 3.0 Creative Commons Attribution 3.0 truetrue\n\n\n\n\n\nThis image, which was originally posted to Panoramio, was automatically reviewed on 7 April 2017 by Panoramio upload bot, who confirmed that it was available on Panoramio under the above license on that date.\n\n\nTags(from Panoramio photo page)InfoFieldBrussel, Belgique, Belgium, Brussel, Bruxelles, \u0411\u0435\u043b\u044c\u0433\u0438\u044f, \u0411\u0440\u044e\u0441\u0441\u0435\u043b\u044c\n\n\n"}]