[{"url": "https://commons.wikimedia.org/wiki/File:Signature_-_Albert_Ier_-_Roi_des_Belges_(1926).svg", "metadata": {"og:image": "https://upload.wikimedia.org/wikipedia/commons/thumb/e/e3/Signature_-_Albert_Ier_-_Roi_des_Belges_%281926%29.svg/640px-Signature_-_Albert_Ier_-_Roi_des_Belges_%281926%29.svg.png", "og:image:width": "640", "og:image:height": "153", "og:title": "File:Signature - Albert Ier - Roi des Belges (1926).svg - Wikimedia Commons", "og:type": "website"}, "text": "\n\n\nDescriptionSignature - Albert Ier - Roi des Belges (1926).svg\n\nFran\u00e7ais\u00a0:  Signature - Albert Ier - Roi des Belges (1926)\n\n\nDate\n\n1926\n\n\nSource\n\nhttps://i.ebayimg.com/images/g/v-QAAOSwO0VeNaGa/s-l1600.jpg\n\n\nAuthor\n\nAlbert Ier - Roi des Belges\n\n\n"}, {"url": "https://commons.wikimedia.org/wiki/File:Signature_du_Prince_Albert_de_Belgique_1898.jpg", "metadata": {"og:image": "https://upload.wikimedia.org/wikipedia/commons/f/f7/Signature_du_Prince_Albert_de_Belgique_1898.jpg", "og:image:width": "640", "og:image:height": "261", "og:title": "File:Signature du Prince Albert de Belgique 1898.jpg - Wikimedia Commons", "og:type": "website"}, "text": "\n\n\nDescriptionSignature du Prince Albert de Belgique 1898.jpg\n\nFran\u00e7ais\u00a0:  D\u00e9dicace et signature du Prince Albert de Belgique (1875-1934) en 1898.\n\n\nDate\n\n29 December 2013, 18:25:08\n\n\nSource\n\nBook \"La vie Moderne \u00e0 l'exposition internationale de Bruxelles\" 1897, Bruxelles\u00a0: Ed. Lyon-Claesen, 1898\n\n\nAuthor\n\nThomas BRAUN\n\n\n"}]