[{"url": "https://commons.wikimedia.org/wiki/File:El%C3%A9onore_de_Belgique.jpg", "metadata": {"og:image": "https://upload.wikimedia.org/wikipedia/commons/thumb/9/92/El%C3%A9onore_de_Belgique.jpg/640px-El%C3%A9onore_de_Belgique.jpg", "og:image:width": "640", "og:image:height": "666", "og:title": "File:El\u00e9onore de Belgique.jpg - Wikimedia Commons", "og:type": "website"}, "text": "\n\n\nDescriptionEl\u00e9onore de Belgique.jpg\n\nFran\u00e7ais\u00a0:  La princesse El\u00e9onorede Belgique le 21 juillet 2016.\n\n\nDate\n\n21 July 2016\n\n\nSource\n\n\n\n\nThis file has been extracted from another file: File:Mathilde, Emmanuel en El\u00e9onore 2016.jpg.The source image was deleted for reasons that do not affect this image, like a derivative work which is not a part of this cropped image.\n\n\n\n\n\nAuthor\n\nCharlot B\n\n\nOther versions\n\n\nThis file has an extracted image: .[[File:|128px|Extracted version|lang=en]]\n\n\n\n"}, {"url": "https://commons.wikimedia.org/wiki/File:Coat_of_arms_of_a_Princess_of_Belgium.svg", "metadata": {"og:image": "https://upload.wikimedia.org/wikipedia/commons/thumb/d/d4/Coat_of_arms_of_a_Princess_of_Belgium.svg/640px-Coat_of_arms_of_a_Princess_of_Belgium.svg.png", "og:image:width": "640", "og:image:height": "698", "og:title": "File:Coat of arms of a Princess of Belgium.svg - Wikimedia Commons", "og:type": "website"}, "text": "\n\n\nDescriptionCoat of arms of a Princess of Belgium.svg\n\nEnglish:  Coat of arms of a Princess of Belgium, in accordance with the Royal Decree published on 19 July and signed on 12 July 2019, by King Philippe of Belgium.\n\n\nDate\n\n24 July 2019\n\n\nSource\n\nOwn work\n\n\nAuthor\n\nSodacan\n\n\n"}, {"url": "https://commons.wikimedia.org/wiki/File:El%C3%A9onore_de_Belgique.jpg", "metadata": {"og:image": "https://upload.wikimedia.org/wikipedia/commons/thumb/9/92/El%C3%A9onore_de_Belgique.jpg/640px-El%C3%A9onore_de_Belgique.jpg", "og:image:width": "640", "og:image:height": "666", "og:title": "File:El\u00e9onore de Belgique.jpg - Wikimedia Commons", "og:type": "website"}, "text": "\n\n\nDescriptionEl\u00e9onore de Belgique.jpg\n\nFran\u00e7ais\u00a0:  La princesse El\u00e9onorede Belgique le 21 juillet 2016.\n\n\nDate\n\n21 July 2016\n\n\nSource\n\n\n\n\nThis file has been extracted from another file: File:Mathilde, Emmanuel en El\u00e9onore 2016.jpg.The source image was deleted for reasons that do not affect this image, like a derivative work which is not a part of this cropped image.\n\n\n\n\n\nAuthor\n\nCharlot B\n\n\nOther versions\n\n\nThis file has an extracted image: .[[File:|128px|Extracted version|lang=en]]\n\n\n\n"}, {"url": "https://commons.wikimedia.org/wiki/File:%C3%9Cbergabe_des_ORF-Friedenslichtes_an_das_belgische_K%C3%B6nigshaus_durch_das_Friedenslichtkind.jpg", "metadata": {"og:image": "https://upload.wikimedia.org/wikipedia/commons/thumb/a/a4/%C3%9Cbergabe_des_ORF-Friedenslichtes_an_das_belgische_K%C3%B6nigshaus_durch_das_Friedenslichtkind.jpg/640px-%C3%9Cbergabe_des_ORF-Friedenslichtes_an_das_belgische_K%C3%B6nigshaus_durch_das_Friedenslichtkind.jpg", "og:image:width": "640", "og:image:height": "427", "og:title": "File:\u00dcbergabe des ORF-Friedenslichtes an das belgische K\u00f6nigshaus durch das Friedenslichtkind.jpg - Wikimedia Commons", "og:type": "website"}, "text": "\n\n\nDescription\u00dcbergabe des ORF-Friedenslichtes an das belgische K\u00f6nigshaus durch das Friedenslichtkind.jpg\n\nDeutsch:  \u00dcbergabe des ORF-Friedenslichtes an das belgische K\u00f6nigshaus durch das Friedenslichtkind Niklas Lehner gemeinsam mit dem Landeshauptmann von Ober\u00f6sterreich Thomas Stelzer und G\u00fcnther Hartl, ORF Ober\u00f6sterreich (2018, Land O\u00d6/Liedl)\n\n\nDate\n\n19 December 2018\n\n\nSource\n\nOwn work\n\n\nAuthor\n\nMichaelAlexander0412\n\n\n"}]