[{"url": "https://commons.wikimedia.org/wiki/File:Prins_Alexander_van_Belgie_op_Schiphol_Zoon_van_ex_koning_Leopold_van_Belgie,_Bestanddeelnr_915-4036_(cropped).jpg", "metadata": {"og:image": "https://upload.wikimedia.org/wikipedia/commons/thumb/c/c5/Prins_Alexander_van_Belgie_op_Schiphol_Zoon_van_ex_koning_Leopold_van_Belgie%2C_Bestanddeelnr_915-4036_%28cropped%29.jpg/640px-Prins_Alexander_van_Belgie_op_Schiphol_Zoon_van_ex_koning_Leopold_van_Belgie%2C_Bestanddeelnr_915-4036_%28cropped%29.jpg", "og:image:width": "640", "og:image:height": "899", "og:title": "File:Prins Alexander van Belgie op Schiphol Zoon van ex koning Leopold van Belgie, Bestanddeelnr 915-4036 (cropped).jpg - Wikimedia Commons", "og:type": "website"}, "text": "\n\n\nDescriptionPrins Alexander van Belgie op Schiphol Zoon van ex koning Leopold van Belgie, Bestanddeelnr 915-4036 (cropped).jpg\n\nNederlands:  Collectie / Archief\u00a0: Fotocollectie Anefo\nReportage / Serie\u00a0: [ onbekend ]\nBeschrijving\u00a0: Prins Alexander van Belgie op Schiphol. Zoon van ex koning Leopold van Belgie\nDatum\u00a0: 6 augustus 1963\nLocatie\u00a0: Noord-Holland, Schiphol\nTrefwoorden\u00a0: zonen\nFotograaf\u00a0: Bilsen, Joop van / Anefo\nAuteursrechthebbende\u00a0: Nationaal Archief \nMateriaalsoort\u00a0: Negatief (zwart/wit)\nNummer archiefinventaris\u00a0: bekijk toegang 2.24.01.04\n\nBestanddeelnummer\u00a0: 915-4036\n\n\nDate\n\n6 August 1963\n\n\nSource\n\nhttp://proxy.handle.net/10648/aa40aac6-d0b4-102d-bcf8-003048976d84\n\n\nAuthor\n\nJoop van Bilsen / Anefo\n\n\nOther versions\n\n\n\n\nThis file has been extracted from another file: Prins Alexander van Belgie op Schiphol Zoon van ex koning Leopold van Belgie, Bestanddeelnr 915-4036.jpg\n\n\n\n\n\n\n"}, {"url": "https://commons.wikimedia.org/wiki/File:Coat_of_Arms_of_a_Prince_of_Belgium_(1921-2019).svg", "metadata": {"og:image": "https://upload.wikimedia.org/wikipedia/commons/thumb/8/88/Coat_of_Arms_of_a_Prince_of_Belgium_%281921-2019%29.svg/640px-Coat_of_Arms_of_a_Prince_of_Belgium_%281921-2019%29.svg.png", "og:image:width": "640", "og:image:height": "698", "og:title": "File:Coat of Arms of a Prince of Belgium (1921-2019).svg - Wikimedia Commons", "og:type": "website"}, "text": "\n\n\nDescriptionCoat of Arms of a Prince of Belgium (1921-2019).svg\n\nEnglish:  Coat of Arms of a Prince of Belgium (Label)\n\n\nDate\n\n28 September 2013, 11:40:40\n\n\nSource\n\nOwn work\n\n\nAuthor\n\nSodacan\n\n\nPermission(Reusing this file)\n\n\n\n\n\nThis image shows a flag, a coat of arms, a seal or some other official insignia. The use of such symbols is restricted in many countries. These restrictions are independent of the copyright status.\n I, the copyright holder of this work, hereby publish it under the following license:\n\n This file is licensed under the Creative Commons Attribution-Share Alike 3.0 Unported license.\nYou are free:\nto share \u2013 to copy, distribute and transmit the work\nto remix \u2013 to adapt the work\nUnder the following conditions:\nattribution \u2013 You must give appropriate credit, provide a link to the license, and indicate if changes were made. You may do so in any reasonable manner, but not in any way that suggests the licensor endorses you or your use.\nshare alike \u2013 If you remix, transform, or build upon the material, you must distribute your contributions under the same or compatible license as the original.https://creativecommons.org/licenses/by-sa/3.0CC BY-SA 3.0 Creative Commons Attribution-Share Alike 3.0 truetrue\n\n\n"}, {"url": "https://commons.wikimedia.org/wiki/File:Huldiging_van_de_wereldkampioen_bij_de_professionals_Rik_van_Steenbergen,_Bestanddeelnr_908-8785.jpg", "metadata": {"og:image": "https://upload.wikimedia.org/wikipedia/commons/thumb/8/8d/Huldiging_van_de_wereldkampioen_bij_de_professionals_Rik_van_Steenbergen%2C_Bestanddeelnr_908-8785.jpg/640px-Huldiging_van_de_wereldkampioen_bij_de_professionals_Rik_van_Steenbergen%2C_Bestanddeelnr_908-8785.jpg", "og:image:width": "640", "og:image:height": "613", "og:title": "File:Huldiging van de wereldkampioen bij de professionals Rik van Steenbergen, Bestanddeelnr 908-8785.jpg - Wikimedia Commons", "og:type": "website"}, "text": "\n\n\nDescriptionHuldiging van de wereldkampioen bij de professionals Rik van Steenbergen, Bestanddeelnr 908-8785.jpg\n\nNederlands:  Collectie / Archief\u00a0: Fotocollectie Anefo\nReportage / Serie\u00a0: Wereldkampioenschappen wielrennen op de weg 1957\nBeschrijving\u00a0: Huldiging van de wereldkampioen bij de professionals Rik van Steenbergen\nDatum\u00a0: 18 augustus 1957\nLocatie\u00a0: Belgi\u00eb, Waregem\nTrefwoorden\u00a0: huldigingen, wielrennen\nPersoonsnaam\u00a0: Albert (prins Belgi\u00eb), Boudewijn (koning Belgi\u00eb), Steenbergen, Rik van\nFotograaf\u00a0: Pot, Harry / Anefo\nAuteursrechthebbende\u00a0: Nationaal Archief \nMateriaalsoort\u00a0: Negatief (zwart/wit)\nNummer archiefinventaris\u00a0: bekijk toegang 2.24.01.03\n\nBestanddeelnummer\u00a0: 908-8785\n\n\nDate\n\n18 August 1957\n\n\nSource\n\nhttp://proxy.handle.net/10648/a967d7dc-d0b4-102d-bcf8-003048976d84\n\n\nAuthor\n\nHarry Pot / Anefo\n\n\n"}, {"url": "https://commons.wikimedia.org/wiki/File:Koning_Boudewijn_en_Prins_Alexander_Bestanddeelnr_908-8784.jpg", "metadata": {"og:image": "https://upload.wikimedia.org/wikipedia/commons/thumb/5/5e/Koning_Boudewijn_en_Prins_Alexander_Bestanddeelnr_908-8784.jpg/640px-Koning_Boudewijn_en_Prins_Alexander_Bestanddeelnr_908-8784.jpg", "og:image:width": "640", "og:image:height": "637", "og:title": "File:Koning Boudewijn en Prins Alexander Bestanddeelnr 908-8784.jpg - Wikimedia Commons", "og:type": "website"}, "text": "\n\n\nDescriptionKoning Boudewijn en Prins Alexander Bestanddeelnr 908-8784.jpg\n\nNederlands:  Collectie / Archief\u00a0: Fotocollectie Anefo\nReportage / Serie\u00a0: Wereldkampioenschappen wielrennen op de weg 1957\nBeschrijving\u00a0: Koning Boudewijn en Prins Alexander\nDatum\u00a0: 18 augustus 1957\nLocatie\u00a0: Belgi\u00eb, Waregem\nTrefwoorden\u00a0: wielrennen\nPersoonsnaam\u00a0: Albert (prins Belgi\u00eb), Boudewijn (koning Belgi\u00eb)\nFotograaf\u00a0: Pot, Harry / Anefo\nAuteursrechthebbende\u00a0: Nationaal Archief \nMateriaalsoort\u00a0: Negatief (zwart/wit)\nNummer archiefinventaris\u00a0: bekijk toegang 2.24.01.03\n\nBestanddeelnummer\u00a0: 908-8784\n\n\nDate\n\n18 August 1957\n\n\nSource\n\nhttp://proxy.handle.net/10648/a967d70a-d0b4-102d-bcf8-003048976d84\n\n\nAuthor\n\nHarry Pot / Anefo\n\n\n"}, {"url": "https://commons.wikimedia.org/wiki/File:Koning_Boudewijn_en_Prins_Alexander,_Bestanddeelnr_908-8783.jpg", "metadata": {"og:image": "https://upload.wikimedia.org/wikipedia/commons/thumb/8/84/Koning_Boudewijn_en_Prins_Alexander%2C_Bestanddeelnr_908-8783.jpg/640px-Koning_Boudewijn_en_Prins_Alexander%2C_Bestanddeelnr_908-8783.jpg", "og:image:width": "640", "og:image:height": "661", "og:title": "File:Koning Boudewijn en Prins Alexander, Bestanddeelnr 908-8783.jpg - Wikimedia Commons", "og:type": "website"}, "text": "\n\n\nDescriptionKoning Boudewijn en Prins Alexander, Bestanddeelnr 908-8783.jpg\n\nNederlands:  Collectie / Archief\u00a0: Fotocollectie Anefo\nReportage / Serie\u00a0: Wereldkampioenschappen wielrennen op de weg 1957\nBeschrijving\u00a0: Koning Boudewijn en Prins Alexander\nDatum\u00a0: 18 augustus 1957\nLocatie\u00a0: Belgi\u00eb, Waregem\nTrefwoorden\u00a0: wielrennen\nPersoonsnaam\u00a0: Alexander (prins Belgi\u00eb), Boudewijn (koning Belgi\u00eb)\nFotograaf\u00a0: Pot, Harry / Anefo\nAuteursrechthebbende\u00a0: Nationaal Archief \nMateriaalsoort\u00a0: Negatief (zwart/wit)\nNummer archiefinventaris\u00a0: bekijk toegang 2.24.01.03\n\nBestanddeelnummer\u00a0: 908-8783\n\n\nDate\n\n18 August 1957\n\n\nSource\n\nhttp://proxy.handle.net/10648/a967d64c-d0b4-102d-bcf8-003048976d84\n\n\nAuthor\n\nHarry Pot / Anefo\n\n\n"}, {"url": "https://commons.wikimedia.org/wiki/File:Prins_Alexander_van_Belgie_op_Schiphol_Zoon_van_ex_koning_Leopold_van_Belgie,_Bestanddeelnr_915-4034.jpg", "metadata": {"og:image": "https://upload.wikimedia.org/wikipedia/commons/thumb/c/ca/Prins_Alexander_van_Belgie_op_Schiphol_Zoon_van_ex_koning_Leopold_van_Belgie%2C_Bestanddeelnr_915-4034.jpg/640px-Prins_Alexander_van_Belgie_op_Schiphol_Zoon_van_ex_koning_Leopold_van_Belgie%2C_Bestanddeelnr_915-4034.jpg", "og:image:width": "640", "og:image:height": "790", "og:title": "File:Prins Alexander van Belgie op Schiphol Zoon van ex koning Leopold van Belgie, Bestanddeelnr 915-4034.jpg - Wikimedia Commons", "og:type": "website"}, "text": "\n\n\nDescriptionPrins Alexander van Belgie op Schiphol Zoon van ex koning Leopold van Belgie, Bestanddeelnr 915-4034.jpg\n\nNederlands:  Collectie / Archief\u00a0: Fotocollectie Anefo\nReportage / Serie\u00a0: [ onbekend ]\nBeschrijving\u00a0: Prins Alexander van Belgie op Schiphol. Zoon van ex koning Leopold van Belgie\nDatum\u00a0: 6 augustus 1963\nLocatie\u00a0: Noord-Holland, Schiphol\nTrefwoorden\u00a0: zonen\nFotograaf\u00a0: Bilsen, Joop van / Anefo\nAuteursrechthebbende\u00a0: Nationaal Archief \nMateriaalsoort\u00a0: Negatief (zwart/wit)\nNummer archiefinventaris\u00a0: bekijk toegang 2.24.01.04\n\nBestanddeelnummer\u00a0: 915-4034\n\n\nDate\n\n6 August 1963\n\n\nSource\n\nhttp://proxy.handle.net/10648/aa40a828-d0b4-102d-bcf8-003048976d84\n\n\nAuthor\n\nJoop van Bilsen / Anefo\n\n\n"}, {"url": "https://commons.wikimedia.org/wiki/File:Prins_Alexander_van_Belgie_op_Schiphol_Zoon_van_ex_koning_Leopold_van_Belgie,_Bestanddeelnr_915-4035.jpg", "metadata": {"og:image": "https://upload.wikimedia.org/wikipedia/commons/thumb/b/b3/Prins_Alexander_van_Belgie_op_Schiphol_Zoon_van_ex_koning_Leopold_van_Belgie%2C_Bestanddeelnr_915-4035.jpg/640px-Prins_Alexander_van_Belgie_op_Schiphol_Zoon_van_ex_koning_Leopold_van_Belgie%2C_Bestanddeelnr_915-4035.jpg", "og:image:width": "640", "og:image:height": "805", "og:title": "File:Prins Alexander van Belgie op Schiphol Zoon van ex koning Leopold van Belgie, Bestanddeelnr 915-4035.jpg - Wikimedia Commons", "og:type": "website"}, "text": "\n\n\nDescriptionPrins Alexander van Belgie op Schiphol Zoon van ex koning Leopold van Belgie, Bestanddeelnr 915-4035.jpg\n\nNederlands:  Collectie / Archief\u00a0: Fotocollectie Anefo\nReportage / Serie\u00a0: [ onbekend ]\nBeschrijving\u00a0: Prins Alexander van Belgie op Schiphol. Zoon van ex koning Leopold van Belgie\nDatum\u00a0: 6 augustus 1963\nLocatie\u00a0: Noord-Holland, Schiphol\nTrefwoorden\u00a0: zonen\nFotograaf\u00a0: Bilsen, Joop van / Anefo\nAuteursrechthebbende\u00a0: Nationaal Archief \nMateriaalsoort\u00a0: Negatief (zwart/wit)\nNummer archiefinventaris\u00a0: bekijk toegang 2.24.01.04\n\nBestanddeelnummer\u00a0: 915-4035\n\n\nDate\n\n6 August 1963\n\n\nSource\n\nhttp://proxy.handle.net/10648/aa40a8fa-d0b4-102d-bcf8-003048976d84\n\n\nAuthor\n\nJoop van Bilsen / Anefo\n\n\n"}, {"url": "https://commons.wikimedia.org/wiki/File:Prins_Alexander_van_Belgie_op_Schiphol_Zoon_van_ex_koning_Leopold_van_Belgie,_Bestanddeelnr_915-4036_(cropped).jpg", "metadata": {"og:image": "https://upload.wikimedia.org/wikipedia/commons/thumb/c/c5/Prins_Alexander_van_Belgie_op_Schiphol_Zoon_van_ex_koning_Leopold_van_Belgie%2C_Bestanddeelnr_915-4036_%28cropped%29.jpg/640px-Prins_Alexander_van_Belgie_op_Schiphol_Zoon_van_ex_koning_Leopold_van_Belgie%2C_Bestanddeelnr_915-4036_%28cropped%29.jpg", "og:image:width": "640", "og:image:height": "899", "og:title": "File:Prins Alexander van Belgie op Schiphol Zoon van ex koning Leopold van Belgie, Bestanddeelnr 915-4036 (cropped).jpg - Wikimedia Commons", "og:type": "website"}, "text": "\n\n\nDescriptionPrins Alexander van Belgie op Schiphol Zoon van ex koning Leopold van Belgie, Bestanddeelnr 915-4036 (cropped).jpg\n\nNederlands:  Collectie / Archief\u00a0: Fotocollectie Anefo\nReportage / Serie\u00a0: [ onbekend ]\nBeschrijving\u00a0: Prins Alexander van Belgie op Schiphol. Zoon van ex koning Leopold van Belgie\nDatum\u00a0: 6 augustus 1963\nLocatie\u00a0: Noord-Holland, Schiphol\nTrefwoorden\u00a0: zonen\nFotograaf\u00a0: Bilsen, Joop van / Anefo\nAuteursrechthebbende\u00a0: Nationaal Archief \nMateriaalsoort\u00a0: Negatief (zwart/wit)\nNummer archiefinventaris\u00a0: bekijk toegang 2.24.01.04\n\nBestanddeelnummer\u00a0: 915-4036\n\n\nDate\n\n6 August 1963\n\n\nSource\n\nhttp://proxy.handle.net/10648/aa40aac6-d0b4-102d-bcf8-003048976d84\n\n\nAuthor\n\nJoop van Bilsen / Anefo\n\n\nOther versions\n\n\n\n\nThis file has been extracted from another file: Prins Alexander van Belgie op Schiphol Zoon van ex koning Leopold van Belgie, Bestanddeelnr 915-4036.jpg\n\n\n\n\n\n\n"}, {"url": "https://commons.wikimedia.org/wiki/File:Prins_Alexander_van_Belgie_op_Schiphol_Zoon_van_ex_koning_Leopold_van_Belgie,_Bestanddeelnr_915-4036.jpg", "metadata": {"og:image": "https://upload.wikimedia.org/wikipedia/commons/thumb/4/4c/Prins_Alexander_van_Belgie_op_Schiphol_Zoon_van_ex_koning_Leopold_van_Belgie%2C_Bestanddeelnr_915-4036.jpg/640px-Prins_Alexander_van_Belgie_op_Schiphol_Zoon_van_ex_koning_Leopold_van_Belgie%2C_Bestanddeelnr_915-4036.jpg", "og:image:width": "640", "og:image:height": "513", "og:title": "File:Prins Alexander van Belgie op Schiphol Zoon van ex koning Leopold van Belgie, Bestanddeelnr 915-4036.jpg - Wikimedia Commons", "og:type": "website"}, "text": "\n\n\nDescriptionPrins Alexander van Belgie op Schiphol Zoon van ex koning Leopold van Belgie, Bestanddeelnr 915-4036.jpg\n\nNederlands:  Collectie / Archief\u00a0: Fotocollectie Anefo\nReportage / Serie\u00a0: [ onbekend ]\nBeschrijving\u00a0: Prins Alexander van Belgie op Schiphol. Zoon van ex koning Leopold van Belgie\nDatum\u00a0: 6 augustus 1963\nLocatie\u00a0: Noord-Holland, Schiphol\nTrefwoorden\u00a0: zonen\nFotograaf\u00a0: Bilsen, Joop van / Anefo\nAuteursrechthebbende\u00a0: Nationaal Archief \nMateriaalsoort\u00a0: Negatief (zwart/wit)\nNummer archiefinventaris\u00a0: bekijk toegang 2.24.01.04\n\nBestanddeelnummer\u00a0: 915-4036\n\n\nDate\n\n6 August 1963\n\n\nSource\n\nhttp://proxy.handle.net/10648/aa40aac6-d0b4-102d-bcf8-003048976d84\n\n\nAuthor\n\nJoop van Bilsen / Anefo\n\n\nOther versions\n\n\nThis file has an extracted image: Prins Alexander van Belgie op Schiphol Zoon van ex koning Leopold van Belgie, Bestanddeelnr 915-4036 (cropped).jpg.\n\n\n\n"}]