[{"url": "https://commons.wikimedia.org/wiki/File:Maria_Jos%C3%A9_del_Belgio,_Regina_d%27Italia.png", "metadata": {"og:image": "https://upload.wikimedia.org/wikipedia/commons/thumb/4/45/Maria_Jos%C3%A9_del_Belgio%2C_Regina_d%27Italia.png/640px-Maria_Jos%C3%A9_del_Belgio%2C_Regina_d%27Italia.png", "og:image:width": "640", "og:image:height": "883", "og:title": "File:Maria Jos\u00e9 del Belgio, Regina d'Italia.png - Wikimedia Commons", "og:type": "website"}, "text": "\n\n\nDescriptionMaria Jos\u00e9 del Belgio, Regina d'Italia.png\n\nItaliano:  Maria Jos\u00e9 del Belgio, Regina d'Italia\n\n\nDate\n\ncirca 1928date QS:P,+1928-00-00T00:00:00Z/9,P1480,Q5727902\n\n\nSource\n\nhttp://www.alaintruong.com/archives/2015/10/25/32825107.html\n\n\nAuthor\n\n\n\n\n\nAttributed to Eva Barrett\n\u00a0(1879\u20131950)\u00a0 \u00a0\n\n\nAlternative names\n\nEva Elbourn Barrett\n\nDescription\nBritish photographer\n\nDate of birth/death\n\n1879\u00a0\n20 August 1950\u00a0\n\nLocation of birth/death\n\nBishop's Stortford\nRome\n\nAuthority file\n\n: Q116313965\n\n\n\n\n\n"}, {"url": "https://commons.wikimedia.org/wiki/File:Marie-Jos%C3%A9_de_Belgique_-_Marchienne-au-Pont_-_1928.jpg", "metadata": {"og:image": "https://upload.wikimedia.org/wikipedia/commons/thumb/8/8a/Marie-Jos%C3%A9_de_Belgique_-_Marchienne-au-Pont_-_1928.jpg/640px-Marie-Jos%C3%A9_de_Belgique_-_Marchienne-au-Pont_-_1928.jpg", "og:image:width": "640", "og:image:height": "489", "og:title": "File:Marie-Jos\u00e9 de Belgique - Marchienne-au-Pont - 1928.jpg - Wikimedia Commons", "og:type": "website"}, "text": "\n\n\nDescriptionMarie-Jos\u00e9 de Belgique - Marchienne-au-Pont - 1928.jpg\n\nFran\u00e7ais\u00a0:  Marie-Jos\u00e9 de Belgique dans les rue de Marchienne-au-Pont - lors de l'inauguration du monument comm\u00e9moratif d'Yvonne Vieslet le 1er juillet 1928\n\n\nDate\n\n1 July 1928\n\n\nSource\n\nhttp://www.sambrerouge14-18.be/wp-content/gallery/lapres-guerre/Princesse-Marie-Jose-monument-Yvonne-Vieslet-inauguration-1er-juillet-1928.jpg\n\n\nAuthor\n\nUnknown authorUnknown author\n\n\n"}]