[{"url": "https://opac.kbr.be/LIBRARY/doc/SYRACUSE/16645467", "metadata": {"og:locale": "nl_BE", "og:type": "article", "og:title": "La Reine Elisabeth", "og:url": "https://opac.kbr.be/Library/doc/SYRACUSE/16645467/la-reine-elisabeth", "og:image": "https://opac.kbr.be/Ils/digitalCollection/DigitalCollectionThumbnailHandler.ashx?documentId=18761488&size=LARGE&fallback=https%3a%2f%2fopac.kbr.be%2fui%2fskins%2fBRDBNEW%2fportal%2ffront%2fimages%2fGeneral%2fDocType%2fIMAG_LARGE.png"}, "text": "\n\n\n\n\n\n\n\nTitel\nLa Reine Elisabeth\r\n [Postcard]\t\r\n   \t\t             \n. Postcard    \n\n\n\n\n\n\n\n\n\nType document\nPostcard\n\n\n\n\n\n\n\n\nBibliografisch adres\nBruxelles : Marco Marcovici Editeur\n\n\n\n\n\n\n\n\nTaal\nFrans\n\n\n\nLand\nBelgium\n\n\n\nCollatie\n\t\t\t \t\t1 postcard\r\n            \t \n\n\n\n\n\n\n\n\n\n\n\n\n\n\n\n\n\n\n\n\n\n\n\n\n\n\n\n\n\n\n\n\n\n\n\nAnnotatie\nPhotograph\n\n\n\n\n\n\n\n\n\n\n\n\n\n\n\n\n\n\n\n\n\n\n\n\n\n\n\n\n\n\n\n\n\n\n\n\n\n\n\n\n\n\n\nExemplaar (annotatie)\nS.IV 9641\n\n\nBand (annotatie)\nDonated by Charles Lef\u00e9bure, Brussels, in June 1933\n\n\n\n\n\n\nType inhoud\ntekst\n\n\nType drager\nvolume\n\n\n\n\n\n\n\n\n\n\n\n\n\n\n\n\n\nDigitale versie\n\nhttps://uurl.kbr.be/1030105\n\n\n\n\n\nOnderwerp(en)\n\n\n\nWereldoorlog, 1914-1918\r\n        \t\t\t\t -- Postkaarten\t\t\t\t\t\t\t\t\t\t\t\t\t\t\t\t       \u00a0 \n\n\n\n\nPostkaarten\r\n        \t\t\t\t -- Wereldoorlog, 1914-1918\t\t\t\t\t\t\t\t\t\t\t\t\t\t\t\t       \u00a0 \n\n\n\n\nVorm/genre\nPostcards\n\n\n\n\n\n\n\n\n\n\n\nISBD\nBekijk de ISBD weergave\n\n\n\n\n\n\n\n\n\n\n\r\n    \t\t                                                \t\t\t\t    \t\t\t\r\n    \t\tLa Reine Elisabeth\r\n [Postcard]. Postcard. - Bruxelles : Marco Marcovici Editeur. - 1 postcard. - Photograph. - S.IV 9641. - Donated by Charles Lef\u00e9bure, Brussels, in June 1933.\r\n\t    \t\n\n\n\n\n\n\n\n\nBeschikbaarheid\n\nDigitalisatie\n\n\n\nCopyright\nFout of probleem melden? \n\n\n\n\n\nDigitalisatie\n\n\n\nCopyright\n\nFout of probleem melden?\n\n\n\n \n\nPermalink\n\n\nhttps://opac.kbr.be/LIBRARY/doc/SYRACUSE/16645467\n\n\nKopi\u00ebren\nGekopieerd!\n\r\n        \u00a0\u00a0\u00a0\r\n        \n\n\n\n\n\n"}]