[{"url": "https://www.europeana.eu/en/item/9200518/ark__12148_btv1b84538308", "metadata": {"og:locale": "en_GB", "og:locale:alternate": "sv_SE", "og:url": "https://www.europeana.eu/en/item/9200518/ark__12148_btv1b84538308", "og:title": "Le pass\u00e9, le pr\u00e9sent et l'avenir de la Belgique : [L\u00e9opold II et sa famille]", "og:description": "Appartient \u00e0 l\u2019ensemble documentaire : PhoPortr1", "og:type": "article", "og:image": "https://api.europeana.eu/thumbnail/v3/400/f9fe6ab7a142269569963b6bcc46a53a"}, "text": " \n    Subject\n    \n          L\u00e9opold II (roi des Belges ; 1835-1909) -- Famille\n        \n    Type of item\n    \n          image\n        \n          still image\n        \n          photograph\n        \n    Photograph\n  \n    Date\n    \n          1905\n        \n    1905\n    \n    Subject\n    \n          L\u00e9opold II (roi des Belges ; 1835-1909) -- Famille\n        \n    Type of item\n    \n          image\n        \n          still image\n        \n          photograph\n        \n    Photograph\n  \n    Date\n    \n          1905\n        \n    1905\n  \n    Providing institution\n    \n    National Library of France\n  \n    Aggregator\n    \n    National Library of France\n  \n    Rights statement for the media in this item (unless otherwise specified)\n    \n          http://rightsstatements.org/vocab/InC/1.0/\n        \n    Rights\n    \n          restricted use\n        \n    Source\n    \n          Biblioth\u00e8que nationale de France, d\u00e9partement Soci\u00e9t\u00e9 de G\u00e9ographie, SG PORTRAIT-2641\n        \n    Identifier\n    \n          http://gallica.bnf.fr/ark:/12148/btv1b84538308\n        \n          ark:/12148/btv1b84538308\n        \n    Format\n    \n          1 carte postale\n        \n          Nombre total de vues : 2\n        \n    Language\n    \n          fra\n        \n          fra\n        \n    Relations\n    \n          Notice du catalogue : http://catalogue.bnf.fr/ark:/12148/cb405878466\n        \n    Year\n    \n          1905\n        \n    Providing country\n    \n          France\n        \n    Collection name\n    \n          9200518_Ag_BnF_Gallica_typedoc_images\n        \n    First time published on Europeana\n    \n          2019-09-02T17:24:26.528Z\n        \n    Last time updated from providing institution\n    \n          2019-09-02T17:24:26.528Z\n         "}]