[{"url": "https://www.europeana.eu/en/item/2024903/photography_ProvidedCHO_KU_Leuven_9989988980101488", "metadata": {"og:locale": "en_GB", "og:locale:alternate": "sv_SE", "og:url": "https://www.europeana.eu/en/item/2024903/photography_ProvidedCHO_KU_Leuven_9989988980101488", "og:title": "Jozef Geefs. Equestrian statue of Leopold I", "og:description": "KU Leuven. Glass slides art history. Universit\u00e9 de Louvain, between 1839 and 1939. Photographer unknown. Added information on slide. Style: Romantic. Creation/Building: 1868. Technique/Material: Bronze. Current location: Belgium, Antwerp, Leopoldplaats. EuroPhot. Art History. 19th century. Sculpture. Statue. EuroPhot. Art history. 19th century. Sculptures. Statue.", "og:type": "article", "og:image": "https://api.europeana.eu/thumbnail/v3/400/672c3fd097217d11e40b43b6170084c4"}, "text": " \n    Creator\n    \n          Jozef Geefs\n        \n    Joseph Geefs\n  \n    Subject\n    \n          Jozef Geefs\n        \n    Joseph Geefs\n  \n    Type of item\n    \n          Photography\n        \n          glass slide\n        \n    photographs\n  \n    photography (discipline)\n  \n    gelatin silver transparencies\n  \n    Photography genre\n  \n    Photograph\n  \n    Date\n    \n          1868\n        \n    1868\n    \n    Creator\n    \n          Jozef Geefs\n        \n    Joseph Geefs\n  \n    Subject\n    \n          Jozef Geefs\n        \n    Joseph Geefs\n  \n    Type of item\n    \n          Photography\n        \n          glass slide\n        \n    photographs\n  \n    photography (discipline)\n  \n    gelatin silver transparencies\n  \n    Photography genre\n  \n    Photograph\n  \n    Date\n    \n          1868\n        \n    1868\n  \n    Providing institution\n    \n    Catholic University of Leuven\n  \n    Aggregator\n    \n    PHOTOCONSORTIUM\n  \n    Rights statement for the media in this item (unless otherwise specified)\n    \n          http://creativecommons.org/publicdomain/mark/1.0/\n        \n    Creation date\n    \n          1910/1939\n        \n    1910/1939\n  \n    Places\n    \n          Belgi\u00eb, Antwerpen, Leopoldplaats\n        \n    Identifier\n    \n          9989988980101488\n        \n          http://mint-projects.image.ntua.gr/photography/ProvidedCHO/KU Leuven/9989988980101488\n        \n    Extent\n    \n          100 x 85 mm\n        \n    Is part of\n    \n          Europeana XX: Century of Change\n        \n    Year\n    \n          1868\n        \n    Providing country\n    \n          Belgium\n        \n    Collection name\n    \n          2024903_EuropeanaPhotography_KULeuven_1010\n        \n    First time published on Europeana\n    \n          2019-10-07T11:00:43.516Z\n        \n    Last time updated from providing institution\n    \n          2022-05-16T07:59:42.490Z\n         "}]