[{"url": "https://www.europeana.eu/en/item/2048001/AP_10367575", "metadata": {"og:locale": "en_GB", "og:locale:alternate": "sv_SE", "og:description": "Europeana", "og:url": "https://www.europeana.eu/en/item/2048001/AP_10367575", "og:title": "Buste du comte de Flandres en guide", "og:type": "article", "og:image": "https://api.europeana.eu/thumbnail/v3/400/fce532d45d234fe5e1582ddd4e86838d"}, "text": " \n    Creator\n    \n          Ducaju, Joseph-Jacques\n        \n    Subject\n    \n          object\n        \n          comte\n        \n          [inv. n\u00b0 1333149]\n        \n          Philippe d'Alsace[Flandre-comte]\n        \n    Type of item\n    \n          buste[ornement]\n        \n          Sculpture, Pl\u00e2tre et stuc\n        \n    Date\n    \n          ca\u00a01855/1855\n        \n    1855~/1855~\n  \n    1855~/1855~\n  \n    Medium\n    \n    Plaster\n    \n    Creator\n    \n          Ducaju, Joseph-Jacques\n        \n    Subject\n    \n          object\n        \n          comte\n        \n          [inv. n\u00b0 1333149]\n        \n          Philippe d'Alsace[Flandre-comte]\n        \n    Type of item\n    \n          buste[ornement]\n        \n          Sculpture, Pl\u00e2tre et stuc\n        \n    Date\n    \n          ca\u00a01855/1855\n        \n    1855~/1855~\n  \n    1855~/1855~\n  \n    Medium\n    \n    Plaster\n  \n    Providing institution\n    \n    Koninklijk Instituut voor het Kunstpatrimonium\n  \n    Aggregator\n    \n    MUSEU\n  \n    Rights statement for the media in this item (unless otherwise specified)\n    \n          http://creativecommons.org/licenses/by-nc-sa/3.0/\n        \n    Rights\n    \n          \u00a9 KIK-IRPA, Brussels (Belgium)\n        \n    Places\n    \n    City of Brussels\n  \n    Brussels-Capital Region\n  \n    Br\u00fcssel (Hergestellt)\n  \n    Provenance\n    \n          Photo: Royal Institute for Cultural Heritage (KIK-IRPA), Brussels (Belgium)\n        \n    Identifier\n    \n          AP_10367575\n        \n          [KIK-IRPA n\u00b0 20058943]\n        \n          AP_10367575\n        \n    Extent\n    \n          hauteur: 73 cm\n        \n    Format\n    \n          sculpting\n        \n    Art of sculpture\n  \n    sculpting\n  \n    Providing country\n    \n          Belgium\n        \n    Collection name\n    \n          2048001_Ag_EU_AthenaPlus_KIK_IRPA\n        \n    First time published on Europeana\n    \n          2022-10-11T07:58:02.251Z\n        \n    Last time updated from providing institution\n    \n          2022-10-11T07:58:02.251Z\n          "}]