[{"url": "https://www.europeana.eu/en/item/2058628/KF_objecten_13576497347081586125183", "metadata": {"og:locale": "en_GB", "og:locale:alternate": "sv_SE", "og:url": "https://www.europeana.eu/en/item/2058628/KF_objecten_13576497347081586125183", "og:title": "Fotogravure van Leopold I door L .Ghemar", "og:description": "Houten kader met snijwerk en opmaak met fotogravure van Leopold I", "og:type": "article", "og:image": "https://api.europeana.eu/thumbnail/v3/400/e0f3fe82df2fdc224d77ea6cc14f24a7"}, "text": " \n    Type of item\n    \n    relief halftones (prints)\n  \n    Medium\n    \n    cut glass\n    \n    Type of item\n    \n    relief halftones (prints)\n  \n    Medium\n    \n    cut glass\n  \n    Providing institution\n    \n    Openbaar Psychiatrisch Zorgcentrum Rekem\n  \n    Aggregator\n    \n    Erfgoedplus.be\n  \n    Intermediate provider\n    \n    LoCloud\n  \n    Rights statement for the media in this item (unless otherwise specified)\n    \n          http://creativecommons.org/licenses/by-nc-sa/4.0/\n        \n    Current location\n    \n          Campus OPZC Rekem\n        \n    Identifier\n    \n          KF.objecten.13576497347081586125183\n        \n    Extent\n    \n          lengte: 113 cm; breedte: 80 cm\n        \n    Providing country\n    \n          Belgium\n        \n    Collection name\n    \n          2058628_Erfgoedplus_be_Erfgoedregister\n        \n    First time published on Europeana\n    \n          2015-12-07T13:07:33.823Z\n        \n    Last time updated from providing institution\n    \n          2020-01-29T12:36:42.580Z\n         "}]