[{"url": "https://www.europeana.eu/en/item/2048001/AP_10130458", "metadata": {"og:locale": "en_GB", "og:locale:alternate": "sv_SE", "og:description": "Europeana", "og:url": "https://www.europeana.eu/en/item/2048001/AP_10130458", "og:title": "Borstbeeld van Z. M. Koning Leopold II", "og:type": "article", "og:image": "https://api.europeana.eu/thumbnail/v3/400/02aa58f2b45992522337a274dc36325b"}, "text": " \n    Creator\n    \n          Vin\u00e7otte, Thomas\n        \n    Subject\n    \n          persoon\n        \n          koning\n        \n          [inv. n\u00b0 1971]\n        \n          Leopold II[Belgi\u00eb-koning]\n        \n    Type of item\n    \n          portret[beeld]\n        \n          buste[beeld]\n        \n          Sculptuur, Brons\n        \n    Date\n    \n          geboorte\u00a01850/1925\n        \n    Medium\n    \n    Bronze\n    \n    Creator\n    \n          Vin\u00e7otte, Thomas\n        \n    Subject\n    \n          persoon\n        \n          koning\n        \n          [inv. n\u00b0 1971]\n        \n          Leopold II[Belgi\u00eb-koning]\n        \n    Type of item\n    \n          portret[beeld]\n        \n          buste[beeld]\n        \n          Sculptuur, Brons\n        \n    Date\n    \n          geboorte\u00a01850/1925\n        \n    Medium\n    \n    Bronze\n  \n    Providing institution\n    \n    Royal Institute for Cultural Heritage\n  \n    Aggregator\n    \n    MUSEU\n  \n    Rights statement for the media in this item (unless otherwise specified)\n    \n          http://creativecommons.org/licenses/by-nc-sa/3.0/\n        \n    Rights\n    \n          \u00a9 KIK-IRPA, Brussels (Belgium)\n        \n    Places\n    \n    Br\u00fcssel (Hergestellt)\n  \n    City of Brussels\n  \n    Brussels-Capital Region\n  \n    Provenance\n    \n          Photo: Royal Institute for Cultural Heritage (KIK-IRPA), Brussels (Belgium)\n        \n    Identifier\n    \n          [KIK-IRPA n\u00b0 132099]\n        \n          AP_10130458\n        \n          AP_10130458\n        \n    Extent\n    \n          hoogte: 81 cm\n        \n    Format\n    \n          gegoten\n        \n    Providing country\n    \n          Belgium\n        \n    Collection name\n    \n          2048001_Ag_EU_AthenaPlus_KIK_IRPA\n        \n    First time published on Europeana\n    \n          2022-10-11T07:58:02.251Z\n        \n    Last time updated from providing institution\n    \n          2022-10-11T07:58:02.251Z\n          "}]