[{"url": "https://www.europeana.eu/en/item/2058628/KF_objecten_1381694556107808711502", "metadata": {"og:locale": "en_GB", "og:locale:alternate": "sv_SE", "og:url": "https://www.europeana.eu/en/item/2058628/KF_objecten_1381694556107808711502", "og:title": "Ansichtkaart van het Livre d'Or de Spa, ca. 1935", "og:description": "ansichtkaart.", "og:type": "article", "og:image": "https://api.europeana.eu/thumbnail/v3/400/0079bd24cf4905e3f5a0777453447f55"}, "text": " \n    Type of item\n    \n    picture postcards\n    \n    Type of item\n    \n    picture postcards\n  \n    Providing institution\n    \n    Southwestbrabants Museum\n  \n    Aggregator\n    \n    Erfgoedplus.be\n  \n    Intermediate provider\n    \n    LoCloud\n  \n    Rights statement for the media in this item (unless otherwise specified)\n    \n          http://creativecommons.org/licenses/by-nc-sa/4.0/\n        \n    Creation date\n    \n          1930-1940\n        \n    1930/1940\n  \n    Current location\n    \n          Zuidwestbrabants Museum Halle (Halle)\n        \n    Identifier\n    \n          KF.objecten.1381694556107808711502\n        \n    Providing country\n    \n          Belgium\n        \n    Collection name\n    \n          2058628_Erfgoedplus_be_Erfgoedregister\n        \n    First time published on Europeana\n    \n          2015-12-07T13:09:32.369Z\n        \n    Last time updated from providing institution\n    \n          2020-01-29T12:36:42.580Z\n         "}]