[{"url": "https://www.europeana.eu/en/item/90402/RP_P_OB_88_403", "metadata": {"og:locale": "en_GB", "og:locale:alternate": "sv_SE", "og:url": "https://www.europeana.eu/en/item/90402/RP_P_OB_88_403", "og:title": "Spotprent op de reis van prins Leopold naar Belgi\u00eb, 1831", "og:description": "Spotprent op de zeereis van prins Leopold naar Belgi\u00eb, 17 juli 1831. De aanstaande koning zit zeeziek op een stoel, een hoveling houdt hem een kom voor. Door de deur is de schoorsteen zichtbaar van het stoomschip waarmee de prins vanuit Engeland naar Belgi\u00eb voer.", "og:type": "article", "og:image": "https://api.europeana.eu/thumbnail/v3/400/94478f6517fe7ccc186cb43e59f70b4f"}, "text": " \n    Publisher\n    \n          Rijksmuseum\n        \n    Subject\n    \n          http://iconclass.org/31A63\n        \n          http://iconclass.org/46C296\n        \n    Inhuldiging van Leopold I als koning der Belgen\n  \n    Leopold I (koning der Belgen)\n  \n    Type of item\n    \n          print\n        \n          etching\n        \n    Print\n  \n    Cartoon\n    \n    Publisher\n    \n          Rijksmuseum\n        \n    Subject\n    \n          http://iconclass.org/31A63\n        \n          http://iconclass.org/46C296\n        \n    Inhuldiging van Leopold I als koning der Belgen\n  \n    Leopold I (koning der Belgen)\n  \n    Type of item\n    \n          print\n        \n          etching\n        \n    Print\n  \n    Cartoon\n  \n    Providing institution\n    \n    Rijksmuseum\n  \n    Aggregator\n    \n    Rijksmuseum\n  \n    Rights statement for the media in this item (unless otherwise specified)\n    \n          http://creativecommons.org/publicdomain/mark/1.0/\n        \n          http://creativecommons.org/publicdomain/mark/1.0/\n        \n    Rights\n    \n          Public Domain\n        \n          Publiek Domein\n        \n    Creation date\n    \n          1831\n        \n    1831\n  \n    Places\n    \n          Netherlands\n        \n          Nederland\n        \n          urn:rijksmuseum:thesaurus:RM0001.THESAU.17\n        \n    Kingdom of the Netherlands\n  \n    Identifier\n    \n          http://hdl.handle.net/10934/RM0001.COLLECT.538790\n        \n          RP-P-OB-88.403\n        \n    Extent\n    \n          height\u00a0188\u00a0mm\n        \n          width\u00a0231\u00a0mm\n        \n    Format\n    \n          paper\n        \n    Paper\n  \n    Language\n    \n          nl\n        \n    Is part of\n    \n          collectie: prenten\n        \n          collectie: Frederik Muller Historieplaten\n        \n    Is referenced by\n    \n          FMH 6691\u00a0\n        \n          Atlas van Stolk 7014\u00a0\n        \n    Year\n    \n          1831\n        \n    Providing country\n    \n          Netherlands\n        \n    Collection name\n    \n          90402_M_NL_Rijksmuseum\n        \n    First time published on Europeana\n    \n          2014-05-27T19:33:46.307Z\n        \n    Last time updated from providing institution\n    \n          2018-03-17T14:23:41.478Z\n          "}]