[{"url": "https://www.europeana.eu/en/item/90402/RP_F_F01549", "metadata": {"og:locale": "en_GB", "og:locale:alternate": "sv_SE", "og:description": "Europeana", "og:url": "https://www.europeana.eu/en/item/90402/RP_F_F01549", "og:title": "Portret van Leopold, prins van Belgi\u00eb, in militair kostuum tijdens de Eerste Wereldoorlog (de latere koning Leopold III)", "og:type": "article", "og:image": "https://api.europeana.eu/thumbnail/v3/400/e6fd9ba5c6ff023c693d2ee240c072e0"}, "text": " \n    Publisher\n    \n          Rijksmuseum\n        \n    Subject\n    \n    Eerste Wereldoorlog\n  \n    Leopold III (koning der Belgen)\n  \n    World War I\n  \n    Type of item\n    \n          photograph\n        \n    Photograph\n    \n    Publisher\n    \n          Rijksmuseum\n        \n    Subject\n    \n    Eerste Wereldoorlog\n  \n    Leopold III (koning der Belgen)\n  \n    World War I\n  \n    Type of item\n    \n          photograph\n        \n    Photograph\n  \n    Providing institution\n    \n    Rijksmuseum\n  \n    Aggregator\n    \n    Rijksmuseum\n  \n    Rights statement for the media in this item (unless otherwise specified)\n    \n          http://creativecommons.org/publicdomain/mark/1.0/\n        \n          http://creativecommons.org/publicdomain/mark/1.0/\n        \n    Rights\n    \n          Public Domain\n        \n          Publiek Domein\n        \n    Creation date\n    \n          1914 - 1918\n        \n    1914/1918\n  \n    1914/1918\n  \n    Place-Time\n    \n          first quarter 20st century\n        \n    Places\n    \n          England\n        \n          Engeland\n        \n          urn:rijksmuseum:thesaurus:RM0001.THESAU.1025\n        \n          London\n        \n          Londen\n        \n          urn:rijksmuseum:thesaurus:RM0001.THESAU.4157\n        \n          London\n        \n          Londen\n        \n          urn:rijksmuseum:thesaurus:RM0001.THESAU.4157\n        \n          \u2026\n        \n    England\n  \n    Identifier\n    \n          http://hdl.handle.net/10934/RM0001.COLLECT.252802\n        \n          RP-F-F01549\n        \n    Extent\n    \n          height\u00a0140\u00a0mm\n        \n          width\u00a088\u00a0mm\n        \n    Format\n    \n          paper\n        \n    Paper\n  \n    Language\n    \n          nl\n        \n    Is part of\n    \n          collectie: foto's\n        \n    Providing country\n    \n          Netherlands\n        \n    Collection name\n    \n          90402_M_NL_Rijksmuseum\n        \n    First time published on Europeana\n    \n          2016-08-16T11:25:17.987Z\n        \n    Last time updated from providing institution\n    \n          2018-03-17T13:24:33.257Z\n          "}]