[{"url": "https://www.europeana.eu/en/item/2048001/AP_10138525", "metadata": {"og:locale": "en_GB", "og:locale:alternate": "sv_SE", "og:description": "Europeana", "og:url": "https://www.europeana.eu/en/item/2048001/AP_10138525", "og:title": "Leopold I, 1790-1865", "og:type": "article", "og:image": "https://api.europeana.eu/thumbnail/v3/400/27c0db6d423d1a27affa600b834baa1b"}, "text": " \n    Creator\n    \n          Buschmann\n        \n    Subject\n    \n          persoon\n        \n          koning\n        \n          [inv. n\u00b0 38.5.10.7/637]\n        \n          Leopold I[Belgi\u00eb-koning]\n        \n    Type of item\n    \n    Poster\n  \n    posters\n  \n    Date\n    \n          \u00a01901/1910\n        \n    1901/1910\n  \n    1901/1910\n  \n    Medium\n    \n    Paper\n    \n    Creator\n    \n          Buschmann\n        \n    Subject\n    \n          persoon\n        \n          koning\n        \n          [inv. n\u00b0 38.5.10.7/637]\n        \n          Leopold I[Belgi\u00eb-koning]\n        \n    Type of item\n    \n    Poster\n  \n    posters\n  \n    Date\n    \n          \u00a01901/1910\n        \n    1901/1910\n  \n    1901/1910\n  \n    Medium\n    \n    Paper\n  \n    Providing institution\n    \n    Koninklijk Instituut voor het Kunstpatrimonium\n  \n    Aggregator\n    \n    MUSEU\n  \n    Rights statement for the media in this item (unless otherwise specified)\n    \n          http://creativecommons.org/licenses/by-nc-sa/3.0/\n        \n    Rights\n    \n          \u00a9 KIK-IRPA, Brussels (Belgium)\n        \n    Places\n    \n          Antwerpen\n        \n    City of Brussels\n  \n    Brussels-Capital Region\n  \n    Br\u00fcssel (Hergestellt)\n  \n    Provenance\n    \n          Photo: Royal Institute for Cultural Heritage (KIK-IRPA), Brussels (Belgium)\n        \n    Identifier\n    \n          AP_10138525\n        \n          [KIK-IRPA n\u00b0 140262]\n        \n          AP_10138525\n        \n    Extent\n    \n          hoogte: 81 cm\n        \n          breedte: 61 cm\n        \n    Format\n    \n          lithografie[techniek]\n        \n    Providing country\n    \n          Belgium\n        \n    Collection name\n    \n          2048001_Ag_EU_AthenaPlus_KIK_IRPA\n        \n    First time published on Europeana\n    \n          2022-10-11T07:58:02.251Z\n        \n    Last time updated from providing institution\n    \n          2022-10-11T07:58:02.251Z\n          "}]