[{"url": "https://www.europeana.eu/en/item/90402/RP_P_OB_88_452", "metadata": {"og:locale": "en_GB", "og:locale:alternate": "sv_SE", "og:url": "https://www.europeana.eu/en/item/90402/RP_P_OB_88_452", "og:title": "Spotprent op werven van buitenlandse militairen door Belgi\u00eb, 1831", "og:description": "Spotprent op het werven van buitenlandse militairen door Belgi\u00eb, 1831. De Belgische koning Leopold I zittend in een stoel verwelkomt met open armen drie buitenlandse militairen, waaronder een Fransman en een Zwitser.", "og:type": "article", "og:image": "https://api.europeana.eu/thumbnail/v3/400/92ae88aeee67524df16d7c8d2d63927d"}, "text": " \n    Publisher\n    \n          Rijksmuseum\n        \n    Subject\n    \n          http://iconclass.org/45B11\n        \n    Belgische Revolutie\n  \n    Leopold I (koning der Belgen)\n  \n    Type of item\n    \n          print\n        \n    Print\n  \n    Cartoon\n  \n    Lithography\n    \n    Publisher\n    \n          Rijksmuseum\n        \n    Subject\n    \n          http://iconclass.org/45B11\n        \n    Belgische Revolutie\n  \n    Leopold I (koning der Belgen)\n  \n    Type of item\n    \n          print\n        \n    Print\n  \n    Cartoon\n  \n    Lithography\n  \n    Providing institution\n    \n    Rijksmuseum\n  \n    Aggregator\n    \n    Rijksmuseum\n  \n    Rights statement for the media in this item (unless otherwise specified)\n    \n          http://creativecommons.org/publicdomain/mark/1.0/\n        \n          http://creativecommons.org/publicdomain/mark/1.0/\n        \n    Rights\n    \n          Public Domain\n        \n          Publiek Domein\n        \n    Creation date\n    \n          1831\n        \n    1831\n  \n    Places\n    \n          Netherlands\n        \n          Nederland\n        \n          urn:rijksmuseum:thesaurus:RM0001.THESAU.17\n        \n    Kingdom of the Netherlands\n  \n    Identifier\n    \n          http://hdl.handle.net/10934/RM0001.COLLECT.541505\n        \n          RP-P-OB-88.452\n        \n    Extent\n    \n          height\u00a0193\u00a0mm\n        \n          width\u00a0331\u00a0mm\n        \n    Format\n    \n          paper\n        \n    Paper\n  \n    Language\n    \n          nl\n        \n    Is part of\n    \n          collectie: prenten\n        \n          collectie: Frederik Muller Historieplaten\n        \n    Is referenced by\n    \n          FMH 6755\u00a0\n        \n          Atlas van Stolk 7103\u00a0\n        \n    Year\n    \n          1831\n        \n    Providing country\n    \n          Netherlands\n        \n    Collection name\n    \n          90402_M_NL_Rijksmuseum\n        \n    First time published on Europeana\n    \n          2014-05-27T19:34:17.859Z\n        \n    Last time updated from providing institution\n    \n          2018-03-17T14:23:42.249Z\n          "}]