[{"url": "https://www.europeana.eu/en/item/2048001/AP_10346134", "metadata": {"og:locale": "en_GB", "og:locale:alternate": "sv_SE", "og:description": "Europeana", "og:url": "https://www.europeana.eu/en/item/2048001/AP_10346134", "og:title": "S.M. le roi L\u00e9opold II", "og:type": "article", "og:image": "https://api.europeana.eu/thumbnail/v3/400/032a8a55c2bad6a762bd058168b563aa"}, "text": " \n    Creator\n    \n          Gallait, Louis\n        \n          Desvachez\n        \n    Subject\n    \n    Glove\n  \n    Type of item\n    \n          image imprim\u00e9e\n        \n          portrait[gravure]\n        \n          Peinture[cat\u00e9gorie]\n        \n    Date\n    \n          \u00a01875/1875\n        \n          \u00a0/\n        \n    1875/1875\n  \n    1875/1875\n    \n    Creator\n    \n          Gallait, Louis\n        \n          Desvachez\n        \n    Subject\n    \n    Glove\n  \n    Type of item\n    \n          image imprim\u00e9e\n        \n          portrait[gravure]\n        \n          Peinture[cat\u00e9gorie]\n        \n    Date\n    \n          \u00a01875/1875\n        \n          \u00a0/\n        \n    1875/1875\n  \n    1875/1875\n  \n    Providing institution\n    \n    Royal Institute for Cultural Heritage\n  \n    Aggregator\n    \n    MUSEU\n  \n    Rights statement for the media in this item (unless otherwise specified)\n    \n          http://creativecommons.org/licenses/by-nc-sa/3.0/\n        \n    Rights\n    \n          \u00a9 KIK-IRPA, Brussels (Belgium)\n        \n    Places\n    \n    Br\u00fcssel (Hergestellt)\n  \n    City of Brussels\n  \n    Brussels-Capital Region\n  \n    Provenance\n    \n          Photo: Royal Institute for Cultural Heritage (KIK-IRPA), Brussels (Belgium)\n        \n    Identifier\n    \n          [KIK-IRPA n\u00b0 20036854]\n        \n          AP_10346134\n        \n          AP_10346134\n        \n    Extent\n    \n          hauteur: 52.5 cm\n        \n          largeur: 33 cm\n        \n    Format\n    \n          grav\u00e9\n        \n    Providing country\n    \n          Belgium\n        \n    Collection name\n    \n          2048001_Ag_EU_AthenaPlus_KIK_IRPA\n        \n    First time published on Europeana\n    \n          2022-10-11T07:58:02.251Z\n        \n    Last time updated from providing institution\n    \n          2022-10-11T07:58:02.251Z\n          "}]