[{"url": "https://www.europeana.eu/en/item/2048001/AP_10201287", "metadata": {"og:locale": "en_GB", "og:locale:alternate": "sv_SE", "og:description": "Europeana", "og:url": "https://www.europeana.eu/en/item/2048001/AP_10201287", "og:title": "D\u00e9putation des dames belges offrant un diad\u00e8me \u00e0 la reine", "og:type": "article", "og:image": "https://api.europeana.eu/thumbnail/v3/400/455a7e7a19b570f170ec6e78704b2bd9"}, "text": " \n    Creator\n    \n          Delper\u00e9e, Emile\n        \n    Subject\n    \n          \u00e9v\u00e9nement\n        \n          r\u00e9ception\n        \n          L\u00e9opold II[Belgique-roi-sc\u00e8ne]\n        \n          Marie Henriette[Belgique-reine-sc\u00e8ne]\n        \n          [inv. n\u00b0 133]\n        \n    Type of item\n    \n    paintings (visual works)\n  \n    Date\n    \n          \u00a01880/1880\n        \n    1880/1880\n  \n    1880/1880\n  \n    Medium\n    \n    Oil painting\n    \n    Creator\n    \n          Delper\u00e9e, Emile\n        \n    Subject\n    \n          \u00e9v\u00e9nement\n        \n          r\u00e9ception\n        \n          L\u00e9opold II[Belgique-roi-sc\u00e8ne]\n        \n          Marie Henriette[Belgique-reine-sc\u00e8ne]\n        \n          [inv. n\u00b0 133]\n        \n    Type of item\n    \n    paintings (visual works)\n  \n    Date\n    \n          \u00a01880/1880\n        \n    1880/1880\n  \n    1880/1880\n  \n    Medium\n    \n    Oil painting\n  \n    Providing institution\n    \n    Royal Institute for Cultural Heritage\n  \n    Aggregator\n    \n    MUSEU\n  \n    Rights statement for the media in this item (unless otherwise specified)\n    \n          http://creativecommons.org/licenses/by-nc-sa/3.0/\n        \n    Rights\n    \n          \u00a9 KIK-IRPA, Brussels (Belgium)\n        \n    Places\n    \n    Br\u00fcssel (Hergestellt)\n  \n    City of Brussels\n  \n    Brussels-Capital Region\n  \n    Provenance\n    \n          Photo: Royal Institute for Cultural Heritage (KIK-IRPA), Brussels (Belgium)\n        \n    Identifier\n    \n          [KIK-IRPA n\u00b0 10043377]\n        \n          AP_10201287\n        \n          AP_10201287\n        \n    Extent\n    \n          hauteur: 264 cm\n        \n          largeur: 362 cm\n        \n    Format\n    \n          painting (image-making)\n        \n    painting (image-making)\n  \n    Providing country\n    \n          Belgium\n        \n    Collection name\n    \n          2048001_Ag_EU_AthenaPlus_KIK_IRPA\n        \n    First time published on Europeana\n    \n          2022-10-11T07:58:02.251Z\n        \n    Last time updated from providing institution\n    \n          2022-10-11T07:58:02.251Z\n          "}]