[{"url": "https://www.europeana.eu/en/item/90402/RP_P_OB_88_588", "metadata": {"og:locale": "en_GB", "og:locale:alternate": "sv_SE", "og:url": "https://www.europeana.eu/en/item/90402/RP_P_OB_88_588", "og:title": "Spotprent op de verdeling van Belgische erekruizen, 1834", "og:description": "Spotprent op het ruimhartige toekennen van de Belgische erekruizen, 1834. Koning Leopold I staat met enkele generaals op een verhoging en werpt handenvol medailles tussen de voor hem staande officieren. Links een haag cavaleristen.", "og:type": "article", "og:image": "https://api.europeana.eu/thumbnail/v3/400/6ebd4aaa0b1e7637960989c9e6595fd8"}, "text": " \n    Publisher\n    \n          Rijksmuseum\n        \n    Subject\n    \n          http://iconclass.org/45B433\n        \n    Belgische Revolutie\n  \n    Leopold I (koning der Belgen)\n  \n    Type of item\n    \n          print\n        \n    Print\n  \n    Cartoon\n  \n    Lithography\n    \n    Publisher\n    \n          Rijksmuseum\n        \n    Subject\n    \n          http://iconclass.org/45B433\n        \n    Belgische Revolutie\n  \n    Leopold I (koning der Belgen)\n  \n    Type of item\n    \n          print\n        \n    Print\n  \n    Cartoon\n  \n    Lithography\n  \n    Providing institution\n    \n    Rijksmuseum\n  \n    Aggregator\n    \n    Rijksmuseum\n  \n    Rights statement for the media in this item (unless otherwise specified)\n    \n          http://creativecommons.org/publicdomain/mark/1.0/\n        \n          http://creativecommons.org/publicdomain/mark/1.0/\n        \n    Rights\n    \n          Public Domain\n        \n          Publiek Domein\n        \n    Creation date\n    \n          1834\n        \n    1834\n  \n    Places\n    \n          Belgium\n        \n          Belgi\u00eb\n        \n          urn:rijksmuseum:thesaurus:RM0001.THESAU.68\n        \n          Brussels\n        \n          Brussel\n        \n          urn:rijksmuseum:thesaurus:RM0001.THESAU.4622\n        \n    Belgium\n  \n    Identifier\n    \n          http://hdl.handle.net/10934/RM0001.COLLECT.546607\n        \n          RP-P-OB-88.588\n        \n    Extent\n    \n          height\u00a0293\u00a0mm\n        \n          width\u00a0376\u00a0mm\n        \n    Format\n    \n          paper\n        \n    Paper\n  \n    Language\n    \n          nl\n        \n    Is part of\n    \n          collectie: prenten\n        \n          collectie: Frederik Muller Historieplaten\n        \n    Is referenced by\n    \n          FMH 6939\u00a0\n        \n    Year\n    \n          1834\n        \n    Providing country\n    \n          Netherlands\n        \n    Collection name\n    \n          90402_M_NL_Rijksmuseum\n        \n    First time published on Europeana\n    \n          2014-05-27T19:34:28.339Z\n        \n    Last time updated from providing institution\n    \n          2018-03-17T14:23:44.714Z\n          "}]