[{"url": "https://www.europeana.eu/en/item/797/item_6MBYTVIYB4NYCSZA3CZMTAECHRBRZ73M", "metadata": {"og:locale": "en_GB", "og:locale:alternate": "sv_SE", "og:description": "Europeana", "og:url": "https://www.europeana.eu/en/item/797/item_6MBYTVIYB4NYCSZA3CZMTAECHRBRZ73M", "og:title": "Bildnis des Leopold I. von Belgien", "og:type": "article", "og:image": "https://api.europeana.eu/thumbnail/v3/400/9cb657865d6c4821b4e73673ade95e97"}, "text": " \n    Creator\n    \n    Georg Friedrich Vogel\n  \n    Subject\n    \n    Leopold I., Belgien, K\u00f6nig\n  \n    Type of item\n    \n    Print\n  \n    prints (visual works)\n    \n    Creator\n    \n    Georg Friedrich Vogel\n  \n    Subject\n    \n    Leopold I., Belgien, K\u00f6nig\n  \n    Type of item\n    \n    Print\n  \n    prints (visual works)\n  \n    Providing institution\n    \n    Kunstsammlungen der Veste Coburg\n  \n    Aggregator\n    \n    Deutsche Digitale Bibliothek\n  \n    Intermediate provider\n    \n          Digitaler Portraitindex druckgraphischer Bildnisse der Fr\u00fchen Neuzeit\n        \n    Rights statement for the media in this item (unless otherwise specified)\n    \n          http://rightsstatements.org/vocab/InC/1.0/\n        \n    Creation date\n    \n    1831/1834\n  \n    Places\n    \n          N\u00fcrnberg\n        \n    Current location\n    \n    Coburg\n  \n    Identifier\n    \n          http://www.deutsche-digitale-bibliothek.de/item/6MBYTVIYB4NYCSZA3CZMTAECHRBRZ73M\n        \n          K.1556 (Inventarnummer)\n        \n    Extent\n    \n          H\u00f6he x Breite: 230 x 166 mm (Blatt)\n        \n    Format\n    \n    stipple engraving (printing process)\n  \n    Providing country\n    \n          Germany\n        \n    Collection name\n    \n          797_DDB_VesteCoburg\n        \n    First time published on Europeana\n    \n          2022-07-18T13:45:09.246Z\n        \n    Last time updated from providing institution\n    \n          2023-03-09T14:25:24.158Z\n         "}]