[{"url": "https://www.europeana.eu/en/item/2024903/photography_ProvidedCHO_KU_Leuven_9983764850101488", "metadata": {"og:locale": "en_GB", "og:locale:alternate": "sv_SE", "og:url": "https://www.europeana.eu/en/item/2024903/photography_ProvidedCHO_KU_Leuven_9983764850101488", "og:title": "L\u00e9opold II", "og:description": "Inscriptions and textual elements: PUBLI\u00c9 PAR J. DOSSERAY, RUE GHEUDE, 23. CUREGHEM-BRUXS. Inscriptions and textual elements: LITH.J.E. GOOSSENS, RUE DU HOUBLON, 23, BRUXS. Inscriptions and textual elements: S. M. L\u00c9OPOLD II / ROI DES BELGES / S. M. L\u00c9OPOLD II, LOUIS-PJILIPPE-MARIE-VICTOR, duc de Saxe, prince de Saxe-Cobourg-Gotha, / est n\u00e9 \u00e0 Bruxelles, le 9 Avril 1835; / fild de feu L\u00c9OPOLD Ier et de feue LOUISE-MARIE; / mari\u00e9, \u00e0 Bruxelles, le 22 Ao\u00fbt 1853, \u00e0 S. A. I. et R. MARIE HENRIETTE-ANNE, archiduchesse d'Autriche. / Inaugur\u00e9 Roi, \u00e0 Bruxelles, le 27 D\u00e9cembre 1865. Inscriptions and textual elements: Dep\u00f4t chez Wenzel rue St. Jacques, 65. Inscriptions and textual elements: D\u00c9POS\u00c9. Inscriptions and textual elements: Chez Gadola, Cours de Brosses, 2, Lyon.", "og:type": "article", "og:image": "https://api.europeana.eu/thumbnail/v3/400/912d88d000cdf7823f9079ba813e1318"}, "text": " \n    Creator\n    \n          J.E. Goossens\n        \n    Publisher\n    \n          J. Dosseray\n        \n    Subject\n    \n          Portraits\n        \n          L\u00e9opold II, king of Belgium\n        \n    Type of item\n    \n          Graphic\n        \n          lithograph\n        \n    lithographs\n  \n    Date\n    \n          18XX/19XX\n        \n    18XX/19XX\n    \n    Creator\n    \n          J.E. Goossens\n        \n    Publisher\n    \n          J. Dosseray\n        \n    Subject\n    \n          Portraits\n        \n          L\u00e9opold II, king of Belgium\n        \n    Type of item\n    \n          Graphic\n        \n          lithograph\n        \n    lithographs\n  \n    Date\n    \n          18XX/19XX\n        \n    18XX/19XX\n  \n    Providing institution\n    \n    Katholieke Universiteit Leuven\n  \n    Aggregator\n    \n    PHOTOCONSORTIUM\n  \n    Rights statement for the media in this item (unless otherwise specified)\n    \n          http://creativecommons.org/publicdomain/mark/1.0/\n        \n    Identifier\n    \n          http://mint-projects.image.ntua.gr/photography/ProvidedCHO/KU Leuven/9983764850101488\n        \n          9983764850101488\n        \n    Extent\n    \n          386 x 294 mm\n        \n    Format\n    \n          still image\n        \n          card\n        \n    Is part of\n    \n          Europeana XX: Century of Change\n        \n    Providing country\n    \n          Belgium\n        \n    Collection name\n    \n          2024903_EuropeanaPhotography_KULeuven_1010\n        \n    First time published on Europeana\n    \n          2021-01-14T12:53:31.782Z\n        \n    Last time updated from providing institution\n    \n          2022-05-16T07:59:42.490Z\n         "}]