[{"url": "https://www.europeana.eu/en/item/2048001/AP_10284915", "metadata": {"og:locale": "en_GB", "og:locale:alternate": "sv_SE", "og:description": "Europeana", "og:url": "https://www.europeana.eu/en/item/2048001/AP_10284915", "og:title": "Buste de S. A. R. le Prince Albert de Belgique (fils de S. M. L\u00e9opold III)", "og:type": "article", "og:image": "https://api.europeana.eu/thumbnail/v3/400/fcd7e10f942baeaa7321d3c0306f6da2"}, "text": " \n    Creator\n    \n          Elisabeth[Belgique-reine]\n        \n    Subject\n    \n          personne\n        \n          prince\n        \n          [inv. n\u00b0 23]\n        \n          Albert II[Belgique-roi]\n        \n    Type of item\n    \n          buste[ronde-bosse]\n        \n          portrait[sculpture]\n        \n          Sculpture, Marbre\n        \n    Date\n    \n          \u00a01939/1939\n        \n    1939/1939\n  \n    1939/1939\n  \n    Medium\n    \n    Marble\n    \n    Creator\n    \n          Elisabeth[Belgique-reine]\n        \n    Subject\n    \n          personne\n        \n          prince\n        \n          [inv. n\u00b0 23]\n        \n          Albert II[Belgique-roi]\n        \n    Type of item\n    \n          buste[ronde-bosse]\n        \n          portrait[sculpture]\n        \n          Sculpture, Marbre\n        \n    Date\n    \n          \u00a01939/1939\n        \n    1939/1939\n  \n    1939/1939\n  \n    Medium\n    \n    Marble\n  \n    Providing institution\n    \n    Royal Institute for Cultural Heritage\n  \n    Aggregator\n    \n    MUSEU\n  \n    Rights statement for the media in this item (unless otherwise specified)\n    \n          http://creativecommons.org/licenses/by-nc-sa/3.0/\n        \n    Rights\n    \n          \u00a9 KIK-IRPA, Brussels (Belgium)\n        \n    Places\n    \n    Br\u00fcssel (Hergestellt)\n  \n    City of Brussels\n  \n    Brussels-Capital Region\n  \n    Provenance\n    \n          Photo: Royal Institute for Cultural Heritage (KIK-IRPA), Brussels (Belgium)\n        \n    Identifier\n    \n          [KIK-IRPA n\u00b0 10129867]\n        \n          AP_10284915\n        \n          AP_10284915\n        \n    Extent\n    \n          hauteur: 32 cm\n        \n    Format\n    \n          sculpting\n        \n    sculpting\n  \n    Art of sculpture\n  \n    Providing country\n    \n          Belgium\n        \n    Collection name\n    \n          2048001_Ag_EU_AthenaPlus_KIK_IRPA\n        \n    First time published on Europeana\n    \n          2022-10-11T07:58:02.251Z\n        \n    Last time updated from providing institution\n    \n          2022-10-11T07:58:02.251Z\n          "}]