[{"url": "https://www.europeana.eu/en/item/2048001/AP_10367554", "metadata": {"og:locale": "en_GB", "og:locale:alternate": "sv_SE", "og:description": "Europeana", "og:url": "https://www.europeana.eu/en/item/2048001/AP_10367554", "og:title": "Portrait de L\u00e9opold II, roi des belges (1835-1909)", "og:type": "article", "og:image": "https://api.europeana.eu/thumbnail/v3/400/545016baca2a0364508f36f514f8a1d3"}, "text": " \n    Creator\n    \n          Mignon, L\u00e9on\n        \n          Compagnie des Bronzes\n        \n    Subject\n    \n    Sword\n  \n    Type of item\n    \n    statues\n  \n    Date\n    \n          \u00a01883/1883\n        \n          \u00a0/\n        \n    1883/1883\n  \n    1883/1883\n  \n    Medium\n    \n    Bronze\n    \n    Creator\n    \n          Mignon, L\u00e9on\n        \n          Compagnie des Bronzes\n        \n    Subject\n    \n    Sword\n  \n    Type of item\n    \n    statues\n  \n    Date\n    \n          \u00a01883/1883\n        \n          \u00a0/\n        \n    1883/1883\n  \n    1883/1883\n  \n    Medium\n    \n    Bronze\n  \n    Providing institution\n    \n    Royal Institute for Cultural Heritage\n  \n    Aggregator\n    \n    MUSEU\n  \n    Rights statement for the media in this item (unless otherwise specified)\n    \n          http://creativecommons.org/licenses/by-nc-sa/3.0/\n        \n    Rights\n    \n          \u00a9 KIK-IRPA, Brussels (Belgium)\n        \n    Places\n    \n    Br\u00fcssel (Hergestellt)\n  \n    City of Brussels\n  \n    Brussels-Capital Region\n  \n    Provenance\n    \n          Photo: Royal Institute for Cultural Heritage (KIK-IRPA), Brussels (Belgium)\n        \n    Identifier\n    \n          [KIK-IRPA n\u00b0 20058921]\n        \n          AP_10367554\n        \n          AP_10367554\n        \n    Extent\n    \n          hauteur: 87.5 cm\n        \n          largeur: 87 cm\n        \n          profondeur: 31 cm\n        \n    Format\n    \n          coul\u00e9\n        \n    Providing country\n    \n          Belgium\n        \n    Collection name\n    \n          2048001_Ag_EU_AthenaPlus_KIK_IRPA\n        \n    First time published on Europeana\n    \n          2022-10-11T07:58:02.251Z\n        \n    Last time updated from providing institution\n    \n          2022-10-11T07:58:02.251Z\n          "}]