[{"url": "https://www.europeana.eu/en/item/2058628/KF_objecten_1402471754703_1377959831", "metadata": {"og:locale": "en_GB", "og:locale:alternate": "sv_SE", "og:url": "https://www.europeana.eu/en/item/2058628/KF_objecten_1402471754703_1377959831", "og:title": "S.M. L\u00e9opold I, Roi des Belges.", "og:description": "Afdruk van een zwart-witfoto met op de keerzijde een blanco briefkaart zonder poststempel.", "og:type": "article", "og:image": "https://api.europeana.eu/thumbnail/v3/400/3c484803a78e5143db9c0f455a66c3c2"}, "text": " \n    Creator\n    \n          Vanderauwera & Cie\n        \n    Type of item\n    \n    picture postcards\n  \n    Medium\n    \n    Paper\n  \n    paper (fiber product)\n    \n    Creator\n    \n          Vanderauwera & Cie\n        \n    Type of item\n    \n    picture postcards\n  \n    Medium\n    \n    Paper\n  \n    paper (fiber product)\n  \n    Providing institution\n    \n    Museum van het Kamp van Beverlo\n  \n    Aggregator\n    \n    Erfgoedplus.be\n  \n    Intermediate provider\n    \n    LoCloud\n  \n    Rights statement for the media in this item (unless otherwise specified)\n    \n          http://creativecommons.org/licenses/by-nc-sa/4.0/\n        \n    Places\n    \n    Militair domein (Leopoldsburg)\n  \n    Brussel\n  \n    Current location\n    \n          Militair Hos\u00adpitaal (Leopoldsburg)\n        \n    Identifier\n    \n          KF.objecten.1402471754703-1377959831\n        \n    Extent\n    \n          breedte: 8,8 cm; hoogte: 14 cm\n        \n    Providing country\n    \n          Belgium\n        \n    Collection name\n    \n          2058628_Erfgoedplus_be_Erfgoedregister\n        \n    First time published on Europeana\n    \n          2015-12-07T13:10:36.479Z\n        \n    Last time updated from providing institution\n    \n          2020-01-29T12:36:42.580Z\n         "}]