[{"url": "https://www.europeana.eu/en/item/2048001/AP_10368461", "metadata": {"og:locale": "en_GB", "og:locale:alternate": "sv_SE", "og:description": "Europeana", "og:url": "https://www.europeana.eu/en/item/2048001/AP_10368461", "og:title": "Projet pour la statue \u00e9questre du roi L\u00e9opold II", "og:type": "article", "og:image": "https://api.europeana.eu/thumbnail/v3/400/6bb03c009fcd9419776a5a66fd9f9a01"}, "text": " \n    Creator\n    \n          Vin\u00e7otte, Thomas\n        \n    Subject\n    \n          personne\n        \n          cheval\n        \n          [inv. n\u00b0 6161]\n        \n          L\u00e9opold II[Belgique-roi]\n        \n    Type of item\n    \n    statues\n  \n    Date\n    \n          \u00a01921/1925\n        \n    1921/1925\n  \n    1921/1925\n  \n    Medium\n    \n          cire d'abeille\n          \n    Creator\n    \n          Vin\u00e7otte, Thomas\n        \n    Subject\n    \n          personne\n        \n          cheval\n        \n          [inv. n\u00b0 6161]\n        \n          L\u00e9opold II[Belgique-roi]\n        \n    Type of item\n    \n    statues\n  \n    Date\n    \n          \u00a01921/1925\n        \n    1921/1925\n  \n    1921/1925\n  \n    Medium\n    \n          cire d'abeille\n        \n    Providing institution\n    \n    Royal Institute for Cultural Heritage\n  \n    Aggregator\n    \n    MUSEU\n  \n    Rights statement for the media in this item (unless otherwise specified)\n    \n          http://creativecommons.org/licenses/by-nc-sa/3.0/\n        \n    Rights\n    \n          \u00a9 KIK-IRPA, Brussels (Belgium)\n        \n    Places\n    \n    Br\u00fcssel (Hergestellt)\n  \n    City of Brussels\n  \n    Brussels-Capital Region\n  \n    Provenance\n    \n          Photo: Royal Institute for Cultural Heritage (KIK-IRPA), Brussels (Belgium)\n        \n    Identifier\n    \n          [KIK-IRPA n\u00b0 20059834]\n        \n          AP_10368461\n        \n          AP_10368461\n        \n    Extent\n    \n          hauteur: 103 cm\n        \n          largeur: 70 cm\n        \n          hauteur: 95 cm\n        \n          profondeur: 63 cm\n        \n    Format\n    \n          sculpting\n        \n    sculpting\n  \n    Art of sculpture\n  \n    Providing country\n    \n          Belgium\n        \n    Collection name\n    \n          2048001_Ag_EU_AthenaPlus_KIK_IRPA\n        \n    First time published on Europeana\n    \n          2022-10-11T07:58:02.251Z\n        \n    Last time updated from providing institution\n    \n          2022-10-11T07:58:02.251Z\n          "}]