[{"url": "https://www.europeana.eu/en/item/2048001/AP_10355813", "metadata": {"og:locale": "en_GB", "og:locale:alternate": "sv_SE", "og:description": "Europeana", "og:url": "https://www.europeana.eu/en/item/2048001/AP_10355813", "og:title": "L\u00e9opold II descendant de voiture", "og:type": "article", "og:image": "https://api.europeana.eu/thumbnail/v3/400/780d3a6269db17353d587ff962dda7a6"}, "text": " \n    Creator\n    \n          Renouard, Charles Paul\n        \n    Subject\n    \n    Epaulette\n  \n    Hat\n  \n    Calash\n  \n    Type of item\n    \n    drawings (visual works)\n  \n    Drawing\n  \n    Date\n    \n          naissance\u00a01845/1924\n        \n    Medium\n    \n          papier \u00e0 dessin\n        \n          crayon noir\n          \n    Creator\n    \n          Renouard, Charles Paul\n        \n    Subject\n    \n    Epaulette\n  \n    Hat\n  \n    Calash\n  \n    Type of item\n    \n    drawings (visual works)\n  \n    Drawing\n  \n    Date\n    \n          naissance\u00a01845/1924\n        \n    Medium\n    \n          papier \u00e0 dessin\n        \n          crayon noir\n        \n    Providing institution\n    \n    Royal Institute for Cultural Heritage\n  \n    Aggregator\n    \n    MUSEU\n  \n    Rights statement for the media in this item (unless otherwise specified)\n    \n          http://creativecommons.org/licenses/by-nc-sa/3.0/\n        \n    Rights\n    \n          \u00a9 KIK-IRPA, Brussels (Belgium)\n        \n    Places\n    \n    Br\u00fcssel (Hergestellt)\n  \n    City of Brussels\n  \n    Brussels-Capital Region\n  \n    Provenance\n    \n          Photo: Royal Institute for Cultural Heritage (KIK-IRPA), Brussels (Belgium)\n        \n    Identifier\n    \n          [KIK-IRPA n\u00b0 20046959]\n        \n          AP_10355813\n        \n          AP_10355813\n        \n    Extent\n    \n          hauteur: 43 cm\n        \n          largeur: 60.5 cm\n        \n    Format\n    \n          drawing (image-making)\n        \n    drawing (image-making)\n  \n    Providing country\n    \n          Belgium\n        \n    Collection name\n    \n          2048001_Ag_EU_AthenaPlus_KIK_IRPA\n        \n    First time published on Europeana\n    \n          2022-10-11T07:58:02.251Z\n        \n    Last time updated from providing institution\n    \n          2022-10-11T07:58:02.251Z\n          "}]