[{"url": "https://www.europeana.eu/en/item/90402/RP_P_OB_88_902", "metadata": {"og:locale": "en_GB", "og:locale:alternate": "sv_SE", "og:url": "https://www.europeana.eu/en/item/90402/RP_P_OB_88_902", "og:title": "Inhulding van Leopold I als koning der Belgen, 1831", "og:description": "Plechtige inhuldiging van koning Leopold I in Brussel op 21 juli 1831. De koning staande tussen regeringsfunctionarissen en gasten een toespraak van Surlet de Chokier aanhorende, op de estrade opgebouwd voor de kerk Sint-Jacob-op-Koudenberg aan het Koningsplein. Op de voorgrond het publiek en leden van het vrijwilligerskorps van de Marquis de Chasteler.", "og:type": "article", "og:image": "https://api.europeana.eu/thumbnail/v3/400/4c3c2cb76c2630ea6f140af8034466fc"}, "text": " \n    Publisher\n    \n          Rijksmuseum\n        \n    Subject\n    \n          http://iconclass.org/44B164\n        \n    Inhuldiging van Leopold I als koning der Belgen\n  \n    Brussels\n  \n    Brussels\n  \n    Brussels\n  \n    Leopold I (koning der Belgen)\n  \n    Surlet de Chokier, Erasme Louis baron\n  \n    Type of item\n    \n          print\n        \n    Print\n  \n    Lithography\n    \n    Publisher\n    \n          Rijksmuseum\n        \n    Subject\n    \n          http://iconclass.org/44B164\n        \n    Inhuldiging van Leopold I als koning der Belgen\n  \n    Brussels\n  \n    Brussels\n  \n    Brussels\n  \n    Leopold I (koning der Belgen)\n  \n    Surlet de Chokier, Erasme Louis baron\n  \n    Type of item\n    \n          print\n        \n    Print\n  \n    Lithography\n  \n    Providing institution\n    \n    Rijksmuseum\n  \n    Aggregator\n    \n    Rijksmuseum\n  \n    Rights statement for the media in this item (unless otherwise specified)\n    \n          http://creativecommons.org/publicdomain/mark/1.0/\n        \n          http://creativecommons.org/publicdomain/mark/1.0/\n        \n    Rights\n    \n          Public Domain\n        \n          Publiek Domein\n        \n    Creation date\n    \n          1831\n        \n    1831\n  \n    Places\n    \n          Belgium\n        \n          Belgi\u00eb\n        \n          urn:rijksmuseum:thesaurus:RM0001.THESAU.68\n        \n          Belgium\n        \n          Belgi\u00eb\n        \n          urn:rijksmuseum:thesaurus:RM0001.THESAU.68\n        \n          Brussels\n        \n          Brussel\n        \n          Brussels\n        \n          \u2026\n        \n    Brussels\n  \n    Identifier\n    \n          http://hdl.handle.net/10934/RM0001.COLLECT.556408\n        \n          RP-P-OB-88.902\n        \n    Extent\n    \n          height\u00a0940\u00a0mm\n        \n          width\u00a0655\u00a0mm\n        \n    Format\n    \n          urn:rijksmuseum:thesaurus:RM0001.THESAU.7077\n        \n    Language\n    \n          nl\n        \n    Is part of\n    \n          collectie: prenten\n        \n          collectie: Frederik Muller Historieplaten\n        \n    Is referenced by\n    \n          FMH 6697\u00a0\n        \n    Year\n    \n          1831\n        \n    Providing country\n    \n          Netherlands\n        \n    Collection name\n    \n          90402_M_NL_Rijksmuseum\n        \n    First time published on Europeana\n    \n          2018-03-16T19:05:43.686Z\n        \n    Last time updated from providing institution\n    \n          2018-03-17T14:23:54.996Z\n         "}]