[{"url": "https://www.europeana.eu/en/item/2048001/AP_10346040", "metadata": {"og:locale": "en_GB", "og:locale:alternate": "sv_SE", "og:description": "Europeana", "og:url": "https://www.europeana.eu/en/item/2048001/AP_10346040", "og:title": "S.M. le roi L\u00e9opold II", "og:type": "article", "og:image": "https://api.europeana.eu/thumbnail/v3/400/a70613f75fb7ca57a6d57f0f006bd75d"}, "text": " \n    Creator\n    \n          Gallait, Louis\n        \n    Subject\n    \n    Glove\n  \n    Type of item\n    \n    paintings (visual works)\n  \n    Date\n    \n          \u00a01875/1875\n        \n    1875/1875\n  \n    1875/1875\n  \n    Medium\n    \n    Oil painting\n    \n    Creator\n    \n          Gallait, Louis\n        \n    Subject\n    \n    Glove\n  \n    Type of item\n    \n    paintings (visual works)\n  \n    Date\n    \n          \u00a01875/1875\n        \n    1875/1875\n  \n    1875/1875\n  \n    Medium\n    \n    Oil painting\n  \n    Providing institution\n    \n    Royal Institute for Cultural Heritage\n  \n    Aggregator\n    \n    MUSEU\n  \n    Rights statement for the media in this item (unless otherwise specified)\n    \n          http://creativecommons.org/licenses/by-nc-sa/3.0/\n        \n    Rights\n    \n          \u00a9 KIK-IRPA, Brussels (Belgium)\n        \n    Places\n    \n    Br\u00fcssel (Hergestellt)\n  \n    City of Brussels\n  \n    Brussels-Capital Region\n  \n    Provenance\n    \n          Photo: Royal Institute for Cultural Heritage (KIK-IRPA), Brussels (Belgium)\n        \n    Identifier\n    \n          [KIK-IRPA n\u00b0 20036760]\n        \n          AP_10346040\n        \n          AP_10346040\n        \n    Extent\n    \n          hauteur: 260 cm\n        \n          largeur: 160 cm\n        \n    Format\n    \n          painting (image-making)\n        \n    painting (image-making)\n  \n    Providing country\n    \n          Belgium\n        \n    Collection name\n    \n          2048001_Ag_EU_AthenaPlus_KIK_IRPA\n        \n    First time published on Europeana\n    \n          2022-10-11T07:58:02.251Z\n        \n    Last time updated from providing institution\n    \n          2022-10-11T07:58:02.251Z\n          "}]