[{"url": "https://www.europeana.eu/en/item/2032015/dc8f523b102244908c0400e1a448f10b", "metadata": {"og:locale": "en_GB", "og:locale:alternate": "sv_SE", "og:url": "https://www.europeana.eu/en/item/2032015/dc8f523b102244908c0400e1a448f10b", "og:title": "Arbre g\u00e9n\u00e9alogique de la Famille royale de Belgique.", "og:description": "Sepia", "og:type": "article", "og:image": "https://api.europeana.eu/thumbnail/v3/400/633359723a75f26d2df64423623ec123"}, "text": " \n    Publisher\n    \n          Les \u00e9ditions illustr\u00e9es du Soir\n        \n    Subject\n    \n          L\u00e9opold Ier\n        \n          L\u00e9opold II\n        \n          Albert Ier\n        \n    Type of item\n    \n          papier\n        \n    Paper\n  \n    Medium\n    \n          ingecorp met doc\n        \n          Photograph\n        \n          geschilderd\n        \n    Photograph\n    \n    Publisher\n    \n          Les \u00e9ditions illustr\u00e9es du Soir\n        \n    Subject\n    \n          L\u00e9opold Ier\n        \n          L\u00e9opold II\n        \n          Albert Ier\n        \n    Type of item\n    \n          papier\n        \n    Paper\n  \n    Medium\n    \n          ingecorp met doc\n        \n          Photograph\n        \n          geschilderd\n        \n    Photograph\n  \n    Providing institution\n    \n    Royal Belgian Institute of Natural Sciences\n  \n    Aggregator\n    \n    EUInsideDA\n  \n    Rights statement for the media in this item (unless otherwise specified)\n    \n          http://rightsstatements.org/vocab/InC/1.0/\n        \n          http://rightsstatements.org/vocab/InC/1.0/\n        \n    Creation date\n    \n          1930\n        \n    1930\n  \n    Identifier\n    \n          008963634\n        \n    Extent\n    \n          1 ;\n        \n          22,3 x 15 cm\n        \n    Year\n    \n          1930\n        \n    Providing country\n    \n          Belgium\n        \n    Collection name\n    \n          2032015_Ag_EU_EInside_RBINS\n        \n    First time published on Europeana\n    \n          2014-07-08T09:06:31.931Z\n        \n    Last time updated from providing institution\n    \n          2014-07-08T09:06:31.931Z\n         "}]