[{"url": "https://www.europeana.eu/en/item/9200518/ark__12148_btv1b105356073", "metadata": {"og:locale": "en_GB", "og:locale:alternate": "sv_SE", "og:description": "Europeana", "og:url": "https://www.europeana.eu/en/item/9200518/ark__12148_btv1b105356073", "og:title": "L\u00e9opold 1er : [photographie] / [Nadar]", "og:type": "article", "og:image": "https://api.europeana.eu/thumbnail/v3/400/7a380052cdfbf95f1ed6fed2d1b4accb"}, "text": " \n    Creator\n    \n          Nadar (1820-1910). Photographe\n        \n    Subject\n    \n          L\u00e9opold I (roi des Belges ; 1790-1865) -- Portraits\n        \n          Portraits -- 1800-1869\n        \n    Type of item\n    \n          image\n        \n          still image\n        \n          photograph\n        \n    Photograph\n  \n    Date\n    \n          1854-1865\n        \n    1854/1865\n    \n    Creator\n    \n          Nadar (1820-1910). Photographe\n        \n    Subject\n    \n          L\u00e9opold I (roi des Belges ; 1790-1865) -- Portraits\n        \n          Portraits -- 1800-1869\n        \n    Type of item\n    \n          image\n        \n          still image\n        \n          photograph\n        \n    Photograph\n  \n    Date\n    \n          1854-1865\n        \n    1854/1865\n  \n    Providing institution\n    \n    Biblioth\u00e8que nationale de France\n  \n    Aggregator\n    \n    Biblioth\u00e8que nationale de France\n  \n    Rights statement for the media in this item (unless otherwise specified)\n    \n          http://rightsstatements.org/vocab/NoC-OKLR/1.0/\n        \n    Rights\n    \n          http://gallica.bnf.fr/html/conditions-dutilisation-des-contenus-de-gallica\n        \n    Source\n    \n          Biblioth\u00e8que nationale de France, d\u00e9partement Estampes et photographie, PET FOL-EO-15 (10)\n        \n    Identifier\n    \n          ark:/12148/btv1b105356073\n        \n          http://gallica.bnf.fr/ark:/12148/btv1b105356073\n        \n    Format\n    \n          1 photogr. pos. : papier sal\u00e9 : d'apr\u00e8s n\u00e9gatif sur plaque de verre ; 24,2 x 18,7 cm\n        \n          Nombre total de vues : 2\n        \n    Relations\n    \n          Notice de recueil : http://catalogue.bnf.fr/ark:/12148/cb40467059r\n        \n          Appartient \u00e0 : [Recueil. Photographies positives. Oeuvre de F\u00e9lix Nadar]\n        \n          Notice du catalogue : http://catalogue.bnf.fr/ark:/12148/cb443985508\n        \n    Providing country\n    \n          France\n        \n    Collection name\n    \n          9200518_Ag_BnF_Gallica_typedoc_images\n        \n    First time published on Europeana\n    \n          2019-09-02T15:25:39.360Z\n        \n    Last time updated from providing institution\n    \n          2019-09-02T15:25:39.360Z\n         "}]