[{"url": "https://www.europeana.eu/en/item/03919/public_mistral_joconde_fr_ACTION_CHERCHER_FIELD_1_REF_VALUE_1_50350214499", "metadata": {"og:locale": "en_GB", "og:locale:alternate": "sv_SE", "og:description": "Europeana", "og:url": "https://www.europeana.eu/en/item/03919/public_mistral_joconde_fr_ACTION_CHERCHER_FIELD_1_REF_VALUE_1_50350214499", "og:title": "Portrait de Louise-Marie d'Orl\u00e9ans, reine des Belges", "og:type": "article", "og:image": "https://api.europeana.eu/thumbnail/v3/400/149eab02cd81ebbf4c306f5b8e165b4d"}, "text": " \n    Subject\n    \n          miniature\n        \n    Type of item\n    \n          miniature\n          \n    Subject\n    \n          miniature\n        \n    Type of item\n    \n          miniature\n        \n    Providing institution\n    \n    Ministe\u0300re de la Culture\n  \n    Aggregator\n    \n    Moteur Collections\n  \n    Rights statement for the media in this item (unless otherwise specified)\n    \n          http://rightsstatements.org/vocab/InC/1.0/\n        \n    Rights\n    \n          \u00a9 mus\u00e9e du Louvre d\u00e9partement des Arts graphiques, \u00a9 Direction des Mus\u00e9es de France, 2003\n        \n          Photo : \u00a9 Mus\u00e9e du Louvre, M. Beck-Coppola\n        \n    Providing country\n    \n          France\n        \n    Collection name\n    \n          03919_Ag_FR_MCC_JOCONDE_IMAGE\n        \n    First time published on Europeana\n    \n          2016-11-02T19:22:19.672Z\n        \n    Last time updated from providing institution\n    \n          2017-04-28T15:07:34.201Z\n         "}]