[{"url": "https://www.europeana.eu/en/item/2023016/24001A51_priref_6569", "metadata": {"og:locale": "en_GB", "og:locale:alternate": "sv_SE", "og:url": "https://www.europeana.eu/en/item/2023016/24001A51_priref_6569", "og:title": "Wandplaten der Geschiedenis van Belgi\u00eb. Inhuldeging van Leopold I. Inauguration de L\u00e9pold I", "og:description": "Wandplaten der Geschiedenis van Belgi\u00eb. Inhuldeging van Leopold I. Inauguration de L\u00e9opold I. kaart nr 67", "og:type": "article", "og:image": "https://api.europeana.eu/thumbnail/v3/400/bdddbf242bf51d49c423759ec8d1faa8"}, "text": " \n    Subject\n    \n          kaarten en plannen\n        \n    Type of item\n    \n    maps (documents)\n  \n    Map\n  \n    Medium\n    \n    Paper\n    \n    Subject\n    \n          kaarten en plannen\n        \n    Type of item\n    \n    maps (documents)\n  \n    Map\n  \n    Medium\n    \n    Paper\n  \n    Providing institution\n    \n    City Museum Aarschot\n  \n    Aggregator\n    \n    Erfgoedplus.be\n  \n    Rights statement for the media in this item (unless otherwise specified)\n    \n          http://creativecommons.org/licenses/by-nc-sa/4.0/\n        \n    Current location\n    \n          Stedelijk Museum Aarschot\n        \n    Identifier\n    \n          24001A51.priref.6569\n        \n    Extent\n    \n          lengte geheel: 58.00 cm; breedte geheel: 54.50 cm\n        \n    Providing country\n    \n          Belgium\n        \n    Collection name\n    \n          2023016_Erfgoedplus_be_MuseumAarschot\n        \n    First time published on Europeana\n    \n          2018-06-27T12:05:44.182Z\n        \n    Last time updated from providing institution\n    \n          2020-02-21T15:13:44.050Z\n         "}]