[{"url": "https://www.europeana.eu/en/item/2024903/photography_ProvidedCHO_KU_Leuven_9982592730101488", "metadata": {"og:locale": "en_GB", "og:locale:alternate": "sv_SE", "og:url": "https://www.europeana.eu/en/item/2024903/photography_ProvidedCHO_KU_Leuven_9982592730101488", "og:title": "Marie-Louise d'Orl\u00e9ans", "og:description": "Print in pass-partout, on which frames are drawn in black ink. Inscriptions and textual elements: MARIE-LOUISE D'ORL\u00c9ANS, / Reine des Belges.", "og:type": "article", "og:image": "https://api.europeana.eu/thumbnail/v3/400/dfb5d5fb7626cb53dff59768ad7ba82d"}, "text": " \n    Subject\n    \n          Portraits\n        \n          Louise-Marie Th\u00e9r\u00e8se Charlotte Isabelle d'Orl\u00e9ans, Queen of Belgium\n        \n    Type of item\n    \n          Graphic\n        \n          lithograph\n        \n    lithographs\n  \n    Date\n    \n          18XX\n        \n    18XX\n    \n    Subject\n    \n          Portraits\n        \n          Louise-Marie Th\u00e9r\u00e8se Charlotte Isabelle d'Orl\u00e9ans, Queen of Belgium\n        \n    Type of item\n    \n          Graphic\n        \n          lithograph\n        \n    lithographs\n  \n    Date\n    \n          18XX\n        \n    18XX\n  \n    Providing institution\n    \n    Katholieke Universiteit Leuven\n  \n    Aggregator\n    \n    PHOTOCONSORTIUM\n  \n    Rights statement for the media in this item (unless otherwise specified)\n    \n          http://creativecommons.org/publicdomain/mark/1.0/\n        \n    Identifier\n    \n          http://mint-projects.image.ntua.gr/photography/ProvidedCHO/KU Leuven/9982592730101488\n        \n          9982592730101488\n        \n    Extent\n    \n          190 x 164 mm\n        \n    Format\n    \n          still image\n        \n          card\n        \n    Is part of\n    \n          Europeana XX: Century of Change\n        \n    Providing country\n    \n          Belgium\n        \n    Collection name\n    \n          2024903_EuropeanaPhotography_KULeuven_1010\n        \n    First time published on Europeana\n    \n          2021-01-14T12:53:31.782Z\n        \n    Last time updated from providing institution\n    \n          2022-05-16T07:59:42.490Z\n         "}]