[{"url": "https://www.europeana.eu/en/item/08623/12922", "metadata": {"og:locale": "en_GB", "og:locale:alternate": "sv_SE", "og:url": "https://www.europeana.eu/en/item/08623/12922", "og:title": "Les fun\u00e9railles du Roi Albert", "og:description": "Newsreel covering the funeral of Albert I, King of Belgium.", "og:type": "article", "og:image": "https://api.europeana.eu/thumbnail/v3/400/580a8c1ffcdde91413d6cb551597b7b8"}, "text": " \n    Creator\n    \n          Unknown\n        \n    Subject\n    \n          EFG1914\n        \n          IMediaCities\n        \n    World War I\n  \n    Military ceremonies, honors, and salutes\n  \n    World War I\n  \n    Type of item\n    \n    Wochenschau\n  \n    motion pictures (visual works)\n  \n    Film\n  \n    Newsreel\n    \n    Creator\n    \n          Unknown\n        \n    Subject\n    \n          EFG1914\n        \n          IMediaCities\n        \n    World War I\n  \n    Military ceremonies, honors, and salutes\n  \n    World War I\n  \n    Type of item\n    \n    Wochenschau\n  \n    motion pictures (visual works)\n  \n    Film\n  \n    Newsreel\n  \n    Providing institution\n    \n    Royal Film Archive of Belgium - CINEMATEK\n  \n    Aggregator\n    \n    The European Film Gateway\n  \n    Rights statement for the media in this item (unless otherwise specified)\n    \n          http://creativecommons.org/publicdomain/mark/1.0/\n        \n    Creation date\n    \n          1934\n        \n    1934\n  \n    Places\n    \n    Belgium\n  \n    Belgium\n  \n    United Nations\n  \n    Identifier\n    \n          12922\n        \n          12922\n        \n    Language\n    \n          fr\n        \n          nl\n        \n          nld\n        \n          fra\n        \n    Year\n    \n          1934\n        \n    Providing country\n    \n          Belgium\n        \n    Collection name\n    \n          08623_EFG_Cinematheque_Royale_Belgique\n        \n    First time published on Europeana\n    \n          2019-09-11T14:03:08.132Z\n        \n    Last time updated from providing institution\n    \n          2023-08-18T09:11:49.678Z\n          "}]