[{"url": "https://www.europeana.eu/en/item/90402/RP_P_OB_88_453", "metadata": {"og:locale": "en_GB", "og:locale:alternate": "sv_SE", "og:url": "https://www.europeana.eu/en/item/90402/RP_P_OB_88_453", "og:title": "Spotprent op de wanhopige staat van Belgi\u00eb, 1831", "og:description": "Spotprent op de wanhopige toestand van Belgi\u00eb na de verliezen in de Tiendaagse Veldtocht in augustus 1831. De Belgische koning Leopold I zit wanhopige op zijn troon en grijpt naar zijn troon. Links op de voorgrond ligt De Potter, rechts zit de baron Surlet de Chokier in een stoel.", "og:type": "article", "og:image": "https://api.europeana.eu/thumbnail/v3/400/43db96e3a21e5d4f045872103f74e5c3"}, "text": " \n    Publisher\n    \n          Rijksmuseum\n        \n    Subject\n    \n          http://iconclass.org/56DD11\n        \n    Tiendaagse Veldtocht\n  \n    Leopold I (koning der Belgen)\n  \n    Potter, Louis Joseph de\n  \n    Surlet de Chokier, Erasme Louis baron\n  \n    Type of item\n    \n          print\n        \n    Print\n  \n    Cartoon\n  \n    Lithography\n    \n    Publisher\n    \n          Rijksmuseum\n        \n    Subject\n    \n          http://iconclass.org/56DD11\n        \n    Tiendaagse Veldtocht\n  \n    Leopold I (koning der Belgen)\n  \n    Potter, Louis Joseph de\n  \n    Surlet de Chokier, Erasme Louis baron\n  \n    Type of item\n    \n          print\n        \n    Print\n  \n    Cartoon\n  \n    Lithography\n  \n    Providing institution\n    \n    Rijksmuseum\n  \n    Aggregator\n    \n    Rijksmuseum\n  \n    Rights statement for the media in this item (unless otherwise specified)\n    \n          http://creativecommons.org/publicdomain/mark/1.0/\n        \n          http://creativecommons.org/publicdomain/mark/1.0/\n        \n    Rights\n    \n          Public Domain\n        \n          Publiek Domein\n        \n    Creation date\n    \n          1831\n        \n    1831\n  \n    Places\n    \n          Netherlands\n        \n          Nederland\n        \n          urn:rijksmuseum:thesaurus:RM0001.THESAU.17\n        \n    Kingdom of the Netherlands\n  \n    Identifier\n    \n          http://hdl.handle.net/10934/RM0001.COLLECT.541507\n        \n          RP-P-OB-88.453\n        \n    Extent\n    \n          height\u00a0202\u00a0mm\n        \n          width\u00a0338\u00a0mm\n        \n    Format\n    \n          paper\n        \n    Paper\n  \n    Language\n    \n          nl\n        \n    Is part of\n    \n          collectie: prenten\n        \n          collectie: Frederik Muller Historieplaten\n        \n    Is referenced by\n    \n          FMH 6756\u00a0\n        \n    Year\n    \n          1831\n        \n    Providing country\n    \n          Netherlands\n        \n    Collection name\n    \n          90402_M_NL_Rijksmuseum\n        \n    First time published on Europeana\n    \n          2014-05-27T19:34:17.865Z\n        \n    Last time updated from providing institution\n    \n          2018-03-17T14:23:42.267Z\n          "}]