[{"url": "https://www.europeana.eu/en/item/08623/17908", "metadata": {"og:locale": "en_GB", "og:locale:alternate": "sv_SE", "og:url": "https://www.europeana.eu/en/item/08623/17908", "og:title": "L' emprunt de l'ind\u00e9pendance", "og:description": "Propaganda film urging the public to buy war bonds and contribute to the war effort.", "og:type": "article", "og:image": "https://api.europeana.eu/thumbnail/v3/400/91eaa50278e3fee6eeaf3b9228833029"}, "text": " \n    Creator\n    \n          Dekeukeleire, Charles\n        \n    Subject\n    \n          IMediaCities\n        \n    World War, 1914-1918--Belgium\n  \n    World War, 1914-1918--Economic aspects\n  \n    Patriotism\n  \n    World War, 1914-1918--Equipment and supplies\n  \n    War and society\n  \n    Soldiers\n  \n    Infantry\n  \n    World War, 1914-1918--Monuments\n  \n    World War, 1914-1918--Propaganda\n  \n    Savings bonds\n  \n    Type of item\n    \n    short subjects\n  \n    motion pictures (visual works)\n  \n    Film\n    \n    Creator\n    \n          Dekeukeleire, Charles\n        \n    Subject\n    \n          IMediaCities\n        \n    World War, 1914-1918--Belgium\n  \n    World War, 1914-1918--Economic aspects\n  \n    Patriotism\n  \n    World War, 1914-1918--Equipment and supplies\n  \n    War and society\n  \n    Soldiers\n  \n    Infantry\n  \n    World War, 1914-1918--Monuments\n  \n    World War, 1914-1918--Propaganda\n  \n    Savings bonds\n  \n    Type of item\n    \n    short subjects\n  \n    motion pictures (visual works)\n  \n    Film\n  \n    Providing institution\n    \n    Royal Film Archive of Belgium - CINEMATEK\n  \n    Aggregator\n    \n    The European Film Gateway\n  \n    Rights statement for the media in this item (unless otherwise specified)\n    \n          http://rightsstatements.org/vocab/InC/1.0/\n        \n    Rights\n    \n          CRB/KBF\n        \n    Creation date\n    \n          1939\n        \n    1939\n  \n    Places\n    \n    Belgium\n  \n    Belgium\n  \n    United Nations\n  \n    Identifier\n    \n          17908\n        \n          17908\n        \n    Language\n    \n          fr\n        \n          fra\n        \n    Year\n    \n          1939\n        \n    Providing country\n    \n          Belgium\n        \n    Collection name\n    \n          08623_EFG_Cinematheque_Royale_Belgique\n        \n    First time published on Europeana\n    \n          2019-09-11T14:03:14.225Z\n        \n    Last time updated from providing institution\n    \n          2023-08-18T09:11:49.678Z\n          "}]