[{"url": "https://www.europeana.eu/en/item/90402/RP_F_2001_7_1654_4", "metadata": {"og:locale": "en_GB", "og:locale:alternate": "sv_SE", "og:url": "https://www.europeana.eu/en/item/90402/RP_F_2001_7_1654_4", "og:title": "Derniers Moments de S.M. L\u00e9opold Ier", "og:description": "Reproductie van tekening of prent: Leopold I, koning van Belgi\u00eb, op zijn sterfbed, 10 december 1865. Foto in boek 'Fun\u00e9railles de S.M. L\u00e9opold Ier, roi des Belges et av\u00e8nement de L\u00e9opold II au trone', 1866.", "og:type": "article", "og:image": "https://api.europeana.eu/thumbnail/v3/400/c3a23708c7a505b108f41715ec88747e"}, "text": " \n    Publisher\n    \n          Rijksmuseum\n        \n    Subject\n    \n    Leopold I (koning der Belgen)\n  \n    Type of item\n    \n          photograph\n        \n          albumen print\n        \n    Photograph\n  \n    Albumen print\n  \n    Medium\n    \n          Purchased with the support of the Mondriaan Stichting, the Prins Bernhard Cultuurfonds, the VSBfonds, the Paul Huf Fonds/Rijksmuseum Fonds and the Egbert Kunstfonds\n          \n    Publisher\n    \n          Rijksmuseum\n        \n    Subject\n    \n    Leopold I (koning der Belgen)\n  \n    Type of item\n    \n          photograph\n        \n          albumen print\n        \n    Photograph\n  \n    Albumen print\n  \n    Medium\n    \n          Purchased with the support of the Mondriaan Stichting, the Prins Bernhard Cultuurfonds, the VSBfonds, the Paul Huf Fonds/Rijksmuseum Fonds and the Egbert Kunstfonds\n        \n    Providing institution\n    \n    Rijksmuseum\n  \n    Aggregator\n    \n    Rijksmuseum\n  \n    Rights statement for the media in this item (unless otherwise specified)\n    \n          http://creativecommons.org/publicdomain/mark/1.0/\n        \n          http://creativecommons.org/publicdomain/mark/1.0/\n        \n    Rights\n    \n          Public Domain\n        \n          Publiek Domein\n        \n    Creation date\n    \n          1866\n        \n    1866\n  \n    Places\n    \n          Brussels\n        \n          Brussel\n        \n          urn:rijksmuseum:thesaurus:RM0001.THESAU.4622\n        \n    Identifier\n    \n          http://hdl.handle.net/10934/RM0001.COLLECT.511413\n        \n          RP-F-2001-7-1654-4\n        \n    Extent\n    \n          height\u00a0167\u00a0mm\n        \n          width\u00a0250\u00a0mm\n        \n    Format\n    \n          paper\n        \n    Paper\n  \n    Language\n    \n          nl\n        \n    Is part of\n    \n          collectie: foto's\n        \n    Year\n    \n          1866\n        \n    Providing country\n    \n          Netherlands\n        \n    Collection name\n    \n          90402_M_NL_Rijksmuseum\n        \n    First time published on Europeana\n    \n          2014-05-27T14:45:31.912Z\n        \n    Last time updated from providing institution\n    \n          2018-03-17T13:18:16.532Z\n         "}]