[{"url": "https://www.europeana.eu/en/item/188/item_5QH4HMN3P5MXUY2BLSTUJPPCIHKATBCT", "metadata": {"og:locale": "en_GB", "og:locale:alternate": "sv_SE", "og:url": "https://www.europeana.eu/en/item/188/item_5QH4HMN3P5MXUY2BLSTUJPPCIHKATBCT", "og:title": "Portr\u00e4t von Leopold I. - Georg Christian Friedrich von Belgien", "og:description": "12. Portr\u00e4ts von Zeitgenossen Hager - Montgelas : L\u00e9opold 1er. / Bernard de , L. , del. ?. - s.l. : Aubert , o.J.. - 1 Kunstbl. : Lithografie ; 18 x 17 cm", "og:type": "article", "og:image": "https://api.europeana.eu/thumbnail/v3/400/e913466c7d6b452883b18243f71bf619"}, "text": " \n    Subject\n    \n    Photograph\n  \n    Type of item\n    \n          http://d-nb.info/gnd/4045895-7\n          \n    Subject\n    \n    Photograph\n  \n    Type of item\n    \n          http://d-nb.info/gnd/4045895-7\n        \n    Providing institution\n    \n    Deutsche Fotothek\n  \n    Aggregator\n    \n    Deutsche Digitale Bibliothek\n  \n    Rights statement for the media in this item (unless otherwise specified)\n    \n          http://creativecommons.org/publicdomain/mark/1.0/\n        \n    Creation date\n    \n    2010\n  \n    Places\n    \n          Dresden ((Standort))\n        \n    Current location\n    \n          Dresden\n        \n    Provenance\n    \n          Ernst, Eberhard\n        \n    Identifier\n    \n          http://www.deutsche-digitale-bibliothek.de/item/5QH4HMN3P5MXUY2BLSTUJPPCIHKATBCT\n        \n          Tall.Graf.III,12,13 (Inventarnummer)\n        \n          71039827 (Dokumentnummer)\n        \n          df_tal_0000709 (Aufnahmenummer)\n        \n    Providing country\n    \n          Germany\n        \n    Collection name\n    \n          188_DDB_SLUB_0\n        \n    First time published on Europeana\n    \n          2020-12-16T09:50:12.330Z\n        \n    Last time updated from providing institution\n    \n          2022-01-27T09:19:05.373Z\n         "}]