[{"url": "https://www.europeana.eu/en/item/2048001/AP_10366034", "metadata": {"og:locale": "en_GB", "og:locale:alternate": "sv_SE", "og:description": "Europeana", "og:url": "https://www.europeana.eu/en/item/2048001/AP_10366034", "og:title": "L\u00e9opold, duc de Brabant, futur L\u00e9opold II", "og:type": "article", "og:image": "https://api.europeana.eu/thumbnail/v3/400/5d73f0f6a3f46dbf084991c4b2cb9c2b"}, "text": " \n    Creator\n    \n          Dutrieux, Aimable\n        \n    Subject\n    \n          personne\n        \n          [inv. n\u00b0 1331]\n        \n          L\u00e9opold II[Belgique-roi]\n        \n    Type of item\n    \n          buste[ronde-bosse]\n        \n          portrait[sculpture]\n        \n          Sculpture, Pl\u00e2tre et stuc\n        \n    Date\n    \n          \u00a01853/1853\n        \n    1853/1853\n  \n    1853/1853\n  \n    Medium\n    \n    Plaster\n    \n    Creator\n    \n          Dutrieux, Aimable\n        \n    Subject\n    \n          personne\n        \n          [inv. n\u00b0 1331]\n        \n          L\u00e9opold II[Belgique-roi]\n        \n    Type of item\n    \n          buste[ronde-bosse]\n        \n          portrait[sculpture]\n        \n          Sculpture, Pl\u00e2tre et stuc\n        \n    Date\n    \n          \u00a01853/1853\n        \n    1853/1853\n  \n    1853/1853\n  \n    Medium\n    \n    Plaster\n  \n    Providing institution\n    \n    Royal Institute for Cultural Heritage\n  \n    Aggregator\n    \n    MUSEU\n  \n    Rights statement for the media in this item (unless otherwise specified)\n    \n          http://creativecommons.org/licenses/by-nc-sa/3.0/\n        \n    Rights\n    \n          \u00a9 KIK-IRPA, Brussels (Belgium)\n        \n    Places\n    \n    Br\u00fcssel (Hergestellt)\n  \n    City of Brussels\n  \n    Brussels-Capital Region\n  \n    Provenance\n    \n          Photo: Royal Institute for Cultural Heritage (KIK-IRPA), Brussels (Belgium)\n        \n    Identifier\n    \n          [KIK-IRPA n\u00b0 20057379]\n        \n          AP_10366034\n        \n          AP_10366034\n        \n    Extent\n    \n          hauteur: 68 cm\n        \n          largeur: 54.5 cm\n        \n          profondeur: 28 cm\n        \n    Format\n    \n    Model\n  \n    Providing country\n    \n          Belgium\n        \n    Collection name\n    \n          2048001_Ag_EU_AthenaPlus_KIK_IRPA\n        \n    First time published on Europeana\n    \n          2022-10-11T07:58:02.251Z\n        \n    Last time updated from providing institution\n    \n          2022-10-11T07:58:02.251Z\n          "}]