[{"url": "https://www.europeana.eu/en/item/9200518/ark__12148_btv1b540014958", "metadata": {"og:locale": "en_GB", "og:locale:alternate": "sv_SE", "og:url": "https://www.europeana.eu/en/item/9200518/ark__12148_btv1b540014958", "og:title": "La Princesse Louise D'Orl\u00e9ans. N\u00e9e le 3 Avril 1812 : [estampe]", "og:description": "R\u00e9f\u00e9rence bibliographique : De Vinck, 11801", "og:type": "article", "og:image": "https://api.europeana.eu/thumbnail/v3/400/448d6e97ea70568686c545547adf5486"}, "text": " \n    Creator\n    \n          Villain. Lithographe\n        \n    Publisher\n    \n          A Paris, chez Chaillou, \u00e9diteur, rue Saint Honor\u00e9, N\u00b0 140\n        \n    Subject\n    \n          Louise-Marie (reine des Belges ; 1812-1850)\n        \n    Type of item\n    \n          image\n        \n          still image\n        \n          engraving\n        \n    Print\n  \n    Date\n    \n          1831\n        \n    1831\n    \n    Creator\n    \n          Villain. Lithographe\n        \n    Publisher\n    \n          A Paris, chez Chaillou, \u00e9diteur, rue Saint Honor\u00e9, N\u00b0 140\n        \n    Subject\n    \n          Louise-Marie (reine des Belges ; 1812-1850)\n        \n    Type of item\n    \n          image\n        \n          still image\n        \n          engraving\n        \n    Print\n  \n    Date\n    \n          1831\n        \n    1831\n  \n    Providing institution\n    \n    Biblioth\u00e8que nationale de France\n  \n    Aggregator\n    \n    Biblioth\u00e8que nationale de France\n  \n    Rights statement for the media in this item (unless otherwise specified)\n    \n          http://rightsstatements.org/vocab/NoC-OKLR/1.0/\n        \n    Rights\n    \n          http://gallica.bnf.fr/html/conditions-dutilisation-des-contenus-de-gallica\n        \n    Source\n    \n          Biblioth\u00e8que nationale de France, d\u00e9partement Estampes et photographie, RESERVE QB-370 (93)-FT4\n        \n    Identifier\n    \n          ark:/12148/btv1b540014958\n        \n          http://gallica.bnf.fr/ark:/12148/btv1b540014958\n        \n    Format\n    \n          1 est. : lithographie ; 27,2 x 23,3 cm\n        \n          Nombre total de vues : 1\n        \n    Relations\n    \n          Notice de recueil : http://catalogue.bnf.fr/ark:/12148/cb38793097g\n        \n          Appartient \u00e0 : [Recueil. Collection de Vinck. Un si\u00e8cle d'histoire de France par l'estampe, 1770-1870. Vol. 93 (pi\u00e8ces 11769-11896), Monarchie de Juillet]\n        \n          Notice du catalogue : http://catalogue.bnf.fr/ark:/12148/cb41518076v\n        \n    Year\n    \n          1831\n        \n    Providing country\n    \n          France\n        \n    Collection name\n    \n          9200518_Ag_BnF_Gallica_typedoc_images\n        \n    First time published on Europeana\n    \n          2019-09-02T19:31:23.808Z\n        \n    Last time updated from providing institution\n    \n          2019-09-02T19:31:23.808Z\n         "}]