[{"url": "https://www.europeana.eu/en/item/199/item_EYKAK3EAUOUOH263SM3TK7O5IFNB4SCC", "metadata": {"og:locale": "en_GB", "og:locale:alternate": "sv_SE", "og:description": "Europeana", "og:url": "https://www.europeana.eu/en/item/199/item_EYKAK3EAUOUOH263SM3TK7O5IFNB4SCC", "og:title": "Bildnis Leopolds I.", "og:type": "article", "og:image": "https://api.europeana.eu/thumbnail/v3/400/ab70e9aab46b6afa1a74afba112869f8"}, "text": " \n    Creator\n    \n    Winne, Lievin de\n  \n    Subject\n    \n          Personen, deren Name bekannt ist (mit Namen)\n        \n          Tafelmalerei\n        \n    Type of item\n    \n    paintings (visual works)\n    \n    Creator\n    \n    Winne, Lievin de\n  \n    Subject\n    \n          Personen, deren Name bekannt ist (mit Namen)\n        \n          Tafelmalerei\n        \n    Type of item\n    \n    paintings (visual works)\n  \n    Providing institution\n    \n    Deutsches Dokumentationszentrum f\u00fcr Kunstgeschichte - Bildarchiv Foto Marburg\n  \n    Aggregator\n    \n    Deutsche Digitale Bibliothek\n  \n    Rights statement for the media in this item (unless otherwise specified)\n    \n          http://rightsstatements.org/vocab/InC/1.0/\n        \n    Places\n    \n          Gent (Standort)\n        \n    Identifier\n    \n          http://www.deutsche-digitale-bibliothek.de/item/EYKAK3EAUOUOH263SM3TK7O5IFNB4SCC\n        \n    Format\n    \n    oil paint (paint)\n  \n    canvas (textile material)\n  \n    Providing country\n    \n          Germany\n        \n    Collection name\n    \n          199_DDB_BildarchivFotoMarburg\n        \n    First time published on Europeana\n    \n          2019-04-16T09:33:56.061Z\n        \n    Last time updated from providing institution\n    \n          2022-01-31T11:04:15.728Z\n         "}]