[{"url": "https://www.europeana.eu/en/item/2024903/photography_ProvidedCHO_KU_Leuven_9983279980101488", "metadata": {"og:locale": "en_GB", "og:locale:alternate": "sv_SE", "og:url": "https://www.europeana.eu/en/item/2024903/photography_ProvidedCHO_KU_Leuven_9983279980101488", "og:title": "L\u00e9opold 1er", "og:description": "Inscriptions and textual elements: Dict.d'Hist.& de G\u00e9og. Inscriptions and textual elements: Imp. Simonau & Toovey. Inscriptions and textual elements: Publi\u00e9 par E.Parent. Inscriptions and textual elements: L\u00c8OPOLD, 1ER. / ROI DES BELGES.", "og:type": "article", "og:image": "https://api.europeana.eu/thumbnail/v3/400/410864ec58928fb46694cd7f11d8622c"}, "text": " \n    Creator\n    \n          Simonau & Toovey\n        \n    Publisher\n    \n          Ernest Parent\n        \n    Subject\n    \n          Portraits\n        \n          Leopold I, king of Belgium\n        \n    Type of item\n    \n          Graphic\n        \n          lithograph\n        \n    lithographs\n  \n    Date\n    \n          18XX\n        \n    18XX\n    \n    Creator\n    \n          Simonau & Toovey\n        \n    Publisher\n    \n          Ernest Parent\n        \n    Subject\n    \n          Portraits\n        \n          Leopold I, king of Belgium\n        \n    Type of item\n    \n          Graphic\n        \n          lithograph\n        \n    lithographs\n  \n    Date\n    \n          18XX\n        \n    18XX\n  \n    Providing institution\n    \n    Katholieke Universiteit Leuven\n  \n    Aggregator\n    \n    PHOTOCONSORTIUM\n  \n    Rights statement for the media in this item (unless otherwise specified)\n    \n          http://creativecommons.org/publicdomain/mark/1.0/\n        \n    Identifier\n    \n          http://mint-projects.image.ntua.gr/photography/ProvidedCHO/KU Leuven/9983279980101488\n        \n          9983279980101488\n        \n    Extent\n    \n          153 x 114 mm\n        \n    Format\n    \n          still image\n        \n          card\n        \n    Is part of\n    \n          Europeana XX: Century of Change\n        \n    Providing country\n    \n          Belgium\n        \n    Collection name\n    \n          2024903_EuropeanaPhotography_KULeuven_1010\n        \n    First time published on Europeana\n    \n          2021-01-14T12:53:31.782Z\n        \n    Last time updated from providing institution\n    \n          2022-05-16T07:59:42.490Z\n         "}]