[{"url": "https://www.europeana.eu/en/item/9200518/ark__12148_btv1b540015194", "metadata": {"og:locale": "en_GB", "og:locale:alternate": "sv_SE", "og:url": "https://www.europeana.eu/en/item/9200518/ark__12148_btv1b540015194", "og:title": "\"Louise Marie D'Orl\u00e9ans, Reine des Belges.\", en buste, de tr. q. \u00e0 g., un grand col de dentelle couvrant ses \u00e9paules : [estampe]", "og:description": "R\u00e9f\u00e9rence bibliographique : De Vinck, 11802", "og:type": "article", "og:image": "https://api.europeana.eu/thumbnail/v3/400/5525d4cf7e5defb9d498cc87af8c965c"}, "text": " \n    Creator\n    \n          Court, Joseph D\u00e9sir\u00e9 (1797-1865). Peintre\n        \n          Belliard, Z\u00e9phirin-F\u00e9lix-Jean-Marius (1798-1861). Illustrateur\n        \n    Publisher\n    \n          Imp. Lith. de Delpech, A Paris\n        \n    Subject\n    \n          Louise-Marie (reine des Belges ; 1812-1850)\n        \n    Type of item\n    \n          image\n        \n          still image\n        \n          engraving\n        \n    Print\n    \n    Creator\n    \n          Court, Joseph D\u00e9sir\u00e9 (1797-1865). Peintre\n        \n          Belliard, Z\u00e9phirin-F\u00e9lix-Jean-Marius (1798-1861). Illustrateur\n        \n    Publisher\n    \n          Imp. Lith. de Delpech, A Paris\n        \n    Subject\n    \n          Louise-Marie (reine des Belges ; 1812-1850)\n        \n    Type of item\n    \n          image\n        \n          still image\n        \n          engraving\n        \n    Print\n  \n    Providing institution\n    \n    Biblioth\u00e8que nationale de France\n  \n    Aggregator\n    \n    Biblioth\u00e8que nationale de France\n  \n    Rights statement for the media in this item (unless otherwise specified)\n    \n          http://rightsstatements.org/vocab/NoC-OKLR/1.0/\n        \n    Rights\n    \n          http://gallica.bnf.fr/html/conditions-dutilisation-des-contenus-de-gallica\n        \n    Source\n    \n          Biblioth\u00e8que nationale de France, d\u00e9partement Estampes et photographie, RESERVE QB-370 (93)-FT4\n        \n    Identifier\n    \n          ark:/12148/btv1b540015194\n        \n          http://gallica.bnf.fr/ark:/12148/btv1b540015194\n        \n    Format\n    \n          1 est. : lithographie ; 26,2 x 22,9 cm\n        \n          Nombre total de vues : 1\n        \n    Relations\n    \n          Notice de recueil : http://catalogue.bnf.fr/ark:/12148/cb38793097g\n        \n          Appartient \u00e0 : [Recueil. Collection de Vinck. Un si\u00e8cle d'histoire de France par l'estampe, 1770-1870. Vol. 93 (pi\u00e8ces 11769-11896), Monarchie de Juillet]\n        \n          Notice du catalogue : http://catalogue.bnf.fr/ark:/12148/cb415180776\n        \n    Providing country\n    \n          France\n        \n    Collection name\n    \n          9200518_Ag_BnF_Gallica_typedoc_images\n        \n    First time published on Europeana\n    \n          2019-09-02T20:18:35.547Z\n        \n    Last time updated from providing institution\n    \n          2019-09-02T20:18:35.547Z\n         "}]