[{"url": "https://www.europeana.eu/en/item/2048001/AP_10026779", "metadata": {"og:locale": "en_GB", "og:locale:alternate": "sv_SE", "og:description": "Europeana", "og:url": "https://www.europeana.eu/en/item/2048001/AP_10026779", "og:title": "Ruiterbeeld van Leopold I", "og:type": "article", "og:image": "https://api.europeana.eu/thumbnail/v3/400/dc0eeed95626d5d104529a2279562621"}, "text": " \n    Creator\n    \n          Geefs, Joseph Germain\n        \n    Subject\n    \n          persoon\n        \n          Leopold I[Belgi\u00eb-koning]\n        \n    Type of item\n    \n          mensenbeeld\n        \n          portret[beeld]\n        \n          ruiterstandbeeld\n        \n          Sculptuur, Brons\n        \n    Date\n    \n          \u00a01868/1868\n        \n    1868/1868\n  \n    1868/1868\n  \n    Medium\n    \n    Bronze\n    \n    Creator\n    \n          Geefs, Joseph Germain\n        \n    Subject\n    \n          persoon\n        \n          Leopold I[Belgi\u00eb-koning]\n        \n    Type of item\n    \n          mensenbeeld\n        \n          portret[beeld]\n        \n          ruiterstandbeeld\n        \n          Sculptuur, Brons\n        \n    Date\n    \n          \u00a01868/1868\n        \n    1868/1868\n  \n    1868/1868\n  \n    Medium\n    \n    Bronze\n  \n    Providing institution\n    \n    Royal Institute for Cultural Heritage\n  \n    Aggregator\n    \n    MUSEU\n  \n    Rights statement for the media in this item (unless otherwise specified)\n    \n          http://creativecommons.org/licenses/by-nc-sa/3.0/\n        \n    Rights\n    \n          \u00a9 KIK-IRPA, Brussels (Belgium)\n        \n    Places\n    \n    Br\u00fcssel (Hergestellt)\n  \n    City of Brussels\n  \n    Brussels-Capital Region\n  \n    Provenance\n    \n          Photo: Royal Institute for Cultural Heritage (KIK-IRPA), Brussels (Belgium)\n        \n    Identifier\n    \n          [KIK-IRPA n\u00b0 27095]\n        \n          AP_10026779\n        \n          AP_10026779\n        \n    Extent\n    \n          hoogte: 80 cm\n        \n          breedte: 26 cm\n        \n          diepte: 80 cm\n        \n    Format\n    \n          gebeeldhouwd\n        \n    Providing country\n    \n          Belgium\n        \n    Collection name\n    \n          2048001_Ag_EU_AthenaPlus_KIK_IRPA\n        \n    First time published on Europeana\n    \n          2022-10-11T07:58:02.251Z\n        \n    Last time updated from providing institution\n    \n          2022-10-11T07:58:02.251Z\n          "}]