[{"url": "https://www.europeana.eu/en/item/2048001/AP_10311359", "metadata": {"og:locale": "en_GB", "og:locale:alternate": "sv_SE", "og:description": "Europeana", "og:url": "https://www.europeana.eu/en/item/2048001/AP_10311359", "og:title": "Portrait de Sa Majest\u00e9 Marie-Henriette, reine des Belges", "og:type": "article", "og:image": "https://api.europeana.eu/thumbnail/v3/400/cb9f1127ba202d6434d3ff5172f916e3"}, "text": " \n    Creator\n    \n          Gallait, Louis\n        \n    Subject\n    \n          personne\n        \n          reine\n        \n          [inv. n\u00b0 2665]\n        \n          Marie Henriette[Belgique-reine]\n        \n    Type of item\n    \n    paintings (visual works)\n  \n    Date\n    \n          \u00a01875/1875\n        \n    1875/1875\n  \n    1875/1875\n  \n    Medium\n    \n    Oil painting\n    \n    Creator\n    \n          Gallait, Louis\n        \n    Subject\n    \n          personne\n        \n          reine\n        \n          [inv. n\u00b0 2665]\n        \n          Marie Henriette[Belgique-reine]\n        \n    Type of item\n    \n    paintings (visual works)\n  \n    Date\n    \n          \u00a01875/1875\n        \n    1875/1875\n  \n    1875/1875\n  \n    Medium\n    \n    Oil painting\n  \n    Providing institution\n    \n    Royal Institute for Cultural Heritage\n  \n    Aggregator\n    \n    MUSEU\n  \n    Rights statement for the media in this item (unless otherwise specified)\n    \n          http://creativecommons.org/licenses/by-nc-sa/3.0/\n        \n    Rights\n    \n          \u00a9 KIK-IRPA, Brussels (Belgium)\n        \n    Places\n    \n    Br\u00fcssel (Hergestellt)\n  \n    City of Brussels\n  \n    Brussels-Capital Region\n  \n    Provenance\n    \n          Photo: Royal Institute for Cultural Heritage (KIK-IRPA), Brussels (Belgium)\n        \n    Identifier\n    \n          [KIK-IRPA n\u00b0 20001175]\n        \n          AP_10311359\n        \n          AP_10311359\n        \n    Extent\n    \n          hauteur: 260 cm\n        \n          largeur: 160 cm\n        \n    Format\n    \n          painting (image-making)\n        \n    painting (image-making)\n  \n    Providing country\n    \n          Belgium\n        \n    Collection name\n    \n          2048001_Ag_EU_AthenaPlus_KIK_IRPA\n        \n    First time published on Europeana\n    \n          2022-10-11T07:58:02.251Z\n        \n    Last time updated from providing institution\n    \n          2022-10-11T07:58:02.251Z\n          "}]