[{"url": "https://www.europeana.eu/en/item/2024903/photography_ProvidedCHO_KU_Leuven_9982559700101488", "metadata": {"og:locale": "en_GB", "og:locale:alternate": "sv_SE", "og:url": "https://www.europeana.eu/en/item/2024903/photography_ProvidedCHO_KU_Leuven_9982559700101488", "og:title": "S. M. L\u00e9opold II", "og:description": "Inscriptions and textual elements: S. M. L\u00c9OPOLD II / Roi des Belges, / Souverain de l'Etat Ind\u00e9pendant du Congo. illustration from: Le mouvement scientifique en Belgique 1830 - 1905, Bruxelles : Schepens, 1907-1908.", "og:type": "article", "og:image": "https://api.europeana.eu/thumbnail/v3/400/d14c3aa873400cece3e0f2ab4e56d592"}, "text": " \n    Subject\n    \n          Portraits\n        \n          L\u00e9opold II, king of Belgium\n        \n    Type of item\n    \n          Graphic\n        \n          facsimile\n        \n    facsimiles (reproductions)\n  \n    Date\n    \n          19XX\n        \n    19XX\n    \n    Subject\n    \n          Portraits\n        \n          L\u00e9opold II, king of Belgium\n        \n    Type of item\n    \n          Graphic\n        \n          facsimile\n        \n    facsimiles (reproductions)\n  \n    Date\n    \n          19XX\n        \n    19XX\n  \n    Providing institution\n    \n    Catholic University of Leuven\n  \n    Aggregator\n    \n    PHOTOCONSORTIUM\n  \n    Rights statement for the media in this item (unless otherwise specified)\n    \n          http://creativecommons.org/publicdomain/mark/1.0/\n        \n    Identifier\n    \n          9982559700101488\n        \n          http://mint-projects.image.ntua.gr/photography/ProvidedCHO/KU Leuven/9982559700101488\n        \n    Extent\n    \n          190 x 135 mm\n        \n    Format\n    \n          still image\n        \n          card\n        \n    Is part of\n    \n          Europeana XX: Century of Change\n        \n    Providing country\n    \n          Belgium\n        \n    Collection name\n    \n          2024903_EuropeanaPhotography_KULeuven_1010\n        \n    First time published on Europeana\n    \n          2021-01-14T12:53:31.782Z\n        \n    Last time updated from providing institution\n    \n          2022-05-16T07:59:42.490Z\n         "}]