[{"url": "https://www.europeana.eu/en/item/2051943/data_euscreenXL_EUS_30C938C580004DDA9DA5CA80F0D91384", "metadata": {"og:locale": "en_GB", "og:locale:alternate": "sv_SE", "og:url": "https://www.europeana.eu/en/item/2051943/data_euscreenXL_EUS_30C938C580004DDA9DA5CA80F0D91384", "og:title": "From the life of his royal highness King Boudewijn", "og:description": "In 1953 King Boudewijn visited the flooded area in The Netherlands. After the mining incident in Marcinelle on 08-08-1956 Boudewijn also brings this area a visit", "og:type": "article", "og:image": "https://api.europeana.eu/thumbnail/v3/400/5958a3c50434aa941d175ded8aa2fe6b"}, "text": " \n    Publisher\n    \n          NIET VAN TOEPASSING\n        \n    Subject\n    \n          Disasters\n        \n          begrafenissen\n        \n          huwelijken\n        \n          inhuldigingen\n        \n          intochten\n        \n          koninklijke bezoeken\n        \n          luchtopnamen\n        \n          mijnongevallen\n        \n          monarchie\n        \n          \u2026\n        \n    Industrial Accidents\n  \n    Type of item\n    \n          ITEM\n        \n          Factual\n          \n    Publisher\n    \n          NIET VAN TOEPASSING\n        \n    Subject\n    \n          Disasters\n        \n          begrafenissen\n        \n          huwelijken\n        \n          inhuldigingen\n        \n          intochten\n        \n          koninklijke bezoeken\n        \n          luchtopnamen\n        \n          mijnongevallen\n        \n          monarchie\n        \n          \u2026\n        \n    Industrial Accidents\n  \n    Type of item\n    \n          ITEM\n        \n          Factual\n        \n    Providing institution\n    \n    Netherlands Institute for Sound & Vision\n  \n    Aggregator\n    \n    EUscreen\n  \n    Rights statement for the media in this item (unless otherwise specified)\n    \n          http://rightsstatements.org/vocab/InC/1.0/\n        \n    Rights\n    \n          For information on the use of archive material, please contact the Customer Service department of the Netherlands Institute for Sound & Vision: [email\u00a0protected].\n        \n    Creation date\n    \n          1960\n        \n    1960\n  \n    Issue date\n    \n          01/01/1960\n        \n    1960-01-01\n  \n    Places\n    \n          Belgium\n        \n          Netherlands\n        \n          Congo\n        \n          \u2026\n        \n    Netherlands\n  \n    West Flanders\n  \n    Laeken - Laken\n  \n    Democratic Republic of the Congo\n  \n    Marcinelle\n  \n    Belgium\n  \n    Belgium\n  \n    Identifier\n    \n          expressie_id:#430247#\n        \n          http://mint-projects.image.ntua.gr/data/euscreenXL/EUS_30C938C580004DDA9DA5CA80F0D91384\n        \n    Extent\n    \n          00:11:44\n        \n    Format\n    \n          ASPECT RATIO: 4:3\n        \n          Black & White\n        \n          Stereo\n        \n          VIDEO\n        \n    Language\n    \n          Dutch; Flemish\n        \n          vls\n        \n          nld\n        \n    Is part of\n    \n          Europeana XX: Century of Change\n        \n    Year\n    \n          1960\n        \n    Providing country\n    \n          Europe\n        \n    Collection name\n    \n          2051943_Ag_EU_OldEUscreen_1025\n        \n    First time published on Europeana\n    \n          2023-07-27T14:19:15.224Z\n        \n    Last time updated from providing institution\n    \n          2023-07-27T14:19:15.224Z\n          "}]