[{"url": "https://www.europeana.eu/en/item/2048001/AP_10141949", "metadata": {"og:locale": "en_GB", "og:locale:alternate": "sv_SE", "og:description": "Europeana", "og:url": "https://www.europeana.eu/en/item/2048001/AP_10141949", "og:title": "Leopold I te paard", "og:type": "article", "og:image": "https://api.europeana.eu/thumbnail/v3/400/53baa303896f5ff78789277ae7e84389"}, "text": " \n    Creator\n    \n          Georgin\n        \n    Subject\n    \n    Equestrian\n  \n    Pommel horse\n  \n    Type of item\n    \n    Print\n  \n    Date\n    \n          post quem\u00a01830/1900\n        \n    Medium\n    \n    Paper\n    \n    Creator\n    \n          Georgin\n        \n    Subject\n    \n    Equestrian\n  \n    Pommel horse\n  \n    Type of item\n    \n    Print\n  \n    Date\n    \n          post quem\u00a01830/1900\n        \n    Medium\n    \n    Paper\n  \n    Providing institution\n    \n    Koninklijk Instituut voor het Kunstpatrimonium\n  \n    Aggregator\n    \n    MUSEU\n  \n    Rights statement for the media in this item (unless otherwise specified)\n    \n          http://creativecommons.org/licenses/by-nc-sa/3.0/\n        \n    Rights\n    \n          \u00a9 KIK-IRPA, Brussels (Belgium)\n        \n    Places\n    \n    City of Brussels\n  \n    Brussels-Capital Region\n  \n    Br\u00fcssel (Hergestellt)\n  \n    Provenance\n    \n          Photo: Royal Institute for Cultural Heritage (KIK-IRPA), Brussels (Belgium)\n        \n    Identifier\n    \n          AP_10141949\n        \n          [KIK-IRPA n\u00b0 143723]\n        \n          AP_10141949\n        \n    Extent\n    \n          hoogte: 480 mm\n        \n          breedte: 350 mm\n        \n    Format\n    \n          gegraveerd kleuren\n        \n    Providing country\n    \n          Belgium\n        \n    Collection name\n    \n          2048001_Ag_EU_AthenaPlus_KIK_IRPA\n        \n    First time published on Europeana\n    \n          2022-10-11T07:58:02.251Z\n        \n    Last time updated from providing institution\n    \n          2022-10-11T07:58:02.251Z\n          "}]