[{"url": "https://www.europeana.eu/en/item/2048001/AP_10379483", "metadata": {"og:locale": "en_GB", "og:locale:alternate": "sv_SE", "og:description": "Europeana", "og:url": "https://www.europeana.eu/en/item/2048001/AP_10379483", "og:title": "Koning Leopold II en prins Albert I", "og:type": "article", "og:image": "https://api.europeana.eu/thumbnail/v3/400/efe32b92699e755b1c8fcc3c67f06985"}, "text": " \n    Creator\n    \n          Hersleven, Jacques\n        \n    Subject\n    \n          koning\n        \n          prins\n        \n          Leopold II[Belgi\u00eb-koning]\n        \n          Albert I[Belgi\u00eb-koning]\n        \n    Type of item\n    \n    black-and-white prints (prints on paper)\n  \n    Date\n    \n          ca.\u00a01930/1930\n        \n    1930~/1930~\n  \n    1930~/1930~\n    \n    Creator\n    \n          Hersleven, Jacques\n        \n    Subject\n    \n          koning\n        \n          prins\n        \n          Leopold II[Belgi\u00eb-koning]\n        \n          Albert I[Belgi\u00eb-koning]\n        \n    Type of item\n    \n    black-and-white prints (prints on paper)\n  \n    Date\n    \n          ca.\u00a01930/1930\n        \n    1930~/1930~\n  \n    1930~/1930~\n  \n    Providing institution\n    \n    Koninklijk Instituut voor het Kunstpatrimonium\n  \n    Aggregator\n    \n    MUSEU\n  \n    Rights statement for the media in this item (unless otherwise specified)\n    \n          http://creativecommons.org/licenses/by-nc-sa/3.0/\n        \n    Rights\n    \n          \u00a9 KIK-IRPA, Brussels (Belgium)\n        \n    Places\n    \n    City of Brussels\n  \n    Brussels-Capital Region\n  \n    Br\u00fcssel (Hergestellt)\n  \n    Provenance\n    \n          Photo: Royal Institute for Cultural Heritage (KIK-IRPA), Brussels (Belgium)\n        \n    Identifier\n    \n          AP_10379483\n        \n          [KIK-IRPA n\u00b0 30005247]\n        \n          AP_10379483\n        \n    Providing country\n    \n          Belgium\n        \n    Collection name\n    \n          2048001_Ag_EU_AthenaPlus_KIK_IRPA\n        \n    First time published on Europeana\n    \n          2022-10-11T07:58:02.251Z\n        \n    Last time updated from providing institution\n    \n          2022-10-11T07:58:02.251Z\n          "}]