[{"url": "https://www.europeana.eu/en/item/0940429/_nhtSx4z", "metadata": {"og:locale": "en_GB", "og:locale:alternate": "sv_SE", "og:url": "https://www.europeana.eu/en/item/0940429/_nhtSx4z", "og:title": "Leopold II Koburg", "og:description": "(1835-1909), kr\u00f3l Belg\u00f3w od 1865. Popiersie \u00be w l., w mundurze galowym w czapce. T\u0142o neutralne, retuszowane. Karta pocztowa (13,5x9,0) w oprawie dawnej Biblioteki Miejskiej (38,5x21,0). W dolnej cz\u0119\u015bci napis z neg: S.M. Leopold II, Roi des Belges. Na odwrociu nadruk: Dobrecourt, G. Cailliau Succr, Bruxelles. / Reproduction interdite. Na oprawie STBB odr\u0119cznie: L / R 973/29 n. IV B. 17. / Belgien, poni\u017cej piecz\u0119\u0107: Portr.-Slg i odr\u0119cznie: IV / B 340.", "og:type": "article", "og:image": "https://api.europeana.eu/thumbnail/v3/400/b5a69803b028cf8904bbdd6127a41ace"}, "text": " \n    Subject\n    \n          photography\n        \n          manuscripts\n        \n          Belgian photography\n        \n          postcard publishers\n        \n          portrait\n        \n          men\n        \n          bust\n        \n          clothing\n        \n          military uniform\n        \n          hairstyle\n        \n          \u2026\n        \n    Photography genre\n  \n    Portrait\n  \n    Hairstyle\n  \n    Manuscript\n  \n    Type of item\n    \n    Photograph\n  \n    Manuscript\n  \n    Date\n    \n          1909.12.31\n        \n          ... - 1910.12.31\n        \n    1909-12-31\n  \n    #timeSpanOf:nhtSx4z_1\n  \n    #timeSpanOf:nhtSx4z_2\n    \n    Subject\n    \n          photography\n        \n          manuscripts\n        \n          Belgian photography\n        \n          postcard publishers\n        \n          portrait\n        \n          men\n        \n          bust\n        \n          clothing\n        \n          military uniform\n        \n          hairstyle\n        \n          \u2026\n        \n    Photography genre\n  \n    Portrait\n  \n    Hairstyle\n  \n    Manuscript\n  \n    Type of item\n    \n    Photograph\n  \n    Manuscript\n  \n    Date\n    \n          1909.12.31\n        \n          ... - 1910.12.31\n        \n    1909-12-31\n  \n    #timeSpanOf:nhtSx4z_1\n  \n    #timeSpanOf:nhtSx4z_2\n  \n    Providing institution\n    \n    Biblioteka Uniwersytecka we Wroc\u0142awiu\n  \n    Aggregator\n    \n    Federacja Bibliotek Cyfrowych\n  \n    Rights statement for the media in this item (unless otherwise specified)\n    \n          http://creativecommons.org/publicdomain/mark/1.0/\n        \n    Rights\n    \n          Publicly available without restrictions\n        \n          Public Domain Mark 1.0\n        \n          https://creativecommons.org/publicdomain/mark/1.0/deed.en\n        \n    Current location\n    \n          BUWr Oddzia\u0142 Zbior\u00f3w Graficznych\n        \n    Source\n    \n          Inw. fot. 3801\n        \n    Identifier\n    \n          #nhtSx4z\n        \n    Language\n    \n          fra\n        \n          deu\n        \n          deu\n        \n          fra\n        \n    Is part of\n    \n          Zbi\u00f3r portret\u00f3w dawnej Biblioteki Miejskiej we Wroc\u0142awiu\n        \n    Providing country\n    \n          Poland\n        \n    Collection name\n    \n          0940429_Biblioteka_Cyfrowa_Uniwersytetu_Wroclawskiego\n        \n    First time published on Europeana\n    \n          2021-11-23T13:45:08.899Z\n        \n    Last time updated from providing institution\n    \n          2022-05-19T07:48:08.031Z\n         "}]