[{"url": "https://www.europeana.eu/en/item/03919/public_mistral_joconde_fr_ACTION_CHERCHER_FIELD_1_REF_VALUE_1_50350230052", "metadata": {"og:locale": "en_GB", "og:locale:alternate": "sv_SE", "og:description": "Europeana", "og:url": "https://www.europeana.eu/en/item/03919/public_mistral_joconde_fr_ACTION_CHERCHER_FIELD_1_REF_VALUE_1_50350230052", "og:title": "Lettre du roi L\u00e9opold II de Belgique", "og:type": "article", "og:image": "https://api.europeana.eu/thumbnail/v3/400/fbbfecb7b8cffc8e555f17608e5709df"}, "text": " \n    Subject\n    \n    Drawing\n  \n    Type of item\n    \n    Drawing\n    \n    Subject\n    \n    Drawing\n  \n    Type of item\n    \n    Drawing\n  \n    Providing institution\n    \n    Ministry of Culture\n  \n    Aggregator\n    \n    Moteur Collections\n  \n    Rights statement for the media in this item (unless otherwise specified)\n    \n          http://rightsstatements.org/vocab/InC/1.0/\n        \n    Rights\n    \n          \u00a9 mus\u00e9e du Louvre d\u00e9partement des Arts graphiques, \u00a9 Direction des Mus\u00e9es de France, 1995\n        \n          Photo : \u00a9 R\u00e9union des mus\u00e9es nationaux - utilisation soumise \u00e0 autorisation\n        \n    Providing country\n    \n          France\n        \n    Collection name\n    \n          03919_Ag_FR_MCC_JOCONDE_IMAGE\n        \n    First time published on Europeana\n    \n          2016-11-02T19:26:32.995Z\n        \n    Last time updated from providing institution\n    \n          2017-04-28T15:10:46.000Z\n         "}]