[{"url": "https://www.europeana.eu/en/item/2024903/photography_ProvidedCHO_KU_Leuven_9983090080101488", "metadata": {"og:locale": "en_GB", "og:locale:alternate": "sv_SE", "og:url": "https://www.europeana.eu/en/item/2024903/photography_ProvidedCHO_KU_Leuven_9983090080101488", "og:title": "Louise-Marie-d'Orl\u00e9ans", "og:description": "Inscriptions and textual elements: Dopter \u00e0 Paris. Inscriptions and textual elements: LOUISE-MARIE-D'ORL\u00c9ANS, / Reine des Belges. / N\u00e9e \u00e0 Palerme le 3 Avril 1812, / Morte \u00e0 Ostende / le 11 Octobre 1850. Inscriptions and textual elements: \u00e0 Paris chez Dopter. Editeur, rue de la Harpe 58. D\u00e9pos\u00e9.", "og:type": "article", "og:image": "https://api.europeana.eu/thumbnail/v3/400/c57581512362c7638ad88b4d17c776ae"}, "text": " \n    Creator\n    \n          Dopter\n        \n    Publisher\n    \n          Dopter\n        \n    Subject\n    \n          Portraits\n        \n          Louise-Marie Th\u00e9r\u00e8se Charlotte Isabelle d'Orl\u00e9ans, Queen of Belgium\n        \n    Type of item\n    \n          Graphic\n        \n          engraving\n        \n          etching\n        \n    engravings (prints)\n  \n    etchings (prints)\n  \n    Date\n    \n          18XX\n        \n    18XX\n    \n    Creator\n    \n          Dopter\n        \n    Publisher\n    \n          Dopter\n        \n    Subject\n    \n          Portraits\n        \n          Louise-Marie Th\u00e9r\u00e8se Charlotte Isabelle d'Orl\u00e9ans, Queen of Belgium\n        \n    Type of item\n    \n          Graphic\n        \n          engraving\n        \n          etching\n        \n    engravings (prints)\n  \n    etchings (prints)\n  \n    Date\n    \n          18XX\n        \n    18XX\n  \n    Providing institution\n    \n    Katholieke Universiteit Leuven\n  \n    Aggregator\n    \n    PHOTOCONSORTIUM\n  \n    Rights statement for the media in this item (unless otherwise specified)\n    \n          http://creativecommons.org/publicdomain/mark/1.0/\n        \n    Identifier\n    \n          http://mint-projects.image.ntua.gr/photography/ProvidedCHO/KU Leuven/9983090080101488\n        \n          9983090080101488\n        \n    Extent\n    \n          52 x 40 mm\n        \n    Format\n    \n          still image\n        \n          card\n        \n    Is part of\n    \n          Europeana XX: Century of Change\n        \n    Providing country\n    \n          Belgium\n        \n    Collection name\n    \n          2024903_EuropeanaPhotography_KULeuven_1010\n        \n    First time published on Europeana\n    \n          2021-01-14T12:53:31.782Z\n        \n    Last time updated from providing institution\n    \n          2022-05-16T07:59:42.490Z\n         "}]