[{"url": "https://www.europeana.eu/en/item/2058628/KF_objecten_13523837269441462046446", "metadata": {"og:locale": "en_GB", "og:locale:alternate": "sv_SE", "og:url": "https://www.europeana.eu/en/item/2058628/KF_objecten_13523837269441462046446", "og:title": "Nr. 61 - Dood van Leopold I.", "og:description": "Didactisch materiaal voor de geschiedenislessen", "og:type": "article", "og:image": "https://api.europeana.eu/thumbnail/v3/400/708e05afab5dd91c641fdedfd6ca33a5"}, "text": " \n    Type of item\n    \n          schoolplaten\n        \n    Medium\n    \n    Linen\n  \n    linen (material)\n    \n    Type of item\n    \n          schoolplaten\n        \n    Medium\n    \n    Linen\n  \n    linen (material)\n  \n    Providing institution\n    \n    Geschied- en Heemkundige Kring Elen, Dilsen-Stokkem\n  \n    Aggregator\n    \n    Erfgoedplus.be\n  \n    Intermediate provider\n    \n    LoCloud\n  \n    Rights statement for the media in this item (unless otherwise specified)\n    \n          http://creativecommons.org/licenses/by-nc-sa/4.0/\n        \n    Current location\n    \n          Geschied- en Heemkundige Kring Eelen\n        \n    Identifier\n    \n          KF.objecten.13523837269441462046446\n        \n    Extent\n    \n          breedte: 88 cm; hoogte: 60 cm\n        \n    Providing country\n    \n          Belgium\n        \n    Collection name\n    \n          2058628_Erfgoedplus_be_Erfgoedregister\n        \n    First time published on Europeana\n    \n          2015-12-07T13:06:49.193Z\n        \n    Last time updated from providing institution\n    \n          2020-01-29T12:36:42.580Z\n         "}]