[{"url": "https://www.europeana.eu/en/item/2024903/photography_ProvidedCHO_KU_Leuven_9983808530101488", "metadata": {"og:locale": "en_GB", "og:locale:alternate": "sv_SE", "og:url": "https://www.europeana.eu/en/item/2024903/photography_ProvidedCHO_KU_Leuven_9983808530101488", "og:title": "Marie-Henriette", "og:description": "Inscriptions and textual elements: PUBLI\u00c9 PAR I. DOSSERAY. Inscriptions and textual elements: LITH I. VANHECKE, BRUXS. Inscriptions and textual elements: S.M. MARIE-HENRIETTE / REINE DES BELGES.", "og:type": "article", "og:image": "https://api.europeana.eu/thumbnail/v3/400/11779d51954d5257775068748b0df0dc"}, "text": " \n    Creator\n    \n          I. van Hecke\n        \n    Publisher\n    \n          I. Dosseray\n        \n    Subject\n    \n          Portraits\n        \n          Marie Henriette, Queen of Belgium\n        \n    Type of item\n    \n          Graphic\n        \n          lithograph\n        \n    lithographs\n  \n    Date\n    \n          18XX/19XX\n        \n    18XX/19XX\n    \n    Creator\n    \n          I. van Hecke\n        \n    Publisher\n    \n          I. Dosseray\n        \n    Subject\n    \n          Portraits\n        \n          Marie Henriette, Queen of Belgium\n        \n    Type of item\n    \n          Graphic\n        \n          lithograph\n        \n    lithographs\n  \n    Date\n    \n          18XX/19XX\n        \n    18XX/19XX\n  \n    Providing institution\n    \n    Catholic University of Leuven\n  \n    Aggregator\n    \n    PHOTOCONSORTIUM\n  \n    Rights statement for the media in this item (unless otherwise specified)\n    \n          http://creativecommons.org/publicdomain/mark/1.0/\n        \n    Identifier\n    \n          9983808530101488\n        \n          http://mint-projects.image.ntua.gr/photography/ProvidedCHO/KU Leuven/9983808530101488\n        \n    Extent\n    \n          408 x 325 mm\n        \n    Format\n    \n          still image\n        \n          card\n        \n    Is part of\n    \n          Europeana XX: Century of Change\n        \n    Providing country\n    \n          Belgium\n        \n    Collection name\n    \n          2024903_EuropeanaPhotography_KULeuven_1010\n        \n    First time published on Europeana\n    \n          2021-01-14T12:53:31.782Z\n        \n    Last time updated from providing institution\n    \n          2022-05-16T07:59:42.490Z\n         "}]