[{"url": "https://www.europeana.eu/en/item/2048001/AP_10368448", "metadata": {"og:locale": "en_GB", "og:locale:alternate": "sv_SE", "og:description": "Europeana", "og:url": "https://www.europeana.eu/en/item/2048001/AP_10368448", "og:title": "Buste du roi L\u00e9opold II (1835-1909)", "og:type": "article", "og:image": "https://api.europeana.eu/thumbnail/v3/400/01501fc0ddafa40a7a1de78ae8eda2cc"}, "text": " \n    Creator\n    \n          Vin\u00e7otte, Thomas\n        \n    Subject\n    \n          personne\n        \n          insigne honorifique\n        \n          [inv. n\u00b0 3786]\n        \n          L\u00e9opold II[Belgique-roi]\n        \n    Type of item\n    \n          portrait[sculpture]\n        \n          buste[ronde-bosse]\n        \n          Sculpture, Marbre\n        \n    Date\n    \n          ca\u00a01900/1900\n        \n    1900~/1900~\n  \n    1900~/1900~\n  \n    Medium\n    \n    Marble\n    \n    Creator\n    \n          Vin\u00e7otte, Thomas\n        \n    Subject\n    \n          personne\n        \n          insigne honorifique\n        \n          [inv. n\u00b0 3786]\n        \n          L\u00e9opold II[Belgique-roi]\n        \n    Type of item\n    \n          portrait[sculpture]\n        \n          buste[ronde-bosse]\n        \n          Sculpture, Marbre\n        \n    Date\n    \n          ca\u00a01900/1900\n        \n    1900~/1900~\n  \n    1900~/1900~\n  \n    Medium\n    \n    Marble\n  \n    Providing institution\n    \n    Royal Institute for Cultural Heritage\n  \n    Aggregator\n    \n    MUSEU\n  \n    Rights statement for the media in this item (unless otherwise specified)\n    \n          http://creativecommons.org/licenses/by-nc-sa/3.0/\n        \n    Rights\n    \n          \u00a9 KIK-IRPA, Brussels (Belgium)\n        \n    Places\n    \n    Br\u00fcssel (Hergestellt)\n  \n    City of Brussels\n  \n    Brussels-Capital Region\n  \n    Provenance\n    \n          Photo: Royal Institute for Cultural Heritage (KIK-IRPA), Brussels (Belgium)\n        \n    Identifier\n    \n          [KIK-IRPA n\u00b0 20059821]\n        \n          AP_10368448\n        \n          AP_10368448\n        \n    Extent\n    \n          hauteur: 78.5 cm\n        \n          largeur: 61.5 cm\n        \n          profondeur: 40 cm\n        \n    Format\n    \n          sculpting\n        \n    sculpting\n  \n    Art of sculpture\n  \n    Providing country\n    \n          Belgium\n        \n    Collection name\n    \n          2048001_Ag_EU_AthenaPlus_KIK_IRPA\n        \n    First time published on Europeana\n    \n          2022-10-11T07:58:02.251Z\n        \n    Last time updated from providing institution\n    \n          2022-10-11T07:58:02.251Z\n          "}]