[{"url": "https://www.europeana.eu/en/item/2048202/europeana_fashion_DE_MUS_018313_1944189", "metadata": {"og:locale": "en_GB", "og:locale:alternate": "sv_SE", "og:url": "https://www.europeana.eu/en/item/2048202/europeana_fashion_DE_MUS_018313_1944189", "og:title": "Accession of Leopold I of Belgium in Brussels", "og:description": "colored lithograph", "og:type": "article", "og:image": "https://api.europeana.eu/thumbnail/v3/400/f4abdc9a123d64f8f61027f197c56a4a"}, "text": " \n    Creator\n    \n          Unbekannter K\u00fcnstler\n        \n    Type of item\n    \n          Object Type: print\n        \n    Print\n  \n    print by technique\n  \n    Date\n    \n    1831\n    \n    Creator\n    \n          Unbekannter K\u00fcnstler\n        \n    Type of item\n    \n          Object Type: print\n        \n    Print\n  \n    print by technique\n  \n    Date\n    \n    1831\n  \n    Providing institution\n    \n    Kunstbibliothek, Staatliche Museen zu Berlin\n  \n    Aggregator\n    \n    European Fashion Heritage Association\n  \n    Rights statement for the media in this item (unless otherwise specified)\n    \n          http://creativecommons.org/licenses/by-nc-sa/4.0/\n        \n    Rights\n    \n          Anna Russ\n        \n          Kunstbibliothek, Staatliche Museen zu Berlin\n        \n    Creation date\n    \n    1831\n  \n    Identifier\n    \n          http://mint-projects.image.ntua.gr/europeana-fashion/DE-MUS-018313/1944189\n        \n          14135624\n        \n    Extent\n    \n          Blattma\u00df: 70,4 x 55,6 cm\n        \n    Language\n    \n          deu\n        \n          de\n        \n    Is part of\n    \n          Europeana XX: Century of Change\n        \n    Year\n    \n          1831\n        \n    Providing country\n    \n          Germany\n        \n    Collection name\n    \n          2048202_EuropeanaFashion_1004\n        \n    First time published on Europeana\n    \n          2020-04-09T07:15:20.442Z\n        \n    Last time updated from providing institution\n    \n          2021-10-13T06:33:19.195Z\n         "}]