[{"url": "https://www.europeana.eu/en/item/2048001/AP_10386512", "metadata": {"og:locale": "en_GB", "og:locale:alternate": "sv_SE", "og:description": "Europeana", "og:url": "https://www.europeana.eu/en/item/2048001/AP_10386512", "og:title": "Visite officielle: Doop  van de veerboot \"Prince Baudouin\" op de scheepswerf te Hoboken", "og:type": "article", "og:image": "https://api.europeana.eu/thumbnail/v3/400/8553f81e18cf5ab2772b9bf817c4e8e0"}, "text": " \n    Creator\n    \n          Hersleven, Jacques\n        \n    Subject\n    \n          prinses\n        \n          prins\n        \n          koninklijk bezoek\n        \n          werf[terrein]\n        \n          Hoboken\n        \n          Astrid[Belgi\u00eb - koningin]\n        \n          Jos\u00e9phine Charlotte[Belgi\u00eb-prinses]\n        \n          Boudewijn I[Belgi\u00eb-koning]\n        \n    Type of item\n    \n    black-and-white prints (prints on paper)\n  \n    Date\n    \n          \u00a01933/1933\n        \n    1933/1933\n  \n    1933/1933\n    \n    Creator\n    \n          Hersleven, Jacques\n        \n    Subject\n    \n          prinses\n        \n          prins\n        \n          koninklijk bezoek\n        \n          werf[terrein]\n        \n          Hoboken\n        \n          Astrid[Belgi\u00eb - koningin]\n        \n          Jos\u00e9phine Charlotte[Belgi\u00eb-prinses]\n        \n          Boudewijn I[Belgi\u00eb-koning]\n        \n    Type of item\n    \n    black-and-white prints (prints on paper)\n  \n    Date\n    \n          \u00a01933/1933\n        \n    1933/1933\n  \n    1933/1933\n  \n    Providing institution\n    \n    Royal Institute for Cultural Heritage\n  \n    Aggregator\n    \n    MUSEU\n  \n    Rights statement for the media in this item (unless otherwise specified)\n    \n          http://creativecommons.org/licenses/by-nc-sa/3.0/\n        \n    Rights\n    \n          \u00a9 KIK-IRPA, Brussels (Belgium)\n        \n    Places\n    \n    Br\u00fcssel (Hergestellt)\n  \n    City of Brussels\n  \n    Brussels-Capital Region\n  \n    Provenance\n    \n          Photo: Royal Institute for Cultural Heritage (KIK-IRPA), Brussels (Belgium)\n        \n    Identifier\n    \n          [KIK-IRPA n\u00b0 30012342]\n        \n          AP_10386512\n        \n          AP_10386512\n        \n    Providing country\n    \n          Belgium\n        \n    Collection name\n    \n          2048001_Ag_EU_AthenaPlus_KIK_IRPA\n        \n    First time published on Europeana\n    \n          2022-10-11T07:58:02.251Z\n        \n    Last time updated from providing institution\n    \n          2022-10-11T07:58:02.251Z\n          "}]