[{"url": "https://www.europeana.eu/en/item/180/10622_D4DE644E_65B1_41CB_8447_14DF07B0D026_cho", "metadata": {"og:locale": "en_GB", "og:locale:alternate": "sv_SE", "og:description": "Europeana", "og:url": "https://www.europeana.eu/en/item/180/10622_D4DE644E_65B1_41CB_8447_14DF07B0D026_cho", "og:title": "Leopold handhaaft de waardigheid en de eer van zijn huis", "og:type": "article", "og:image": "https://api.europeana.eu/thumbnail/v3/400/7d91bf232fe7c8f6ad211790d4383438"}, "text": " \n    Creator\n    \n          Hahn, Albert\n        \n    Publisher\n    \n          Zondagsblad van het volk.\n        \n    Subject\n    \n          Monarchy\n        \n          Caricature\n        \n    Type of item\n    \n          Photocopy\n        \n          Print\n        \n    Print\n    \n    Creator\n    \n          Hahn, Albert\n        \n    Publisher\n    \n          Zondagsblad van het volk.\n        \n    Subject\n    \n          Monarchy\n        \n          Caricature\n        \n    Type of item\n    \n          Photocopy\n        \n          Print\n        \n    Print\n  \n    Providing institution\n    \n    International Institute of Social History\n  \n    Aggregator\n    \n    International Association of Labour History Institutions\n  \n    Rights statement for the media in this item (unless otherwise specified)\n    \n          http://creativecommons.org/publicdomain/mark/1.0/\n        \n    Issue date\n    \n          1904, 13 maart\n        \n    Temporal\n    \n          1904-1904\n        \n    1904/1904\n  \n    Places\n    \n          Belgium\n        \n    Belgium\n  \n    Identifier\n    \n          930190\n        \n          http://hdl.handle.net/10622/D4DE644E-65B1-41CB-8447-14DF07B0D026#cho\n        \n    Extent\n    \n          11x10.5 cm\n        \n    Language\n    \n          nl\n        \n          nld\n        \n    Providing country\n    \n          Netherlands\n        \n    Collection name\n    \n          180_IALHI_antifa\n        \n    First time published on Europeana\n    \n          2020-03-31T12:04:57.526Z\n        \n    Last time updated from providing institution\n    \n          2020-03-31T12:04:57.526Z\n          "}]