[{"url": "https://www.europeana.eu/en/item/495/item_4P53QNGROZ7XIA6H7ZR36PDBPYILIMRM", "metadata": {"og:locale": "en_GB", "og:locale:alternate": "sv_SE", "og:description": "Europeana", "og:url": "https://www.europeana.eu/en/item/495/item_4P53QNGROZ7XIA6H7ZR36PDBPYILIMRM", "og:title": "Leopold I souverainer F\u00fcrst von Griechenland", "og:type": "article", "og:image": "https://api.europeana.eu/thumbnail/v3/400/d3c70efe9416e8011954b2bf5fa4464c"}, "text": " \n    Contributors\n    \n          Kratz, Carl\n        \n    Creator\n    \n          Kr\u00fcger, Franz\n        \n    Publisher\n    \n          [Darmstadt?]\n        \n    Type of item\n    \n          Abschnitt\n          \n    Contributors\n    \n          Kratz, Carl\n        \n    Creator\n    \n          Kr\u00fcger, Franz\n        \n    Publisher\n    \n          [Darmstadt?]\n        \n    Type of item\n    \n          Abschnitt\n        \n    Providing institution\n    \n    Universit\u00e4ts- und Landesbibliothek Darmstadt\n  \n    Aggregator\n    \n    Deutsche Digitale Bibliothek\n  \n    Intermediate provider\n    \n    Central Directory of Digitised Prints\n  \n    Rights statement for the media in this item (unless otherwise specified)\n    \n          http://creativecommons.org/publicdomain/zero/1.0/\n        \n    Issue date\n    \n          1845 - 1855\n        \n    1845/1855\n  \n    Identifier\n    \n          http://www.deutsche-digitale-bibliothek.de/item/4P53QNGROZ7XIA6H7ZR36PDBPYILIMRM\n        \n          urn:nbn:de:tuda-tudigit-115997\n        \n          doi: 10.25534/tudigit-11599\n        \n          http://www.zvdd.de/object/DE-17/urn:nbn:de:tuda-tudigit-115997/log\n        \n          Universit\u00e4ts- und Landesbibliothek Darmstadt -- his-Port-Sachsen-0054\n        \n    Language\n    \n          deu\n        \n          ger\n        \n    Relations\n    \n          Karten Digitale Sammlungen - Portr\u00e4tsammlung\n        \n    Providing country\n    \n          Germany\n        \n    Collection name\n    \n          495_DDB_darm\n        \n    First time published on Europeana\n    \n          2021-04-19T16:09:49.256Z\n        \n    Last time updated from providing institution\n    \n          2021-04-19T16:09:49.256Z\n         "}]