[{"url": "https://www.europeana.eu/en/item/180/10622_E964FBFC_C6B5_41D6_8127_A89861064CE3_cho", "metadata": {"og:locale": "en_GB", "og:locale:alternate": "sv_SE", "og:description": "Europeana", "og:url": "https://www.europeana.eu/en/item/180/10622_E964FBFC_C6B5_41D6_8127_A89861064CE3_cho", "og:title": "Het ontslag van den Belgischen Minister van Oorlog", "og:type": "article", "og:image": "https://api.europeana.eu/thumbnail/v3/400/3f3b332a5eed96325234c2b0bcb7630d"}, "text": " \n    Creator\n    \n          Braakensiek, Johan\n        \n    Publisher\n    \n          De Amsterdammer.\n        \n    Subject\n    \n          Conscription\n        \n          Caricature\n        \n    Type of item\n    \n          Print\n        \n    Print\n    \n    Creator\n    \n          Braakensiek, Johan\n        \n    Publisher\n    \n          De Amsterdammer.\n        \n    Subject\n    \n          Conscription\n        \n          Caricature\n        \n    Type of item\n    \n          Print\n        \n    Print\n  \n    Providing institution\n    \n    International Institute of Social History\n  \n    Aggregator\n    \n    International Association of Labour History Institutions\n  \n    Rights statement for the media in this item (unless otherwise specified)\n    \n          http://rightsstatements.org/vocab/InC/1.0/\n        \n    Issue date\n    \n          1896, 15 november\n        \n    Temporal\n    \n          1896-1896\n        \n    1896/1896\n  \n    Places\n    \n          Belgium\n        \n    Belgium\n  \n    Identifier\n    \n          930283\n        \n          http://hdl.handle.net/10622/E964FBFC-C6B5-41D6-8127-A89861064CE3#cho\n        \n    Extent\n    \n          44x29.5 cm\n        \n    Language\n    \n          nl\n        \n          nld\n        \n    Providing country\n    \n          Netherlands\n        \n    Collection name\n    \n          180_IALHI_antifa\n        \n    First time published on Europeana\n    \n          2020-03-31T12:04:57.526Z\n        \n    Last time updated from providing institution\n    \n          2020-03-31T12:04:57.526Z\n          "}]