[{"url": "https://www.europeana.eu/en/item/2048001/AP_10349299", "metadata": {"og:locale": "en_GB", "og:locale:alternate": "sv_SE", "og:description": "Europeana", "og:url": "https://www.europeana.eu/en/item/2048001/AP_10349299", "og:title": "Portrait de L\u00e9opold Ier, roi des Belges", "og:type": "article", "og:image": "https://api.europeana.eu/thumbnail/v3/400/97bcdae24ab4527980dc2235e35fbb60"}, "text": " \n    Creator\n    \n          inconnu\n        \n    Subject\n    \n          personne\n        \n          uniforme militaire\n        \n          insigne honorifique\n        \n          \u00e9charpe[insigne]\n        \n          [inv. n\u00b0 549]\n        \n          L\u00e9opold Ier[Belgique-roi]\n        \n    Type of item\n    \n          portrait[peinture]\n        \n          miniature[peinture]\n        \n          Peinture[cat\u00e9gorie]\n        \n    Date\n    \n          \u00a01791/1800\n        \n    1791/1800\n  \n    1791/1800\n  \n    Medium\n    \n    Oil painting\n  \n    Metal\n    \n    Creator\n    \n          inconnu\n        \n    Subject\n    \n          personne\n        \n          uniforme militaire\n        \n          insigne honorifique\n        \n          \u00e9charpe[insigne]\n        \n          [inv. n\u00b0 549]\n        \n          L\u00e9opold Ier[Belgique-roi]\n        \n    Type of item\n    \n          portrait[peinture]\n        \n          miniature[peinture]\n        \n          Peinture[cat\u00e9gorie]\n        \n    Date\n    \n          \u00a01791/1800\n        \n    1791/1800\n  \n    1791/1800\n  \n    Medium\n    \n    Oil painting\n  \n    Metal\n  \n    Providing institution\n    \n    Koninklijk Instituut voor het Kunstpatrimonium\n  \n    Aggregator\n    \n    MUSEU\n  \n    Rights statement for the media in this item (unless otherwise specified)\n    \n          http://creativecommons.org/licenses/by-nc-sa/3.0/\n        \n    Rights\n    \n          \u00a9 KIK-IRPA, Brussels (Belgium)\n        \n    Places\n    \n    City of Brussels\n  \n    Brussels-Capital Region\n  \n    Br\u00fcssel (Hergestellt)\n  \n    Provenance\n    \n          Photo: Royal Institute for Cultural Heritage (KIK-IRPA), Brussels (Belgium)\n        \n    Identifier\n    \n          AP_10349299\n        \n          [KIK-IRPA n\u00b0 20040132]\n        \n          AP_10349299\n        \n    Extent\n    \n          hauteur: 7 cm\n        \n          largeur: 5.5 cm\n        \n    Format\n    \n          painting (image-making)\n        \n    painting (image-making)\n  \n    Providing country\n    \n          Belgium\n        \n    Collection name\n    \n          2048001_Ag_EU_AthenaPlus_KIK_IRPA\n        \n    First time published on Europeana\n    \n          2022-10-11T07:58:02.251Z\n        \n    Last time updated from providing institution\n    \n          2022-10-11T07:58:02.251Z\n          "}]