[{"url": "https://www.europeana.eu/en/item/2058628/KF_objecten_1401191523648_1842019690", "metadata": {"og:locale": "en_GB", "og:locale:alternate": "sv_SE", "og:url": "https://www.europeana.eu/en/item/2058628/KF_objecten_1401191523648_1842019690", "og:title": "61. Dood van Leopold I", "og:description": "Schoolprent over de Belgische geschiedenis, op doek, met 2 houten regels.", "og:type": "article", "og:image": "https://api.europeana.eu/thumbnail/v3/400/20049f1654304da73fca4f45b1b4e1e7"}, "text": " \n    Creator\n    \n          Van Offel, Edmond\n        \n          Aug. Bossaerts & Zoon, Antwerpen\n        \n    Type of item\n    \n    visual aids (education tools)\n  \n    Medium\n    \n    Linen\n  \n    linen (material)\n    \n    Creator\n    \n          Van Offel, Edmond\n        \n          Aug. Bossaerts & Zoon, Antwerpen\n        \n    Type of item\n    \n    visual aids (education tools)\n  \n    Medium\n    \n    Linen\n  \n    linen (material)\n  \n    Providing institution\n    \n    Documentatiecentrum Dr. M. Bussels vzw\n  \n    Aggregator\n    \n    Erfgoedplus.be\n  \n    Intermediate provider\n    \n    LoCloud\n  \n    Rights statement for the media in this item (unless otherwise specified)\n    \n          http://creativecommons.org/licenses/by-nc-sa/4.0/\n        \n    Temporal\n    \n          1925-1931\n        \n    1925/1931\n  \n    Current location\n    \n          Documentatiecentrum Dr. Bussels (Hamont)\n        \n    Identifier\n    \n          KF.objecten.1401191523648-1842019690\n        \n    Extent\n    \n          breedte: 90 cm; hoogte: 60 cm\n        \n    Providing country\n    \n          Belgium\n        \n    Collection name\n    \n          2058628_Erfgoedplus_be_Erfgoedregister\n        \n    First time published on Europeana\n    \n          2015-12-07T13:10:30.016Z\n        \n    Last time updated from providing institution\n    \n          2020-01-29T12:36:42.580Z\n         "}]