[{"url": "https://www.europeana.eu/en/item/2048001/AP_10367362", "metadata": {"og:locale": "en_GB", "og:locale:alternate": "sv_SE", "og:description": "Europeana", "og:url": "https://www.europeana.eu/en/item/2048001/AP_10367362", "og:title": "Portrait en buste de Philippe comte de Flandre, enfant (1837-1905)", "og:type": "article", "og:image": "https://api.europeana.eu/thumbnail/v3/400/323ed53462e0d0885ef770c68b3265d4"}, "text": " \n    Creator\n    \n          Geefs, Guillaume\n        \n    Subject\n    \n          personne\n        \n          enfant\n        \n          [inv. n\u00b0 4912]\n        \n          Philippe[Flandre-comte]\n        \n    Type of item\n    \n          buste[ronde-bosse]\n        \n          portrait[sculpture]\n        \n          Sculpture, Pl\u00e2tre et stuc\n        \n    Date\n    \n          ca\u00a01841/1843\n        \n    1841~/1843~\n  \n    1841~/1843~\n  \n    Medium\n    \n    Plaster\n    \n    Creator\n    \n          Geefs, Guillaume\n        \n    Subject\n    \n          personne\n        \n          enfant\n        \n          [inv. n\u00b0 4912]\n        \n          Philippe[Flandre-comte]\n        \n    Type of item\n    \n          buste[ronde-bosse]\n        \n          portrait[sculpture]\n        \n          Sculpture, Pl\u00e2tre et stuc\n        \n    Date\n    \n          ca\u00a01841/1843\n        \n    1841~/1843~\n  \n    1841~/1843~\n  \n    Medium\n    \n    Plaster\n  \n    Providing institution\n    \n    Koninklijk Instituut voor het Kunstpatrimonium\n  \n    Aggregator\n    \n    MUSEU\n  \n    Rights statement for the media in this item (unless otherwise specified)\n    \n          http://creativecommons.org/licenses/by-nc-sa/3.0/\n        \n    Rights\n    \n          \u00a9 KIK-IRPA, Brussels (Belgium)\n        \n    Places\n    \n    City of Brussels\n  \n    Brussels-Capital Region\n  \n    Br\u00fcssel (Hergestellt)\n  \n    Provenance\n    \n          Photo: Royal Institute for Cultural Heritage (KIK-IRPA), Brussels (Belgium)\n        \n    Identifier\n    \n          AP_10367362\n        \n          [KIK-IRPA n\u00b0 20058727]\n        \n          AP_10367362\n        \n    Extent\n    \n          hauteur: 54 cm\n        \n          largeur: 32.5 cm\n        \n          profondeur: 21.5 cm\n        \n    Format\n    \n          sculpting\n        \n    Art of sculpture\n  \n    sculpting\n  \n    Providing country\n    \n          Belgium\n        \n    Collection name\n    \n          2048001_Ag_EU_AthenaPlus_KIK_IRPA\n        \n    First time published on Europeana\n    \n          2022-10-11T07:58:02.251Z\n        \n    Last time updated from providing institution\n    \n          2022-10-11T07:58:02.251Z\n          "}]