[{"url": "https://www.europeana.eu/en/item/9200518/ark__12148_btv1b531100123", "metadata": {"og:locale": "en_GB", "og:locale:alternate": "sv_SE", "og:url": "https://www.europeana.eu/en/item/9200518/ark__12148_btv1b531100123", "og:title": "Le Roi des Belges [L\u00e9opold II, \u00e0 Chantilly, reproduction partielle d'une photographie prise le 22 mai 1904] : [photographie de presse] / [Agence Rol]", "og:description": "R\u00e9f\u00e9rence bibliographique : Rol, 4132", "og:type": "article", "og:image": "https://api.europeana.eu/thumbnail/v3/400/22a579568046373619dbbcc664e50d08"}, "text": " \n    Creator\n    \n          Agence Rol. Agence photographique\n        \n    Subject\n    \n          L\u00e9opold II (roi des Belges ; 1835-1909)\n        \n          Rois et souverains -- Belgique\n        \n          Hippodromes -- France -- Chantilly (Oise)\n        \n          Chantilly (Oise)\n        \n    Type of item\n    \n          image\n        \n          still image\n        \n          photograph\n        \n    Photograph\n  \n    Date\n    \n          1909\n        \n    1909\n    \n    Creator\n    \n          Agence Rol. Agence photographique\n        \n    Subject\n    \n          L\u00e9opold II (roi des Belges ; 1835-1909)\n        \n          Rois et souverains -- Belgique\n        \n          Hippodromes -- France -- Chantilly (Oise)\n        \n          Chantilly (Oise)\n        \n    Type of item\n    \n          image\n        \n          still image\n        \n          photograph\n        \n    Photograph\n  \n    Date\n    \n          1909\n        \n    1909\n  \n    Providing institution\n    \n    National Library of France\n  \n    Aggregator\n    \n    National Library of France\n  \n    Rights statement for the media in this item (unless otherwise specified)\n    \n          http://rightsstatements.org/vocab/NoC-OKLR/1.0/\n        \n    Rights\n    \n          http://gallica.bnf.fr/html/conditions-dutilisation-des-contenus-de-gallica\n        \n    Place-Time\n    \n          1909\n        \n    Source\n    \n          Biblioth\u00e8que nationale de France, d\u00e9partement Estampes et photographie, EI-13 (38)\n        \n    Identifier\n    \n          http://gallica.bnf.fr/ark:/12148/btv1b531100123\n        \n          ark:/12148/btv1b531100123\n        \n    Format\n    \n          1 photogr. n\u00e9g. sur verre ; 13 x 18 cm (sup.)\n        \n          Nombre total de vues : 1\n        \n    Language\n    \n          fra\n        \n          fra\n        \n    Relations\n    \n          Notice du catalogue : http://catalogue.bnf.fr/ark:/12148/cb404599496\n        \n    Year\n    \n          1909\n        \n    Providing country\n    \n          France\n        \n    Collection name\n    \n          9200518_Ag_BnF_Gallica_typedoc_images\n        \n    First time published on Europeana\n    \n          2019-09-02T19:26:33.845Z\n        \n    Last time updated from providing institution\n    \n          2019-09-02T19:26:33.845Z\n         "}]