[{"url": "https://www.europeana.eu/en/item/90402/RP_T_00_3887", "metadata": {"og:locale": "en_GB", "og:locale:alternate": "sv_SE", "og:url": "https://www.europeana.eu/en/item/90402/RP_T_00_3887", "og:title": "Spotprent op koning Leopold I, 1831", "og:description": "Spotprent op de ongelukkige regeerperiode van koning Leopold I in 1831. De koning staande aan de Belgische kust en zwaaiend met de Belgische vlag roept naar Engeland 'Haal Ove...r'. Links zit een vermoeide Belgische kruier met de bagage van de koning.", "og:type": "article", "og:image": "https://api.europeana.eu/thumbnail/v3/400/be11e83f1c87afaee54782a6cb0ebe40"}, "text": " \n    Publisher\n    \n          Rijksmuseum\n        \n    Subject\n    \n          http://iconclass.org/46C512\n        \n          http://iconclass.org/46C5136\n        \n    Belgische Revolutie\n  \n    Leopold I (koning der Belgen)\n  \n    Type of item\n    \n          drawing\n        \n          pen\n        \n          brush\n        \n    Brush\n  \n    Drawing\n  \n    Cartoon\n    \n    Publisher\n    \n          Rijksmuseum\n        \n    Subject\n    \n          http://iconclass.org/46C512\n        \n          http://iconclass.org/46C5136\n        \n    Belgische Revolutie\n  \n    Leopold I (koning der Belgen)\n  \n    Type of item\n    \n          drawing\n        \n          pen\n        \n          brush\n        \n    Brush\n  \n    Drawing\n  \n    Cartoon\n  \n    Providing institution\n    \n    Rijksmuseum\n  \n    Aggregator\n    \n    Rijksmuseum\n  \n    Rights statement for the media in this item (unless otherwise specified)\n    \n          http://creativecommons.org/publicdomain/mark/1.0/\n        \n          http://creativecommons.org/publicdomain/mark/1.0/\n        \n    Rights\n    \n          Public Domain\n        \n          Publiek Domein\n        \n    Creation date\n    \n          1831\n        \n    1831\n  \n    Places\n    \n          Netherlands\n        \n          Nederland\n        \n          urn:rijksmuseum:thesaurus:RM0001.THESAU.17\n        \n    Kingdom of the Netherlands\n  \n    Identifier\n    \n          http://hdl.handle.net/10934/RM0001.COLLECT.541214\n        \n          RP-T-00-3887\n        \n    Extent\n    \n          height\u00a0234\u00a0mm\n        \n          width\u00a0378\u00a0mm\n        \n    Format\n    \n          paper\n        \n    Paper\n  \n    Language\n    \n          nl\n        \n    Is part of\n    \n          collectie: tekeningen\n        \n          collectie: Frederik Muller Historieplaten\n        \n    Is referenced by\n    \n          FMH 6752\u00a0\n        \n          Atlas van Stolk 7100\u00a0\n        \n    Year\n    \n          1831\n        \n    Providing country\n    \n          Netherlands\n        \n    Collection name\n    \n          90402_M_NL_Rijksmuseum\n        \n    First time published on Europeana\n    \n          2014-05-27T19:39:45.164Z\n        \n    Last time updated from providing institution\n    \n          2018-03-17T14:25:12.713Z\n          "}]