[{"url": "https://www.europeana.eu/en/item/709/item_Y3PM3QXPSOFBKGRD26URX7LOMA52KXVD", "metadata": {"og:locale": "en_GB", "og:locale:alternate": "sv_SE", "og:description": "Europeana", "og:url": "https://www.europeana.eu/en/item/709/item_Y3PM3QXPSOFBKGRD26URX7LOMA52KXVD", "og:title": "Bildnis Louise (Marie Th\u00e9r\u00e8se Caroline Isabelle), K\u00f6nigin der Belgier, geb. princesse d'Orl\u00e9ans", "og:type": "article", "og:image": "https://api.europeana.eu/thumbnail/v3/400/1017709d8ab8fff152663438666666ee"}, "text": " \n    Creator\n    \n    August Kneisel\n  \n    C\u00e4cilie Brand\n  \n    Subject\n    \n    Louise, Belgien, Ko\u0308nigin\n  \n    Type of item\n    \n    Print\n  \n    prints (visual works)\n    \n    Creator\n    \n    August Kneisel\n  \n    C\u00e4cilie Brand\n  \n    Subject\n    \n    Louise, Belgien, Ko\u0308nigin\n  \n    Type of item\n    \n    Print\n  \n    prints (visual works)\n  \n    Providing institution\n    \n    Herzog August Bibliothek\n  \n    Aggregator\n    \n    Deutsche Digitale Bibliothek\n  \n    Intermediate provider\n    \n          Digitaler Portraitindex druckgraphischer Bildnisse der Fr\u00fchen Neuzeit\n        \n    Rights statement for the media in this item (unless otherwise specified)\n    \n          http://rightsstatements.org/vocab/InC/1.0/\n        \n    Places\n    \n          Leipzig\n        \n    Current location\n    \n    Wolfenb\u00fcttel\n  \n    Identifier\n    \n          http://www.deutsche-digitale-bibliothek.de/item/Y3PM3QXPSOFBKGRD26URX7LOMA52KXVD\n        \n          A 1286 (Inventarnummer)\n        \n    Extent\n    \n          H\u00f6he x Breite: 249 x 185 mm (Blatt)\n        \n    Format\n    \n    Lithography\n  \n    lithography\n  \n    Providing country\n    \n          Germany\n        \n    Collection name\n    \n          709_DDB_HerzogAugust\n        \n    First time published on Europeana\n    \n          2022-05-17T11:57:19.935Z\n        \n    Last time updated from providing institution\n    \n          2023-03-16T16:03:33.568Z\n         "}]