[{"url": "https://www.europeana.eu/en/item/1075/resource_document_catharijneconvent_OKM_dp8466", "metadata": {"og:locale": "en_GB", "og:locale:alternate": "sv_SE", "og:description": "Europeana", "og:url": "https://www.europeana.eu/en/item/1075/resource_document_catharijneconvent_OKM_dp8466", "og:title": "Ter Christelijke nagedachtenis Louisa... princes van Orleans, echtgenote van Leopold I van Belgi\u00eb", "og:type": "article", "og:image": "https://api.europeana.eu/thumbnail/v3/400/3c0317d2af34db2472f2709a7634a90a"}, "text": " \n    Creator\n    \n          Witz, Josue\n        \n    Type of item\n    \n          devotieprent\n        \n          drukwerk\n        \n          bidprent\n        \n    Printed matter\n  \n    Date\n    \n          1850\n        \n    1850\n  \n    Medium\n    \n          textiel\n        \n          zijde\n        \n    Textile\n  \n    Silk\n    \n    Creator\n    \n          Witz, Josue\n        \n    Type of item\n    \n          devotieprent\n        \n          drukwerk\n        \n          bidprent\n        \n    Printed matter\n  \n    Date\n    \n          1850\n        \n    1850\n  \n    Medium\n    \n          textiel\n        \n          zijde\n        \n    Textile\n  \n    Silk\n  \n    Providing institution\n    \n          Museum Catharijneconvent\n        \n    Aggregator\n    \n    Dutch Collections for Europe\n  \n    Intermediate provider\n    \n    Cultural Heritage Agency of the Netherlands\n  \n    Rights statement for the media in this item (unless otherwise specified)\n    \n          http://rightsstatements.org/vocab/InC/1.0/\n        \n    Creation date\n    \n          1850\n        \n    1850\n  \n    Place-Time\n    \n          Arnhem\n        \n    Identifier\n    \n          OKM dp8466\n        \n          http://data.collectienederland.nl/resource/document/catharijneconvent/OKM-dp8466\n        \n    Extent\n    \n          hoogte 17.4 cm\n        \n          breedte 12.5 cm\n        \n          afmetingen automatisch afgeleid van pixelgrootte afbeelding d.d. 2023-07-18\n        \n    Year\n    \n          1850\n        \n    Providing country\n    \n          Netherlands\n        \n    Collection name\n    \n          1075_Museum_Catharijneconvent\n        \n    First time published on Europeana\n    \n          2024-02-27T13:09:13.244Z\n        \n    Last time updated from providing institution\n    \n          2024-02-27T13:09:13.244Z\n         "}]