[{"url": "https://www.europeana.eu/en/item/03919/public_mistral_joconde_fr_ACTION_CHERCHER_FIELD_1_REF_VALUE_1_50090003828", "metadata": {"og:locale": "en_GB", "og:locale:alternate": "sv_SE", "og:description": "Europeana", "og:url": "https://www.europeana.eu/en/item/03919/public_mistral_joconde_fr_ACTION_CHERCHER_FIELD_1_REF_VALUE_1_50090003828", "og:title": "L\u00e9opold Ier, roi des Belges", "og:type": "article", "og:image": "https://api.europeana.eu/thumbnail/v3/400/4d176ee7d74d3f51d5f35d819d6ffd2b"}, "text": " \n    Subject\n    \n    Print\n  \n    Type of item\n    \n    Print\n    \n    Subject\n    \n    Print\n  \n    Type of item\n    \n    Print\n  \n    Providing institution\n    \n    Ministe\u0300re de la Culture\n  \n    Aggregator\n    \n    Moteur Collections\n  \n    Rights statement for the media in this item (unless otherwise specified)\n    \n          http://rightsstatements.org/vocab/InC/1.0/\n        \n    Rights\n    \n          \u00a9 Compi\u00e8gne, mus\u00e9e national du ch\u00e2teau de Compi\u00e8gne , \u00a9 Direction des mus\u00e9es de France, 2007\n        \n          Photo : \u00a9 mus\u00e9e national du ch\u00e2teau de Compi\u00e8gne\n        \n    Providing country\n    \n          France\n        \n    Collection name\n    \n          03919_Ag_FR_MCC_JOCONDE_IMAGE\n        \n    First time published on Europeana\n    \n          2016-11-02T17:49:25.524Z\n        \n    Last time updated from providing institution\n    \n          2017-04-28T14:46:14.209Z\n         "}]