[{"url": "https://www.europeana.eu/en/item/03919/public_mistral_joconde_fr_ACTION_CHERCHER_FIELD_1_REF_VALUE_1_000PE009510", "metadata": {"og:locale": "en_GB", "og:locale:alternate": "sv_SE", "og:description": "Europeana", "og:url": "https://www.europeana.eu/en/item/03919/public_mistral_joconde_fr_ACTION_CHERCHER_FIELD_1_REF_VALUE_1_000PE009510", "og:title": "tableau ; LOUISE-MARIE-THERESE-CHARLOTTE-ISABELLE D'ORLEANS, REINE DES BELGES (1812-1850)", "og:type": "article", "og:image": "https://api.europeana.eu/thumbnail/v3/400/d70c78b73a2d15809586ff4a0b1f4dda"}, "text": " \n    Subject\n    \n          peinture\n        \n    Type of item\n    \n          peinture\n          \n    Subject\n    \n          peinture\n        \n    Type of item\n    \n          peinture\n        \n    Providing institution\n    \n    Ministe\u0300re de la Culture\n  \n    Aggregator\n    \n    Moteur Collections\n  \n    Rights statement for the media in this item (unless otherwise specified)\n    \n          http://rightsstatements.org/vocab/InC/1.0/\n        \n    Rights\n    \n          \u00a9 Direction des Mus\u00e9es de France, 1986\n        \n          Photo : \u00a9 Arnaudet ; R\u00e9union des mus\u00e9es nationaux - utilisation soumise \u00e0 autorisation\n        \n    Providing country\n    \n          France\n        \n    Collection name\n    \n          03919_Ag_FR_MCC_JOCONDE_IMAGE\n        \n    First time published on Europeana\n    \n          2016-11-02T17:18:30.015Z\n        \n    Last time updated from providing institution\n    \n          2017-04-28T14:40:01.517Z\n         "}]