[{"url": "https://www.europeana.eu/en/item/2024903/photography_ProvidedCHO_KU_Leuven_9988953650101488", "metadata": {"og:locale": "en_GB", "og:locale:alternate": "sv_SE", "og:url": "https://www.europeana.eu/en/item/2024903/photography_ProvidedCHO_KU_Leuven_9988953650101488", "og:title": "Lievin de Winne. Portrait of H.M. Leopold I", "og:description": "KU Leuven. Glass slides art history. Universit\u00e9 de Louvain, between 1839 and 1939. Photographer unknown. Added information on slide. More information about the depicted object: Fabritius (Online catalogue of the Royal Museums of Fine Arts of Belgium in Brussels): inv. nr. 4155. Creation/Building: 1860-1861. Technique/Material: Oil on canvas. Current location: Belgium, Brussels, Royal Museums of Fine Arts of Belgium. EuroPhot. Art History. 19th century. Painting. Portrait. EuroPhot. Art history. 19th century. Paintings. Portrait. EuroPhot. Art History. 19th century. Study. EuroPhot. Art history. 19th century. Study.", "og:type": "article", "og:image": "https://api.europeana.eu/thumbnail/v3/400/06a43794f8820969b9fb1b0d308bf4b7"}, "text": " \n    Creator\n    \n          Lievin De Winne\n        \n    Subject\n    \n          Lievin De Winne\n        \n    Type of item\n    \n          Photography\n        \n          glass slide\n        \n    photographs\n  \n    photography (discipline)\n  \n    gelatin silver transparencies\n  \n    Photography genre\n  \n    Photograph\n  \n    Date\n    \n          1860/1861\n        \n    1860/1861\n    \n    Creator\n    \n          Lievin De Winne\n        \n    Subject\n    \n          Lievin De Winne\n        \n    Type of item\n    \n          Photography\n        \n          glass slide\n        \n    photographs\n  \n    photography (discipline)\n  \n    gelatin silver transparencies\n  \n    Photography genre\n  \n    Photograph\n  \n    Date\n    \n          1860/1861\n        \n    1860/1861\n  \n    Providing institution\n    \n    Catholic University of Leuven\n  \n    Aggregator\n    \n    PHOTOCONSORTIUM\n  \n    Rights statement for the media in this item (unless otherwise specified)\n    \n          http://creativecommons.org/publicdomain/mark/1.0/\n        \n    Creation date\n    \n          1910/1939\n        \n    1910/1939\n  \n    Places\n    \n          Belgi\u00eb, Brussel, Koninklijke Musea voor Schone Kunsten van Belgi\u00eb\n        \n    Identifier\n    \n          9988953650101488\n        \n          http://mint-projects.image.ntua.gr/photography/ProvidedCHO/KU Leuven/9988953650101488\n        \n    Extent\n    \n          100 x 85 mm\n        \n    Is part of\n    \n          Europeana XX: Century of Change\n        \n    Providing country\n    \n          Belgium\n        \n    Collection name\n    \n          2024903_EuropeanaPhotography_KULeuven_1010\n        \n    First time published on Europeana\n    \n          2019-10-07T11:00:43.516Z\n        \n    Last time updated from providing institution\n    \n          2022-05-16T07:59:42.490Z\n         "}]