[{"url": "https://www.europeana.eu/en/item/2064108/Museu_ProvidedCHO_Kupferstichkabinett__Staatliche_Museen_zu_Berlin_DE_MUS_018511_1554090", "metadata": {"og:locale": "en_GB", "og:locale:alternate": "sv_SE", "og:description": "Europeana", "og:url": "https://www.europeana.eu/en/item/2064108/Museu_ProvidedCHO_Kupferstichkabinett__Staatliche_Museen_zu_Berlin_DE_MUS_018511_1554090", "og:title": "Leopold I. K\u00f6nig von Belgien", "og:type": "article", "og:image": "https://api.europeana.eu/thumbnail/v3/400/68ba8f28c1830cc83cfa77bea27bfbeb"}, "text": " \n    Creator\n    \n          Samuel Friedrich Diez (19.12.1803 - 11.03.1873, Zeichner)\n        \n    Type of item\n    \n          http://udcdata.info/064676\n        \n    Drawing\n  \n    Medium\n    \n          Bleistift, Pinsel, Tusche\n          \n    Creator\n    \n          Samuel Friedrich Diez (19.12.1803 - 11.03.1873, Zeichner)\n        \n    Type of item\n    \n          http://udcdata.info/064676\n        \n    Drawing\n  \n    Medium\n    \n          Bleistift, Pinsel, Tusche\n        \n    Providing institution\n    \n    Kupferstichkabinett, Staatliche Museen zu Berlin\n  \n    Aggregator\n    \n    MUSEU\n  \n    Intermediate provider\n    \n    Berlin State Museums\n  \n    Rights statement for the media in this item (unless otherwise specified)\n    \n          http://creativecommons.org/licenses/by-nc-sa/3.0/\n        \n    Rights\n    \n          Kupferstichkabinett, Staatliche Museen zu Berlin\n        \n    Creation date\n    \n    1841\n  \n    Current location\n    \n          http://sws.geonames.org/2950159/\n        \n    Provenance\n    \n          Kupferstichkabinett, Staatliche Museen zu Berlin, Berlin\n        \n    Identifier\n    \n          http://mint-projects.image.ntua.gr/Museu/ProvidedCHO/Kupferstichkabinett, Staatliche Museen zu Berlin/DE-MUS-018511/1554090\n        \n          DE-MUS-018511/1554090/2020-05-15_10-15-36\n        \n          SZ Diez 4 (Inventarnummer) |\n        \n          DE-MUS-018511/1554090\n        \n    Extent\n    \n          Blattma\u00df: 45,0 x 35,0 cm\n        \n    Format\n    \n    Drawing\n  \n    Year\n    \n          1841\n        \n    Providing country\n    \n          Germany\n        \n    Collection name\n    \n          2064108_SMB\n        \n    First time published on Europeana\n    \n          2020-08-24T09:45:34.253Z\n        \n    Last time updated from providing institution\n    \n          2020-08-24T09:45:34.253Z\n         "}]