[{"url": "https://www.europeana.eu/en/item/90402/RP_P_OB_88_412", "metadata": {"og:locale": "en_GB", "og:locale:alternate": "sv_SE", "og:url": "https://www.europeana.eu/en/item/90402/RP_P_OB_88_412", "og:title": "Spotprent op de oorlogsverklaring door Nederland aan Belgi\u00eb, 1831", "og:description": "Spotprent op de oorlogsverklaring door Nederland aan Belgi\u00eb met de verwerping van de XVIII artikelen op 28 juli 1831. De Franse, Britse en Belgische koningen proberen tevergeefs de Nederlandse leeuw te ketenen. De keizers van Rusland en Oostenrijk en de koning van Pruisen kijken toe.", "og:type": "article", "og:image": "https://api.europeana.eu/thumbnail/v3/400/d6cfc8d055c69e23b293ddf332f45583"}, "text": " \n    Publisher\n    \n          Rijksmuseum\n        \n    Subject\n    \n    Verdrag der XVIII artikelen\n  \n    Belgische Revolutie\n  \n    Leopold I (koning der Belgen)\n  \n    Type of item\n    \n          print\n        \n    Print\n  \n    Cartoon\n  \n    Lithography\n    \n    Publisher\n    \n          Rijksmuseum\n        \n    Subject\n    \n    Verdrag der XVIII artikelen\n  \n    Belgische Revolutie\n  \n    Leopold I (koning der Belgen)\n  \n    Type of item\n    \n          print\n        \n    Print\n  \n    Cartoon\n  \n    Lithography\n  \n    Providing institution\n    \n    Rijksmuseum\n  \n    Aggregator\n    \n    Rijksmuseum\n  \n    Rights statement for the media in this item (unless otherwise specified)\n    \n          http://creativecommons.org/publicdomain/mark/1.0/\n        \n          http://creativecommons.org/publicdomain/mark/1.0/\n        \n    Rights\n    \n          Public Domain\n        \n          Publiek Domein\n        \n    Creation date\n    \n          1831\n        \n    1831\n  \n    Places\n    \n          Netherlands\n        \n          Nederland\n        \n          urn:rijksmuseum:thesaurus:RM0001.THESAU.17\n        \n    Kingdom of the Netherlands\n  \n    Identifier\n    \n          http://hdl.handle.net/10934/RM0001.COLLECT.539182\n        \n          RP-P-OB-88.412\n        \n    Extent\n    \n          height\u00a0210\u00a0mm\n        \n          width\u00a0338\u00a0mm\n        \n    Format\n    \n          paper\n        \n    Paper\n  \n    Language\n    \n          nl\n        \n    Is part of\n    \n          collectie: prenten\n        \n          collectie: Frederik Muller Historieplaten\n        \n    Is referenced by\n    \n          FMH 6706\u00a0\n        \n          Atlas van Stolk 7038\u00a0\n        \n    Year\n    \n          1831\n        \n    Providing country\n    \n          Netherlands\n        \n    Collection name\n    \n          90402_M_NL_Rijksmuseum\n        \n    First time published on Europeana\n    \n          2014-05-27T19:33:46.756Z\n        \n    Last time updated from providing institution\n    \n          2018-03-17T14:23:41.541Z\n          "}]