[{"url": "https://www.europeana.eu/en/item/2048001/AP_10405722", "metadata": {"og:locale": "en_GB", "og:locale:alternate": "sv_SE", "og:description": "Europeana", "og:url": "https://www.europeana.eu/en/item/2048001/AP_10405722", "og:title": "L\u00e9opold I et sa famille\u00a0Famille royale de Belgique", "og:type": "article", "og:image": "https://api.europeana.eu/thumbnail/v3/400/fb08c90e4278f90cc0a869ef51f9b16a"}, "text": " \n    Creator\n    \n          Leloir, H\u00e9loise\n        \n          Fournier, F\u00e9licien\n        \n    Subject\n    \n          personne\n        \n          L\u00e9opold Ier[Belgique-roi]\n        \n          Louise-Marie d'Orl\u00e9ans[Belgique-reine]\n        \n          L\u00e9opold II, duc de Brabant\n        \n          Philippe de Belgique, comte de Flandre\n        \n          Charlotte de Belgique, duchesse de Saxe\n        \n          roi\n        \n          reine\n        \n          prince\n        \n          princesse\n        \n    Type of item\n    \n          portrait[gravure]\n        \n          Imprim\u00e9, imprim\u00e9\n        \n    Date\n    \n          \u00a01841/1860\n        \n          \u00a0/\n        \n    1841/1860\n  \n    1841/1860\n  \n    Medium\n    \n    Paper\n    \n    Creator\n    \n          Leloir, H\u00e9loise\n        \n          Fournier, F\u00e9licien\n        \n    Subject\n    \n          personne\n        \n          L\u00e9opold Ier[Belgique-roi]\n        \n          Louise-Marie d'Orl\u00e9ans[Belgique-reine]\n        \n          L\u00e9opold II, duc de Brabant\n        \n          Philippe de Belgique, comte de Flandre\n        \n          Charlotte de Belgique, duchesse de Saxe\n        \n          roi\n        \n          reine\n        \n          prince\n        \n          princesse\n        \n    Type of item\n    \n          portrait[gravure]\n        \n          Imprim\u00e9, imprim\u00e9\n        \n    Date\n    \n          \u00a01841/1860\n        \n          \u00a0/\n        \n    1841/1860\n  \n    1841/1860\n  \n    Medium\n    \n    Paper\n  \n    Providing institution\n    \n    Royal Institute for Cultural Heritage\n  \n    Aggregator\n    \n    MUSEU\n  \n    Rights statement for the media in this item (unless otherwise specified)\n    \n          http://creativecommons.org/licenses/by-nc-sa/3.0/\n        \n    Rights\n    \n          \u00a9 KIK-IRPA, Brussels (Belgium)\n        \n    Places\n    \n    Br\u00fcssel (Hergestellt)\n  \n    City of Brussels\n  \n    Brussels-Capital Region\n  \n    Provenance\n    \n          Photo: Royal Institute for Cultural Heritage (KIK-IRPA), Brussels (Belgium)\n        \n    Identifier\n    \n          [KIK-IRPA n\u00b0 11003529]\n        \n          AP_10405722\n        \n          AP_10405722\n        \n    Format\n    \n          technique de gravure\n        \n    Providing country\n    \n          Belgium\n        \n    Collection name\n    \n          2048001_Ag_EU_AthenaPlus_KIK_IRPA\n        \n    First time published on Europeana\n    \n          2022-10-11T07:58:02.251Z\n        \n    Last time updated from providing institution\n    \n          2022-10-11T07:58:02.251Z\n          "}]