[{"url": "https://www.europeana.eu/en/item/2024903/photography_ProvidedCHO_KU_Leuven_9983141600101488", "metadata": {"og:locale": "en_GB", "og:locale:alternate": "sv_SE", "og:url": "https://www.europeana.eu/en/item/2024903/photography_ProvidedCHO_KU_Leuven_9983141600101488", "og:title": "Louise Marie D'Orl\u00e9ans", "og:description": "book illustration. Inscriptions and textual elements: LOUISE MARIE D'ORLEANS REINE DES BELGES/ D\u00c9C\u00c9D\u00c9ES A OOSTENDE LE 11 OCTOBRE 1850. Inscriptions and textual elements: Ses enfants se sont lev\u00e9s pour la proclmaner bienheureuse:/ Sone Epoux s'est joint \u00e0 eux pour la louer./ Prov. XXXI, 28./ Tout le peuple pleura sa mort./ Judith. XVI. 29./ Priez pour l'\u00e2me de feu notre bonne Reine, afin qu'elle re\u00e7oive dans le Ciel/ la r\u00e9compense de sa pi\u00e9t\u00e9 de son in\u00e9puisable bienfaisance et toutes/ les vertus dont pendant 18 ann\u00e9es elle donna l'exemple \u00e0 la Belgique./ Sa mort fut sainte comme sa vie.", "og:type": "article", "og:image": "https://api.europeana.eu/thumbnail/v3/400/2485e97bd2ccc5c868c081f2736a08cb"}, "text": " \n    Subject\n    \n          Portraits\n        \n          Louise-Marie Th\u00e9r\u00e8se Charlotte Isabelle d'Orl\u00e9ans, Queen of Belgium\n        \n    Type of item\n    \n          Graphic\n        \n          steel engraving\n        \n    steel engravings (visual works)\n  \n    Date\n    \n          18XX/19XX\n        \n    18XX/19XX\n    \n    Subject\n    \n          Portraits\n        \n          Louise-Marie Th\u00e9r\u00e8se Charlotte Isabelle d'Orl\u00e9ans, Queen of Belgium\n        \n    Type of item\n    \n          Graphic\n        \n          steel engraving\n        \n    steel engravings (visual works)\n  \n    Date\n    \n          18XX/19XX\n        \n    18XX/19XX\n  \n    Providing institution\n    \n    Katholieke Universiteit Leuven\n  \n    Aggregator\n    \n    PHOTOCONSORTIUM\n  \n    Rights statement for the media in this item (unless otherwise specified)\n    \n          http://creativecommons.org/publicdomain/mark/1.0/\n        \n    Identifier\n    \n          http://mint-projects.image.ntua.gr/photography/ProvidedCHO/KU Leuven/9983141600101488\n        \n          9983141600101488\n        \n    Extent\n    \n          78 x 71 mm\n        \n    Format\n    \n          still image\n        \n          card\n        \n    Is part of\n    \n          Europeana XX: Century of Change\n        \n    Providing country\n    \n          Belgium\n        \n    Collection name\n    \n          2024903_EuropeanaPhotography_KULeuven_1010\n        \n    First time published on Europeana\n    \n          2021-01-14T12:53:31.782Z\n        \n    Last time updated from providing institution\n    \n          2022-05-16T07:59:42.490Z\n         "}]