[{"url": "https://www.europeana.eu/en/item/2024903/photography_ProvidedCHO_KU_Leuven_9983742680101488", "metadata": {"og:locale": "en_GB", "og:locale:alternate": "sv_SE", "og:url": "https://www.europeana.eu/en/item/2024903/photography_ProvidedCHO_KU_Leuven_9983742680101488", "og:title": "S.M. L\u00e9opold II", "og:description": "Inscriptions and textual elements: GVD [monogram]. Inscriptions and textual elements: PUBLI\u00c9 PAR I. DOSSEBAY. Inscriptions and textual elements: LITH I. VANHECKE, BRUX.s. Inscriptions and textual elements: S.M. L\u00c9OPOLD II / ROI DES BELGES.", "og:type": "article", "og:image": "https://api.europeana.eu/thumbnail/v3/400/6b2fbea968d449c0e19c6ac28ef3c2de"}, "text": " \n    Creator\n    \n          G.V.D.\n        \n          I. van Hecke\n        \n    Publisher\n    \n          I. Dosseray\n        \n    Subject\n    \n          Portraits\n        \n          L\u00e9opold II, king of Belgium\n        \n    Type of item\n    \n          Graphic\n        \n          lithograph\n        \n    lithographs\n  \n    Date\n    \n          18XX/19XX\n        \n    18XX/19XX\n    \n    Creator\n    \n          G.V.D.\n        \n          I. van Hecke\n        \n    Publisher\n    \n          I. Dosseray\n        \n    Subject\n    \n          Portraits\n        \n          L\u00e9opold II, king of Belgium\n        \n    Type of item\n    \n          Graphic\n        \n          lithograph\n        \n    lithographs\n  \n    Date\n    \n          18XX/19XX\n        \n    18XX/19XX\n  \n    Providing institution\n    \n    Katholieke Universiteit Leuven\n  \n    Aggregator\n    \n    PHOTOCONSORTIUM\n  \n    Rights statement for the media in this item (unless otherwise specified)\n    \n          http://creativecommons.org/publicdomain/mark/1.0/\n        \n    Identifier\n    \n          http://mint-projects.image.ntua.gr/photography/ProvidedCHO/KU Leuven/9983742680101488\n        \n          9983742680101488\n        \n    Extent\n    \n          446 x 322 mm\n        \n    Format\n    \n          still image\n        \n          card\n        \n    Is part of\n    \n          Europeana XX: Century of Change\n        \n    Providing country\n    \n          Belgium\n        \n    Collection name\n    \n          2024903_EuropeanaPhotography_KULeuven_1010\n        \n    First time published on Europeana\n    \n          2021-01-14T12:53:31.782Z\n        \n    Last time updated from providing institution\n    \n          2022-05-16T07:59:42.490Z\n         "}]