[{"url": "https://www.europeana.eu/en/item/90402/RP_P_1904_4157", "metadata": {"og:locale": "en_GB", "og:locale:alternate": "sv_SE", "og:url": "https://www.europeana.eu/en/item/90402/RP_P_1904_4157", "og:title": "Hemelvaart van koningin Louise Marie van Orl\u00e9ans", "og:description": "Op de grond zijn Belgen van alle rangen en standen bij elkaar gekomen. Zij treuren en troosten elkaar. In het midden stijgt de koningin op onder begeleiding van een engel. Maria, gezeten op een troon, verwelkomt haar. Links van de koningin een engel met een bazuin, rechts van haar strooit een engel bloemen uit. In de wolken meer engelen en putti. Helemaal bovenin troont de Heilige Drie-eenheid.", "og:type": "article", "og:image": "https://api.europeana.eu/thumbnail/v3/400/755cbd3b88e5c73436a917a983c33a17"}, "text": " \n    Contributors\n    \n          Canelle, Adrien\n        \n    Publisher\n    \n          Rijksmuseum\n        \n    Subject\n    \n          http://iconclass.org/12B182\n        \n          http://iconclass.org/11B(+2)\n        \n          http://iconclass.org/11G\n        \n    Belgium\n  \n    Orl\u00e9ans, Louise Marie van (koningin van Belgi\u00eb)\n  \n    Type of item\n    \n          print\n        \n    Print\n    \n    Contributors\n    \n          Canelle, Adrien\n        \n    Publisher\n    \n          Rijksmuseum\n        \n    Subject\n    \n          http://iconclass.org/12B182\n        \n          http://iconclass.org/11B(+2)\n        \n          http://iconclass.org/11G\n        \n    Belgium\n  \n    Orl\u00e9ans, Louise Marie van (koningin van Belgi\u00eb)\n  \n    Type of item\n    \n          print\n        \n    Print\n  \n    Providing institution\n    \n    Rijksmuseum\n  \n    Aggregator\n    \n    Rijksmuseum\n  \n    Rights statement for the media in this item (unless otherwise specified)\n    \n          http://creativecommons.org/publicdomain/mark/1.0/\n        \n          http://creativecommons.org/publicdomain/mark/1.0/\n        \n    Rights\n    \n          Public Domain\n        \n          Publiek Domein\n        \n    Creation date\n    \n          1829 - 1869\n        \n    1829/1869\n  \n    1829/1869\n  \n    Places\n    \n          Brussels\n        \n          Brussel\n        \n          urn:rijksmuseum:thesaurus:RM0001.THESAU.4622\n        \n          Brussels\n        \n          Brussel\n        \n          urn:rijksmuseum:thesaurus:RM0001.THESAU.4622\n        \n    Identifier\n    \n          http://hdl.handle.net/10934/RM0001.COLLECT.90399\n        \n          RP-P-1904-4157\n        \n    Extent\n    \n          height\u00a0210\u00a0mm\n        \n          width\u00a0126\u00a0mm\n        \n    Format\n    \n          paper\n        \n    Paper\n  \n    Language\n    \n          nl\n        \n    Is part of\n    \n          collectie: prenten\n        \n    Providing country\n    \n          Netherlands\n        \n    Collection name\n    \n          90402_M_NL_Rijksmuseum\n        \n    First time published on Europeana\n    \n          2016-08-16T11:55:05.759Z\n        \n    Last time updated from providing institution\n    \n          2018-03-17T13:35:20.279Z\n         "}]