[{"url": "https://www.europeana.eu/en/item/90402/RP_F_F00674_BB", "metadata": {"og:locale": "en_GB", "og:locale:alternate": "sv_SE", "og:url": "https://www.europeana.eu/en/item/90402/RP_F_F00674_BB", "og:title": "Fotoreproductie van (vermoedelijk) een prent van koning Leopold I van Belgie", "og:description": "Onderdeel van Fotoalbum met 123 cartes-de-visite van leden van Europese vorstenhuizen, politici en bekende personen.", "og:type": "article", "og:image": "https://api.europeana.eu/thumbnail/v3/400/0f03e7a17acf38d5d3c20cffc2d1129c"}, "text": " \n    Contributors\n    \n          anoniem\n        \n    Publisher\n    \n          Rijksmuseum\n        \n    Subject\n    \n          http://iconclass.org/61B2\n        \n          http://iconclass.org/44B1\n        \n          http://iconclass.org/44A4\n        \n          http://iconclass.org/45B433\n        \n          http://iconclass.org/45C21\n        \n          http://iconclass.org/31A53\n        \n    Leopold I (koning der Belgen)\n  \n    Type of item\n    \n          photograph\n        \n          carte-de-visite\n        \n          albumen print\n        \n    Photograph\n  \n    Albumen print\n    \n    Contributors\n    \n          anoniem\n        \n    Publisher\n    \n          Rijksmuseum\n        \n    Subject\n    \n          http://iconclass.org/61B2\n        \n          http://iconclass.org/44B1\n        \n          http://iconclass.org/44A4\n        \n          http://iconclass.org/45B433\n        \n          http://iconclass.org/45C21\n        \n          http://iconclass.org/31A53\n        \n    Leopold I (koning der Belgen)\n  \n    Type of item\n    \n          photograph\n        \n          carte-de-visite\n        \n          albumen print\n        \n    Photograph\n  \n    Albumen print\n  \n    Providing institution\n    \n    Rijksmuseum\n  \n    Aggregator\n    \n    Rijksmuseum\n  \n    Rights statement for the media in this item (unless otherwise specified)\n    \n          http://creativecommons.org/publicdomain/mark/1.0/\n        \n          http://creativecommons.org/publicdomain/mark/1.0/\n        \n    Rights\n    \n          Public Domain\n        \n          Publiek Domein\n        \n    Creation date\n    \n          1855 - 1880\n        \n    1855/1880\n  \n    1855/1880\n  \n    Identifier\n    \n          http://hdl.handle.net/10934/RM0001.COLLECT.288916\n        \n          RP-F-F00674-BB\n        \n    Extent\n    \n          height\u00a083\u00a0mm\n        \n          width\u00a056\u00a0mm\n        \n          height\u00a099\u00a0mm\n        \n          width\u00a064\u00a0mm\n        \n    Format\n    \n          paper\n        \n          photographic paper\n        \n    Paper\n  \n    Cardboard\n  \n    Language\n    \n          nl\n        \n    Is part of\n    \n          collectie: foto's\n        \n          RP-F-F00674\n        \n    Providing country\n    \n          Netherlands\n        \n    Collection name\n    \n          90402_M_NL_Rijksmuseum\n        \n    First time published on Europeana\n    \n          2014-05-27T15:04:26.986Z\n        \n    Last time updated from providing institution\n    \n          2018-03-17T13:21:40.854Z\n         "}]