[{"url": "https://www.europeana.eu/en/item/90402/RP_P_OB_88_404", "metadata": {"og:locale": "en_GB", "og:locale:alternate": "sv_SE", "og:url": "https://www.europeana.eu/en/item/90402/RP_P_OB_88_404", "og:title": "Aankomst van koning Leopold I in Brussel, 1831", "og:description": "Ceremoni\u00eble aankomst van koning Leopold I bij het Koningsplein in Brussel, 21 juli 1831. De koning rijdt met zijn gevolg door de versierde Porte d'Anvers (de vroegere Willemspoort).  Zie ook de pendant.", "og:type": "article", "og:image": "https://api.europeana.eu/thumbnail/v3/400/683f7900c7d0963bbb4a683b61f92c20"}, "text": " \n    Publisher\n    \n          Rijksmuseum\n        \n    Subject\n    \n          http://iconclass.org/43A42\n        \n          http://iconclass.org/43A4123\n        \n    Inhuldiging van Leopold I als koning der Belgen\n  \n    Brussels\n  \n    Brussels\n  \n    Leopold I (koning der Belgen)\n  \n    Type of item\n    \n          print\n        \n    Print\n  \n    Lithography\n    \n    Publisher\n    \n          Rijksmuseum\n        \n    Subject\n    \n          http://iconclass.org/43A42\n        \n          http://iconclass.org/43A4123\n        \n    Inhuldiging van Leopold I als koning der Belgen\n  \n    Brussels\n  \n    Brussels\n  \n    Leopold I (koning der Belgen)\n  \n    Type of item\n    \n          print\n        \n    Print\n  \n    Lithography\n  \n    Providing institution\n    \n    Rijksmuseum\n  \n    Aggregator\n    \n    Rijksmuseum\n  \n    Rights statement for the media in this item (unless otherwise specified)\n    \n          http://creativecommons.org/publicdomain/mark/1.0/\n        \n          http://creativecommons.org/publicdomain/mark/1.0/\n        \n    Rights\n    \n          Public Domain\n        \n          Publiek Domein\n        \n    Creation date\n    \n          1831\n        \n    1831\n  \n    Places\n    \n          Belgium\n        \n          Belgi\u00eb\n        \n          urn:rijksmuseum:thesaurus:RM0001.THESAU.68\n        \n          Belgium\n        \n          Belgi\u00eb\n        \n          urn:rijksmuseum:thesaurus:RM0001.THESAU.68\n        \n    Belgium\n  \n    Identifier\n    \n          http://hdl.handle.net/10934/RM0001.COLLECT.539078\n        \n          RP-P-OB-88.404\n        \n    Extent\n    \n          height\u00a0217\u00a0mm\n        \n          width\u00a0263\u00a0mm\n        \n    Format\n    \n          paper\n        \n    Paper\n  \n    Language\n    \n          nl\n        \n    Is part of\n    \n          collectie: prenten\n        \n          collectie: Frederik Muller Historieplaten\n        \n    Is referenced by\n    \n          FMH 6693\u00a0\n        \n    Year\n    \n          1831\n        \n    Providing country\n    \n          Netherlands\n        \n    Collection name\n    \n          90402_M_NL_Rijksmuseum\n        \n    First time published on Europeana\n    \n          2014-05-27T19:33:46.363Z\n        \n    Last time updated from providing institution\n    \n          2018-03-17T14:23:41.516Z\n          "}]