[{"url": "https://www.europeana.eu/en/item/2023009/23096B51_priref_23825", "metadata": {"og:locale": "en_GB", "og:locale:alternate": "sv_SE", "og:url": "https://www.europeana.eu/en/item/2023009/23096B51_priref_23825", "og:title": "Buste Ma\u00eetre De Strooper. Professeur d\u2019escrime au Palais Royale du Prince Leopold.", "og:description": "Beeld in groene brons, buste van een man in schermvest, knoopsluiting aan linkse schouder en linkse zij, op rechtse ...", "og:type": "article", "og:image": "https://api.europeana.eu/thumbnail/v3/400/9056e7b3034a27a6a3b99828b5dbc0e2"}, "text": " \n    Creator\n    \n          De Clerck Oscar\n        \n    Subject\n    \n    Fencing\n  \n    Type of item\n    \n    sculpture (visual works)\n  \n    Medium\n    \n    bronze (metal)\n  \n    Bronze\n    \n    Creator\n    \n          De Clerck Oscar\n        \n    Subject\n    \n    Fencing\n  \n    Type of item\n    \n    sculpture (visual works)\n  \n    Medium\n    \n    bronze (metal)\n  \n    Bronze\n  \n    Providing institution\n    \n    Sportimonium\n  \n    Aggregator\n    \n    Erfgoedplus.be\n  \n    Rights statement for the media in this item (unless otherwise specified)\n    \n          http://creativecommons.org/licenses/by-nc-sa/4.0/\n        \n    Creation date\n    \n          1933\n        \n    1933\n  \n    Places\n    \n    Belgi\u00eb\n  \n    Current location\n    \n          Sportimonium Hofstade (Zemst)\n        \n    Identifier\n    \n          23096B51.priref.23825\n        \n    Extent\n    \n          hoogte: 55.5 cm; lengte: 32 cm; breedte: 46 cm\n        \n    Year\n    \n          1933\n        \n    Providing country\n    \n          Belgium\n        \n    Collection name\n    \n          2023009_Erfgoedplus_be_Sportimonium\n        \n    First time published on Europeana\n    \n          2020-01-29T11:12:45.897Z\n        \n    Last time updated from providing institution\n    \n          2020-01-29T11:12:45.897Z\n         "}]