[{"url": "https://www.europeana.eu/en/item/2048001/AP_10151124", "metadata": {"og:locale": "en_GB", "og:locale:alternate": "sv_SE", "og:description": "Europeana", "og:url": "https://www.europeana.eu/en/item/2048001/AP_10151124", "og:title": "Voorstelling, Leopold II, Koning der Belgen", "og:type": "article", "og:image": "https://api.europeana.eu/thumbnail/v3/400/855fe0d2b130a2eacf5fa07ad8b26bb1"}, "text": " \n    Creator\n    \n          Van Hecke, Johannes\n        \n          Dosseray, J.\n        \n    Subject\n    \n          persoon\n        \n          koning\n        \n          [inv. n\u00b0 VG.26.489]\n        \n          Leopold II[Belgi\u00eb-koning]\n        \n    Type of item\n    \n    Print\n  \n    Date\n    \n          \u00a01851/1900\n        \n          \u00a0/\n        \n    1851/1900\n  \n    1851/1900\n  \n    Medium\n    \n    Paper\n    \n    Creator\n    \n          Van Hecke, Johannes\n        \n          Dosseray, J.\n        \n    Subject\n    \n          persoon\n        \n          koning\n        \n          [inv. n\u00b0 VG.26.489]\n        \n          Leopold II[Belgi\u00eb-koning]\n        \n    Type of item\n    \n    Print\n  \n    Date\n    \n          \u00a01851/1900\n        \n          \u00a0/\n        \n    1851/1900\n  \n    1851/1900\n  \n    Medium\n    \n    Paper\n  \n    Providing institution\n    \n    Royal Institute for Cultural Heritage\n  \n    Aggregator\n    \n    MUSEU\n  \n    Rights statement for the media in this item (unless otherwise specified)\n    \n          http://creativecommons.org/licenses/by-nc-sa/3.0/\n        \n    Rights\n    \n          \u00a9 KIK-IRPA, Brussels (Belgium)\n        \n    Places\n    \n          Brussel\n        \n    Br\u00fcssel (Hergestellt)\n  \n    City of Brussels\n  \n    Brussels-Capital Region\n  \n    Provenance\n    \n          Photo: Royal Institute for Cultural Heritage (KIK-IRPA), Brussels (Belgium)\n        \n    Identifier\n    \n          [KIK-IRPA n\u00b0 153018]\n        \n          AP_10151124\n        \n          AP_10151124\n        \n    Extent\n    \n          hoogte: 49.5 cm\n        \n          breedte: 36 cm\n        \n    Format\n    \n          etsen druktechniek\n        \n    Providing country\n    \n          Belgium\n        \n    Collection name\n    \n          2048001_Ag_EU_AthenaPlus_KIK_IRPA\n        \n    First time published on Europeana\n    \n          2022-10-11T07:58:02.251Z\n        \n    Last time updated from providing institution\n    \n          2022-10-11T07:58:02.251Z\n          "}]