[{"url": "https://www.europeana.eu/en/item/2048001/AP_10109346", "metadata": {"og:locale": "en_GB", "og:locale:alternate": "sv_SE", "og:description": "Europeana", "og:url": "https://www.europeana.eu/en/item/2048001/AP_10109346", "og:title": "Portret van Leopold II, hertog van Brabant", "og:type": "article", "og:image": "https://api.europeana.eu/thumbnail/v3/400/edb7d6728451035f1bcf05266a1f9d5a"}, "text": " \n    Creator\n    \n          Wappers, Gustave\n        \n    Subject\n    \n          persoon\n        \n          prins\n        \n          Leopold II[Belgi\u00eb-koning]\n        \n    Type of item\n    \n    paintings (visual works)\n  \n    Date\n    \n          \u00a01855/1855\n        \n    1855/1855\n  \n    1855/1855\n  \n    Medium\n    \n          olieverf\n        \n          schilderdoek\n          \n    Creator\n    \n          Wappers, Gustave\n        \n    Subject\n    \n          persoon\n        \n          prins\n        \n          Leopold II[Belgi\u00eb-koning]\n        \n    Type of item\n    \n    paintings (visual works)\n  \n    Date\n    \n          \u00a01855/1855\n        \n    1855/1855\n  \n    1855/1855\n  \n    Medium\n    \n          olieverf\n        \n          schilderdoek\n        \n    Providing institution\n    \n    Royal Institute for Cultural Heritage\n  \n    Aggregator\n    \n    MUSEU\n  \n    Rights statement for the media in this item (unless otherwise specified)\n    \n          http://creativecommons.org/licenses/by-nc-sa/3.0/\n        \n    Rights\n    \n          \u00a9 KIK-IRPA, Brussels (Belgium)\n        \n    Places\n    \n    Br\u00fcssel (Hergestellt)\n  \n    City of Brussels\n  \n    Brussels-Capital Region\n  \n    Provenance\n    \n          Photo: Royal Institute for Cultural Heritage (KIK-IRPA), Brussels (Belgium)\n        \n    Identifier\n    \n          [KIK-IRPA n\u00b0 110629]\n        \n          AP_10109346\n        \n          AP_10109346\n        \n    Format\n    \n          geschilderd\n        \n    Providing country\n    \n          Belgium\n        \n    Collection name\n    \n          2048001_Ag_EU_AthenaPlus_KIK_IRPA\n        \n    First time published on Europeana\n    \n          2022-10-11T07:58:02.251Z\n        \n    Last time updated from providing institution\n    \n          2022-10-11T07:58:02.251Z\n          "}]