[{"url": "https://www.europeana.eu/en/item/257/https___hetutrechtsarchief_nl_beeld_11F8AD3D8B2753E58B2F29A9E46CCFB7", "metadata": {"og:locale": "en_GB", "og:locale:alternate": "sv_SE", "og:url": "https://www.europeana.eu/en/item/257/https___hetutrechtsarchief_nl_beeld_11F8AD3D8B2753E58B2F29A9E46CCFB7", "og:title": "Groepsportret van de Koninklijke familie bij het Paleis Soestdijk te Soestdijk (gemeente Baarn), met van links naar rechts Koning Leopold van Belgi\u00eb (peetvader van Prinses Beatrix), Prinses Juliana met Prinses Beatrix, Prins Bernhard en Koningin Wilhelmina.", "og:description": "Groepsportret van de Koninklijke familie bij het Paleis Soestdijk te Soestdijk (gemeente Baarn), met van links naar rechts Koning Leopold van Belgi\u00eb (peetvader van Prinses Beatrix), Prinses Juliana met Prinses Beatrix, Prins Bernhard en Koningin Wilhelmina.", "og:type": "article", "og:image": "https://api.europeana.eu/thumbnail/v3/400/44ebcf4cacfc0d0032055364f97ca677"}, "text": " \n    Creator\n    \n          Werf, F.F. van der, fotograaf\n        \n    Type of item\n    \n    Photograph\n    \n    Creator\n    \n          Werf, F.F. van der, fotograaf\n        \n    Type of item\n    \n    Photograph\n  \n    Providing institution\n    \n    The Utrecht Archives\n  \n    Aggregator\n    \n    Dutch Collections for Europe\n  \n    Rights statement for the media in this item (unless otherwise specified)\n    \n          http://creativecommons.org/licenses/by/4.0/\n        \n    Place-Time\n    \n          1938\n        \n    Identifier\n    \n          BEELDBANK_FOT_DOC_4-816437\n        \n          https://hetutrechtsarchief.nl/beeld/11F8AD3D8B2753E58B2F29A9E46CCFB7\n        \n    Format\n    \n          digitale reproductie\n        \n    Is part of\n    \n          Fotografische documenten 4 Negatieven\n        \n    Providing country\n    \n          Netherlands\n        \n    Collection name\n    \n          257_DC_Utrecht_Archief\n        \n    First time published on Europeana\n    \n          2021-08-26T13:24:13.115Z\n        \n    Last time updated from providing institution\n    \n          2021-08-26T13:24:13.115Z\n         "}]