[{"url": "https://www.europeana.eu/en/item/2058612/PMRMaeyaert_06875c29d0fb07b99a3035c92c17ab6b1a505504", "metadata": {"og:locale": "en_GB", "og:locale:alternate": "sv_SE", "og:url": "https://www.europeana.eu/en/item/2058612/PMRMaeyaert_06875c29d0fb07b99a3035c92c17ab6b1a505504", "og:title": "PM 110544 Liebig Chromos", "og:description": "Liebig Chromos. Trade card. Series 1346B, The life of Queen Astrid of Belgium, no 2. 1936. Private collection Paul MR Maeyaert. 11 x 7,1cm. Ref: PM_110544_Liebig_Chromos;   ;", "og:type": "article", "og:image": "https://api.europeana.eu/thumbnail/v3/400/0bbc84e3392e4196da8aac74e647ee7a"}, "text": " \n    Creator\n    \n          Paul M.R. Maeyaert\n        \n    Publisher\n    \n          PMR Maeyaert\n        \n    Subject\n    \n          Postcard trade card\n        \n          Wiki Loves Monuments\n        \n    archaeology\n  \n    historic buildings\n  \n    Archaeology\n  \n    Date\n    \n          2018-04-11\n        \n    2018-04-11\n    \n    Creator\n    \n          Paul M.R. Maeyaert\n        \n    Publisher\n    \n          PMR Maeyaert\n        \n    Subject\n    \n          Postcard trade card\n        \n          Wiki Loves Monuments\n        \n    archaeology\n  \n    historic buildings\n  \n    Archaeology\n  \n    Date\n    \n          2018-04-11\n        \n    2018-04-11\n  \n    Providing institution\n    \n    PMR Maeyaert\n  \n    Aggregator\n    \n    CARARE\n  \n    Intermediate provider\n    \n    LoCloud\n  \n    Rights statement for the media in this item (unless otherwise specified)\n    \n          http://creativecommons.org/licenses/by-sa/4.0/\n        \n    Issue date\n    \n          2018\n        \n    2018\n  \n    Identifier\n    \n          PM_110544_Liebig_Chromos\n        \n          PMRMaeyaert_06875c29d0fb07b99a3035c92c17ab6b1a505504\n        \n    Language\n    \n          en\n        \n          eng\n        \n    Is part of\n    \n          Europeana Archaeology\n        \n    Year\n    \n          2018\n        \n    Providing country\n    \n          Belgium\n        \n    Collection name\n    \n          2058612_Ag_EU_LoCloud_maeyaert\n        \n    First time published on Europeana\n    \n          2021-03-26T09:44:12.459Z\n        \n    Last time updated from providing institution\n    \n          2021-03-26T09:44:12.459Z\n         "}]