[{"url": "https://www.europeana.eu/en/item/2048001/AP_10366033", "metadata": {"og:locale": "en_GB", "og:locale:alternate": "sv_SE", "og:description": "Europeana", "og:url": "https://www.europeana.eu/en/item/2048001/AP_10366033", "og:title": "L\u00e9opold, duc de Brabant, futur roi  L\u00e9opold II", "og:type": "article", "og:image": "https://api.europeana.eu/thumbnail/v3/400/52afd308774917e9d642b853ea4e2773"}, "text": " \n    Creator\n    \n          Dutrieux, Aimable\n        \n    Subject\n    \n          personne\n        \n          [inv. n\u00b0 1349]\n        \n          L\u00e9opold II[Belgique-roi]\n        \n    Type of item\n    \n          buste[ronde-bosse]\n        \n          portrait[sculpture]\n        \n          Sculpture, Marbre\n        \n    Date\n    \n          \u00a01854/1854\n        \n    1854/1854\n  \n    1854/1854\n  \n    Medium\n    \n    Marble\n    \n    Creator\n    \n          Dutrieux, Aimable\n        \n    Subject\n    \n          personne\n        \n          [inv. n\u00b0 1349]\n        \n          L\u00e9opold II[Belgique-roi]\n        \n    Type of item\n    \n          buste[ronde-bosse]\n        \n          portrait[sculpture]\n        \n          Sculpture, Marbre\n        \n    Date\n    \n          \u00a01854/1854\n        \n    1854/1854\n  \n    1854/1854\n  \n    Medium\n    \n    Marble\n  \n    Providing institution\n    \n    Royal Institute for Cultural Heritage\n  \n    Aggregator\n    \n    MUSEU\n  \n    Rights statement for the media in this item (unless otherwise specified)\n    \n          http://creativecommons.org/licenses/by-nc-sa/3.0/\n        \n    Rights\n    \n          \u00a9 KIK-IRPA, Brussels (Belgium)\n        \n    Places\n    \n    Br\u00fcssel (Hergestellt)\n  \n    City of Brussels\n  \n    Brussels-Capital Region\n  \n    Provenance\n    \n          Photo: Royal Institute for Cultural Heritage (KIK-IRPA), Brussels (Belgium)\n        \n    Identifier\n    \n          [KIK-IRPA n\u00b0 20057378]\n        \n          AP_10366033\n        \n          AP_10366033\n        \n    Extent\n    \n          hauteur: 56.5 cm\n        \n          largeur: 55 cm\n        \n          profondeur: 28 cm\n        \n    Format\n    \n          sculpting\n        \n    sculpting\n  \n    Art of sculpture\n  \n    Providing country\n    \n          Belgium\n        \n    Collection name\n    \n          2048001_Ag_EU_AthenaPlus_KIK_IRPA\n        \n    First time published on Europeana\n    \n          2022-10-11T07:58:02.251Z\n        \n    Last time updated from providing institution\n    \n          2022-10-11T07:58:02.251Z\n          "}]