[{"url": "https://www.europeana.eu/en/item/2048208/europeana_fashion_OBJ32309", "metadata": {"og:locale": "en_GB", "og:locale:alternate": "sv_SE", "og:url": "https://www.europeana.eu/en/item/2048208/europeana_fashion_OBJ32309", "og:title": "Image of Leopold II, turned to the left, dressed in wide trousers and a blouse with a lace collar", "og:description": "Image of Leopold II, turned to the left, dressed in wide trousers and a blouse with a lace collar", "og:type": "article", "og:image": "https://api.europeana.eu/thumbnail/v3/400/0212c2ffb355049ddd9523264567e45d"}, "text": " \n    Creator\n    \n          Katholieke Universiteit Leuven, Belgi\u00eb\n        \n    Type of item\n    \n          Object Type: fashion print\n        \n    fashion print\n  \n    Date\n    \n          1841\n        \n    1841\n  \n    Medium\n    \n          Material: paper\n        \n    paper\n  \n    Paper\n    \n    Creator\n    \n          Katholieke Universiteit Leuven, Belgi\u00eb\n        \n    Type of item\n    \n          Object Type: fashion print\n        \n    fashion print\n  \n    Date\n    \n          1841\n        \n    1841\n  \n    Medium\n    \n          Material: paper\n        \n    paper\n  \n    Paper\n  \n    Providing institution\n    \n    Fashion Museum of Antwerp\n  \n    Aggregator\n    \n    European Fashion Heritage Association\n  \n    Rights statement for the media in this item (unless otherwise specified)\n    \n          http://rightsstatements.org/vocab/InC/1.0/\n        \n    Rights\n    \n          MOMU\n        \n    Creation date\n    \n          1841\n        \n    1841\n  \n    Places\n    \n    Belgium\n  \n    Belgium\n  \n    United Nations\n  \n    Identifier\n    \n          P635\n        \n          http://mint-projects.image.ntua.gr/europeana-fashion/OBJ32309\n        \n    Extent\n    \n          51,5 x 38cm (20 1/4 x 14 15/16in.)\n        \n    Format\n    \n          Technique: print\n        \n    print\n  \n    Print\n  \n    Is part of\n    \n          Europeana XX: Century of Change\n        \n    Year\n    \n          1841\n        \n    Providing country\n    \n          Belgium\n        \n    Collection name\n    \n          2048208_EuropeanaFashion_1015\n        \n    First time published on Europeana\n    \n          2023-07-24T12:24:05.217Z\n        \n    Last time updated from providing institution\n    \n          2023-07-24T12:24:05.217Z\n          "}]