[{"url": "https://www.europeana.eu/en/item/2048001/AP_10350485", "metadata": {"og:locale": "en_GB", "og:locale:alternate": "sv_SE", "og:description": "Europeana", "og:url": "https://www.europeana.eu/en/item/2048001/AP_10350485", "og:title": "Portrait du duc de Brabant (futur L\u00e9opold II), jeune homme", "og:type": "article", "og:image": "https://api.europeana.eu/thumbnail/v3/400/e60e3829165e6b3291bd2f5e4f693a38"}, "text": " \n    Creator\n    \n          Wappers, Gustave\n        \n    Subject\n    \n    Epaulette\n  \n    Type of item\n    \n    paintings (visual works)\n  \n    Date\n    \n          naissance\u00a01803/1874\n        \n    Medium\n    \n    Oil painting\n    \n    Creator\n    \n          Wappers, Gustave\n        \n    Subject\n    \n    Epaulette\n  \n    Type of item\n    \n    paintings (visual works)\n  \n    Date\n    \n          naissance\u00a01803/1874\n        \n    Medium\n    \n    Oil painting\n  \n    Providing institution\n    \n    Royal Institute for Cultural Heritage\n  \n    Aggregator\n    \n    MUSEU\n  \n    Rights statement for the media in this item (unless otherwise specified)\n    \n          http://creativecommons.org/licenses/by-nc-sa/3.0/\n        \n    Rights\n    \n          \u00a9 KIK-IRPA, Brussels (Belgium)\n        \n    Places\n    \n    Br\u00fcssel (Hergestellt)\n  \n    City of Brussels\n  \n    Brussels-Capital Region\n  \n    Provenance\n    \n          Photo: Royal Institute for Cultural Heritage (KIK-IRPA), Brussels (Belgium)\n        \n    Identifier\n    \n          [KIK-IRPA n\u00b0 20041361]\n        \n          AP_10350485\n        \n          AP_10350485\n        \n    Extent\n    \n          hauteur: 96.5 cm\n        \n          largeur: 70.5 cm\n        \n    Format\n    \n          painting (image-making)\n        \n    painting (image-making)\n  \n    Providing country\n    \n          Belgium\n        \n    Collection name\n    \n          2048001_Ag_EU_AthenaPlus_KIK_IRPA\n        \n    First time published on Europeana\n    \n          2022-10-11T07:58:02.251Z\n        \n    Last time updated from providing institution\n    \n          2022-10-11T07:58:02.251Z\n          "}]