[{"url": "https://www.europeana.eu/en/item/2048001/AP_10377035", "metadata": {"og:locale": "en_GB", "og:locale:alternate": "sv_SE", "og:description": "Europeana", "og:url": "https://www.europeana.eu/en/item/2048001/AP_10377035", "og:title": "Keizerin Charlotte, zuster van Leopold II van Belgi\u00eb", "og:type": "article", "og:image": "https://api.europeana.eu/thumbnail/v3/400/a1a4bd61e2c47e372577705c1ef93d91"}, "text": " \n    Creator\n    \n          Hersleven, Jacques\n        \n    Subject\n    \n          personne\n        \n          keizerin\n        \n          Charlotte[Mexico-keizerin]\n        \n    Type of item\n    \n    black-and-white prints (prints on paper)\n  \n    Date\n    \n          ca\u00a01900/1900\n        \n    1900~/1900~\n  \n    1900~/1900~\n    \n    Creator\n    \n          Hersleven, Jacques\n        \n    Subject\n    \n          personne\n        \n          keizerin\n        \n          Charlotte[Mexico-keizerin]\n        \n    Type of item\n    \n    black-and-white prints (prints on paper)\n  \n    Date\n    \n          ca\u00a01900/1900\n        \n    1900~/1900~\n  \n    1900~/1900~\n  \n    Providing institution\n    \n    Royal Institute for Cultural Heritage\n  \n    Aggregator\n    \n    MUSEU\n  \n    Rights statement for the media in this item (unless otherwise specified)\n    \n          http://creativecommons.org/licenses/by-nc-sa/3.0/\n        \n    Rights\n    \n          \u00a9 KIK-IRPA, Brussels (Belgium)\n        \n    Places\n    \n    Br\u00fcssel (Hergestellt)\n  \n    City of Brussels\n  \n    Brussels-Capital Region\n  \n    Provenance\n    \n          Photo: Royal Institute for Cultural Heritage (KIK-IRPA), Brussels (Belgium)\n        \n    Identifier\n    \n          [KIK-IRPA n\u00b0 30002704]\n        \n          AP_10377035\n        \n          AP_10377035\n        \n    Providing country\n    \n          Belgium\n        \n    Collection name\n    \n          2048001_Ag_EU_AthenaPlus_KIK_IRPA\n        \n    First time published on Europeana\n    \n          2022-10-11T07:58:02.251Z\n        \n    Last time updated from providing institution\n    \n          2022-10-11T07:58:02.251Z\n          "}]