[{"url": "https://www.europeana.eu/en/item/2048001/AP_10346065", "metadata": {"og:locale": "en_GB", "og:locale:alternate": "sv_SE", "og:description": "Europeana", "og:url": "https://www.europeana.eu/en/item/2048001/AP_10346065", "og:title": "S.M. le roi L\u00e9opold Ier", "og:type": "article", "og:image": "https://api.europeana.eu/thumbnail/v3/400/6768c2c3b991e09602dab4de64705c8f"}, "text": " \n    Creator\n    \n          Gallait, Louis\n        \n    Subject\n    \n    Book\n  \n    Boot\n  \n    Type of item\n    \n    paintings (visual works)\n  \n    Date\n    \n          naissance\u00a01810/1887\n        \n    Medium\n    \n    Oil painting\n    \n    Creator\n    \n          Gallait, Louis\n        \n    Subject\n    \n    Book\n  \n    Boot\n  \n    Type of item\n    \n    paintings (visual works)\n  \n    Date\n    \n          naissance\u00a01810/1887\n        \n    Medium\n    \n    Oil painting\n  \n    Providing institution\n    \n    Koninklijk Instituut voor het Kunstpatrimonium\n  \n    Aggregator\n    \n    MUSEU\n  \n    Rights statement for the media in this item (unless otherwise specified)\n    \n          http://creativecommons.org/licenses/by-nc-sa/3.0/\n        \n    Rights\n    \n          \u00a9 KIK-IRPA, Brussels (Belgium)\n        \n    Places\n    \n    City of Brussels\n  \n    Brussels-Capital Region\n  \n    Br\u00fcssel (Hergestellt)\n  \n    Provenance\n    \n          Photo: Royal Institute for Cultural Heritage (KIK-IRPA), Brussels (Belgium)\n        \n    Identifier\n    \n          AP_10346065\n        \n          [KIK-IRPA n\u00b0 20036785]\n        \n          AP_10346065\n        \n    Extent\n    \n          hauteur: 42 cm\n        \n          largeur: 25 cm\n        \n    Format\n    \n          painting (image-making)\n        \n    painting (image-making)\n  \n    Providing country\n    \n          Belgium\n        \n    Collection name\n    \n          2048001_Ag_EU_AthenaPlus_KIK_IRPA\n        \n    First time published on Europeana\n    \n          2022-10-11T07:58:02.251Z\n        \n    Last time updated from providing institution\n    \n          2022-10-11T07:58:02.251Z\n          "}]