[{"url": "https://www.europeana.eu/en/item/92062/BibliographicResource_1000126078638", "metadata": {"og:locale": "en_GB", "og:locale:alternate": "sv_SE", "og:url": "https://www.europeana.eu/en/item/92062/BibliographicResource_1000126078638", "og:title": "Leopold I., K\u00f6nig der Belgier", "og:description": "Stecher: Vogel, Georg Friedrich\nDatierung: 1831 / 1834\nfaktischer Entstehungsort: N\u00fcrnberg", "og:type": "article", "og:image": "https://api.europeana.eu/thumbnail/v3/400/ea4a1c326bbabd69bce8f086579defa5"}, "text": " \n    Creator\n    \n          Vogel, Georg Friedrich\n        \n    Subject\n    \n          Belgium\n        \n          Portrait\n        \n    Portrait\n  \n    Type of item\n    \n          Druckgrafik\n          \n    Creator\n    \n          Vogel, Georg Friedrich\n        \n    Subject\n    \n          Belgium\n        \n          Portrait\n        \n    Portrait\n  \n    Type of item\n    \n          Druckgrafik\n        \n    Providing institution\n    \n    \u00d6sterreichische Nationalbibliothek\n  \n    Aggregator\n    \n    The European Library\n  \n    Rights statement for the media in this item (unless otherwise specified)\n    \n          http://creativecommons.org/publicdomain/mark/1.0/\n        \n          http://creativecommons.org/publicdomain/mark/1.0/\n        \n    Rights\n    \n          \u00d6NB\n        \n    Identifier\n    \n          http://www.bildarchivaustria.at/Preview/4169830.jpg\n        \n    Is part of\n    \n          http://data.theeuropeanlibrary.org/Collection/a0480\n        \n    Providing country\n    \n          Austria\n        \n    Collection name\n    \n          92062_Ag_EU_TEL_a0480_Austria\n        \n    First time published on Europeana\n    \n          2014-10-04T18:10:14.890Z\n        \n    Last time updated from providing institution\n    \n          2015-03-26T18:44:38.317Z\n         "}]