[{"url": "https://www.europeana.eu/en/item/797/item_LGNIBZQ3S7CHDLQ4KYORJJQRVBIZFBQJ", "metadata": {"og:locale": "en_GB", "og:locale:alternate": "sv_SE", "og:description": "Europeana", "og:url": "https://www.europeana.eu/en/item/797/item_LGNIBZQ3S7CHDLQ4KYORJJQRVBIZFBQJ", "og:title": "Bildnis des Leopold I., K\u00f6nig von Belgien", "og:type": "article", "og:image": "https://api.europeana.eu/thumbnail/v3/400/29173c47f2b0a7ce0b247fc63ac0d0ff"}, "text": " \n    Creator\n    \n          Warnots, E. (Production), 1848-1851 (Lithograph)\n        \n          G\u00e9ruzet, Jules (1860) (Production), 1860-1869 (Verleger)\n        \n          Simonau & Toovey (Production) (Druck)\n        \n    Subject\n    \n    Leopold I., Belgien, K\u00f6nig\n  \n    Type of item\n    \n    Print\n  \n    prints (visual works)\n    \n    Creator\n    \n          Warnots, E. (Production), 1848-1851 (Lithograph)\n        \n          G\u00e9ruzet, Jules (1860) (Production), 1860-1869 (Verleger)\n        \n          Simonau & Toovey (Production) (Druck)\n        \n    Subject\n    \n    Leopold I., Belgien, K\u00f6nig\n  \n    Type of item\n    \n    Print\n  \n    prints (visual works)\n  \n    Providing institution\n    \n    Kunstsammlungen der Veste Coburg\n  \n    Aggregator\n    \n    Deutsche Digitale Bibliothek\n  \n    Intermediate provider\n    \n          Digitaler Portraitindex druckgraphischer Bildnisse der Fr\u00fchen Neuzeit\n        \n    Rights statement for the media in this item (unless otherwise specified)\n    \n          http://rightsstatements.org/vocab/InC/1.0/\n        \n    Creation date\n    \n    1856\n  \n    Places\n    \n          Br\u00fcssel\n        \n    Current location\n    \n    Coburg\n  \n    Identifier\n    \n          http://www.deutsche-digitale-bibliothek.de/item/LGNIBZQ3S7CHDLQ4KYORJJQRVBIZFBQJ\n        \n          L.0179 (Inventarnummer)\n        \n    Extent\n    \n          H\u00f6he x Breite: 508 x 366 mm (Blatt)\n        \n    Format\n    \n    Lithography\n  \n    lithography\n  \n    Providing country\n    \n          Germany\n        \n    Collection name\n    \n          797_DDB_VesteCoburg\n        \n    First time published on Europeana\n    \n          2022-07-18T13:45:09.246Z\n        \n    Last time updated from providing institution\n    \n          2023-03-09T14:25:24.158Z\n         "}]