[{"url": "https://www.europeana.eu/en/item/90402/RP_P_OB_88_407", "metadata": {"og:locale": "en_GB", "og:locale:alternate": "sv_SE", "og:url": "https://www.europeana.eu/en/item/90402/RP_P_OB_88_407", "og:title": "Inhuldiging van koning Leopold I in Brussel, 1831", "og:description": "Plechtige inhuldiging van koning Leopold I in Brussel op 21 juli 1831. De koning met regeringsfunctionarissen en gasten op de estrade opgebouwd voor de kerk Sint-Jacob-op-Koudenberg aan het Koningsplein.", "og:type": "article", "og:image": "https://api.europeana.eu/thumbnail/v3/400/627cbf5ad5292636af3466a9843de12f"}, "text": " \n    Publisher\n    \n          Rijksmuseum\n        \n    Subject\n    \n          http://iconclass.org/44B164\n        \n    Inhuldiging van Leopold I als koning der Belgen\n  \n    Brussels\n  \n    Brussels\n  \n    Leopold I (koning der Belgen)\n  \n    Type of item\n    \n          print\n        \n    Print\n  \n    Lithography\n    \n    Publisher\n    \n          Rijksmuseum\n        \n    Subject\n    \n          http://iconclass.org/44B164\n        \n    Inhuldiging van Leopold I als koning der Belgen\n  \n    Brussels\n  \n    Brussels\n  \n    Leopold I (koning der Belgen)\n  \n    Type of item\n    \n          print\n        \n    Print\n  \n    Lithography\n  \n    Providing institution\n    \n    Rijksmuseum\n  \n    Aggregator\n    \n    Rijksmuseum\n  \n    Rights statement for the media in this item (unless otherwise specified)\n    \n          http://creativecommons.org/publicdomain/mark/1.0/\n        \n          http://creativecommons.org/publicdomain/mark/1.0/\n        \n    Rights\n    \n          Public Domain\n        \n          Publiek Domein\n        \n    Creation date\n    \n          1831\n        \n    1831\n  \n    Places\n    \n          Belgium\n        \n          Belgi\u00eb\n        \n          urn:rijksmuseum:thesaurus:RM0001.THESAU.68\n        \n          Belgium\n        \n          Belgi\u00eb\n        \n          urn:rijksmuseum:thesaurus:RM0001.THESAU.68\n        \n    Belgium\n  \n    Identifier\n    \n          http://hdl.handle.net/10934/RM0001.COLLECT.539097\n        \n          RP-P-OB-88.407\n        \n    Extent\n    \n          height\u00a0230\u00a0mm\n        \n          width\u00a0306\u00a0mm\n        \n    Format\n    \n          paper\n        \n    Paper\n  \n    Language\n    \n          nl\n        \n    Is part of\n    \n          collectie: prenten\n        \n          collectie: Frederik Muller Historieplaten\n        \n    Is referenced by\n    \n          FMH 6698\u00a0[b],\u00a0(toegevoegd nummer RPK)\n        \n    Year\n    \n          1831\n        \n    Providing country\n    \n          Netherlands\n        \n    Collection name\n    \n          90402_M_NL_Rijksmuseum\n        \n    First time published on Europeana\n    \n          2014-05-27T19:33:46.387Z\n        \n    Last time updated from providing institution\n    \n          2018-03-17T14:23:41.525Z\n          "}]