[{"url": "https://www.europeana.eu/en/item/2058628/KF_objecten_1379505274978411516688", "metadata": {"og:locale": "en_GB", "og:locale:alternate": "sv_SE", "og:url": "https://www.europeana.eu/en/item/2058628/KF_objecten_1379505274978411516688", "og:title": "Reproductie Livre d'Or de Spa, ca. 1990", "og:description": "Papieren reproductie", "og:type": "article", "og:image": "https://api.europeana.eu/thumbnail/v3/400/9f975cccd8cb0038d765071da180d388"}, "text": " \n    Type of item\n    \n    reproductions (derivative objects)\n  \n    Medium\n    \n    paper (fiber product)\n  \n    Paper\n    \n    Type of item\n    \n    reproductions (derivative objects)\n  \n    Medium\n    \n    paper (fiber product)\n  \n    Paper\n  \n    Providing institution\n    \n    Southwestbrabants Museum\n  \n    Aggregator\n    \n    Erfgoedplus.be\n  \n    Intermediate provider\n    \n    LoCloud\n  \n    Rights statement for the media in this item (unless otherwise specified)\n    \n          http://creativecommons.org/licenses/by-nc-sa/4.0/\n        \n    Creation date\n    \n          1985-1995\n        \n    1985/1995\n  \n    Current location\n    \n          Zuidwestbrabants Museum Halle (Halle)\n        \n    Identifier\n    \n          KF.objecten.1379505274978411516688\n        \n    Extent\n    \n          breedte: 29,7 cm; lengte: 42 cm\n        \n    Providing country\n    \n          Belgium\n        \n    Collection name\n    \n          2058628_Erfgoedplus_be_Erfgoedregister\n        \n    First time published on Europeana\n    \n          2015-12-07T13:09:25.606Z\n        \n    Last time updated from providing institution\n    \n          2020-01-29T12:36:42.580Z\n         "}]