[{"url": "https://www.europeana.eu/en/item/2021618/resource_document_teylers_kunstverzamelingen_KG_16372", "metadata": {"og:locale": "en_GB", "og:locale:alternate": "sv_SE", "og:description": "Europeana", "og:url": "https://www.europeana.eu/en/item/2021618/resource_document_teylers_kunstverzamelingen_KG_16372", "og:title": "Lawrence's finest studies...: Leopold I van Belgi\u00eb", "og:type": "article", "og:image": "https://api.europeana.eu/thumbnail/v3/400/700bf932f52a127ed614a3b695e210a9"}, "text": " \n    Creator\n    \n          Lewis, Frederick Christian\n        \n          Lawrence, Thomas (1769 - 1830)\n        \n    Type of item\n    \n    Print\n  \n    Date\n    \n          1839\n        \n    1839\n  \n    Medium\n    \n          papier, coll\u00e9 (grijs)\n          \n    Creator\n    \n          Lewis, Frederick Christian\n        \n          Lawrence, Thomas (1769 - 1830)\n        \n    Type of item\n    \n    Print\n  \n    Date\n    \n          1839\n        \n    1839\n  \n    Medium\n    \n          papier, coll\u00e9 (grijs)\n        \n    Providing institution\n    \n    Teylers Museum\n  \n    Aggregator\n    \n    Dutch Collections for Europe\n  \n    Intermediate provider\n    \n    Cultural Heritage Agency of the Netherlands\n  \n    Rights statement for the media in this item (unless otherwise specified)\n    \n          http://creativecommons.org/licenses/by-nc/3.0/nl/\n        \n    Creation date\n    \n    1839\n  \n    Identifier\n    \n          KG 16372\n        \n          http://data.collectienederland.nl/resource/document/teylers-kunstverzamelingen/KG-16372\n        \n    Extent\n    \n          [breedte] 381 [mm]\n        \n          [hoogte] 630 [mm]\n        \n          [hoogte] 480 [mm]\n        \n          [breedte] 470 [mm]\n        \n    Year\n    \n          1839\n        \n    Providing country\n    \n          Netherlands\n        \n    Collection name\n    \n          2021618_Ag_NL_DigitaleCollectie_TeylersKunst\n        \n    First time published on Europeana\n    \n          2022-03-24T10:34:40.726Z\n        \n    Last time updated from providing institution\n    \n          2022-03-24T10:34:40.726Z\n         "}]