[{"url": "https://www.europeana.eu/en/item/2048001/AP_10350411", "metadata": {"og:locale": "en_GB", "og:locale:alternate": "sv_SE", "og:description": "Europeana", "og:url": "https://www.europeana.eu/en/item/2048001/AP_10350411", "og:title": "Prestation de Serment du roi L\u00e9opold Ier, le 21 juillet 1831 (esquisse)", "og:type": "article", "og:image": "https://api.europeana.eu/thumbnail/v3/400/074d0a9d43b547bcc960bf971533fe28"}, "text": " \n    Creator\n    \n          Wappers, Gustave\n        \n    Subject\n    \n          event\n        \n          homme\n        \n          Prestation de Serment de L\u00e9opold Ier, roi des Belges\n        \n          drapeau\n        \n          statue animale\n        \n          dais de tr\u00f4ne\n        \n          escalier[construction]\n        \n          tribune ind\u00e9pendante\n        \n          lion\n        \n          [inv. n\u00b0 1134]\n        \n    Type of item\n    \n    paintings (visual works)\n  \n    Date\n    \n          ca\u00a01831/1831\n        \n    1831~/1831~\n  \n    1831~/1831~\n  \n    Medium\n    \n    Oil painting\n    \n    Creator\n    \n          Wappers, Gustave\n        \n    Subject\n    \n          event\n        \n          homme\n        \n          Prestation de Serment de L\u00e9opold Ier, roi des Belges\n        \n          drapeau\n        \n          statue animale\n        \n          dais de tr\u00f4ne\n        \n          escalier[construction]\n        \n          tribune ind\u00e9pendante\n        \n          lion\n        \n          [inv. n\u00b0 1134]\n        \n    Type of item\n    \n    paintings (visual works)\n  \n    Date\n    \n          ca\u00a01831/1831\n        \n    1831~/1831~\n  \n    1831~/1831~\n  \n    Medium\n    \n    Oil painting\n  \n    Providing institution\n    \n    Koninklijk Instituut voor het Kunstpatrimonium\n  \n    Aggregator\n    \n    MUSEU\n  \n    Rights statement for the media in this item (unless otherwise specified)\n    \n          http://creativecommons.org/licenses/by-nc-sa/3.0/\n        \n    Rights\n    \n          \u00a9 KIK-IRPA, Brussels (Belgium)\n        \n    Places\n    \n    City of Brussels\n  \n    Brussels-Capital Region\n  \n    Br\u00fcssel (Hergestellt)\n  \n    Provenance\n    \n          Photo: Royal Institute for Cultural Heritage (KIK-IRPA), Brussels (Belgium)\n        \n    Identifier\n    \n          AP_10350411\n        \n          [KIK-IRPA n\u00b0 20041286]\n        \n          AP_10350411\n        \n    Extent\n    \n          hauteur: 65 cm\n        \n          largeur: 79.5 cm\n        \n    Format\n    \n          painting (image-making)\n        \n    painting (image-making)\n  \n    Providing country\n    \n          Belgium\n        \n    Collection name\n    \n          2048001_Ag_EU_AthenaPlus_KIK_IRPA\n        \n    First time published on Europeana\n    \n          2022-10-11T07:58:02.251Z\n        \n    Last time updated from providing institution\n    \n          2022-10-11T07:58:02.251Z\n          "}]