[{"url": "https://www.europeana.eu/en/item/783/item_MAHTJVLJW3V76BFP5KDBFJQGNEJMPPC3", "metadata": {"og:locale": "en_GB", "og:locale:alternate": "sv_SE", "og:description": "Europeana", "og:url": "https://www.europeana.eu/en/item/783/item_MAHTJVLJW3V76BFP5KDBFJQGNEJMPPC3", "og:title": "Bildnis des L\u00e9opold I.", "og:type": "article", "og:image": "https://api.europeana.eu/thumbnail/v3/400/cfbf2c5ed2a3a4495be0860828b3cb6a"}, "text": " \n    Creator\n    \n          Eckardt, ? (1801) (Designing), 1801-1835 (ungesichert) (Zeichner)\n        \n    Bolt, Johann Friedrich\n  \n    Subject\n    \n    Leopold I., Belgien, K\u00f6nig\n  \n    Type of item\n    \n    Print\n  \n    prints (visual works)\n    \n    Creator\n    \n          Eckardt, ? (1801) (Designing), 1801-1835 (ungesichert) (Zeichner)\n        \n    Bolt, Johann Friedrich\n  \n    Subject\n    \n    Leopold I., Belgien, K\u00f6nig\n  \n    Type of item\n    \n    Print\n  \n    prints (visual works)\n  \n    Providing institution\n    \n    Universit\u00e4tsbibliothek Leipzig\n  \n    Aggregator\n    \n    Deutsche Digitale Bibliothek\n  \n    Intermediate provider\n    \n          Digitaler Portraitindex druckgraphischer Bildnisse der Fr\u00fchen Neuzeit\n        \n    Rights statement for the media in this item (unless otherwise specified)\n    \n          http://creativecommons.org/publicdomain/mark/1.0/\n        \n    Creation date\n    \n    1831/1836\n  \n    Current location\n    \n    Leipzig\n  \n    Identifier\n    \n          http://www.deutsche-digitale-bibliothek.de/item/MAHTJVLJW3V76BFP5KDBFJQGNEJMPPC3\n        \n          IICV, 22 Bl. 7 (Inventarnummer)\n        \n    Extent\n    \n          H\u00f6he x Breite: 110 x 77 mm (Platte)\n        \n          H\u00f6he x Breite: 234 x 169 mm (Blatt)\n        \n    Format\n    \n    stipple engraving (printing process)\n  \n    Providing country\n    \n          Germany\n        \n    Collection name\n    \n          783_DDB_UniversitatLeipzig\n        \n    First time published on Europeana\n    \n          2022-06-10T12:02:27.477Z\n        \n    Last time updated from providing institution\n    \n          2023-03-14T18:41:34.460Z\n         "}]