[{"url": "https://www.europeana.eu/en/item/796/item_R7UWIOJ6XCKYCIK2THQH3SVA4OPMOGAF", "metadata": {"og:locale": "en_GB", "og:locale:alternate": "sv_SE", "og:description": "Europeana", "og:url": "https://www.europeana.eu/en/item/796/item_R7UWIOJ6XCKYCIK2THQH3SVA4OPMOGAF", "og:title": "Bildnis des Leopold I. Belgien", "og:type": "article", "og:image": "https://api.europeana.eu/thumbnail/v3/400/94f48928f42fb318ffdae67cff9d5437"}, "text": " \n    Creator\n    \n          Bibliographisches Institut <Hildburghausen> (Production) (Druck, Verlag)\n        \n    Georg Friedrich Vogel\n  \n    Subject\n    \n    Leopold I., Belgien, K\u00f6nig\n  \n    Type of item\n    \n    Print\n  \n    prints (visual works)\n    \n    Creator\n    \n          Bibliographisches Institut <Hildburghausen> (Production) (Druck, Verlag)\n        \n    Georg Friedrich Vogel\n  \n    Subject\n    \n    Leopold I., Belgien, K\u00f6nig\n  \n    Type of item\n    \n    Print\n  \n    prints (visual works)\n  \n    Providing institution\n    \n    Gleimhaus - Museum der deutschen Aufkl\u00e4rung\n  \n    Aggregator\n    \n    Deutsche Digitale Bibliothek\n  \n    Intermediate provider\n    \n          Digitaler Portraitindex druckgraphischer Bildnisse der Fr\u00fchen Neuzeit\n        \n    Rights statement for the media in this item (unless otherwise specified)\n    \n          http://rightsstatements.org/vocab/InC/1.0/\n        \n    Creation date\n    \n    1801/1850\n  \n    Places\n    \n          Hildburghausen\n        \n    Current location\n    \n    Halberstadt\n  \n    Identifier\n    \n          http://www.deutsche-digitale-bibliothek.de/item/R7UWIOJ6XCKYCIK2THQH3SVA4OPMOGAF\n        \n          P3 Belgien (Inventarnummer)\n        \n    Extent\n    \n          H\u00f6he x Breite: 160 x 110 mm (Platte)\n        \n          H\u00f6he x Breite: 295 x 205 mm (Blatt)\n        \n    Format\n    \n          Stahlstich (Technik)\n        \n    Providing country\n    \n          Germany\n        \n    Collection name\n    \n          796_DDB_Gleimhaus\n        \n    First time published on Europeana\n    \n          2022-07-18T13:44:19.006Z\n        \n    Last time updated from providing institution\n    \n          2023-02-27T10:20:49.360Z\n         "}]