[{"url": "https://www.europeana.eu/en/item/2058628/KF_objecten_1402471924703913634919", "metadata": {"og:locale": "en_GB", "og:locale:alternate": "sv_SE", "og:url": "https://www.europeana.eu/en/item/2058628/KF_objecten_1402471924703913634919", "og:title": "L\u00e9opold I 1831-1865 - Albert I, roi des Belges - L\u00e9opold II 1865-1909.", "og:description": "Afdruk van een zwart-witfoto met op de keerzijde een ingevulde briefkaart met poststempel.", "og:type": "article", "og:image": "https://api.europeana.eu/thumbnail/v3/400/ecfbf763fd1498d71337494babb88e31"}, "text": " \n    Type of item\n    \n    picture postcards\n  \n    Medium\n    \n    Paper\n  \n    paper (fiber product)\n    \n    Type of item\n    \n    picture postcards\n  \n    Medium\n    \n    Paper\n  \n    paper (fiber product)\n  \n    Providing institution\n    \n    Museum van het Kamp van Beverlo\n  \n    Aggregator\n    \n    Erfgoedplus.be\n  \n    Intermediate provider\n    \n    LoCloud\n  \n    Rights statement for the media in this item (unless otherwise specified)\n    \n          http://creativecommons.org/licenses/by-nc-sa/4.0/\n        \n    Places\n    \n    Militair domein (Leopoldsburg)\n  \n    Current location\n    \n          Militair Hos\u00adpitaal (Leopoldsburg)\n        \n    Identifier\n    \n          KF.objecten.1402471924703913634919\n        \n    Extent\n    \n          breedte: 14 cm; hoogte: 9 cm\n        \n    Providing country\n    \n          Belgium\n        \n    Collection name\n    \n          2058628_Erfgoedplus_be_Erfgoedregister\n        \n    First time published on Europeana\n    \n          2015-12-07T13:10:36.485Z\n        \n    Last time updated from providing institution\n    \n          2020-01-29T12:36:42.580Z\n         "}]