[{"url": "https://www.europeana.eu/en/item/90402/RP_F_2001_7_67_10", "metadata": {"og:locale": "en_GB", "og:locale:alternate": "sv_SE", "og:description": "Europeana", "og:url": "https://www.europeana.eu/en/item/90402/RP_F_2001_7_67_10", "og:title": "Portret van koning Leopold II van Belgi\u00eb", "og:type": "article", "og:image": "https://api.europeana.eu/thumbnail/v3/400/13c335c137a2b529cee6f7641645775a"}, "text": " \n    Publisher\n    \n          Rijksmuseum\n        \n    Subject\n    \n          http://iconclass.org/44B1\n        \n    Leopold II (koning der Belgen)\n  \n    Type of item\n    \n          photomechanical print\n        \n    Medium\n    \n          Purchased with the support of the Mondriaan Stichting, the Prins Bernhard Cultuurfonds, the VSBfonds, the Paul Huf Fonds/Rijksmuseum Fonds and the Egbert Kunstfonds\n          \n    Publisher\n    \n          Rijksmuseum\n        \n    Subject\n    \n          http://iconclass.org/44B1\n        \n    Leopold II (koning der Belgen)\n  \n    Type of item\n    \n          photomechanical print\n        \n    Medium\n    \n          Purchased with the support of the Mondriaan Stichting, the Prins Bernhard Cultuurfonds, the VSBfonds, the Paul Huf Fonds/Rijksmuseum Fonds and the Egbert Kunstfonds\n        \n    Providing institution\n    \n    Rijksmuseum\n  \n    Aggregator\n    \n    Rijksmuseum\n  \n    Rights statement for the media in this item (unless otherwise specified)\n    \n          http://creativecommons.org/publicdomain/mark/1.0/\n        \n          http://creativecommons.org/publicdomain/mark/1.0/\n        \n    Rights\n    \n          Public Domain\n        \n          Publiek Domein\n        \n    Creation date\n    \n          c.1881 - in or before1891\n        \n    Identifier\n    \n          http://hdl.handle.net/10934/RM0001.COLLECT.615019\n        \n          RP-F-2001-7-67-10\n        \n    Extent\n    \n          height\u00a0138\u00a0mm\n        \n          width\u00a0101\u00a0mm\n        \n    Format\n    \n          paper\n        \n    Paper\n  \n    Language\n    \n          nl\n        \n    Is part of\n    \n          collectie: foto's\n        \n          collectie: fotografisch ge\u00efllustreerde boeken\n        \n          RP-F-2001-7-67\n        \n    Providing country\n    \n          Netherlands\n        \n    Collection name\n    \n          90402_M_NL_Rijksmuseum\n        \n    First time published on Europeana\n    \n          2016-08-16T11:12:18.298Z\n        \n    Last time updated from providing institution\n    \n          2018-03-17T13:19:04.792Z\n         "}]