[{"url": "https://www.europeana.eu/en/item/2048001/AP_10320484", "metadata": {"og:locale": "en_GB", "og:locale:alternate": "sv_SE", "og:description": "Europeana", "og:url": "https://www.europeana.eu/en/item/2048001/AP_10320484", "og:title": "M\u00e9daillon avec le portrait en profil de L\u00e9opold II, roi des Belges", "og:type": "article", "og:image": "https://api.europeana.eu/thumbnail/v3/400/e7c38c9c757dcdd2c605f8af9e818e2b"}, "text": " \n    Creator\n    \n          De Groot, Guillaume\n        \n    Subject\n    \n          personne\n        \n          roi\n        \n          putto\n        \n          L\u00e9opold II[Belgique-roi]\n        \n    Type of item\n    \n    relief (sculpture techniques)\n  \n    Date\n    \n          ca\u00a01880/1880\n        \n    1880~/1880~\n  \n    1880~/1880~\n  \n    Medium\n    \n    Stone\n    \n    Creator\n    \n          De Groot, Guillaume\n        \n    Subject\n    \n          personne\n        \n          roi\n        \n          putto\n        \n          L\u00e9opold II[Belgique-roi]\n        \n    Type of item\n    \n    relief (sculpture techniques)\n  \n    Date\n    \n          ca\u00a01880/1880\n        \n    1880~/1880~\n  \n    1880~/1880~\n  \n    Medium\n    \n    Stone\n  \n    Providing institution\n    \n    Royal Institute for Cultural Heritage\n  \n    Aggregator\n    \n    MUSEU\n  \n    Rights statement for the media in this item (unless otherwise specified)\n    \n          http://creativecommons.org/licenses/by-nc-sa/3.0/\n        \n    Rights\n    \n          \u00a9 KIK-IRPA, Brussels (Belgium)\n        \n    Places\n    \n    Br\u00fcssel (Hergestellt)\n  \n    City of Brussels\n  \n    Brussels-Capital Region\n  \n    Provenance\n    \n          Photo: Royal Institute for Cultural Heritage (KIK-IRPA), Brussels (Belgium)\n        \n    Identifier\n    \n          [KIK-IRPA n\u00b0 20010666]\n        \n          AP_10320484\n        \n          AP_10320484\n        \n    Extent\n    \n          hauteur: 189.5 cm\n        \n          largeur: 191.7 cm\n        \n          profondeur: 127.5 cm\n        \n    Format\n    \n          sculpting\n        \n    sculpting\n  \n    Art of sculpture\n  \n    Providing country\n    \n          Belgium\n        \n    Collection name\n    \n          2048001_Ag_EU_AthenaPlus_KIK_IRPA\n        \n    First time published on Europeana\n    \n          2022-10-11T07:58:02.251Z\n        \n    Last time updated from providing institution\n    \n          2022-10-11T07:58:02.251Z\n          "}]