[{"url": "https://www.europeana.eu/en/item/90402/RP_P_1981_55", "metadata": {"og:locale": "en_GB", "og:locale:alternate": "sv_SE", "og:url": "https://www.europeana.eu/en/item/90402/RP_P_1981_55", "og:title": "Spotprent op koning Leopold, 1832", "og:description": "Spotprent op de Belgische koning Leopold I, 1832. Vertegenwoordigers van de Europese grootmachten zittren op de grond en spelen een kinderspel waarbij een slipper achter de rug wordt doorgegeven. Nederland zit in het midden, Rusland, Oostenrijk en Pruisen zitten links, rechts twee mannen in burger: Palmerston en Talleyrand die Groot-Brittanni\u00eb en Frankrijk vertegenwoordigen. De Rus (tsaar  Nicolaas I) steekt de slipper in de zak van de dikke Nederlander. Satire op de politieke verhoudingen tussen de Europese grootmachten tijden de onderhandelingen te Londen over de XXIV artikelen en de onafhankelijkheid van Belgi\u00eb. Rechtsboven vermeld: HB Sketches, no. 183.", "og:type": "article", "og:image": "https://api.europeana.eu/thumbnail/v3/400/368069436d297a89846ea632d2c4b1cc"}, "text": " \n    Publisher\n    \n          Rijksmuseum\n        \n    Subject\n    \n          http://iconclass.org/43C717\n        \n    Verdrag der XXIV artikelen\n  \n    Nicolaas I Pavlovitsj (tsaar van Rusland)\n  \n    Talleyrand-P\u00e9rigord, Charles Maurice hertog van\n  \n    Temple, Henry John (3e burggraaf Palmerston)\n  \n    Leopold I (koning der Belgen)\n  \n    Tachet, Claude Francois\n  \n    Frans II Josef Karel (Rooms-Duits keizer)\n  \n    Type of item\n    \n          print\n        \n    Print\n  \n    Cartoon\n  \n    Lithography\n  \n    Medium\n    \n          Purchased with the support of the F.G. Waller-Fonds\n          \n    Publisher\n    \n          Rijksmuseum\n        \n    Subject\n    \n          http://iconclass.org/43C717\n        \n    Verdrag der XXIV artikelen\n  \n    Nicolaas I Pavlovitsj (tsaar van Rusland)\n  \n    Talleyrand-P\u00e9rigord, Charles Maurice hertog van\n  \n    Temple, Henry John (3e burggraaf Palmerston)\n  \n    Leopold I (koning der Belgen)\n  \n    Tachet, Claude Francois\n  \n    Frans II Josef Karel (Rooms-Duits keizer)\n  \n    Type of item\n    \n          print\n        \n    Print\n  \n    Cartoon\n  \n    Lithography\n  \n    Medium\n    \n          Purchased with the support of the F.G. Waller-Fonds\n        \n    Providing institution\n    \n    Rijksmuseum\n  \n    Aggregator\n    \n    Rijksmuseum\n  \n    Rights statement for the media in this item (unless otherwise specified)\n    \n          http://creativecommons.org/publicdomain/mark/1.0/\n        \n          http://creativecommons.org/publicdomain/mark/1.0/\n        \n    Rights\n    \n          Public Domain\n        \n          Publiek Domein\n        \n    Creation date\n    \n          1832-03-06\n        \n    1832-03-06\n  \n    Places\n    \n          London\n        \n          Londen\n        \n          urn:rijksmuseum:thesaurus:RM0001.THESAU.4157\n        \n          London\n        \n          Londen\n        \n          urn:rijksmuseum:thesaurus:RM0001.THESAU.4157\n        \n          London\n        \n          Londen\n        \n          urn:rijksmuseum:thesaurus:RM0001.THESAU.4157\n        \n          \u2026\n        \n    London\n  \n    Identifier\n    \n          http://hdl.handle.net/10934/RM0001.collect.419653\n        \n          RP-P-1981-55\n        \n    Extent\n    \n          height\u00a0288\u00a0mm\n        \n          width\u00a0399\u00a0mm\n        \n    Format\n    \n          paper\n        \n    Paper\n  \n    Language\n    \n          nl\n        \n    Is part of\n    \n          collectie: prenten\n        \n          collectie: Frederik Muller Historieplaten\n        \n    Is referenced by\n    \n          FMH 6807\u00a0A,\u00a0(toegevoegd nummer RPK)\n        \n    Providing country\n    \n          Netherlands\n        \n    Collection name\n    \n          90402_M_NL_Rijksmuseum\n        \n    First time published on Europeana\n    \n          2014-05-27T16:38:16.153Z\n        \n    Last time updated from providing institution\n    \n          2018-03-17T13:49:38.368Z\n          "}]