[{"url": "https://www.europeana.eu/en/item/08623/13064", "metadata": {"og:locale": "en_GB", "og:locale:alternate": "sv_SE", "og:url": "https://www.europeana.eu/en/item/08623/13064", "og:title": "Croix-Rouge de Belgique - Ambulance Oc\u00e9an", "og:description": "Report on the Red Cross hospitals in De Panne and Nieuwpoort during the First World War.", "og:type": "article", "og:image": "https://api.europeana.eu/thumbnail/v3/400/dd7820662c809e6c13c2cb30021e82db"}, "text": " \n    Creator\n    \n          Unknown\n        \n    Subject\n    \n          EFG1914\n        \n    World War I\n  \n    World War, 1914-1918--Health aspects\n  \n    Women and the military\n  \n    Women and war\n  \n    World War, 1914-1918--Belgium\n  \n    World War, 1914-1918--Medical care\n  \n    World War, 1914-1918--Hospitals\n  \n    War casualties\n  \n    War victims\n  \n    Surgery\n  \n    Type of item\n    \n          Information film\n        \n    short subjects\n  \n    documentary film\n  \n    motion pictures (visual works)\n  \n    Documentary film\n  \n    Film\n    \n    Creator\n    \n          Unknown\n        \n    Subject\n    \n          EFG1914\n        \n    World War I\n  \n    World War, 1914-1918--Health aspects\n  \n    Women and the military\n  \n    Women and war\n  \n    World War, 1914-1918--Belgium\n  \n    World War, 1914-1918--Medical care\n  \n    World War, 1914-1918--Hospitals\n  \n    War casualties\n  \n    War victims\n  \n    Surgery\n  \n    Type of item\n    \n          Information film\n        \n    short subjects\n  \n    documentary film\n  \n    motion pictures (visual works)\n  \n    Documentary film\n  \n    Film\n  \n    Providing institution\n    \n    Royal Film Archive of Belgium - CINEMATEK\n  \n    Aggregator\n    \n    The European Film Gateway\n  \n    Rights statement for the media in this item (unless otherwise specified)\n    \n          http://rightsstatements.org/vocab/InC/1.0/\n        \n    Rights\n    \n          CROIX-ROUGE | RODE KRUIS\n        \n    Creation date\n    \n          1918\n        \n    1918\n  \n    Places\n    \n    Belgium\n  \n    Belgium\n  \n    United Nations\n  \n    Identifier\n    \n          13064\n        \n          13064\n        \n    Language\n    \n          fr\n        \n          fra\n        \n    Year\n    \n          1918\n        \n    Providing country\n    \n          Belgium\n        \n    Collection name\n    \n          08623_EFG_Cinematheque_Royale_Belgique\n        \n    First time published on Europeana\n    \n          2019-09-11T14:03:21.058Z\n        \n    Last time updated from providing institution\n    \n          2023-08-18T09:11:49.678Z\n          "}]