[{"url": "https://www.europeana.eu/en/item/92062/BibliographicResource_1000126189362", "metadata": {"og:locale": "en_GB", "og:locale:alternate": "sv_SE", "og:url": "https://www.europeana.eu/en/item/92062/BibliographicResource_1000126189362", "og:title": "Leopold I., K\u00f6nig der Belgier", "og:description": "Radierer: Meyer, Henry Hoppner\nVerlag: R. Ackermanns Repository of Arts\nVerlagsort: London", "og:type": "article", "og:image": "https://api.europeana.eu/thumbnail/v3/400/5b398c9bbe751aecbc8c516c1172d118"}, "text": " \n    Creator\n    \n          R. Ackermanns Repository of Arts\n        \n    Subject\n    \n          Belgium\n        \n          Portrait\n        \n    Portrait\n  \n    Type of item\n    \n          Druckgrafik\n        \n    Date\n    \n          1816\n        \n    1816\n    \n    Creator\n    \n          R. Ackermanns Repository of Arts\n        \n    Subject\n    \n          Belgium\n        \n          Portrait\n        \n    Portrait\n  \n    Type of item\n    \n          Druckgrafik\n        \n    Date\n    \n          1816\n        \n    1816\n  \n    Providing institution\n    \n    \u00d6sterreichische Nationalbibliothek\n  \n    Aggregator\n    \n    The European Library\n  \n    Rights statement for the media in this item (unless otherwise specified)\n    \n          http://creativecommons.org/publicdomain/mark/1.0/\n        \n          http://creativecommons.org/publicdomain/mark/1.0/\n        \n    Rights\n    \n          \u00d6NB\n        \n    Identifier\n    \n          http://www.bildarchivaustria.at/Preview/4169878.jpg\n        \n    Is part of\n    \n          http://data.theeuropeanlibrary.org/Collection/a0480\n        \n    Year\n    \n          1816\n        \n    Providing country\n    \n          Austria\n        \n    Collection name\n    \n          92062_Ag_EU_TEL_a0480_Austria\n        \n    First time published on Europeana\n    \n          2014-10-04T19:11:25.808Z\n        \n    Last time updated from providing institution\n    \n          2015-03-26T22:09:20.905Z\n         "}]