[{"url": "https://www.europeana.eu/en/item/2048001/AP_10367361", "metadata": {"og:locale": "en_GB", "og:locale:alternate": "sv_SE", "og:description": "Europeana", "og:url": "https://www.europeana.eu/en/item/2048001/AP_10367361", "og:title": "Portrait en buste L\u00e9opold duc de Brabant enfant, futur roi L\u00e9opold II (1835-1909)", "og:type": "article", "og:image": "https://api.europeana.eu/thumbnail/v3/400/4a39ab189fb97ce4771aa9c3cce2ea67"}, "text": " \n    Creator\n    \n          Geefs, Guillaume\n        \n    Subject\n    \n          personne\n        \n          enfant\n        \n          [inv. n\u00b0 4911]\n        \n          L\u00e9opold II[Belgique-roi]\n        \n    Type of item\n    \n          buste[ronde-bosse]\n        \n          portrait[sculpture]\n        \n          Sculpture, Pl\u00e2tre et stuc\n        \n    Date\n    \n          avant\u00a01845/1845\n        \n    Medium\n    \n    Plaster\n    \n    Creator\n    \n          Geefs, Guillaume\n        \n    Subject\n    \n          personne\n        \n          enfant\n        \n          [inv. n\u00b0 4911]\n        \n          L\u00e9opold II[Belgique-roi]\n        \n    Type of item\n    \n          buste[ronde-bosse]\n        \n          portrait[sculpture]\n        \n          Sculpture, Pl\u00e2tre et stuc\n        \n    Date\n    \n          avant\u00a01845/1845\n        \n    Medium\n    \n    Plaster\n  \n    Providing institution\n    \n    Royal Institute for Cultural Heritage\n  \n    Aggregator\n    \n    MUSEU\n  \n    Rights statement for the media in this item (unless otherwise specified)\n    \n          http://creativecommons.org/licenses/by-nc-sa/3.0/\n        \n    Rights\n    \n          \u00a9 KIK-IRPA, Brussels (Belgium)\n        \n    Places\n    \n    Br\u00fcssel (Hergestellt)\n  \n    City of Brussels\n  \n    Brussels-Capital Region\n  \n    Provenance\n    \n          Photo: Royal Institute for Cultural Heritage (KIK-IRPA), Brussels (Belgium)\n        \n    Identifier\n    \n          [KIK-IRPA n\u00b0 20058726]\n        \n          AP_10367361\n        \n          AP_10367361\n        \n    Extent\n    \n          hauteur: 56.5 cm\n        \n          largeur: 38 cm\n        \n          profondeur: 22 cm\n        \n    Format\n    \n          sculpting\n        \n    sculpting\n  \n    Art of sculpture\n  \n    Providing country\n    \n          Belgium\n        \n    Collection name\n    \n          2048001_Ag_EU_AthenaPlus_KIK_IRPA\n        \n    First time published on Europeana\n    \n          2022-10-11T07:58:02.251Z\n        \n    Last time updated from providing institution\n    \n          2022-10-11T07:58:02.251Z\n          "}]