[{"url": "https://www.europeana.eu/en/item/9200518/ark__12148_btv1b53110027r", "metadata": {"og:locale": "en_GB", "og:locale:alternate": "sv_SE", "og:url": "https://www.europeana.eu/en/item/9200518/ark__12148_btv1b53110027r", "og:title": "L\u00e9opold de Belgique [L\u00e9opold II, roi des Belges, au pesage de Chantilly, le jour du Prix de Diane, 22 mai 1904] : [photographie de presse] / [Agence Rol]", "og:description": "R\u00e9f\u00e9rence bibliographique : Rol, 4132 bis", "og:type": "article", "og:image": "https://api.europeana.eu/thumbnail/v3/400/3b83f5d413a8132efe786119f507be5f"}, "text": " \n    Creator\n    \n          Agence Rol. Agence photographique\n        \n    Subject\n    \n          L\u00e9opold II (roi des Belges ; 1835-1909)\n        \n          Rois et souverains -- Belgique\n        \n          Hippodromes -- France -- Chantilly (Oise)\n        \n          Chantilly (Oise)\n        \n    Type of item\n    \n          image\n        \n          still image\n        \n          photograph\n        \n    Photograph\n  \n    Date\n    \n          1904\n        \n    1904\n    \n    Creator\n    \n          Agence Rol. Agence photographique\n        \n    Subject\n    \n          L\u00e9opold II (roi des Belges ; 1835-1909)\n        \n          Rois et souverains -- Belgique\n        \n          Hippodromes -- France -- Chantilly (Oise)\n        \n          Chantilly (Oise)\n        \n    Type of item\n    \n          image\n        \n          still image\n        \n          photograph\n        \n    Photograph\n  \n    Date\n    \n          1904\n        \n    1904\n  \n    Providing institution\n    \n    National Library of France\n  \n    Aggregator\n    \n    National Library of France\n  \n    Rights statement for the media in this item (unless otherwise specified)\n    \n          http://rightsstatements.org/vocab/NoC-OKLR/1.0/\n        \n    Rights\n    \n          http://gallica.bnf.fr/html/conditions-dutilisation-des-contenus-de-gallica\n        \n    Place-Time\n    \n          22 mai 1904\n        \n    Source\n    \n          Biblioth\u00e8que nationale de France, d\u00e9partement Estampes et photographie, EI-13 (38)\n        \n    Identifier\n    \n          http://gallica.bnf.fr/ark:/12148/btv1b53110027r\n        \n          ark:/12148/btv1b53110027r\n        \n    Format\n    \n          1 photogr. n\u00e9g. sur verre ; 9 x 12 cm (sup.)\n        \n          Nombre total de vues : 1\n        \n    Language\n    \n          fra\n        \n          fra\n        \n    Relations\n    \n          Notice du catalogue : http://catalogue.bnf.fr/ark:/12148/cb40459950d\n        \n    Year\n    \n          1904\n        \n    Providing country\n    \n          France\n        \n    Collection name\n    \n          9200518_Ag_BnF_Gallica_typedoc_images\n        \n    First time published on Europeana\n    \n          2019-09-02T18:55:18.256Z\n        \n    Last time updated from providing institution\n    \n          2019-09-02T18:55:18.256Z\n         "}]