[{"url": "https://www.europeana.eu/en/item/2021657/resource_document_museon_85414_3_7_", "metadata": {"og:locale": "en_GB", "og:locale:alternate": "sv_SE", "og:url": "https://www.europeana.eu/en/item/2021657/resource_document_museon_85414_3_7_", "og:title": "spotprent", "og:description": "Een politieke spotprent van koning Leopold II van Belgi\u00eb met een staf in zijn hand waarvan de knop de kop van een olifant voorstelt. Hij praat met een zichtbaar geagiteerde Loubet, die links van hem staat. Rechts, iets achter Leopold, staat John Bull met zijn hoed in de handen.# Boven de prent: \"Koning Leopold te Parijs om zich te verdedigen als Congo-koning\". #", "og:type": "article", "og:image": "https://api.europeana.eu/thumbnail/v3/400/f542cd2f3a3130f847817a843fab8f57"}, "text": " \n    Subject\n    \n          John Bull\n        \n          spotprenten\n        \n    Type of item\n    \n          spotprent\n        \n    Cartoon\n  \n    Date\n    \n          13 september 1903\n        \n    1903-09-13\n    \n    Subject\n    \n          John Bull\n        \n          spotprenten\n        \n    Type of item\n    \n          spotprent\n        \n    Cartoon\n  \n    Date\n    \n          13 september 1903\n        \n    1903-09-13\n  \n    Providing institution\n    \n    Museon-Omniversum\n  \n    Aggregator\n    \n    Dutch Collections for Europe\n  \n    Intermediate provider\n    \n    Cultural Heritage Agency of the Netherlands\n  \n    Rights statement for the media in this item (unless otherwise specified)\n    \n          http://rightsstatements.org/vocab/InC/1.0/\n        \n    Creation date\n    \n          13 september 1903\n        \n    1903-09-13\n  \n    Place-Time\n    \n          Amsterdam (plaats van vervaardiging)\n        \n    Identifier\n    \n          85414 (3/7)\n        \n          http://data.collectienederland.nl/resource/document/museon/85414-3-7-\n        \n    Extent\n    \n          hoogte: 44,2 cm; basis: 29,7 cm\n        \n    Providing country\n    \n          Netherlands\n        \n    Collection name\n    \n          2021657_Ag_NL_DigitaleCollectie_DIMCONMUSEON\n        \n    First time published on Europeana\n    \n          2020-05-26T11:22:26.651Z\n        \n    Last time updated from providing institution\n    \n          2024-04-25T09:37:35.490Z\n         "}]