[{"url": "https://www.europeana.eu/en/item/2024903/photography_ProvidedCHO_KU_Leuven_9983779960101488", "metadata": {"og:locale": "en_GB", "og:locale:alternate": "sv_SE", "og:url": "https://www.europeana.eu/en/item/2024903/photography_ProvidedCHO_KU_Leuven_9983779960101488", "og:title": "Louise Marie d'Orl\u00e9ans", "og:description": "Inscriptions and text: Peint par Ary Scheffer en 1823. Inscriptions and textual elements: Grav\u00e9 par Erin Corr en 1839. Inscriptions and textual elements: LOUISE MARIE D'ORL\u00c9ANS / Reine des Belges.", "og:type": "article", "og:image": "https://api.europeana.eu/thumbnail/v3/400/3c1cba801bfd22e0ad61c411f5e775c2"}, "text": " \n    Creator\n    \n    Ary Scheffer\n  \n    Subject\n    \n          Portraits\n        \n          Louise-Marie Th\u00e9r\u00e8se Charlotte Isabelle d'Orl\u00e9ans, Queen of Belgium\n        \n    Type of item\n    \n          Graphic\n        \n          steel engraving\n        \n          etching\n        \n    steel engravings (visual works)\n  \n    etchings (prints)\n  \n    Date\n    \n          18XX\n        \n    18XX\n    \n    Creator\n    \n    Ary Scheffer\n  \n    Subject\n    \n          Portraits\n        \n          Louise-Marie Th\u00e9r\u00e8se Charlotte Isabelle d'Orl\u00e9ans, Queen of Belgium\n        \n    Type of item\n    \n          Graphic\n        \n          steel engraving\n        \n          etching\n        \n    steel engravings (visual works)\n  \n    etchings (prints)\n  \n    Date\n    \n          18XX\n        \n    18XX\n  \n    Providing institution\n    \n    Katholieke Universiteit Leuven\n  \n    Aggregator\n    \n    PHOTOCONSORTIUM\n  \n    Rights statement for the media in this item (unless otherwise specified)\n    \n          http://creativecommons.org/publicdomain/mark/1.0/\n        \n    Creation date\n    \n          1839\n        \n    1839\n  \n    Identifier\n    \n          http://mint-projects.image.ntua.gr/photography/ProvidedCHO/KU Leuven/9983779960101488\n        \n          9983779960101488\n        \n    Extent\n    \n          429 x 318 mm\n        \n    Format\n    \n          still image\n        \n          card\n        \n    Is part of\n    \n          Europeana XX: Century of Change\n        \n    Year\n    \n          1839\n        \n    Providing country\n    \n          Belgium\n        \n    Collection name\n    \n          2024903_EuropeanaPhotography_KULeuven_1010\n        \n    First time published on Europeana\n    \n          2021-01-14T12:53:31.782Z\n        \n    Last time updated from providing institution\n    \n          2022-05-16T07:59:42.490Z\n         "}]