[{"url": "https://www.europeana.eu/en/item/90402/RP_P_OB_88_448", "metadata": {"og:locale": "en_GB", "og:locale:alternate": "sv_SE", "og:url": "https://www.europeana.eu/en/item/90402/RP_P_OB_88_448", "og:title": "Ordeteken van Leopold I, 1831", "og:description": "Spotprent op de Belgische lafhartigheid, 1831. Ontwerp voor twee Belgische eretekens in de 'Orde van Leopold'. Links een hazenkop met Belgische driekleur, ondersteboven kroon en twee gekruiste hazenbeentjes. Rechts een cartouche met bisschopsmijter, jacobijnenmuts en domper, Belgische driekleur, ondersteboven kroon, ezelsoren en gekruiste narrenstaf met gesel.", "og:type": "article", "og:image": "https://api.europeana.eu/thumbnail/v3/400/f537171a8a3fe1738b2124beefbf70cb"}, "text": " \n    Publisher\n    \n          Rijksmuseum\n        \n    Subject\n    \n          http://iconclass.org/45B433\n        \n    Slag bij Leuven\n  \n    Slag bij Hasselt\n  \n    Leopold I (koning der Belgen)\n  \n    Type of item\n    \n          print\n        \n    Print\n  \n    Cartoon\n  \n    Lithography\n    \n    Publisher\n    \n          Rijksmuseum\n        \n    Subject\n    \n          http://iconclass.org/45B433\n        \n    Slag bij Leuven\n  \n    Slag bij Hasselt\n  \n    Leopold I (koning der Belgen)\n  \n    Type of item\n    \n          print\n        \n    Print\n  \n    Cartoon\n  \n    Lithography\n  \n    Providing institution\n    \n    Rijksmuseum\n  \n    Aggregator\n    \n    Rijksmuseum\n  \n    Rights statement for the media in this item (unless otherwise specified)\n    \n          http://creativecommons.org/publicdomain/mark/1.0/\n        \n          http://creativecommons.org/publicdomain/mark/1.0/\n        \n    Rights\n    \n          Public Domain\n        \n          Publiek Domein\n        \n    Creation date\n    \n          1831\n        \n    1831\n  \n    Places\n    \n          Netherlands\n        \n          Nederland\n        \n          urn:rijksmuseum:thesaurus:RM0001.THESAU.17\n        \n    Kingdom of the Netherlands\n  \n    Identifier\n    \n          http://hdl.handle.net/10934/RM0001.COLLECT.541205\n        \n          RP-P-OB-88.448\n        \n    Extent\n    \n          height\u00a0141\u00a0mm\n        \n          width\u00a0211\u00a0mm\n        \n    Format\n    \n          paper\n        \n    Paper\n  \n    Language\n    \n          nl\n        \n    Is part of\n    \n          collectie: prenten\n        \n          collectie: Frederik Muller Historieplaten\n        \n    Is referenced by\n    \n          FMH 6748\u00a0\n        \n          Atlas van Stolk 7097\u00a0\n        \n    Year\n    \n          1831\n        \n    Providing country\n    \n          Netherlands\n        \n    Collection name\n    \n          90402_M_NL_Rijksmuseum\n        \n    First time published on Europeana\n    \n          2014-05-27T19:34:17.534Z\n        \n    Last time updated from providing institution\n    \n          2018-03-17T14:23:42.144Z\n          "}]