[{"url": "https://www.europeana.eu/en/item/2048001/AP_10377654", "metadata": {"og:locale": "en_GB", "og:locale:alternate": "sv_SE", "og:description": "Europeana", "og:url": "https://www.europeana.eu/en/item/2048001/AP_10377654", "og:title": "Inauguration /  inhuldiging van het monument  aan L\u00e9opold II  te Oostende", "og:type": "article", "og:image": "https://api.europeana.eu/thumbnail/v3/400/bd7650b3eb677bf5c00ad853560c80de"}, "text": " \n    Creator\n    \n          Hersleven, Jacques\n        \n    Subject\n    \n          kind\n        \n          inhuldiging\n        \n          koninklijk bezoek\n        \n          ruiterstandbeeld\n        \n          Oostende\n        \n          Oostende, Ruiterstandbeeld Leopold II\n        \n          Leopold II[Belgi\u00eb-koning]\n        \n    Type of item\n    \n    black-and-white prints (prints on paper)\n  \n    Date\n    \n          \u00a01931/1931\n        \n    1931/1931\n  \n    1931/1931\n    \n    Creator\n    \n          Hersleven, Jacques\n        \n    Subject\n    \n          kind\n        \n          inhuldiging\n        \n          koninklijk bezoek\n        \n          ruiterstandbeeld\n        \n          Oostende\n        \n          Oostende, Ruiterstandbeeld Leopold II\n        \n          Leopold II[Belgi\u00eb-koning]\n        \n    Type of item\n    \n    black-and-white prints (prints on paper)\n  \n    Date\n    \n          \u00a01931/1931\n        \n    1931/1931\n  \n    1931/1931\n  \n    Providing institution\n    \n    Royal Institute for Cultural Heritage\n  \n    Aggregator\n    \n    MUSEU\n  \n    Rights statement for the media in this item (unless otherwise specified)\n    \n          http://creativecommons.org/licenses/by-nc-sa/3.0/\n        \n    Rights\n    \n          \u00a9 KIK-IRPA, Brussels (Belgium)\n        \n    Places\n    \n    Br\u00fcssel (Hergestellt)\n  \n    City of Brussels\n  \n    Brussels-Capital Region\n  \n    Provenance\n    \n          Photo: Royal Institute for Cultural Heritage (KIK-IRPA), Brussels (Belgium)\n        \n    Identifier\n    \n          [KIK-IRPA n\u00b0 30003346]\n        \n          AP_10377654\n        \n          AP_10377654\n        \n    Providing country\n    \n          Belgium\n        \n    Collection name\n    \n          2048001_Ag_EU_AthenaPlus_KIK_IRPA\n        \n    First time published on Europeana\n    \n          2022-10-11T07:58:02.251Z\n        \n    Last time updated from providing institution\n    \n          2022-10-11T07:58:02.251Z\n          "}]