[{"url": "https://www.europeana.eu/en/item/2064108/Museu_ProvidedCHO_Kunstbibliothek__Staatliche_Museen_zu_Berlin_DE_MUS_018313_1944189", "metadata": {"og:locale": "en_GB", "og:locale:alternate": "sv_SE", "og:description": "Europeana", "og:url": "https://www.europeana.eu/en/item/2064108/Museu_ProvidedCHO_Kunstbibliothek__Staatliche_Museen_zu_Berlin_DE_MUS_018313_1944189", "og:title": "Regierungsantritt Leopold I. von Belgien in Br\u00fcssel", "og:type": "article", "og:image": "https://api.europeana.eu/thumbnail/v3/400/dee78f71cf6e51c544df2402db4d37d2"}, "text": " \n    Creator\n    \n          Unbekannter K\u00fcnstler (Lithograf)\n        \n    Type of item\n    \n          Druckgrafik (allgemein)\n          \n    Creator\n    \n          Unbekannter K\u00fcnstler (Lithograf)\n        \n    Type of item\n    \n          Druckgrafik (allgemein)\n        \n    Providing institution\n    \n    Kunstbibliothek, Staatliche Museen zu Berlin\n  \n    Aggregator\n    \n    MUSEU\n  \n    Intermediate provider\n    \n    Berlin State Museums\n  \n    Rights statement for the media in this item (unless otherwise specified)\n    \n          http://creativecommons.org/licenses/by-nc-sa/3.0/\n        \n    Rights\n    \n          Kunstbibliothek, Staatliche Museen zu Berlin\n        \n    Creation date\n    \n    1831\n  \n    Current location\n    \n          http://sws.geonames.org/2950159/\n        \n    Provenance\n    \n          Kunstbibliothek, Staatliche Museen zu Berlin, Berlin\n        \n    Identifier\n    \n          http://mint-projects.image.ntua.gr/Museu/ProvidedCHO/Kunstbibliothek, Staatliche Museen zu Berlin/DE-MUS-018313/1944189\n        \n          DE-MUS-018313/1944189/2020-04-09_08-55-41\n        \n          14135624 (Inventarnummer) |\n        \n          DE-MUS-018313/1944189\n        \n    Extent\n    \n          Blattma\u00df: 70,4 x 55,6 cm\n        \n    Format\n    \n          kolorierte Lithografie\n        \n    Year\n    \n          1831\n        \n    Providing country\n    \n          Germany\n        \n    Collection name\n    \n          2064108_SMB\n        \n    First time published on Europeana\n    \n          2020-08-24T09:45:34.253Z\n        \n    Last time updated from providing institution\n    \n          2020-08-24T09:45:34.253Z\n         "}]