[{"url": "https://www.europeana.eu/en/item/2021639/D_B_56_93", "metadata": {"og:locale": "en_GB", "og:locale:alternate": "sv_SE", "og:description": "Europeana", "og:url": "https://www.europeana.eu/en/item/2021639/D_B_56_93", "og:title": "Fakkelestafette Weert-Brussel-Weert, Scholenproject 2008; leden van de Atletiekvereniging Weert lopen in de richting van de Congreskolom in Brussel-stad, deze zuil werd als herinnering gebouwd aan het Nationaal Congres dat de Belgische grondwet ontwierp, hij is 47 meter hoog, werd tussen 1850 en 1857 opgetrokken, architect was Jozef Poelaert, op de 4 hoeken staan figuren die belangrijke principes voorstellen: de vrijheid van onderwijs, de vrijheid van eredienst, de vrijheid van vereniging en de vrijheid van drukpers. Boven op de zuil staat een standbeeld van Koning Leopold I. Onderaan bevindt zich het Graf van de Onbekende Soldaat - uit 1922 - het is een oorlogsmonument", "og:type": "article", "og:image": "https://api.europeana.eu/thumbnail/v3/400/9c99195defba5a9fab8df1b66024d1a4"}, "text": " \n    Publisher\n    \n          http://archief.erfgoedhuisweert.nl/\n        \n    Subject\n    \n    World War II\n  \n    Type of item\n    \n          Serie\n        \n          Digitaal Bestand\n        \n    Date\n    \n          19/9/2008\n        \n    2008-09-19\n  \n    Medium\n    \n          Serie\n        \n          Digitaal Bestand\n          \n    Publisher\n    \n          http://archief.erfgoedhuisweert.nl/\n        \n    Subject\n    \n    World War II\n  \n    Type of item\n    \n          Serie\n        \n          Digitaal Bestand\n        \n    Date\n    \n          19/9/2008\n        \n    2008-09-19\n  \n    Medium\n    \n          Serie\n        \n          Digitaal Bestand\n        \n    Providing institution\n    \n    Municipal Archives of Weert\n  \n    Aggregator\n    \n    Dutch Collections for Europe\n  \n    Rights statement for the media in this item (unless otherwise specified)\n    \n          http://creativecommons.org/licenses/by-sa/3.0/nl/\n        \n          http://creativecommons.org/licenses/by-sa/3.0/nl/\n        \n    Identifier\n    \n          D.B.56.93\n        \n    Language\n    \n          nl\n        \n    Providing country\n    \n          Netherlands\n        \n    Collection name\n    \n          2021639_Ag_NL_DigitaleCollectie_Weert\n        \n    First time published on Europeana\n    \n          2014-11-10T15:51:21.244Z\n        \n    Last time updated from providing institution\n    \n          2018-10-15T09:50:09.799Z\n         "}]