[{"url": "https://www.europeana.eu/en/item/2048001/AP_10344807", "metadata": {"og:locale": "en_GB", "og:locale:alternate": "sv_SE", "og:description": "Europeana", "og:url": "https://www.europeana.eu/en/item/2048001/AP_10344807", "og:title": "La c\u00e9r\u00e9monie du 25\u00e8me anniversaire du r\u00e8gne de L\u00e9opold Ier \u00e0 la place Saint-Joseph le 21 juillet 1856", "og:type": "article", "og:image": "https://api.europeana.eu/thumbnail/v3/400/54eb8f732eb3097b466eedded4c62d33"}, "text": " \n    Creator\n    \n          De Braekeleer, Ferdinand I\n        \n    Subject\n    \n          object\n        \n          soldat\n        \n          homme\n        \n          femme\n        \n          roi\n        \n          drapeau\n        \n          statue animale\n        \n          tenture d'ameublement\n        \n          Bruxelles\n        \n          [inv. n\u00b0 2965958]\n        \n          \u2026\n        \n    Type of item\n    \n    paintings (visual works)\n  \n    Date\n    \n          \u00a01856/1856\n        \n    1856/1856\n  \n    1856/1856\n  \n    Medium\n    \n    Oil painting\n    \n    Creator\n    \n          De Braekeleer, Ferdinand I\n        \n    Subject\n    \n          object\n        \n          soldat\n        \n          homme\n        \n          femme\n        \n          roi\n        \n          drapeau\n        \n          statue animale\n        \n          tenture d'ameublement\n        \n          Bruxelles\n        \n          [inv. n\u00b0 2965958]\n        \n          \u2026\n        \n    Type of item\n    \n    paintings (visual works)\n  \n    Date\n    \n          \u00a01856/1856\n        \n    1856/1856\n  \n    1856/1856\n  \n    Medium\n    \n    Oil painting\n  \n    Providing institution\n    \n    Koninklijk Instituut voor het Kunstpatrimonium\n  \n    Aggregator\n    \n    MUSEU\n  \n    Rights statement for the media in this item (unless otherwise specified)\n    \n          http://creativecommons.org/licenses/by-nc-sa/3.0/\n        \n    Rights\n    \n          \u00a9 KIK-IRPA, Brussels (Belgium)\n        \n    Places\n    \n    City of Brussels\n  \n    Brussels-Capital Region\n  \n    Br\u00fcssel (Hergestellt)\n  \n    Provenance\n    \n          Photo: Royal Institute for Cultural Heritage (KIK-IRPA), Brussels (Belgium)\n        \n    Identifier\n    \n          AP_10344807\n        \n          [KIK-IRPA n\u00b0 20035504]\n        \n          AP_10344807\n        \n    Extent\n    \n          hauteur: 57.5 cm\n        \n          largeur: 83.5 cm\n        \n    Format\n    \n          painting (image-making)\n        \n    painting (image-making)\n  \n    Providing country\n    \n          Belgium\n        \n    Collection name\n    \n          2048001_Ag_EU_AthenaPlus_KIK_IRPA\n        \n    First time published on Europeana\n    \n          2022-10-11T07:58:02.251Z\n        \n    Last time updated from providing institution\n    \n          2022-10-11T07:58:02.251Z\n          "}]