[{"url": "https://www.europeana.eu/en/item/2048001/AP_10110441", "metadata": {"og:locale": "en_GB", "og:locale:alternate": "sv_SE", "og:description": "Europeana", "og:url": "https://www.europeana.eu/en/item/2048001/AP_10110441", "og:title": "Portret van Leopold I", "og:type": "article", "og:image": "https://api.europeana.eu/thumbnail/v3/400/4f64fa2593cfa335e0658778bc4cb409"}, "text": " \n    Creator\n    \n          Kinsoen, Frans Jozef\n        \n    Subject\n    \n          persoon\n        \n    Type of item\n    \n    paintings (visual works)\n  \n    Date\n    \n          \u00a01834/1834\n        \n    1834/1834\n  \n    1834/1834\n  \n    Medium\n    \n          schilderdoek\n        \n          olieverf\n          \n    Creator\n    \n          Kinsoen, Frans Jozef\n        \n    Subject\n    \n          persoon\n        \n    Type of item\n    \n    paintings (visual works)\n  \n    Date\n    \n          \u00a01834/1834\n        \n    1834/1834\n  \n    1834/1834\n  \n    Medium\n    \n          schilderdoek\n        \n          olieverf\n        \n    Providing institution\n    \n    Koninklijk Instituut voor het Kunstpatrimonium\n  \n    Aggregator\n    \n    MUSEU\n  \n    Rights statement for the media in this item (unless otherwise specified)\n    \n          http://creativecommons.org/licenses/by-nc-sa/3.0/\n        \n    Rights\n    \n          \u00a9 KIK-IRPA, Brussels (Belgium)\n        \n    Places\n    \n    City of Brussels\n  \n    Brussels-Capital Region\n  \n    Br\u00fcssel (Hergestellt)\n  \n    Provenance\n    \n          Photo: Royal Institute for Cultural Heritage (KIK-IRPA), Brussels (Belgium)\n        \n    Identifier\n    \n          AP_10110441\n        \n          [KIK-IRPA n\u00b0 111731]\n        \n          AP_10110441\n        \n    Extent\n    \n          hoogte: 75 cm\n        \n          breedte: 59 cm\n        \n    Format\n    \n          geschilderd\n        \n    Providing country\n    \n          Belgium\n        \n    Collection name\n    \n          2048001_Ag_EU_AthenaPlus_KIK_IRPA\n        \n    First time published on Europeana\n    \n          2022-10-11T07:58:02.251Z\n        \n    Last time updated from providing institution\n    \n          2022-10-11T07:58:02.251Z\n          "}]