[{"url": "https://www.europeana.eu/en/item/2048001/AP_10386179", "metadata": {"og:locale": "en_GB", "og:locale:alternate": "sv_SE", "og:description": "Europeana", "og:url": "https://www.europeana.eu/en/item/2048001/AP_10386179", "og:title": "Joyeuse entr\u00e9e: Blijde intrede van Leopold en Astrid in Hasselt", "og:type": "article", "og:image": "https://api.europeana.eu/thumbnail/v3/400/da496e34c7aeb526aad78a0605adfc1e"}, "text": " \n    Creator\n    \n          Hersleven, Jacques\n        \n    Subject\n    \n          intocht\n        \n          Intocht van prins Leopold en prinses Astrid in Hasselt\n        \n          Hasselt\n        \n          Leopold III[Belgi\u00eb-koning]\n        \n          Astrid[Belgi\u00eb - koningin]\n        \n    Type of item\n    \n    black-and-white prints (prints on paper)\n  \n    Date\n    \n          \u00a01928/1928\n        \n    1928/1928\n  \n    1928/1928\n    \n    Creator\n    \n          Hersleven, Jacques\n        \n    Subject\n    \n          intocht\n        \n          Intocht van prins Leopold en prinses Astrid in Hasselt\n        \n          Hasselt\n        \n          Leopold III[Belgi\u00eb-koning]\n        \n          Astrid[Belgi\u00eb - koningin]\n        \n    Type of item\n    \n    black-and-white prints (prints on paper)\n  \n    Date\n    \n          \u00a01928/1928\n        \n    1928/1928\n  \n    1928/1928\n  \n    Providing institution\n    \n    Royal Institute for Cultural Heritage\n  \n    Aggregator\n    \n    MUSEU\n  \n    Rights statement for the media in this item (unless otherwise specified)\n    \n          http://creativecommons.org/licenses/by-nc-sa/3.0/\n        \n    Rights\n    \n          \u00a9 KIK-IRPA, Brussels (Belgium)\n        \n    Places\n    \n    Br\u00fcssel (Hergestellt)\n  \n    City of Brussels\n  \n    Brussels-Capital Region\n  \n    Provenance\n    \n          Photo: Royal Institute for Cultural Heritage (KIK-IRPA), Brussels (Belgium)\n        \n    Identifier\n    \n          [KIK-IRPA n\u00b0 30012006]\n        \n          AP_10386179\n        \n          AP_10386179\n        \n    Providing country\n    \n          Belgium\n        \n    Collection name\n    \n          2048001_Ag_EU_AthenaPlus_KIK_IRPA\n        \n    First time published on Europeana\n    \n          2022-10-11T07:58:02.251Z\n        \n    Last time updated from providing institution\n    \n          2022-10-11T07:58:02.251Z\n          "}]