[{"url": "https://www.europeana.eu/en/item/08602/Attualitaa30_017270", "metadata": {"og:locale": "en_GB", "og:locale:alternate": "sv_SE", "og:description": "Europeana", "og:url": "https://www.europeana.eu/en/item/08602/Attualitaa30_017270", "og:title": "Rome Alberto of Belgium pays tribute to the unknown soldier", "og:type": "article", "og:image": "https://api.europeana.eu/thumbnail/v3/400/dff5069e8178c2c96264ac427f9a09dd"}, "text": " \n    Subject\n    \n    Leopold III of Belgium\n  \n    Albert I of Belgium\n  \n    Altare della Patria\n  \n    Type of item\n    \n    photographs\n  \n    Photograph\n    \n    Subject\n    \n    Leopold III of Belgium\n  \n    Albert I of Belgium\n  \n    Altare della Patria\n  \n    Type of item\n    \n    photographs\n  \n    Photograph\n  \n    Providing institution\n    \n    Cinecitt\u00e0 - Luce\n  \n    Aggregator\n    \n    The European Film Gateway\n  \n    Rights statement for the media in this item (unless otherwise specified)\n    \n          http://rightsstatements.org/vocab/InC/1.0/\n        \n    Rights\n    \n          Istituto Luce - Cinecitt\u00e0, All rights reserved\n        \n    Creation date\n    \n          05.01.1930\n        \n    1930-01-05\n  \n    Places\n    \n    Italy\n  \n    Rome\n  \n    Altare della Patria\n  \n    Italy\n  \n    Rome\n  \n    Identifier\n    \n          Attualitaa30-017270\n        \n          Attualitaa30-017270\n        \n    Is part of\n    \n          Europeana XX: Century of Change\n        \n    Providing country\n    \n          Italy\n        \n    Collection name\n    \n          08602_EFG_Instituto_Luce_Cinecitta\n        \n    First time published on Europeana\n    \n          2020-11-22T21:25:10.106Z\n        \n    Last time updated from providing institution\n    \n          2022-04-13T07:48:20.507Z\n          "}]