[{"url": "https://www.europeana.eu/en/item/90402/RP_P_1906_3812", "metadata": {"og:locale": "en_GB", "og:locale:alternate": "sv_SE", "og:description": "Europeana", "og:url": "https://www.europeana.eu/en/item/90402/RP_P_1906_3812", "og:title": "Portret van Leopold II, koning van Belgi\u00eb", "og:type": "article", "og:image": "https://api.europeana.eu/thumbnail/v3/400/0eb2f7436366cb0e8c6002c0476cc7ee"}, "text": " \n    Contributors\n    \n          Lelli, Lucio Querino\n        \n          De Keyser, Nicaise\n        \n    Publisher\n    \n          Rijksmuseum\n        \n    Subject\n    \n          http://iconclass.org/61B2\n        \n          http://iconclass.org/44B1\n        \n    Leopold II (koning der Belgen)\n  \n    Type of item\n    \n          print\n        \n          engraving\n        \n          etching\n        \n    Print\n    \n    Contributors\n    \n          Lelli, Lucio Querino\n        \n          De Keyser, Nicaise\n        \n    Publisher\n    \n          Rijksmuseum\n        \n    Subject\n    \n          http://iconclass.org/61B2\n        \n          http://iconclass.org/44B1\n        \n    Leopold II (koning der Belgen)\n  \n    Type of item\n    \n          print\n        \n          engraving\n        \n          etching\n        \n    Print\n  \n    Providing institution\n    \n    Rijksmuseum\n  \n    Aggregator\n    \n    Rijksmuseum\n  \n    Rights statement for the media in this item (unless otherwise specified)\n    \n          http://creativecommons.org/publicdomain/mark/1.0/\n        \n          http://creativecommons.org/publicdomain/mark/1.0/\n        \n    Rights\n    \n          Public Domain\n        \n          Publiek Domein\n        \n    Creation date\n    \n          1855\n        \n    1855\n  \n    Places\n    \n          Italy\n        \n          Itali\u00eb\n        \n          urn:rijksmuseum:thesaurus:RM0001.THESAU.1926\n        \n          Italy\n        \n          Itali\u00eb\n        \n          urn:rijksmuseum:thesaurus:RM0001.THESAU.1926\n        \n          Belgium\n        \n          Belgi\u00eb\n        \n          urn:rijksmuseum:thesaurus:RM0001.THESAU.68\n        \n          Paris\n        \n          \u2026\n        \n    Identifier\n    \n          http://hdl.handle.net/10934/RM0001.COLLECT.139233\n        \n          RP-P-1906-3812\n        \n    Extent\n    \n          height\u00a0533\u00a0mm\n        \n          width\u00a0407\u00a0mm\n        \n    Format\n    \n          paper\n        \n    Paper\n  \n    Language\n    \n          nl\n        \n    Is part of\n    \n          collectie: prenten\n        \n    Year\n    \n          1855\n        \n    Providing country\n    \n          Netherlands\n        \n    Collection name\n    \n          90402_M_NL_Rijksmuseum\n        \n    First time published on Europeana\n    \n          2018-03-16T17:46:31.042Z\n        \n    Last time updated from providing institution\n    \n          2018-03-17T13:37:14.392Z\n         "}]